name :	sphere2D
data :	[12.681283410908014 33.3931501120363; 9.061582972104164 43.68585829921393; 7.559065668784306 50.249602268238704; 3.7929855793025755 58.54693760932052; -0.354356197017631 64.10402545151973; -7.477228884791326 70.35586812905144; -20.35968756740222 80.83874852701929; -15.385484649988628 67.40964428926384; -27.483467368266954 78.30411011616336; -42.113126216357514 80.51409756296941; -48.428798153115956 77.1549772888286; -56.93249557348552 75.97876716733771; -64.21370441754026 71.61289137727329; -71.72850175308326 64.28179428209529; -79.62886896819198 58.372981952373564; -79.16661771600013 52.311522128810594; -83.69353152498158 41.73270531369842; -83.97935468659128 35.794064004867785; -82.50655436039958 23.04779040245309; -79.52011771273517 17.429371823274323; -77.35819900970688 8.31376212649756; -69.01844609167314 2.7602389665799203; -64.16013515359197 -3.36436600233258; -57.48172086234492 -8.324987031533748; -50.284296426728574 -10.585093172653472; -40.46445633263381 -12.267071269016466; -32.996918524413694 -11.14814588941702; -24.61763779092578 -13.142805990369709; -22.451389251340736 1.1451287768999503; -7.815315677787702 -1.9568079644495306; -2.202343266694526 -5.06166538133513; 4.0601340500124286 7.965098333463894; 14.775933228685044 13.950158261393922; 10.93850723420347 26.990109412921274; 10.865992385690442 33.56977873569414]
npts :	35
nout :	7
model :	(x,t) -> (x[1]-t[1])^2 + (x[2]-t[2])^2 - t[3]^2
dim :	3
cluster :	false
noise :	true
solution :	[-36.2, 33.6, 47.0]
description :	type3: test sphere2d with noise and outliers
