name :	sphere2D
data :	[5.631504062911848 22.100047044704844; 4.588805756460005 23.587282336032857; 3.4389036552839762 28.200255066989055; 2.781497014697971 31.88725013371179; 1.9308938295432883 33.022016203631864; -2.1093805374154795 35.637785282441925; -4.770224113160573 38.43878916724535; -5.118541731930762 42.67731320898908; -6.426753920214423 46.95646440179703; -14.542776151846017 44.948851489001335; -16.23515473422599 42.97066664819597; -25.291730773841152 47.871581690775066; -23.744444074426024 43.76417863897992; -26.378542977144086 41.98727845979155; -25.73666055214064 44.81845704086909; -31.567663271404477 34.4229040963325; -35.44078680136233 37.29686723895341; -38.37255598975826 34.46108237223521; -38.28118867006024 33.409047348393784; -40.591505671438924 27.266922909554832; -38.866619925328095 23.746659201365574; -39.486607299393576 21.537499048776894; -39.4409130577269 17.247556648540222; -40.05894926506356 15.470499059384224; -38.88599546109531 11.604464187525604; -36.89225930133071 7.523616523706938; -35.302956761834324 5.4543680094245826; -33.21285152032316 4.2235307189160745; -29.697349646794574 2.5068578188655515; -27.137683070541446 0.2708884934405196; -22.57804652148251 -1.1512762692177367; -18.07938571799833 -7.241080155078721; -17.059044158751085 -4.0921312171283954; -12.854640271808591 -0.32826538282180107; -8.998888681765896 0.901092461696628; -6.826095095410628 0.57806025200397; -0.7113199452635284 6.88024865543068; -2.724487065980309 5.194266262224669; 0.5884788373043768 7.928231382388884; 3.148109131432619 10.159319485835548; -0.14576570660121702 16.903200889223843; 2.9416865541635087 17.850235288732; 4.925822412680107 21.81294550542586]
npts :	43
nout :	8
model :	(x,t) -> (x[1]-t[1])^2 + (x[2]-t[2])^2 - t[3]^2
dim :	3
cluster :	false
noise :	true
solution :	[-18.1, 21.1, 23.0]
description :	type3: test sphere2d with noise and outliers
