name :	sphere2D
data :	[133.5309141501765 23.390279614876615; 131.93874414745153 41.26924060612806; 127.53123653445431 60.61077423244233; 130.0001960416931 86.81082690808296; 110.69226319625433 92.59658325934318; 100.5830084712456 109.01235158092271; 85.82892474489961 120.12157410686596; 72.63747644937192 131.57803767454428; 53.70536529603701 143.52063580644042; 35.94415722229419 148.35997040224734; 17.921542110062322 149.98144125676853; 0.14897863264979128 150.86029940594003; -19.33387853977111 151.15506834468462; -35.76283610441335 143.96401578467092; -55.776473301513334 138.60576496711906; -71.361656225741 128.05336290223323; -97.64582685847381 123.3859135339812; -99.22901465463457 101.37143814984634; -108.5790304924385 85.35644079869957; -118.31199922802601 68.98130991489839; -121.8839827856019 50.73778931570724; -124.6915811418961 33.3277270899026; -126.28642776876926 13.029200818901987; -121.68447834128808 -4.504209036050657; -116.99298278142955 -25.40314878280391; -107.73303305729016 -40.22893320125187; -98.11322730987096 -55.95640899218082; -90.78136695133162 -62.934815413780996; -51.87185633695435 -80.65377027921893; -55.335475795582234 -92.43508724554225; -38.40347103536643 -98.56837550168967; -19.39536989458717 -105.40192834141664; -19.792905499836003 -122.65963441866168; 18.303618938546908 -107.27263460468768; 58.31872618199742 -119.05999649675181; 52.92390307676952 -95.57506520653814; 70.95039335696181 -88.29519182366914; 104.69313060285717 -86.98203378742224; 100.79224010777094 -62.043505529176244; 111.28975837200696 -48.25132004920026; 121.1923879664662 -32.03718497979635; 130.28089979496886 -38.971404939843495; 132.2680692294281 4.620705078362846; 132.1348216183243 24.444829098558813]
npts :	44
nout :	8
model :	(x,t) -> (x[1]-t[1])^2 + (x[2]-t[2])^2 - t[3]^2
dim :	3
cluster :	false
noise :	true
solution :	[3.7, 22.4, 129.0]
description :	type3: test sphere2d with noise and outliers
