name :	sphere2D
data :	[71.16842602170153 -21.63283246997975; 64.16834189406156 -13.09174376094647; 65.93463423185102 -2.0022528023842074; 59.45627622222002 8.622876496916556; 49.97564953736215 13.802258217144997; 38.75887317509633 20.66298229018681; 28.046306474116722 25.34057417584332; 17.446643782600503 25.28166898203092; 5.792461108870714 21.641805282868315; -3.1168479558249347 15.564359880993745; -7.934575241806101 3.6907200854652213; -19.50056806148223 -0.5777099126699561; -18.96247729842731 -5.07830035985608; -25.526916757289452 -23.899430752699466; -24.512044029233152 -35.05443757409052; -25.78933476310371 -51.723454895396294; -14.222015670554754 -53.72257482906067; -5.277081816537002 -62.908391317318944; 5.546792677440259 -67.70948246222173; 22.86216666690344 -70.7453880595389; 29.192182757812244 -70.0672862517073; 40.382834990914645 -68.13935049045406; 50.58039552122028 -63.57494470889515; 58.15436469461146 -55.04073522363488; 63.21831367936643 -45.86811628230035; 68.82270891680767 -32.75389599657308; 69.48836243419352 -22.752326867128204]
npts :	27
nout :	5
model :	(x,t) -> (x[1]-t[1])^2 + (x[2]-t[2])^2 - t[3]^2
dim :	3
cluster :	false
noise :	true
solution :	[22.6, -23.2, 48.0]
description :	type3: test sphere2d with noise and outliers
