name :	sphere2D
data :	[42.069570941381464 -4.985374294220977; 41.615175013083565 3.1567381176350766; 37.14073770909535 12.065447952364853; 32.64104230680084 17.91451768944912; 28.94662244865764 23.121339615912156; 20.67829403811875 25.9474478524432; 12.120672783227784 27.037129866100408; 4.371699628522756 28.346799827240936; 0.34162097339535347 24.32506188315472; -10.239558330396564 14.736519208830746; -15.424031164648449 14.76386040378099; -14.966869479535015 4.500700486163315; -23.46110515011275 -4.50498266666358; -19.638343897355956 -7.97628932318721; -18.104685842219734 -16.520655999106634; -14.679884699576622 -23.106557536223963; -8.037814760360032 -30.648949021267942; -2.45685054826902 -31.508706078467277; 5.034035714985936 -36.30676083831149; 8.406615124724318 -31.476488955882928; 20.612746129476584 -32.876552173272685; 26.815757145556905 -32.46992760360952; 33.284257707812486 -25.361416040255964; 38.53017359495908 -19.806830973746838; 39.944675488361035 -11.547735927037243; 42.09798089808014 -5.399242232761399]
npts :	26
nout :	5
model :	(x,t) -> (x[1]-t[1])^2 + (x[2]-t[2])^2 - t[3]^2
dim :	3
cluster :	false
noise :	true
solution :	[10.9, -4.4, 31.0]
description :	type3: test sphere2d with noise and outliers
