name :	sphere2D
data :	[165.96836096068154 30.0624517791468; 163.95808786573144 57.646445967864004; 157.6686809455809 87.68042661008896; 146.171140099927 112.22376071972504; 149.88009462860256 166.60555068225136; 110.6803097444417 156.14292429878384; 87.11719532973224 175.2701013472197; 61.226047513460365 186.19988883171806; 34.19595351081807 194.62403095788792; 5.278749195869398 197.5111027086867; -22.114632280417865 197.95996681213427; -52.986725830699285 191.70728283633036; -76.95075120667093 180.560443995799; -119.05575707687558 141.59632111408047; -103.86882331359806 147.9068529553983; -141.59430899392717 125.55132935570235; -156.4000516936331 99.4799103287118; -165.24981638764444 72.7489885067586; -170.91523088511232 43.31243338649237; -170.6566229338797 14.986144689563165; -164.80660275686643 -14.434746837870964; -156.60999506052627 -40.95699891509288; -140.61073064950773 -65.98711624842714; -122.94546249244969 -87.64340531175341; -102.98407206412578 -106.89673679204049; -107.2401724789089 -135.57860626512235; -51.302677388914056 -131.7081592432104; -22.032231115102892 -138.13471414787202; 3.73056730499156 -140.25330930672177; 33.59564971228009 -136.4498456380791; 61.35955892562584 -125.4070490004618; 85.46548599019695 -114.84975244145515; 108.18026817565303 -97.17121680883746; 128.4367514332446 -77.74392653669986; 146.18340996505785 -53.441404177746975; 163.66939889260715 -51.55803090630775; 142.13748244574936 -18.971901759505062; 180.87325676646194 8.176083341512129]
npts :	38
nout :	7
model :	(x,t) -> (x[1]-t[1])^2 + (x[2]-t[2])^2 - t[3]^2
dim :	3
cluster :	false
noise :	true
solution :	[-1.8, 29.2, 169.0]
description :	type3: test sphere2d with noise and outliers
