name :	sphere2D
data :	[92.47960428770352 -24.568217313805455; 63.557071184867034 37.39657737813841; 11.249975877324237 77.01316890291942; -54.07445908872085 78.43296104347444; -105.7071738053922 38.121285989348; -125.93410345460305 -24.382188362746437; -106.02360621070788 -84.06728477726782; -53.78122494170692 -121.82643875263982; 12.950471948014613 -119.2295888687575; 64.14542542727874 -84.25953494364938; 95.19815563405919 -26.160049489479533]
npts :	11
nout :	2
model :	(x,t) -> (x[1]-t[1])^2 + (x[2]-t[2])^2 - t[3]^2
dim :	3
cluster :	false
noise :	true
solution :	[-21.0, -22.8, 105.0]
description :	type3: test sphere2d with noise and outliers
