name :	sphere2D
data :	[130.7810578247864 -20.91840066422776; 127.45658228755379 -7.944191074230437; 120.12856986872632 17.645990986474047; 110.0391273683213 40.01471053177101; 94.39429234565857 62.43299079995312; 74.38238268703446 79.9296218759367; 55.016827843463815 95.6271313275969; 0.8670674653494039 100.36387483164776; 4.190011185202243 113.84348493828749; -20.358894976256195 115.93615551935393; -46.75883100891953 112.67271939060548; -71.23812585151802 105.75198556534814; -124.4029691661886 124.07290401399263; -118.17643742787907 81.28757867825875; -136.9916313085722 62.93201566384458; -152.0571624059068 41.216463874422104; -150.02837433015895 20.462416878955402; -141.57441635856716 -19.572806668877615; -173.3665271480179 -32.87953275708185; -167.0491580931977 -59.167444074434556; -161.49162820107406 -86.25884231756731; -150.91251883621936 -107.91482472943169; -135.44249069313153 -128.9284812093028; -116.97150615252787 -149.54981653809907; -95.70412052141133 -163.40817755895856; -87.8869029436548 -183.02528940896704; -45.1977630849634 -182.27656829370946; -19.238028678902552 -183.87651387132627; 5.765625077250275 -180.9052057211718; 37.64686926695405 -154.60814309924126; 53.013298376027095 -161.88882197223586; 74.44145662386715 -148.39846219885538; 93.01517171496364 -129.71962655382893; 109.09970493445066 -109.99568801016613; 119.8707488135738 -85.86549398480079; 128.13801075629715 -60.09602406666547; 128.1710888561455 -33.42561372441609]
npts :	37
nout :	7
model :	(x,t) -> (x[1]-t[1])^2 + (x[2]-t[2])^2 - t[3]^2
dim :	3
cluster :	false
noise :	true
solution :	[-21.0, -34.1, 150.0]
description :	type3: test sphere2d with noise and outliers
