name :	sphere2D
data :	[98.11405428258576 4.27646910460355; 95.09052871282098 16.85561814225693; 93.10089633637357 25.40910181198239; 87.98611151799165 35.64708413950866; 83.16565000020482 46.493632167072974; 76.17687882317699 53.27720008743033; 67.62877204962264 61.74587831589697; 69.20846690664003 63.23011846237483; 40.0193638105228 64.55152353095224; 36.39607862184181 72.63367628713533; 24.525472440545002 70.73757478634477; 13.239174065058885 69.28406730907027; 3.4908113170826596 67.27151035074397; -7.747347121330515 61.3196660521497; -16.127544062707827 48.02462027700451; -25.74900054057919 45.7610399276802; -27.17348355598347 19.428019976873724; -43.186560640648075 16.070501791019325; -39.08677336017688 14.732803943870369; -38.162035216460566 3.895220999173044; -37.7948125505041 -7.746867176912793; -35.18351447179301 -17.594579884160787; -29.665199233350066 -26.48537001453217; -24.646801915045035 -38.080735975865394; -15.947190014285015 -46.62583352981127; -9.251754049729124 -52.06455473838182; -1.6387269833549607 -64.52495291278825; 12.780631777687457 -64.0118649700109; 24.812300738691555 -64.10867208137894; 34.37810664120162 -63.167212576932286; 46.51542623872078 -61.03910993498186; 42.962645668334766 -66.96028674766407; 66.1736845187172 -52.90149052577199; 75.7887441333347 -47.57998905407421; 83.13315588314416 -38.81477618764609; 88.91931024271838 -28.17059672185298; 94.10466659860143 -18.307757962538346; 94.70629862171046 -8.833594310402168; 96.65294081338477 3.4972214693268064]
npts :	39
nout :	7
model :	(x,t) -> (x[1]-t[1])^2 + (x[2]-t[2])^2 - t[3]^2
dim :	3
cluster :	false
noise :	true
solution :	[29.2, 3.6, 68.0]
description :	type3: test sphere2d with noise and outliers
