name :	sphere2D
data :	[146.93082730880442 18.996126539733776; 144.9228166586376 42.127179729231955; 138.77371020060386 62.41780942751469; 117.71895613271107 85.76047226398077; 114.37349081792877 103.47841087468107; 94.2603827620328 115.98306537630177; 81.53155814914221 122.36978427610538; 54.329038438323934 137.67099230680236; 30.665413317367584 140.22765959802086; 5.928046650496555 139.46928334151147; -17.109683335858477 132.25099429262545; -37.450193356547786 124.33855554681496; -56.962853372085235 110.66372814660009; -70.89979973245013 93.96002947100928; -84.58897431508848 75.02895683582318; -92.50113466532079 51.75462131012239; -99.30003944873681 28.8005964074328; -95.55350893314838 7.0327768606403795; -69.17402811141858 6.969119306549734; -82.66177337334143 -38.331259795665865; -95.64867055841934 -43.60651666726662; -56.00729084633613 -74.41462434353133; -35.96399198797551 -86.90084580484087; -15.854736491569684 -97.64347137720527; 5.748619539977926 -103.90441215495669; 31.39242063527719 -113.14395000457516; 53.848352967438 -102.00769337393363; 73.83777006354566 -92.81436668620799; 94.28775574299313 -80.10247490553036; 117.9954549231383 -82.1135776728864; 127.42923884713231 -48.75149092505531; 137.38097964955546 -26.809617635997178; 145.28156570099847 -4.296624716833104; 145.7887499693421 17.993354664041597]
npts :	34
nout :	6
model :	(x,t) -> (x[1]-t[1])^2 + (x[2]-t[2])^2 - t[3]^2
dim :	3
cluster :	false
noise :	true
solution :	[24.1, 17.8, 122.0]
description :	type3: test sphere2d with noise and outliers
