name :	sphere2D
data :	[131.5163172967863 -31.197595935664392; 129.17743146637662 -10.011860023733192; 124.31216868996175 13.7361585195768; 116.56014390169207 35.90275624373374; 104.47023735542186 55.89719499429171; 91.67955356068914 75.06355665692332; 75.21361685849361 90.96377261013312; 55.99479840453969 105.43566511094124; 36.31505753103879 115.13478753923589; 46.05323655377689 152.15878852766005; -12.46970204151603 148.7619777889596; -32.07855613339357 130.58651369672666; -45.63067730901176 157.4730498462284; -77.8854127237279 124.60845225907033; -97.3539574996922 114.79937902968263; -106.20304258962841 114.11361413844399; -131.36264306072437 57.680455750134215; -154.26078307067863 74.12253723257807; -180.90646599373449 68.91248139810658; -178.9859973345835 33.644111802299065; -186.42671558656593 15.172851196442181; -189.72635556583592 -7.796576736718779; -194.15300556109128 -31.255759731381787; -191.58741218479577 -53.59539798112551; -212.6790541754977 -94.59885138661349; -178.85146924898316 -100.75707298682289; -165.86394325612892 -118.21893868330038; -152.8328438299771 -137.74541419594155; -136.73948432570702 -153.84835949008087; -118.37965735346009 -168.5692999949279; -98.19818962178823 -179.20486683253995; -95.08157597240086 -172.45067368128502; -55.29732340859552 -193.0629563332719; -31.932430925598673 -193.8849054790887; -8.338003928072256 -191.69263388173763; 15.090017684918847 -188.5229465680458; 37.38051305003196 -179.75860516743802; 57.440928398318796 -169.82258370698707; 74.38095031387412 -155.88008280952528; 91.51429572144778 -138.2005576152095; 104.79945647057535 -119.89283338918953; 116.42724514784501 -100.39068548316344; 125.3821611586146 -78.45927920828628; 139.53232742327998 -38.29043451944527; 130.86889159463905 -31.99691132424141]
npts :	45
nout :	9
model :	(x,t) -> (x[1]-t[1])^2 + (x[2]-t[2])^2 - t[3]^2
dim :	3
cluster :	false
noise :	true
solution :	[-30.6, -32.1, 162.0]
description :	type3: test sphere2d with noise and outliers
