name :	sphere2D
data :	[3.4478186563763815 -36.41143217225969; 3.29112585670809 -32.4016124787932; 2.00653896998821 -28.503891925427535; -2.127513476019482 -27.06680781399976; -2.370330982850131 -17.01370816307734; -5.228893796887601 -15.629400921065928; -9.251704050865497 -11.845139430039014; -13.905183899938068 -11.145059251010894; -17.296616448541112 -6.979109196155199; -21.95742156322442 -5.0551687950516175; -27.658505377858244 -4.533749677638678; -31.08614384329269 -6.109194594740443; -36.50920607583552 -6.383854059592027; -42.65054320310283 -11.378900749313283; -45.190416437776335 -13.83998602193748; -45.535426808146845 -16.562392744662727; -51.2783159848101 -22.483259396124605; -53.68315352430014 -25.62635984029703; -54.624154758211034 -30.136220850913464; -55.60682629417218 -33.784623395378816; -56.240395964401955 -39.89922487542837; -56.14369410876032 -44.301080117178294; -53.42734352937456 -46.258798145028564; -51.315077133210174 -53.055568885522284; -50.887305821788274 -56.346872956458725; -46.685452964288025 -54.483907719531366; -41.691988599875174 -63.502799325752086; -37.32642767367473 -64.09883164994896; -33.742253957399164 -65.53718916056563; -28.3988623656718 -67.73189411310423; -17.853202009179086 -64.14038240244048; -17.308313613761687 -64.72167173204565; -11.963928620737423 -64.06092086261195; -8.855645910255072 -62.73891570906669; -4.053298072738439 -57.9694050905685; -2.911971981432192 -54.08230823526249; 2.118160797686992 -49.552736131440525; -3.782709775883328 -48.52784100115078; 2.8627243474660875 -42.4884733956367; 1.6471705112157626 -36.49784877533057]
npts :	40
nout :	8
model :	(x,t) -> (x[1]-t[1])^2 + (x[2]-t[2])^2 - t[3]^2
dim :	3
cluster :	false
noise :	true
solution :	[-26.0, -36.4, 30.0]
description :	type3: test sphere2d with noise and outliers
