name :	sphere2D
data :	[131.93213857014183 -28.03376637639446; 126.30256432514422 5.375203909351354; 109.05781154683882 34.63492513295881; 85.5705642426921 54.952094115284524; 52.05711702077194 66.77851047899497; 19.021568127133452 66.32127832978043; -12.522829804183846 55.47555463906084; -38.48464902242431 34.03422670885778; -55.7632584398312 4.827913802325062; -77.53326290864348 -10.961158066892988; -56.1151479734509 -62.23681147565302; -39.27723273321875 -89.21298554536176; -13.036787020284242 -111.477267016884; 19.959511765673795 -123.10580831632697; 52.84546393280614 -123.24945003582295; 83.96517107928675 -110.28510393099755; 111.63771387841498 -90.19621212488128; 125.46069363357859 -56.65548156921782; 139.26839165448274 -23.411049292538813]
npts :	19
nout :	3
model :	(x,t) -> (x[1]-t[1])^2 + (x[2]-t[2])^2 - t[3]^2
dim :	3
cluster :	false
noise :	true
solution :	[35.6, -27.9, 97.0]
description :	type3: test sphere2d with noise and outliers
