name :	sphere2D
data :	[29.3878645533595 -8.044241773584638; 14.700538984489544 33.33019788977397; -23.369860213032265 48.0435956913324; -62.60177526577434 31.247356486593787; -79.4755391580816 -6.531847600968798; -64.42568265471543 -45.71174584530827; -25.654519226148885 -62.00886696473487; 11.692457135788715 -46.50237492742551; 30.650653551953116 -6.678725345594294]
npts :	9
nout :	1
model :	(x,t) -> (x[1]-t[1])^2 + (x[2]-t[2])^2 - t[3]^2
dim :	3
cluster :	false
noise :	true
solution :	[-25.2, -7.0, 55.0]
description :	type3: test sphere2d with noise and outliers
