name :	sphere2D
data :	[90.68149582919378 6.267418564194219; 78.24994183251876 13.138014548776916; 87.38725118376402 28.59272305894219; 80.65040474425781 40.94075626820002; 82.98991266848505 49.39286601843617; 68.4784220739031 57.117917025532; 49.776687730268726 72.61711610972732; 44.851189526248504 71.61134564516813; 32.85990074586903 63.13563773289445; 21.197769450861355 75.2829030461466; 0.025299642589354576 62.19694970516147; -3.5524977137220333 68.86872713450266; -12.123633012856192 65.0188117988749; -22.81621048351581 59.05061105288561; -30.990207442465394 50.600285967907254; -37.346727858941534 40.18000949281891; -43.640076198554546 32.42602867193066; -47.01657179752501 18.243332525460048; -47.37425991521332 5.559634353381492; -46.40737710761628 -4.740438700902865; -41.860127330605984 -16.97250399188739; -38.25542214507935 -30.114638738052115; -32.02298083549765 -39.15511155233842; -22.412479574388172 -46.61208009415753; -11.725841923058649 -54.591395486365585; -0.7015158117123962 -58.58029367411771; 9.347190970038731 -61.6913917125786; 21.111117147759565 -62.01737012526663; 33.84992413647634 -61.98011520332317; 51.590920254489056 -59.39842726840131; 56.89567844047657 -54.67270424505417; 67.27897618528836 -47.72552933526221; 75.24052759308627 -39.26299522011609; 73.58858469629682 -41.70262285070315; 86.05074062053963 -17.189704970528844; 90.06087989225283 -5.64791623718281; 91.83562983379221 5.154715326082717]
npts :	37
nout :	7
model :	(x,t) -> (x[1]-t[1])^2 + (x[2]-t[2])^2 - t[3]^2
dim :	3
cluster :	false
noise :	true
solution :	[21.9, 5.9, 69.0]
description :	type3: test sphere2d with noise and outliers
