name :	sphere2D
data :	[103.0168846703639 24.272994713205065; 90.70681176589162 67.35979638862148; 61.436563849007214 91.6809099026067; 24.214360489756167 97.04530182680492; -11.920852642043135 94.60912103052908; -31.992035169788313 48.46537589963841; -31.026064596761938 9.020526216828733; -10.265979085510592 -22.376428379187963; 24.735188405884358 -38.865211409695455; 64.49912314641865 -30.955428740442244; 93.05882319454028 -6.616300658508412; 102.37116273636877 28.71669284326003]
npts :	12
nout :	2
model :	(x,t) -> (x[1]-t[1])^2 + (x[2]-t[2])^2 - t[3]^2
dim :	3
cluster :	false
noise :	true
solution :	[34.4, 30.1, 68.0]
description :	type3: test sphere2d with noise and outliers
