name :	sphere2D
data :	[145.42203746530316 5.449258685944876; 134.22559218165767 60.9979569686133; 104.99124870293812 107.03569197669923; 64.87291531745988 139.4799991823667; 3.71382561766573 149.08642742745576; -51.33549471202096 138.32101851894984; -96.67536408215656 107.2488054352232; -127.33493198627609 59.5146915532448; -138.78602598937937 6.433575643273617; -128.83154415300623 -46.54226208498266; -95.44051843801621 -94.55163194981846; -50.438516063619616 -123.90964684284144; 3.756683604247455 -136.8174485450542; 79.68158460114786 -131.3347080596935; 103.75691166428282 -95.18591256944484; 135.79910162899245 -48.438709428375155; 161.48471255567762 -1.5710908655828293]
npts :	17
nout :	3
model :	(x,t) -> (x[1]-t[1])^2 + (x[2]-t[2])^2 - t[3]^2
dim :	3
cluster :	false
noise :	true
solution :	[3.5, 6.6, 142.0]
description :	type3: test sphere2d with noise and outliers
