name :	sphere2D
data :	[165.46250373547085 -18.90879628245934; 164.29516616437814 4.0258150101173396; 160.6894724054667 23.191381486165472; 167.89832303189635 51.90280185563611; 144.9589463462074 62.489574513703275; 151.34549343093082 48.131277185347436; 119.32357429632249 97.52228511512607; 102.67384220959697 111.92337988387519; 101.8131291294203 136.33379138362076; 58.03733044837173 126.49420794070731; 45.64124836669673 141.7794059733765; 23.64263452994769 145.68863014677044; 3.611255148803963 148.16714566877843; -16.190475584347883 146.56629326085863; -15.619872527833273 173.3935011017176; -57.43964657566473 137.37914384479075; -78.14647504757016 131.819299326224; -97.84478666945166 118.15008042954439; -112.33921292491945 106.4112484585436; -126.45898068313132 90.73129605980701; -125.18658990319807 80.90653236090495; -160.42662830844995 49.74661742020571; -158.33808611701286 35.740152409313815; -161.5764343225725 13.933681567600924; -165.38046841982174 -5.7277205538011575; -166.15743118343232 -29.315313291426776; -164.19616295513532 -47.3760066855034; -157.7941086841136 -72.10428019340746; -150.19698204461378 -88.67013756063177; -139.43841054646495 -107.07657864759437; -125.71039817227441 -125.64503382942215; -112.6037161317075 -138.95986972570483; -110.09026024741121 -170.27406849937893; -77.55584254094939 -165.2114022671808; -38.273357154400784 -194.71183823453862; -39.009065987254445 -178.57887205670136; -15.77018826362202 -181.37112180272965; 4.818319243549033 -183.24792963993693; 26.41596946517253 -181.60378899721334; 48.09317073598503 -176.46638977514084; 65.50992463724643 -168.5586719036437; 87.2295263150789 -160.12564377889674; 102.05258264861557 -148.04348620204297; 118.939004185203 -133.707727422313; 132.7961074629255 -116.55285130554583; 145.36035821742203 -98.95243659061286; 138.96766375373022 -107.15929191118808; 159.76315164578352 -62.068304337634764; 163.99201445371605 -39.401727758970836; 164.99833515255733 -17.85358718683022]
npts :	50
nout :	10
model :	(x,t) -> (x[1]-t[1])^2 + (x[2]-t[2])^2 - t[3]^2
dim :	3
cluster :	false
noise :	true
solution :	[-0.4, -17.5, 166.0]
description :	type3: test sphere2d with noise and outliers
