name :	sphere2D
data :	[108.74255441503212 37.758016533768405; 91.30507253701956 92.85969592113535; 43.473806560690726 127.39977607334674; -14.926938475258138 127.59389170999417; -62.869770503121934 93.09780359539079; -80.28363935406472 36.29413729711518; -69.19455312257254 0.6156063447798132; -4.520214857508449 -62.040934313087234; 42.17773479870478 -54.31203388836192; 90.35290573591315 -17.76100630880249; 108.17538141413759 36.856925428532975]
npts :	11
nout :	2
model :	(x,t) -> (x[1]-t[1])^2 + (x[2]-t[2])^2 - t[3]^2
dim :	3
cluster :	false
noise :	true
solution :	[13.9, 37.5, 95.0]
description :	type3: test sphere2d with noise and outliers
