name :	sphere2D
data :	[187.82779260125957 38.79798940090295; 165.35604425147798 120.50206379253913; 101.81190653132614 173.74616300649822; 19.440679860202327 188.34001811733546; -57.754901516960466 152.30489956408127; -104.96268469552066 83.40132030598598; -102.37605782256358 -2.8218131591965703; -59.461951271776464 -74.01395243493292; 17.440763936920096 -109.09584966854088; 101.31041132893459 -96.55128061997362; 174.19068239297044 -62.57171764152682; 199.75172364987236 24.75221761249729]
npts :	12
nout :	2
model :	(x,t) -> (x[1]-t[1])^2 + (x[2]-t[2])^2 - t[3]^2
dim :	3
cluster :	false
noise :	true
solution :	[39.5, 39.4, 149.0]
description :	type3: test sphere2d with noise and outliers
