name :	sphere2D
data :	[96.12958452569646 29.027153917771436; 95.98585299744092 50.89650084960908; 91.19209903295203 69.80859738216152; 72.58390860861095 90.60780980775293; 72.63324697789628 104.15822398680801; 61.19067671631429 119.57153121332453; 45.53020663849998 132.9531077932992; 28.582012546208652 144.5087742297269; 10.317400262396086 152.05761371325613; -8.425257253123522 157.2514634166796; -28.70754547596606 158.7446841823324; -34.720222800739286 163.714860631095; -67.6447124085454 155.47276664233618; -88.16925763076097 149.34461633133708; -104.86936765572186 138.93752981663624; -141.48849376352024 113.89776497601059; -134.44161125318004 113.17988223989481; -145.53986896727588 93.99920255434911; -154.24226760880828 79.54682781742156; -161.91182516972486 58.184171742404786; -164.15625096049186 39.04934278352306; -163.82946891211304 18.255602723101173; -170.47014542204323 -6.161178332399132; -154.69154478591977 -18.761201605018915; -146.94719527256402 -37.977945558418746; -138.53609533256437 -39.73896316324471; -119.34553401240517 -69.30830899040181; -113.78710065155641 -67.0230596490476; -90.60800666393415 -89.313923411511; -68.40932924107649 -96.16357548390516; -49.34828323303239 -99.14932021593883; -29.985006718366478 -99.70541617230364; -9.147150052159093 -98.1704949292342; 13.120928552811058 -93.74747168367927; 27.368980942794273 -85.03098641398678; 44.90875799332771 -72.95156025429657; 60.90504481942509 -61.216762063412816; 72.4160869632237 -44.353976785662894; 101.41086164703033 -21.374676546677776; 88.76436551956995 -8.288186548946035; 94.9968325728646 8.421603130925318; 71.65021217485598 29.499674184702062]
npts :	42
nout :	8
model :	(x,t) -> (x[1]-t[1])^2 + (x[2]-t[2])^2 - t[3]^2
dim :	3
cluster :	false
noise :	true
solution :	[-34.0, 29.7, 130.0]
description :	type3: test sphere2d with noise and outliers
