name :	sphere2D
data :	[91.63208131863875 -13.695931074159352; 89.20510465294534 17.53996842560193; 87.4572962101576 22.192062692490246; 77.93014404991555 36.36247107863818; 68.1525812971854 53.53114587978375; 55.84793819240298 66.73948227287916; 38.647292585925065 75.78279742123178; 23.960171978906843 85.98625482292752; 8.511570833284729 96.00764893929434; -12.86678080999839 93.13573256458122; -30.159973626649517 92.5982227712316; -47.785146017084834 88.67583419359694; -63.92288306327064 82.3313374167391; -80.67508122574019 72.44749890540002; -94.09548798893715 60.042101824342346; -112.18088820623416 64.75523800988883; -114.51075018105303 29.97674128185101; -142.1970158772785 23.65943176715935; -123.57726244856377 -7.004803503648301; -123.5070201225153 -23.9377524224631; -101.1767828228055 -45.99503042034118; -114.27599945960151 -61.446753925266066; -107.71246708638256 -75.49672885687791; -92.60506070326785 -88.28200099765867; -79.50006889400372 -102.0487659221594; -85.82955499166069 -112.66984463248352; -47.24632138306396 -117.63524728330772; -30.11903914368473 -122.36689607121156; -10.959664686975387 -123.27275948297968; 6.4843853526739865 -119.59044925411207; 25.073909577810003 -113.95680384798443; 41.04029298268496 -106.58817690407409; 54.54993531793582 -96.3696964323795; 67.35773123871004 -83.61597418957305; 77.8239857313825 -66.23862258004826; 85.71306055814655 -51.10051977052844; 90.68166338561686 -32.48887753621806; 91.40958408310274 -14.365661775345819]
npts :	38
nout :	7
model :	(x,t) -> (x[1]-t[1])^2 + (x[2]-t[2])^2 - t[3]^2
dim :	3
cluster :	false
noise :	true
solution :	[-16.1, -14.7, 108.0]
description :	type3: test sphere2d with noise and outliers
