name :	sphere2D
data :	[111.91884795721033 -40.099896834054405; 106.83753489455374 -37.92675133144762; 105.64841646338199 -9.453931373701627; 98.00600708699554 4.9348859421423885; 90.0686996788955 16.952697795568277; 78.0827275867361 25.347861386274865; 63.08548660433349 30.885401495817533; 48.95856702092059 33.49969693695; 34.37180149894125 37.38798340215347; 20.043665897576172 35.50883995534272; 4.30577434140117 31.182998428060028; -7.862611620930427 24.15342960282853; -20.346255637717707 15.793073978956636; -31.62243656558135 2.756609117297626; -38.43394100935079 2.476000763032122; -40.456934012554925 -25.83443897046032; -41.3535324271816 -39.15984133938434; -42.683187466401094 -56.37769272929625; -35.717468810716895 -67.34793081034591; -31.442823175853363 -83.93024903023495; -19.075706376047634 -93.53262567679971; -7.108249544724012 -103.55672499121522; 2.814472145263749 -111.20458634469497; 18.391923636935914 -116.45480249291121; 34.42939481758462 -116.02524456999731; 56.61645768103452 -126.37367598058499; 56.32231918879115 -125.4625258796441; 77.20621878071161 -103.52099385476; 89.19788530311818 -94.326238397942; 96.7199143655309 -82.61403488372065; 105.60135815967962 -69.94655336438358; 102.82722744231206 -61.407570591399285; 94.66004984595152 -23.374711768138067]
npts :	33
nout :	6
model :	(x,t) -> (x[1]-t[1])^2 + (x[2]-t[2])^2 - t[3]^2
dim :	3
cluster :	false
noise :	true
solution :	[34.1, -39.7, 77.0]
description :	type3: test sphere2d with noise and outliers
