name :	sphere2D
data :	[127.93020010663496 -19.881020792004108; 101.6096912577591 47.7903202964815; 84.05703460409971 66.70772527117816; 37.69003233111546 83.66447097365469; -13.101031280196691 80.22541826856295; -68.7193736694227 40.2504310269191; -77.98685050512012 3.3874934654831517; -79.22119721599095 -44.9500436000156; -55.3523008502086 -92.20414254247862; -14.75430432526896 -120.13521675360981; 37.9208019241712 -125.16704145180697; 82.66713366077731 -109.00940701715969; 117.65112520913843 -70.91113047701943; 131.12781422557364 -21.27791294660183]
npts :	14
nout :	2
model :	(x,t) -> (x[1]-t[1])^2 + (x[2]-t[2])^2 - t[3]^2
dim :	3
cluster :	false
noise :	true
solution :	[23.9, -20.4, 106.0]
description :	type3: test sphere2d with noise and outliers
