name :	sphere2D
data :	[30.285611319719873 -26.19725105638466; 24.368291398914685 -25.760510978026584; 21.35936926472622 -15.758483049054293; 18.301719555274175 -8.114717839220464; 16.19752942150656 9.460060977821858; 6.229601854002344 8.372500468955845; 0.17792678130298656 16.647501580736797; -10.433308679566995 18.37261468436828; -18.03390453319769 23.17286028382654; -25.01288262343731 21.019224954977755; -37.817201508574676 26.8818016450119; -48.72126473167879 26.439369773348158; -58.24422724308098 24.89200517715717; -68.08025996244896 20.916132165454805; -75.18297700584183 14.95301036681131; -82.64145663867545 10.16448918931297; -89.88199178145706 1.6348192320987693; -94.56016608385183 -6.576732541856775; -96.6862953130852 -16.238319245379998; -95.02672008572648 -25.68086727617117; -95.23907321913042 -37.32771051685276; -99.20492359525974 -47.95979406687903; -98.15533650800239 -54.237012469250296; -94.4619625261551 -64.16098109888942; -97.29479492735075 -65.90624198815323; -83.69951305702578 -78.69236297583365; -72.92548198666088 -86.84279416802279; -66.52107289085185 -91.79802730442377; -64.90906058870777 -92.48836934682184; -47.06950204543964 -99.08648109852577; -39.133690377491924 -99.99111479270333; -27.86937129671028 -96.70884189387165; -15.916986120779534 -94.40676901316354; -10.029850318988315 -91.33687232589368; -0.4955431572555623 -86.96752474711379; 7.630225697163131 -81.26249473499462; 12.448813224117893 -74.32100952357729; 16.82142229323003 -63.81489330494193; 29.995422482024757 -50.83845676770742; 24.943054499564152 -44.79510888888223; 25.064506947378003 -35.33649230514342]
npts :	41
nout :	8
model :	(x,t) -> (x[1]-t[1])^2 + (x[2]-t[2])^2 - t[3]^2
dim :	3
cluster :	false
noise :	true
solution :	[-38.3, -35.9, 63.0]
description :	type3: test sphere2d with noise and outliers
