name :	sphere2D
data :	[142.5903185233419 -2.2325491488012865; 119.84677667556475 -3.47314026762804; 114.29396341938012 13.237390600420213; 110.44860880025304 29.464158380732037; 128.03107588502988 55.96488978492276; 93.65369492567947 56.35496256599429; 84.44448352980588 67.47628379480604; 72.17585241867373 80.24559687398695; 58.12086724126615 90.2187038608299; 34.5872671957415 117.39681421429503; 28.413885372254505 99.13677187824634; 9.065009708542096 103.38271724729086; -4.466286462276772 107.34811001802088; -22.712926029607406 105.44436836881046; -40.480687094053 86.50240497265425; -53.17871993553723 95.71446644157204; -67.40337186044673 89.34086944821195; -80.86488853325181 79.99442375572212; -93.51304379130842 67.93524837153278; -104.37809886075513 56.661703939889364; -90.59335544409775 40.914631422151786; -119.88535374554729 27.83557256291393; -123.90053873046156 12.97810063479356; -148.50338732915267 -7.716125109564883; -130.15652178706685 -18.994524391078535; -130.45007413072182 -35.13196281390988; -124.81637421671701 -50.20974020545808; -119.28573432915314 -66.57202843207362; -113.15763338986704 -82.52069725073984; -103.06397312652662 -95.74186701346767; -92.11065147840615 -108.63056216109347; -80.42953194513936 -118.07490492808871; -41.97736481993671 -125.38958599101197; -53.049169580231705 -135.25085125493834; -36.34933005800403 -140.82873880600332; -19.845573207700067 -143.2933579125617; -5.513090989556879 -143.32396639701437; 23.468559086250252 -126.39249555399445; 28.18978761855341 -141.63659504546706; 25.37839000975326 -118.11963034071664; 59.13280367871677 -127.47523994874258; 71.07347662414283 -117.78729287818038; 82.67927950903143 -108.34304927592352; 93.78751284682903 -95.19588567144523; 102.17823527051836 -82.80564396705996; 110.663583790822 -66.50199270687648; 116.13306067325566 -49.86121129351904; 119.48519935915998 -35.458118279923006; 120.44432853915231 -17.526746779615976]
npts :	49
nout :	9
model :	(x,t) -> (x[1]-t[1])^2 + (x[2]-t[2])^2 - t[3]^2
dim :	3
cluster :	false
noise :	true
solution :	[-4.7, -19.6, 125.0]
description :	type3: test sphere2d with noise and outliers
