name :	sphere2D
data :	[46.381858005395635 35.64228735422765; 47.43494012743381 41.785305017754915; 43.722258124690946 47.718630519690265; 40.11816389880173 51.56747197948267; 37.39163718631625 56.3625523732641; 31.912658890093414 60.548083660200945; 26.30769082656675 61.04932964655223; 21.4769973084032 63.80620603906657; 14.995744573445013 62.827439071806445; 8.801990743349936 62.41637715503285; 1.944920963007946 61.28642777255312; -2.5519733640214004 56.617800102185456; -7.3254454212175375 52.15795715345019; -8.05449787583604 47.44558219956053; -13.689412062875633 35.814614629421214; -13.947651656887732 39.52028577349944; -10.868852180551196 30.717997168065764; -9.757035243316414 22.340317217728536; -2.5563040790211344 22.080718622439857; -5.075551041955279 19.24794821660894; 2.32925001409637 9.699062703517725; 7.579067194256121 7.794313680912159; 14.892350297087374 7.294558616608876; 19.24857241161571 5.69368219498775; 27.248932065644098 6.5009541436548846; 30.388435472813477 9.253825401925297; 41.89138702829533 17.358161366186152; 41.26958908992879 18.096401386163404; 44.72348285026999 26.495965831328373; 45.29457655393221 30.800895589004643; 45.03277901669485 34.837461788418615]
npts :	31
nout :	6
model :	(x,t) -> (x[1]-t[1])^2 + (x[2]-t[2])^2 - t[3]^2
dim :	3
cluster :	false
noise :	true
solution :	[17.0, 35.4, 29.0]
description :	type3: test sphere2d with noise and outliers
