name :	sphere2D
data :	[166.95256827372506 -63.459408318920325; 166.23771194764186 -19.372825429723672; 151.67913085578863 17.174295774295505; 186.25949032632448 2.678877257190866; 144.93297312507443 43.71990668656621; 132.89451460215022 59.47437386295982; 116.26711829466494 78.11983538656555; 100.5408354175397 92.72502829690569; 82.87645254688732 102.45826625273229; 61.49183774612865 113.94693392152148; 40.952766092691704 121.1923808645918; 21.099766329718257 122.3784942898943; -1.7686993455252125 123.4948479055353; -24.577765545937048 120.35835241594322; -65.20118882646065 129.57330369646863; -63.91077769142775 110.46747939010218; -85.10171095385142 99.1955207424333; -103.18467907704104 82.73292118666367; -145.93167848724894 47.40436367353546; -152.80425192316406 85.85714461783218; -142.55526005893515 35.535389632413846; -151.82543742551093 13.903237190147918; -156.74398462887984 -6.4672094632407875; -172.3237758512238 -50.63599678879549; -159.95032006339596 -51.075474634233814; -158.09063949742514 -70.69392586839476; -150.60702602855355 -95.95503606290887; -143.22407209817476 -114.52635678615815; -131.27916475225373 -132.83802935552117; -119.92937449515433 -149.71956124952825; -101.38171596375015 -164.69439160015415; -83.74189566483581 -179.22457176402372; -64.53932804238217 -187.9905347545207; -43.27144937483131 -195.83406326223437; -23.359550730132028 -200.42998822545331; -0.8795854591866705 -203.96615334910925; 20.26318607517501 -203.39591646918723; 41.97971496126502 -199.98467875249057; 62.85446260511267 -192.9590210127844; 84.01792342412779 -184.6126332834972; 100.12789143868102 -171.68553510612088; 117.70358996288604 -156.5160227652954; 136.91861214266007 -173.85199184970003; 144.62026979071854 -122.44827977381634; 161.37906917714054 -94.25647903521406; 162.08074887087395 -83.26623323959775; 165.1101973070438 -60.1760305312043; 167.5404357952548 -38.61410927419339]
npts :	48
nout :	9
model :	(x,t) -> (x[1]-t[1])^2 + (x[2]-t[2])^2 - t[3]^2
dim :	3
cluster :	false
noise :	true
solution :	[3.6, -39.6, 164.0]
description :	type3: test sphere2d with noise and outliers
