name :	sphere2D
data :	[134.27286920838657 8.290807648523511; 133.90817981793677 28.82803167902654; 129.0006473176833 45.94851243384731; 117.1633215326576 65.47601859928655; 109.32800214690312 77.0281729573628; 93.99275002143355 89.68368556145973; 76.47033660663699 99.84290389103616; 58.446034471592874 103.20954484027436; 38.66164975262494 106.25099077999744; 9.12886394891063 96.98798715267904; 0.05588187240298903 99.46445162980618; -14.976552049650904 89.44635615365466; -31.088328666896018 78.82923795634905; -25.360153189313 79.56127113224453; -48.67576369646182 46.43197039907264; -57.04568159317881 26.644726440255837; -58.7165888996904 9.718276996347093; -54.0203433413292 -9.291047329610516; -48.0824252340775 -29.24911787957085; -41.91950307693321 -45.711280647048156; -29.508600426777505 -61.6915027463265; -16.149810328039184 -71.93817145529484; 9.637970334903871 -89.00620209493204; 20.095955103041952 -84.80671394892951; 39.06918376176798 -89.18820308763972; 59.32232419419579 -85.96940036974998; 75.91626823863373 -97.85357367454422; 91.89786087757942 -72.94361967917447; 106.45047568443377 -59.54191542906611; 121.44085774576077 -43.618804226080044; 137.16329528596538 -39.209152937361765; 134.9534397568467 -10.68563626649272; 135.61252154840506 9.394438720704121]
npts :	33
nout :	6
model :	(x,t) -> (x[1]-t[1])^2 + (x[2]-t[2])^2 - t[3]^2
dim :	3
cluster :	false
noise :	true
solution :	[38.9, 8.5, 97.0]
description :	type3: test sphere2d with noise and outliers
