name :	sphere2D
data :	[116.55842184192753 -5.539255498620619; 114.87371410503138 13.338395656957461; 90.75093328114475 50.760178298699856; 96.0651974360441 48.39112949154271; 85.74752744691837 64.82949991973591; 69.24465399997538 78.46024735034845; 50.50739179398166 87.67277218089215; 10.060839100511135 100.99288960628945; 9.928216792920576 93.23422621358152; -9.279896730040544 87.9401501990733; -29.283917708575704 82.73440429693918; -46.49371089908664 73.39350632308312; -61.52357365059016 59.076423886571504; -72.78123668433382 43.88159267737723; -81.3885975100674 22.132309326270917; -83.92755849108417 3.5984531839102227; -84.75714122398891 -16.438222406456074; -81.21158328439994 -38.70358854864301; -73.33280069692962 -58.086085677792575; -45.244711561666335 -56.979644192977915; -47.52163952271768 -93.67465407150299; -28.27148395828394 -99.30949008419685; -9.351342064905083 -105.29478862637387; 8.812780883822 -108.48973955840958; 34.831985256300044 -99.47654883018578; 49.9656324313241 -102.80669975929105; 66.58170346565149 -94.14107571161895; 85.67539516170685 -79.3782179410641; 99.2875541974146 -66.86104976886698; 109.41532883139271 -46.20220082058465; 115.00202318943913 -29.028624354873884; 117.27599280393488 -12.189436556300144]
npts :	32
nout :	6
model :	(x,t) -> (x[1]-t[1])^2 + (x[2]-t[2])^2 - t[3]^2
dim :	3
cluster :	false
noise :	true
solution :	[15.3, -7.7, 101.0]
description :	type3: test sphere2d with noise and outliers
