name :	sphere2D
data :	[72.2603858340579 35.71669069597667; 73.95781019325352 31.15692793331233; 76.37358163924291 46.40868872135405; 70.25418227519242 54.3758839747127; 65.02414432032833 60.38630909290612; 57.636890376008395 65.86107047598398; 45.63729541161583 67.9475519801911; 40.944316864902895 71.03322266157811; 32.42859400446572 70.5902218959976; 30.18378708700517 68.81038693809906; 12.901760144835198 70.42682604385456; 7.098906309686993 56.49376984156162; 0.5433499976203385 49.200489020819006; -2.6999348627429427 41.04206800637954; -4.522942871702387 33.600173018124416; -11.470320600798207 20.979660289006546; -3.1755592477222216 15.157366882281604; 2.227097939970026 5.174540673548705; 6.6812230394059995 0.5062483605267172; 14.386749573404977 -5.645907910454216; 22.29942962834756 -11.289036324341275; 30.914943066261223 -12.072111147413468; 37.839376230947515 -14.642157283977486; 46.8743904796204 -10.46909095488345; 56.09126113860438 -9.429609583835722; 65.28920113383651 -3.7236575557796083; 72.10335722562935 1.2695660497038526; 75.31782423752927 10.886972318743217; 80.42005581513807 17.566886841229646; 81.74723945478016 28.944217430929935]
npts :	30
nout :	6
model :	(x,t) -> (x[1]-t[1])^2 + (x[2]-t[2])^2 - t[3]^2
dim :	3
cluster :	false
noise :	true
solution :	[37.5, 28.6, 42.0]
description :	type3: test sphere2d with noise and outliers
