name :	sphere2D
data :	[134.14261442706518 20.386841505162206; 134.79069020581352 50.351285938266514; 108.26540984547998 76.32591473474484; 94.04844534820268 105.13163767689511; 67.31539149653959 122.89214632203489; 38.219935078378 133.02049222597915; 4.9777246523311085 132.2540030875365; -25.38257679446012 122.87311574870665; -51.38331757050807 105.25440353352575; -73.88124974134581 82.16373793579916; -85.69004152657747 51.93726258465968; -89.53177754184236 19.284657212438244; -85.62438107571072 -10.384797767274403; -73.8211270828825 -57.69695194058155; -50.70740114981453 -64.95762293430423; -26.331037727473458 -82.17474147141064; 5.5828168482547165 -89.65443777194766; 38.63653638978522 -88.72252518869446; 68.3658737049696 -79.61817337401904; 72.61177772930563 -72.84259064958329; 116.11471928373207 -40.014386332356366; 128.33027152683667 -10.841586771897154; 135.0633635898848 22.886838132319227]
npts :	23
nout :	4
model :	(x,t) -> (x[1]-t[1])^2 + (x[2]-t[2])^2 - t[3]^2
dim :	3
cluster :	false
noise :	true
solution :	[21.6, 21.2, 112.0]
description :	type3: test sphere2d with noise and outliers
