name :	sphere2D
data :	[108.33667691016649 21.95868854853459; 106.3410049367246 44.066193840042565; 97.61533560070114 63.77995906740384; 88.73552426162486 84.29858190661905; 75.72773205099215 101.17814394369007; 56.96975997360116 114.59207407085204; 37.05844008721546 125.90843275508124; 19.684035878513928 141.89205112427905; -6.488006236736394 132.29878340530385; -27.227756838753475 125.73236366802585; -47.108825276483394 122.59987737083145; -66.76218571526157 108.87184290548977; -81.78483762186356 94.28568746574635; -94.71505226705605 78.32739950031522; -104.461713175981 53.533328584256985; -110.09126957524785 33.74086030479266; -108.99033076421941 10.923652112409874; -104.396720012078 -27.5717088554854; -93.88484216789266 -30.311079742087557; -82.8962285658071 -50.95865845753636; -67.13729180818846 -65.0513938275371; -47.97861041150298 -74.50450332391267; -27.06453743465238 -83.24312047512862; -4.3939992990573336 -87.45682473521936; 15.818026451549027 -85.70439988723294; 40.992532336229296 -74.91931417247653; 56.08577754483528 -70.03069929902075; 76.6775528122398 -77.51787581729864; 72.58149966927861 -50.35343466682708; 100.94308271090507 -19.961833694279825; 107.39102036310892 -0.29537795203360095; 109.05559596238842 23.487148225705013]
npts :	32
nout :	6
model :	(x,t) -> (x[1]-t[1])^2 + (x[2]-t[2])^2 - t[3]^2
dim :	3
cluster :	false
noise :	true
solution :	[-0.4, 22.3, 109.0]
description :	type3: test sphere2d with noise and outliers
