name :	sphere2D
data :	[136.32382885018376 26.009868642145605; 136.9584637780642 45.34141367708842; 146.10356560567993 46.79974706105816; 116.76336656643275 80.65964786147892; 103.70642275838432 98.64552142457947; 89.77961012954793 110.6614269274774; 85.92564954042669 110.35238274643986; 38.81458736679086 140.1311319477222; 30.24278308121397 121.48994350359571; 10.290463389551052 117.91152275088218; -9.22231670627992 110.90205400162219; -38.15520494255099 97.67409103209516; -39.63790839686746 82.63992652130086; -49.959312677279726 64.40769445954618; -56.756092657484935 43.96710208632764; -57.105023376875366 24.641301100943036; -56.11255160007775 4.38647783614356; -50.30631109783948 -14.50436870703082; -26.747520660332114 -17.692219294977136; -25.683851016574835 -47.74730970070581; -10.018894368840346 -60.28465011082749; 9.290539933720863 -68.12154104250443; 29.618254245452736 -72.56079179950697; 49.15048095925308 -72.46450343799415; 68.79256732046508 -69.00439847292459; 88.93593085887494 -58.037165945260654; 104.88291036411425 -49.59463311678362; 120.3804446870207 -32.78974269548114; 123.84750586041224 -20.54541889626001; 134.09035884304623 5.1440862034714945; 137.94802334547828 23.585830853588458]
npts :	31
nout :	6
model :	(x,t) -> (x[1]-t[1])^2 + (x[2]-t[2])^2 - t[3]^2
dim :	3
cluster :	false
noise :	true
solution :	[39.8, 25.0, 98.0]
description :	type3: test sphere2d with noise and outliers
