name :	sphere2D
data :	[51.17324725223537 8.780310864117414; 50.428950478781324 17.932541083118572; 47.582558307579085 27.916091787408895; 45.53888835139371 37.82633432017112; 39.07537815973247 46.67138172737189; 37.0189473070128 52.75374569769147; 29.570120003979845 61.90878934793972; 20.653738421717534 65.17154047134603; 27.02531339485341 80.24781889422114; 5.699321796714935 76.76595332385762; -2.004080371481644 78.76961231039056; -11.792823300178439 79.83842245530599; -20.99283400819461 81.1275692898715; -29.692478941348547 79.79088490197105; -37.28989668723102 79.19003404773986; -47.97489346315205 75.6977112160995; -57.073773112358225 71.15513164846442; -63.28539542355873 65.68919112418095; -71.23443887228652 58.1161852867766; -62.035172956697295 57.36771520781528; -82.03242470167972 44.658425148354254; -85.63711384846688 38.20993712459108; -87.57519491000373 28.368922930747825; -89.7831729975531 20.96457139332825; -92.93354963296123 8.533620097430843; -87.60028145708283 2.737759214442465; -78.44242830972364 4.235715318401312; -85.54183897343594 -18.351306943348344; -82.36872127755414 -25.84258193408915; -77.38641972456949 -31.37055808547804; -72.031997148488 -38.511001298200284; -63.344938669044005 -45.57353048792464; -56.50320668056605 -50.41358608798858; -38.81627460194514 -64.87844173800379; -37.6785117622279 -57.315209942430826; -29.51248601897188 -60.95736727210614; -20.117703454901825 -59.770627358189536; -11.953019901408071 -59.377787025936485; 4.5588112194110515 -54.64280024350941; 7.42050744076721 -55.55585681790787; 11.590540688105005 -54.60849432123767; 19.403823499888375 -32.8152872464299; 29.578959575374803 -38.92640249104896; 37.30305411049832 -31.347709994254515; 40.97064172894988 -26.467446546095967; 50.10088553847087 -29.760095788326545; 36.70128013121007 0.29250072324250453; 51.034900205957285 2.4244468449288323; 50.0132692879496 8.11340987011595]
npts :	49
nout :	9
model :	(x,t) -> (x[1]-t[1])^2 + (x[2]-t[2])^2 - t[3]^2
dim :	3
cluster :	false
noise :	true
solution :	[-20.0, 10.3, 71.0]
description :	type3: test sphere2d with noise and outliers
