name :	sphere2D
data :	[129.6568211449433 12.929722092801605; 129.31511823937123 25.884808666024647; 125.87213696385732 37.22546984201058; 133.5644422217882 41.09641202095022; 119.64583458503073 71.61419570870261; 106.40795051942307 73.92920197832983; 96.86621046186757 84.29452815940714; 84.5015377545664 91.8205303350339; 74.38968388295632 98.09090690734729; 61.6069174936144 102.83486738628959; 47.242872441724906 106.9889857275295; 35.80059773293227 104.9356064046744; 21.02395439734693 106.92579691418074; 8.052945068709214 103.44160382846513; -3.5349661296460764 96.24493107478447; -17.917527286111802 93.80285409382839; -27.845503344925255 83.21789413348824; -37.88971987290248 74.90702919867913; -46.884142411967744 62.33466656317562; -69.7839196877815 54.36168071232691; -57.87799555935822 38.64586032026843; -61.48699692270003 25.55142929368986; -61.501890596412004 12.10502825550041; -68.38308298259682 9.003980967427722; -55.084193578653824 -20.849789833653887; -53.73957102623382 -26.385805860683224; -45.77710746722837 -38.05704968279549; -36.943687023910606 -49.99847511687171; -28.097718932985213 -60.320225884416494; -17.55819036827667 -68.37422181405786; -6.7664697903570294 -74.25528133600366; 7.535665222928446 -78.28606351819342; 19.69931399916025 -81.74866832126942; 38.45596334006809 -81.30410231521427; 46.38768018608605 -82.7802750013834; 62.3743211974938 -68.26003999389248; 73.70186207085095 -74.44695600367044; 103.48813075633964 -67.27452618157373; 96.13400559578146 -59.79665585214962; 105.87744103918523 -49.35364334165821; 114.96703428236695 -39.489485317703966; 122.27865286439183 -27.42100512057846; 125.46409694849322 -14.503997738793277; 127.6157879926721 -0.6835360902464523; 130.02340437390262 11.79958511606774]
npts :	45
nout :	9
model :	(x,t) -> (x[1]-t[1])^2 + (x[2]-t[2])^2 - t[3]^2
dim :	3
cluster :	false
noise :	true
solution :	[33.9, 12.0, 95.0]
description :	type3: test sphere2d with noise and outliers
