name :	sphere2D
data :	[98.93242920821773 19.776869767846097; 96.86809098792398 26.49986671969793; 94.97860757145222 49.26423675047944; 85.81115850459649 63.46336515037372; 73.38456998870596 74.94802534379888; 60.653967796002384 71.85554092255622; 49.37910517905786 90.76533789044721; 31.978636027846107 93.88195449349448; 17.08075332109299 93.98225449197616; 2.6137935950882705 89.40181613948926; -12.58867411541163 85.2704422791691; -24.626111591583914 74.94331993517555; -35.19196575287719 61.61497123965435; -43.60127637433607 48.94965739499999; -47.161859436828166 33.27711961268509; -51.47549493817313 16.85492112297157; -49.11819513750004 3.81712684778965; -46.394084348729734 -11.574864707365982; -27.91236446898088 -22.81690695428508; -26.14547004211234 -35.41637177286383; -1.1757861174206496 -48.52584587637886; 2.3085475413953285 -52.279435562549644; 14.835652638365442 -56.3322288191671; 32.872214223867694 -54.547995928095105; 49.13104985343714 -61.3480855002837; 62.416894299046575 -46.164358119695336; 73.25566249407959 -38.7687628399212; 86.3019205918415 -25.23979849769823; 95.03492140276796 -12.605016284410596; 107.22876874888964 5.245661397990061; 99.54068139690533 20.45421844127467]
npts :	31
nout :	6
model :	(x,t) -> (x[1]-t[1])^2 + (x[2]-t[2])^2 - t[3]^2
dim :	3
cluster :	false
noise :	true
solution :	[24.6, 19.0, 75.0]
description :	type3: test sphere2d with noise and outliers
