name :	sphere2D
data :	[203.3475507912467 28.666971325493833; 197.864571921095 74.50663941682137; 174.49995937919516 129.0563222956548; 150.11827644074395 151.34753769128903; 110.94361831048981 177.93101391922318; 70.06099757136344 192.0223762350278; 7.65161733670908 191.91427405269548; -21.91115329805077 185.46277691959727; -61.57485610688168 165.41167356030613; -95.86349135066381 133.89310415257364; -120.29138836547244 93.9088490833467; -132.24469281028288 50.58685522646178; -132.4115911299563 5.0884044099756105; -121.42251417737911 -38.90289519595049; -95.69649325707555 -78.45527419549816; -61.2782424216898 -108.1738657531286; -22.965733908605067 -131.4896472400294; 22.322353108777396 -138.59951705797926; 60.23700416096178 -167.6566046395225; 111.59863668944001 -121.8040846562561; 151.81126097145844 -125.14277665473384; 179.2050205204054 -59.49183094779082; 194.70012822046374 -17.117396176136637; 203.7804226431572 26.54487646909959]
npts :	24
nout :	4
model :	(x,t) -> (x[1]-t[1])^2 + (x[2]-t[2])^2 - t[3]^2
dim :	3
cluster :	false
noise :	true
solution :	[34.7, 27.6, 168.0]
description :	type3: test sphere2d with noise and outliers
