name :	sphere2D
data :	[58.305598729647514 -10.469106301914257; 28.426569046019512 42.94961622834529; -46.65211067699747 73.8238302026876; -104.91644546271628 26.028278937649088; -104.23533687125251 -47.14293360472177; -44.690849850528174 -94.4684420249622; 26.021733326745466 -76.69043723385158; 57.57041458135566 -9.458025520276479]
npts :	8
nout :	1
model :	(x,t) -> (x[1]-t[1])^2 + (x[2]-t[2])^2 - t[3]^2
dim :	3
cluster :	false
noise :	true
solution :	[-26.9, -10.9, 85.0]
description :	type3: test sphere2d with noise and outliers
