name :	sphere2D
data :	[119.96877276560708 18.72894897747892; 123.4339992722972 24.642188076698197; 112.37225453154032 49.98631184331875; 99.54592887080184 71.57478809471202; 94.82855285985941 108.48274046257845; 59.5180851793276 103.62697346500083; 36.163598097921316 112.85933149668966; 9.987274862110866 115.58249089528542; -17.527683702636708 111.54139646134995; -20.411158592087567 89.78670633972436; -64.1382325325059 88.73879600043084; -80.61736516296045 72.63540680364828; -93.30381897483686 50.5629577120559; -103.51160088503445 25.926232561252537; -106.58224871220594 -1.8573118521858971; -103.17815041776603 -26.454188995883083; -94.73268912218667 -51.21278296065608; -82.61300248521377 -73.11977636307924; -64.36506807814884 -91.0234382570901; -41.3790612077935 -104.90056110783634; -2.7326383609217686 -123.92298297659595; 9.40870179782044 -116.91390747232917; 35.12482922199975 -114.35096068639933; 60.12976664982522 -104.3055144643225; 83.84092024557354 -90.01442539825092; 100.1141626497943 -72.77375037825492; 97.26123092720417 -67.30988320563972; 121.8975021936888 -25.86983131488926; 125.54122388343352 -0.2693648356844272]
npts :	29
nout :	5
model :	(x,t) -> (x[1]-t[1])^2 + (x[2]-t[2])^2 - t[3]^2
dim :	3
cluster :	false
noise :	true
solution :	[9.7, -0.6, 116.0]
description :	type3: test sphere2d with noise and outliers
