name :	sphere2D
data :	[146.3543462415072 -4.274428765265391; 167.316817908504 16.082740787806795; 164.59991452540294 34.334572590831186; 141.86558381344244 39.68504470874065; 146.42400744080922 69.57140605688373; 110.70862274377778 90.8412399290715; 122.47155612526251 99.01940691233982; 106.37590171072233 110.42412951767743; 91.64554437576545 120.00514465369129; 57.987171995862376 148.75260078348845; 53.66962212873913 128.37411299047923; 35.1042024831024 130.14319316720713; 16.75977037182565 129.2181752286768; -3.3511520879406085 125.147535200843; -19.618562246137202 119.86573831990088; -35.67989005270787 108.69473103920912; -52.61488963114386 98.67867595635312; -44.89026471279125 76.13719404194761; -78.4686652864013 68.05105400224123; -78.0017536751717 38.36634585972549; -95.01550011797976 34.60757074684891; -97.10571760364151 16.57061501318648; -100.8840809848422 -3.2403723443336903; -97.60724394031712 -21.603584460913737; -99.2986317465965 -47.96527031986996; -86.47405088014352 -58.48786228754851; -77.57261836360156 -75.27197156885381; -83.079003462312 -118.34799655801979; -51.36418123825216 -105.35149972574523; -35.78424818118239 -115.09016077836684; -17.916951503617117 -124.55752878158968; -3.3701721512442893 -131.2293763739072; 10.44288364282839 -153.15685889369576; 35.28069922884337 -136.13015732371272; 53.41447383653312 -135.16912536530148; 73.1610947660143 -130.09438663824366; 91.96612382255142 -125.67735149762194; 108.69864825378531 -114.81229887247827; 121.13766893604488 -104.32258031943473; 135.94043418421782 -89.45708353463601; 146.68167333624297 -76.72758335234992; 156.5659484530157 -60.9180051636334; 164.03178662140266 -39.250999200911124; 168.62747732845622 -22.969994588781603; 170.93702740494112 -4.015012042650661]
npts :	45
nout :	9
model :	(x,t) -> (x[1]-t[1])^2 + (x[2]-t[2])^2 - t[3]^2
dim :	3
cluster :	false
noise :	true
solution :	[35.3, -3.3, 134.0]
description :	type3: test sphere2d with noise and outliers
