name :	sphere2D
data :	[9.168324554397664 5.317588545750232; 11.814688264569003 7.579975259963451; 2.7762362090014294 19.914947486283776; 7.603647199270834 18.869866519856462; 3.6513252962033533 25.129898352304913; 1.532780560631919 29.299409488995924; -3.0634909162314585 28.848358529054025; -6.532713835252315 37.269356956135184; -10.193166080101285 43.643261859875764; -16.378887687843484 44.896126291279224; -21.51684626994651 46.74707001826734; -27.737486643706227 48.809999423553165; -32.943485091014615 51.17010172417282; -39.55194816836349 50.08957176781818; -48.34092162535561 45.28412452798142; -51.82409797939518 47.15261626478622; -58.808132321778345 44.12869586898951; -70.9941446409125 33.77961810325115; -69.12259551632096 38.516747050203215; -72.098282282384 32.25022299793568; -74.00302576319004 29.029449104354835; -83.42544028018916 28.000422822485056; -78.85444313062784 16.607773585638604; -80.37714064469884 10.768355093836695; -83.25238802527895 6.76720603960406; -82.52276340312721 0.28591944137341063; -80.3722753293405 -6.186628919836427; -79.439461760951 -13.013630240848581; -79.02983186919577 -18.523472174971783; -73.92431565772908 -23.276454271756034; -71.21670226132733 -30.04780981053409; -60.17506740283316 -27.338762083098935; -60.04483370290955 -34.98577554578844; -58.262985144382256 -39.91794307034629; -51.81202850896557 -41.848118070195596; -45.78209376852154 -44.203184351110224; -40.95968173339667 -43.55214528910556; -32.60947936074161 -45.571201903854806; -28.414277521792236 -44.4222994081175; -19.984134229735957 -42.088139596709375; -16.090263074903667 -40.922069185062036; -21.976316826114473 -33.76650580351727; -5.905714122269615 -34.990642380531746; -1.6811147399565223 -30.67929024053847; -1.1013200541737351 -31.026776008254547; 4.7461277752941164 -22.12157859936118; 0.595371178746877 -15.775324222947749; 10.28045575654068 -11.823896445766735; 9.945765725329977 -4.63876605934621; 10.625314302019957 1.9590258890726875]
npts :	50
nout :	10
model :	(x,t) -> (x[1]-t[1])^2 + (x[2]-t[2])^2 - t[3]^2
dim :	3
cluster :	false
noise :	true
solution :	[-35.6, 2.4, 47.0]
description :	type3: test sphere2d with noise and outliers
