name :	sphere2D
data :	[125.5279227753155 18.671487744883663; 124.24258523718656 32.115852244279736; 122.80803875032903 45.041610902063475; 119.16535066702254 57.11721671928202; 111.19675720749676 67.83189835761016; 104.97792254391888 79.90264074799286; 96.45957735248426 87.77660088189857; 86.89445554775354 93.02963382255197; 75.95585487092079 105.2907447775438; 49.11563169190691 113.94625435781538; 52.46349498609482 112.32012470136333; 37.6317445070609 114.52255520892115; 27.05615158602801 115.76115515296287; 11.988401006337302 115.38563532030247; -1.736570365510631 111.21430915284166; -25.915692840867962 96.08755478651392; -24.864370078542915 101.71149970651227; -34.95169606093908 93.4023030509305; -43.83370795935681 83.21706347853512; -52.1167891353377 72.93105985720459; -57.88730297976584 62.8426337939758; -63.0593124983814 51.47877665213308; -72.43337126150614 38.25498214670771; -68.9369480403447 24.991518504403224; -68.80922396127032 11.501677555089563; -67.64458437852035 -1.8987584209566193; -64.70192934535763 -15.85692191113133; -58.96956481181235 -25.94358807308408; -52.0478288142198 -36.59307148848509; -44.06324993134996 -46.70766590481189; -33.27503813958015 -56.45516264453809; -34.74397824572397 -63.64135122195083; -10.770397613532628 -70.66693004037435; -0.5562477728674384 -75.39050749061022; 12.804821702490369 -77.43417579649557; 25.56515443807098 -78.80169193769262; 37.01149325199462 -78.4863846240399; 50.124658249424236 -78.87783840804116; 48.9803231733913 -83.64282254435808; 76.12595446020576 -53.12582129167457; 85.93890798564529 -61.46219116249695; 89.02911567675136 -66.26798047128942; 107.44355974404652 -41.90179736133596; 107.18524423193958 -37.02535798185065; 119.14347805492596 -20.92691561912703; 121.93188395576536 -8.312671233461096; 125.67681432750581 4.228611585514761; 126.66690269481083 18.28047630670073]
npts :	48
nout :	9
model :	(x,t) -> (x[1]-t[1])^2 + (x[2]-t[2])^2 - t[3]^2
dim :	3
cluster :	false
noise :	true
solution :	[28.2, 18.1, 98.0]
description :	type3: test sphere2d with noise and outliers
