name :	sphere2D
data :	[59.839119781072995 -15.05385674092589; 56.552118731666546 2.1787787669713103; 50.89770350506629 14.769554277185584; 40.856842616908196 32.269868827906244; 35.789355834456636 48.644905833795676; 12.49642689761499 44.07233015705358; -2.7779184318817207 49.35077270621108; -28.178875306045583 36.246259586542784; -33.89952484717041 38.12359659362835; -46.44013338121222 30.310577293462135; -56.407110807528845 15.903328139961118; -74.52999762620631 9.20773734538712; -64.96388616851888 -12.355681067632974; -64.6457014433123 -29.723074350299612; -55.98666014272536 -44.73716043475335; -48.29927813873349 -58.14340583522934; -35.22387780251224 -68.45522595627943; -17.673472157379592 -74.14703290764409; -3.6210038508089886 -75.91478946936252; 13.551641494181489 -71.4538741855888; 18.34020045808184 -60.46673719611685; 41.06143006136994 -58.74569232762344; 49.845404498171334 -44.73036578110431; 55.54024227219997 -29.976065926001485; 59.104882304568285 -13.271058472705967]
npts :	25
nout :	5
model :	(x,t) -> (x[1]-t[1])^2 + (x[2]-t[2])^2 - t[3]^2
dim :	3
cluster :	false
noise :	true
solution :	[-2.7, -14.1, 62.0]
description :	type3: test sphere2d with noise and outliers
