name :	sphere2D
data :	[-13.030832288037855 -35.63264779786688; -12.981966566720626 -33.63936399905872; -13.546926228868198 -30.874129583832193; -13.345701918479454 -30.34679113093037; -18.14578917249149 -26.86545953194635; -18.02956164147399 -27.40826876234975; -20.99261787082124 -24.667165572773037; -21.612229050769034 -23.02918620005478; -25.30782537735897 -23.01715369636932; -25.994761893416424 -20.470235272725052; -28.494440088749386 -20.93361684071159; -31.708130908576393 -22.884619273197202; -32.78603314859809 -22.836396012950157; -35.23849962307373 -23.973035707203646; -35.77462905931068 -26.08052887766695; -39.46736268151995 -26.029666944449545; -41.79453514831609 -28.03987721947514; -42.505816263755015 -29.480632775132918; -42.10679584992084 -33.25438164177547; -43.38657248784586 -35.97772847522164; -47.3668934587889 -38.71902968190724; -44.287525267380474 -41.59525638476031; -41.937603661504944 -43.49963178690963; -40.78540322198111 -47.20968773071147; -40.46964755068271 -46.90176310721843; -36.57373441873267 -48.828600225294586; -33.73085570414659 -50.416644630929284; -32.70866942448655 -51.30855522382621; -31.63799562524485 -52.37151734997944; -30.109094151546273 -52.09606951520007; -26.28435907140528 -51.513452966257276; -25.29528320440776 -52.131284848621206; -22.448541972582717 -51.406357600162494; -20.063690378043123 -51.4547108984068; -17.29139008379917 -48.9749985821959; -17.404868325240432 -45.07038702373083; -15.51995520059376 -43.47365061948141; -14.362858471946712 -40.39499288508713; -15.16913518812623 -38.64670422820101; -14.369189176863337 -35.81925279827805]
npts :	40
nout :	8
model :	(x,t) -> (x[1]-t[1])^2 + (x[2]-t[2])^2 - t[3]^2
dim :	3
cluster :	false
noise :	true
solution :	[-28.7, -36.5, 15.0]
description :	type3: test sphere2d with noise and outliers
