name :	sphere2D
data :	[-31.285287414919317 1.8578573731415957; -32.02672768363109 5.1424001801489645; -34.19973606584028 5.174785257567008; -36.86600646712105 9.45192494533415; -37.025569338529806 7.7044191382067115; -42.330037815299875 9.080240103264474; -43.966451778190866 6.986638849703274; -46.46167390105467 3.3452834426811657; -47.104699020189564 1.3378057319670822; -46.11521253904164 -1.1245385404369086; -47.098249661702205 -3.801631497628489; -44.236738350194834 -8.642123488394788; -43.72999204251363 -9.672143622563956; -39.69737052450411 -7.539230670607651; -36.048643629363255 -5.9080728934175175; -32.14894133359848 -5.828313033856881; -33.569330971579454 -2.2697099601707578; -32.05890654393348 -1.879366038141474]
npts :	18
nout :	3
model :	(x,t) -> (x[1]-t[1])^2 + (x[2]-t[2])^2 - t[3]^2
dim :	3
cluster :	false
noise :	true
solution :	[-39.3, 0.3, 8.0]
description :	type3: test sphere2d with noise and outliers
