name :	sphere2D
data :	[58.442312586302464 38.13338164893872; 56.76363913790862 49.032491966514215; 51.07281556532977 60.89813531846893; 43.70748865494016 71.57216429708265; 34.3762204963121 81.20621734305976; 24.37764623095681 86.1565968569494; 5.4456728575866755 95.98439273920454; -4.190055966562435 94.8577754100878; -16.598014270601375 83.51516781259824; -25.153640117383055 76.84404896143157; -39.43354885196318 71.44939933316385; -41.00272906651564 54.527372252879275; -44.542095422150425 43.15398499228664; -43.6157162159084 30.050879847925433; -30.43712916886897 13.115776089892625; -35.10134808113384 6.903719669925733; -24.83874417059313 -1.536359261011571; -14.889562129929738 -7.939263227037224; -2.0140019017302935 -13.269060622738543; 10.46823216395243 -14.01028033566061; 21.966144924666338 -10.872238177197907; 39.142994631994384 -0.1561883764271892; 43.28105283365845 0.8107667063862463; 53.69636321400886 12.4333604773522; 55.423527631019155 24.160622515459195; 57.74187294624018 36.756513419943765]
npts :	26
nout :	5
model :	(x,t) -> (x[1]-t[1])^2 + (x[2]-t[2])^2 - t[3]^2
dim :	3
cluster :	false
noise :	true
solution :	[7.0, 37.0, 51.0]
description :	type3: test sphere2d with noise and outliers
