name :	sphere2D
data :	[142.0887111913335 -12.341114931864267; 137.39867420176495 25.21531392306196; 125.82776766466816 58.90642186730055; 107.23804997197078 89.51627739036779; 81.8203662160855 116.45183001958384; 51.10979164244807 135.76475198650874; -5.658340849056664 137.29121725481167; -20.223830770993793 151.092415391268; -56.63902045151248 147.93384787292936; -90.06284959837727 136.37507902716294; -121.87672025867968 116.45963017320378; -136.3576541940517 114.1388120342034; -156.8352184552861 58.594963196167; -179.051944843011 23.9088267701197; -185.30623879428683 -10.088821835254025; -179.19231420691565 -46.94380140634653; -168.47775409590048 -80.66360843164874; -147.37909691407216 -112.62699708925388; -121.80773939651337 -139.04962342930082; -91.0263460445465 -158.64118001867206; -54.99638096818069 -168.9753402667064; -19.57818914945912 -174.49285815469437; 6.1125217202224 -155.28291105500355; 49.06640929838183 -157.1498390927234; 82.64818125513365 -139.97255146375565; 105.0011199694235 -111.49684764128884; 127.57754129030134 -82.54441238263533; 138.4668554498002 -48.2178053581977; 164.4270194480776 -1.4538020104677951]
npts :	29
nout :	5
model :	(x,t) -> (x[1]-t[1])^2 + (x[2]-t[2])^2 - t[3]^2
dim :	3
cluster :	false
noise :	true
solution :	[-20.4, -11.3, 163.0]
description :	type3: test sphere2d with noise and outliers
