name :	sphere2D
data :	[166.02149860578717 -33.936396271563325; 160.51979315471945 -6.865215114685952; 175.99178480675445 28.649087703028616; 139.01469546155175 49.2068005713145; 119.96862040640454 64.70498326079199; 95.58390100618055 81.16892951446611; 67.3405369224968 95.34320195630055; 35.538027384687794 72.9506579316366; 10.141274359142972 95.84949889632401; -16.792425057211634 86.96356853097981; -44.0300588755151 74.95099792464755; -65.6656605344801 56.26693718210099; -85.03433936513902 33.394835360620334; -92.97924751634511 5.8216067015630415; -101.11531244526748 -21.202988710182886; -102.44092511565617 -47.95138696404628; -104.60012190670776 -79.04463945851438; -82.98237511074937 -104.40090689296485; -66.22913052040391 -128.82404773208404; -43.115369474196314 -145.51268302176558; -39.96884481054619 -149.32934658634866; 16.901562765812944 -187.49165509092913; 39.276381305444595 -167.99620564845603; 67.88374333354018 -165.67196287529833; 80.95786089043253 -146.68193990571535; 115.72671555587954 -137.93735756798097; 137.99855599301898 -118.0471967835269; 152.2803043154049 -91.82700051103275; 162.78534861184266 -64.82201815345081; 167.26095059040284 -36.44706280365516]
npts :	30
nout :	6
model :	(x,t) -> (x[1]-t[1])^2 + (x[2]-t[2])^2 - t[3]^2
dim :	3
cluster :	false
noise :	true
solution :	[31.3, -35.5, 134.0]
description :	type3: test sphere2d with noise and outliers
