name :	sphere2D
data :	[87.24972841352405 26.105657827083288; 79.43423314503859 26.667931802834406; 85.38591567052302 49.44417770590126; 79.35210220852149 61.90171168711268; 78.19217936331324 77.367488113176; 64.85132342547706 80.43767370502307; 59.092061601874015 86.85556323334994; 47.05321107216677 91.87277113585658; 37.519894539658395 98.65320114715887; 23.317619790642862 98.82205751730089; 13.628578225407066 103.30247860617118; 1.2052947419857365 102.79231201913142; -18.220882066567903 98.55207943624936; -19.51056714206293 93.45721771102386; -30.02884383286304 85.47806339563104; -38.7563061143025 78.17962690183353; -47.862457347996255 69.3977932133067; -55.86632535778216 67.52055577109206; -57.087053287948585 49.86626773303627; -61.126989885777895 38.99767259476444; -58.70140280819525 26.600372636815287; -61.18790893286969 15.808619726274271; -57.56374118498981 4.1783042150823775; -54.801023485851154 -8.110047257687532; -54.07136093239469 -13.589424214384367; -40.678167002262846 -26.653101820074163; -29.956926146373156 -35.35529939042866; -20.93846956610871 -40.669768924361; -10.074614284134354 -44.173551440349506; 2.2492691914357588 -48.2882043556028; 20.730487840549674 -52.807783847476195; 24.4824230337116 -46.264634068659426; 37.13633362704624 -42.09116554569205; 38.41627184125394 -52.13532343485311; 58.973244202064734 -32.917887068117025; 66.13403369829335 -25.576956770772405; 73.2471051003195 -15.62478170564427; 80.67906899089807 -6.621322601619563; 85.42892587387615 4.377153703240313; 75.73053092685126 26.706404990328153; 87.81883858055842 27.078694908961555]
npts :	41
nout :	8
model :	(x,t) -> (x[1]-t[1])^2 + (x[2]-t[2])^2 - t[3]^2
dim :	3
cluster :	false
noise :	true
solution :	[13.3, 27.0, 75.0]
description :	type3: test sphere2d with noise and outliers
