name :	sphere2D
data :	[57.21812162058505 -27.18200011562358; 41.733812827440595 4.224955062586478; 6.822545968739866 15.686993452828206; -16.298191350634248 -9.099316577072006; -18.376353583754373 -42.72095498840103; 8.838164464022473 -63.43928130851812; 40.98305845025049 -54.69908334294344; 57.286339193381835 -24.61781053940419]
npts :	8
nout :	1
model :	(x,t) -> (x[1]-t[1])^2 + (x[2]-t[2])^2 - t[3]^2
dim :	3
cluster :	false
noise :	true
solution :	[17.4, -25.1, 39.0]
description :	type3: test sphere2d with noise and outliers
