name :	sphere2D
data :	[193.07398007608606 11.459281696608606; 172.89145092265164 25.665548451541888; 170.6290225826081 45.75285681267845; 148.31595033899686 50.21580769783736; 154.1318038708888 82.64175934685953; 143.80955344488024 99.29836746769729; 129.41383913729203 114.96798692648309; 114.07514912569617 127.40101295302647; 99.21197322102847 139.8078364573077; 77.79087936581013 145.42536030562877; 58.74446577040682 153.87205052712974; 40.63715420443042 154.80490149494182; 19.720389284563154 157.45791088215086; 0.6094700503017736 154.5304187409138; -19.809175289093602 148.6473530435511; -37.880771538546945 142.57157263409852; -55.13403780914506 133.71213477242074; -69.96068666000029 119.83952921365598; -86.29827013340153 105.05367103968878; -97.71545047459165 91.7091392721213; -108.00357554994618 73.12779666019868; -116.38158637782259 56.80999511341966; -122.98112416361661 36.5736435809702; -124.21448602385269 15.573497852817571; -122.5422198341961 -2.1653168036555206; -114.62719553385928 -22.295466215577832; -114.6095862646547 -43.486203801006255; -86.29753653281139 -63.2756777861494; -97.78909885999514 -77.89090068683512; -85.10084354545062 -96.15090695304853; -70.51208985690451 -106.50533660272005; -56.47988736409951 -120.35246739441486; -35.99560983301048 -128.19061832201749; -47.016341751300885 -138.146526059766; 0.0756646255781308 -140.78961366798453; -0.5037362205949378 -137.16891196397276; 39.26239419178 -138.97983476917605; 59.862243179750614 -139.31477469384; 72.53271436198196 -163.09092472395184; 98.37919976849133 -126.39964317578357; 115.25444003199696 -114.71726722555806; 128.60329376902777 -99.3513940829425; 142.7826250164018 -86.92945981565495; 154.86991460240893 -68.57727167564911; 163.45929196225006 -53.812600100579495; 149.57530622909988 -17.525942266853747; 173.91137216987045 -12.59193230582325; 175.59448500568627 6.41961988689581]
npts :	48
nout :	9
model :	(x,t) -> (x[1]-t[1])^2 + (x[2]-t[2])^2 - t[3]^2
dim :	3
cluster :	false
noise :	true
solution :	[25.6, 6.4, 150.0]
description :	type3: test sphere2d with noise and outliers
