name :	sphere2D
data :	[39.713984463832205 33.46432794352712; 39.802235311553254 41.47426042437579; 35.2101709452415 48.922183175531316; 39.51998430246489 61.47490804895075; 28.99700402996393 60.51932875883402; 20.595173068913986 66.31078368580499; 17.298755096846335 70.31429373928364; 19.30065587369228 75.82932805905132; 4.5082814772345765 74.29092515386554; -0.6744833855966683 73.89868681506584; -7.0341609968257455 68.05808556745373; -12.188222371045809 72.69591284438945; -23.00336712314276 68.14030440492517; -27.594368317748472 64.85987543625394; -32.39822209495716 59.3068645222505; -35.945904571007084 52.56990386210623; -40.22193350689565 46.29577160357161; -39.76584365704118 37.64089433857864; -39.85320057763166 31.088356357314662; -37.734529027276125 22.279801080048692; -36.98992647575442 17.045300538260115; -32.52361579117721 10.432244680403743; -27.368949345083276 4.287649289342403; -23.76752458349674 2.547645088020441; -17.259390883724432 -4.618548778545981; -11.580965972759065 -10.81215642082205; -1.9187447065686685 -6.1784529439961355; 4.639871385163473 -5.803772932707887; 11.250849392664891 -2.7298917435268826; 20.004455032105174 0.1701630716087441; 25.474741747311636 1.507433736323737; 32.36413516327958 5.1623329838498115; 32.41719029481095 13.979171155925027; 35.79080572635467 20.77308159418282; 38.74246127255857 27.316878401613586; 39.89417687241387 34.238731556712864]
npts :	36
nout :	7
model :	(x,t) -> (x[1]-t[1])^2 + (x[2]-t[2])^2 - t[3]^2
dim :	3
cluster :	false
noise :	true
solution :	[-0.5, 34.8, 40.0]
description :	type3: test sphere2d with noise and outliers
