name :	sphere2D
data :	[-21.654705879568596 14.178963755898376; -23.89955564865252 15.975617932020148; -26.032997458317553 20.999329230610346; -30.67938887093023 20.335976285705147; -33.77868787537766 16.300619231015865; -37.363249097156114 14.630750242836152; -37.894227727109204 10.774074136628915; -35.91869533513372 5.446158657203162; -32.09742731795685 5.6726300039552155; -27.432916203130482 4.223713535941913; -23.907109740605232 8.384908865919835; -22.92172838979509 11.848637246005397]
npts :	12
nout :	2
model :	(x,t) -> (x[1]-t[1])^2 + (x[2]-t[2])^2 - t[3]^2
dim :	3
cluster :	false
noise :	true
solution :	[-29.5, 11.6, 7.0]
description :	type3: test sphere2d with noise and outliers
