name :	sphere2D
data :	[-29.935719749251103 -25.07371104579454; -29.557895395047613 -26.6635500113489; -31.624404444779078 -28.124893194389145; -30.024973758271 -26.005517863776124; -30.84080209149964 -24.34523922440668; -30.99192683265082 -23.238341706027267; -35.13174659783769 -23.26787788404197; -35.08139478625338 -21.756591855993207; -36.28851478509997 -22.421157010430186; -37.20702416652633 -21.53490240438357; -36.944117071003554 -24.529261216739155; -37.68771038841379 -23.53490092220948; -40.0620668080236 -23.3802423309202; -40.677745043220874 -23.776460165004234; -39.66567389981182 -25.76923136043482; -42.1855769468776 -26.415916237751336; -40.057329356722065 -27.83798344046664; -41.89201462513104 -28.571305909330327; -41.50895360557399 -31.22809160653084; -38.997474361186676 -33.918577947094356; -39.06961052238095 -33.24572494953323; -39.94972506041478 -34.04566652202284; -38.84780413528463 -33.54714332963461; -36.59541182761238 -35.12321581826945; -37.125656722227525 -33.73462746484537; -35.40055432847311 -34.31730854283509; -34.38276780499927 -34.237292568400605; -31.69361281225876 -33.138284233065505; -31.534561436658795 -31.52787617031893; -31.926790627417585 -32.485904827801875; -28.673534188864224 -31.28361890677096; -30.09945893339731 -30.763960664110492; -28.467764640894043 -27.874116894402075]
npts :	33
nout :	6
model :	(x,t) -> (x[1]-t[1])^2 + (x[2]-t[2])^2 - t[3]^2
dim :	3
cluster :	false
noise :	true
solution :	[-35.6, -28.2, 6.0]
description :	type3: test sphere2d with noise and outliers
