name :	sphere2D
data :	[118.83777666865976 30.567794755067013; 116.51087177022431 60.50347290280708; 107.52303950899137 84.96285995076195; 92.87575229729147 106.40464797558329; 72.54098686520314 124.69861288451152; 49.56808170248195 136.56399235395187; 23.82392481472371 147.35118913698062; 4.141817457807587 156.37526509830533; -29.39954766927505 143.29034280795216; -52.95033970560355 132.6133410489238; -69.04114332940534 126.80063903154232; -91.39454489404322 94.96036057933068; -101.07445575049638 70.0381951530623; -108.84918162884168 46.028621867473326; -98.4472470487157 29.707795616685733; -103.58287170480473 -7.1041773715186505; -83.50975231034289 -22.042501076748604; -73.97149570878007 -51.75828140235736; -52.881168911341454 -67.51251724279483; -43.149715367677445 -92.10395744169438; -2.9061272982235513 -85.61561893878226; 25.44489324691613 -81.26240248059929; 50.28038303205598 -73.40103572388016; 72.51783043917311 -60.07345142663972; 91.62865605975848 -41.56467306352835; 106.59309739645906 -20.433512326132732; 115.7255036820407 5.788614201245224; 118.92016931316614 32.16311869432538]
npts :	28
nout :	5
model :	(x,t) -> (x[1]-t[1])^2 + (x[2]-t[2])^2 - t[3]^2
dim :	3
cluster :	false
noise :	true
solution :	[4.4, 32.3, 115.0]
description :	type3: test sphere2d with noise and outliers
