name :	sphere2D
data :	[-8.897152063099668 -21.815686059217352; -9.057672615363407 -17.895580934879977; -10.213501415750832 -15.845260358908089; -7.580110448395102 -16.27031905038029; -8.436876444985037 -11.954573746423588; -11.25084364890088 -10.038759944723314; -13.191468645230701 -6.3943155090315305; -15.39524467767081 -5.5217287178501016; -17.370273406650306 -1.9528056604676722; -17.593637440187337 -2.6237956018898254; -18.876088310058293 -2.7049463972733196; -24.229055000922735 -4.622752815230898; -24.881320886243365 -4.231241427175019; -27.417080901215556 -3.1145915426909445; -28.77181046124438 -3.3687341735237464; -29.922834703363048 -4.928680897537446; -34.089736967355144 -5.712421068485121; -36.51278243243439 -6.727421055159231; -37.50445143077361 -10.823766046545206; -38.64427983292697 -9.424615225876822; -39.572558962666044 -14.582352786903192; -39.86337685378114 -14.430349905234591; -42.24441926251248 -19.209927527592992; -41.766196959442176 -16.548685190727443; -39.49842867315414 -20.59688471855337; -39.01327332961215 -25.301593350612073; -42.44708962832037 -23.447688595837825; -39.78211303972837 -28.25524087935001; -38.54378403045644 -28.528371374158265; -37.38556757038295 -32.48558367169142; -36.22056707066457 -33.02267426791532; -33.265418698236395 -33.54794165301375; -31.726265264784367 -35.33575470659708; -29.359960286895404 -35.9937092106899; -26.3409638551626 -36.60280483808242; -26.385164585197227 -37.78523893209504; -25.10945431148082 -38.98734353333842; -21.27598359104707 -37.0379024241119; -19.730586967181225 -35.77913473356356; -17.184929316655584 -35.74506795385621; -16.60343484953973 -35.2496285326945; -12.710074685358883 -32.1267759374896; -12.227485771893289 -31.97337028249404; -9.273383639894151 -28.095893797760976; -9.951645663063404 -27.177494322987137; -10.127432771554144 -24.27024287569109; -7.330742759341277 -21.633597729946047; -6.976593854198377 -20.143789293076306]
npts :	48
nout :	9
model :	(x,t) -> (x[1]-t[1])^2 + (x[2]-t[2])^2 - t[3]^2
dim :	3
cluster :	false
noise :	true
solution :	[-24.3, -20.1, 17.0]
description :	type3: test sphere2d with noise and outliers
