name :	sphere2D
data :	[181.47771023038734 11.58640554003702; 177.36165714018344 45.237884484387834; 166.0595467332518 81.22840463058171; 145.247836379586 113.78890598525192; 117.5724393806598 139.37360111197626; 85.68880071397778 158.34989704478966; 17.743010499027825 195.01228963052998; 12.468918781616555 168.96299001551841; -24.543621054928426 163.44990800021827; -56.03770073360071 148.63994709953528; -86.5551720652854 130.52900589085183; -113.48475567281093 82.05551104710699; -126.46166604733338 68.34372448435268; -137.66910587800464 30.750051757272907; -138.26511071402922 -21.319808607552908; -97.9911979737039 -20.762227575512007; -108.7599034720237 -75.72329145335453; -87.6595806207372 -105.02598310349565; -56.35715930947477 -127.29671367221238; -23.254602420214425 -142.22816564091718; 13.589562292133873 -148.3661105317982; 50.25753978160981 -146.6149397621343; 86.56032003952402 -136.43526102998553; 124.4794356876665 -128.7653064176908; 144.99117806700488 -92.62363894173882; 165.20069492589175 -61.41062941408834; 177.79176559955215 -25.978392704227023; 182.70781032731796 9.802747936916088]
npts :	28
nout :	5
model :	(x,t) -> (x[1]-t[1])^2 + (x[2]-t[2])^2 - t[3]^2
dim :	3
cluster :	false
noise :	true
solution :	[22.5, 11.1, 160.0]
description :	type3: test sphere2d with noise and outliers
