name :	sphere2D
data :	[139.6211495157107 23.001535142441227; 100.16197558577916 83.27636713702691; 80.66255146469408 138.91608577590526; 24.737587504594092 153.48252860703505; -41.26013657984755 166.66977035794517; -100.14530804189248 138.82602355154813; -142.13450937184436 86.31197826502603; -154.77550754945943 23.984684703406437; -141.40165261318353 -39.58583312429801; -97.92531841719573 -80.67495598727186; -42.281244826563736 -121.25150548965098; 23.641927831011206 -120.23344384549067; 82.32478190681675 -91.93911241861828; 122.6396052793827 -39.0025387592643; 139.00925225603365 25.027187831445026]
npts :	15
nout :	3
model :	(x,t) -> (x[1]-t[1])^2 + (x[2]-t[2])^2 - t[3]^2
dim :	3
cluster :	false
noise :	true
solution :	[-9.1, 23.7, 147.0]
description :	type3: test sphere2d with noise and outliers
