name :	sphere2D
data :	[154.6402210312631 -15.104492158233406; 149.00214705776665 18.607871418149; 136.15629863751346 46.0455378308396; 117.8097800442686 71.69529692574332; 90.47247896453281 87.25118346661493; 59.53814844734987 101.92682812721957; 27.44075494992231 103.8315095851392; -5.244173114529927 95.62266135953263; -17.311649062660152 104.72598298058602; -56.10289886004005 60.90528030013688; -71.57640496216342 31.644366970736804; -81.50612683691043 0.8799297748875198; -82.64782065139187 -30.932623429815038; -72.81783654707642 -63.09402234397521; -56.16031537974452 -91.51727149917427; -30.890180399690433 -112.56640849022165; 17.098024050410398 -111.58480700936452; 30.01517084622001 -132.32865878920634; 58.94835050869027 -130.17764350976856; 89.68011433937025 -119.39336103070235; 115.0426195078438 -101.38766087270427; 137.73557819749115 -79.15464346639781; 126.21672578499413 -37.0422540524189; 138.0747975090412 -23.406503065309835]
npts :	24
nout :	4
model :	(x,t) -> (x[1]-t[1])^2 + (x[2]-t[2])^2 - t[3]^2
dim :	3
cluster :	false
noise :	true
solution :	[36.4, -15.3, 118.0]
description :	type3: test sphere2d with noise and outliers
