name :	sphere2D
data :	[162.68610383924621 -30.801014246917468; 161.79814793594304 -7.722145938129112; 155.03568969192747 12.929630894850806; 149.29183404006662 34.57009009109441; 138.48609929046057 53.05920947114623; 123.47710576916764 71.21592099062845; 109.27715766275035 87.34200865319758; 90.8068730292809 98.92087604643194; 72.38746710766812 108.28324767662045; 49.27713116984391 115.76354241569383; 29.431227077956976 120.3766468749048; 7.006064089393913 120.43652141444299; -16.362455287359374 117.40673783976307; -37.51536764242002 112.52691187330059; -56.00203305592989 103.5079615285287; -74.57905730823795 93.52518684861072; -92.4097135705981 80.79010328611615; -107.96690254658606 62.87180362047114; -120.87677801802863 45.28227310930817; -127.47864237894855 23.899446076780215; -149.4952523050959 8.18507004848116; -116.64717802158442 -1.1920081167626861; -150.42666038322207 -27.047350907041853; -135.2739849288952 -62.854514372544294; -127.69419657564379 -84.637950213302; -118.81141145609982 -102.01462514639925; -107.94221141159537 -122.2622040884535; -65.79785596646988 -113.9432444463526; -75.06820680532772 -151.8810887029704; -56.56426105567585 -164.90740610989667; -58.23999593826876 -181.98539059603198; -16.35173569793382 -179.02491301290476; 6.272770402682232 -179.798443173389; 28.688579411238013 -179.80798213533112; 50.67888664190656 -176.03044878909895; 99.0905933202707 -144.21188307207026; 90.36541291121846 -157.50697357701847; 107.57336483481288 -144.68095937057188; 126.0830317492734 -130.5079055381065; 126.88107703468498 -128.26055069817323; 149.33855649637016 -94.03916595111063; 143.7326880990818 -69.76765605459897; 158.91453282617334 -51.01391686109354; 163.41351495666737 -29.46375585202794]
npts :	44
nout :	8
model :	(x,t) -> (x[1]-t[1])^2 + (x[2]-t[2])^2 - t[3]^2
dim :	3
cluster :	false
noise :	true
solution :	[12.1, -29.8, 151.0]
description :	type3: test sphere2d with noise and outliers
