name :	sphere2D
data :	[148.03195751509264 8.525890971902824; 128.60122589422704 73.17993667297446; 71.85730625620619 113.26616932782888; 2.7948215561421312 114.80122985308122; -53.35052105140827 73.24083412636867; -74.22762748465775 10.051088380299786; -61.82303168293438 -65.44248109970474; 3.760977227032562 -97.9958012746188; 86.0972938453444 -78.49319667263396; 126.09494132974835 -55.97852191034736; 148.135400264658 9.121618120290186]
npts :	11
nout :	2
model :	(x,t) -> (x[1]-t[1])^2 + (x[2]-t[2])^2 - t[3]^2
dim :	3
cluster :	false
noise :	true
solution :	[37.6, 8.4, 111.0]
description :	type3: test sphere2d with noise and outliers
