name :	sphere2D
data :	[17.957391117735007 30.101450235161685; 18.459450633473836 35.009217567630245; 14.776555156986026 41.237665938536736; 15.004229701854772 48.141402036526266; 11.77199812388703 51.07414197812039; 2.1267693581600806 49.7978402020694; 5.453536176514959 61.38242434541656; -0.6198360815065033 64.99439616367282; -5.5252967103286545 67.63989054498548; -8.638479839296771 69.71879052077009; -16.020806523017377 71.64728762473503; -20.76057788698677 73.14639585590436; -27.84163515175923 73.50598651794219; -34.150938401597536 73.38983836255471; -38.56046856796312 72.65447363819437; -43.91664498706906 74.81677843355604; -47.88597821788066 65.32437181997514; -53.51008108897306 62.22803376834955; -57.798599484735504 58.734800683326824; -66.56444781409246 47.58415129893653; -62.02189024490389 49.105567110185795; -70.7187213133629 44.800692328654186; -67.88515146383283 38.672491829441604; -77.9260206632756 26.333269057050096; -70.18901362266527 27.42542415308536; -67.80952955464647 20.575024928997973; -66.68361639444807 16.699812269452273; -64.78863524425472 10.752357782302838; -62.194103739439996 5.884324477121373; -59.40014405235951 7.9177465716278554; -52.96703111226313 -4.521198825888113; -48.92899218178374 -6.269624049412594; -42.32144185439018 -14.797200736200347; -39.394365492054725 -12.308475184658297; -32.68910799651028 -13.501417745466497; -26.15398005229596 -14.046920324280283; -21.551383621674344 -13.781076116088267; -15.161892909841367 -12.607072159332589; -12.94473713345521 -9.9209653198621; -3.712803550331748 -8.187036042673359; -1.2129069198869167 -3.169651927829745; 3.302136538622149 -1.5489642737083547; 8.729790222578178 2.795962392032832; 10.781221369939177 7.932399033758177; 22.05612533285143 11.171774822251207; 14.601512397010298 17.41899777845022; 16.71295952755612 24.612134730497388; 13.296069919645712 36.51179017669767]
npts :	48
nout :	9
model :	(x,t) -> (x[1]-t[1])^2 + (x[2]-t[2])^2 - t[3]^2
dim :	3
cluster :	false
noise :	true
solution :	[-25.7, 29.9, 43.0]
description :	type3: test sphere2d with noise and outliers
