name :	sphere2D
data :	[59.10612330537567 -15.274891832703366; 61.282996030086196 -5.535706079026632; 57.73763138475731 -1.2508104187370788; 52.830419981598794 9.4632024873641; 50.21616209182056 16.91804634333113; 43.53341587805165 23.098770482335144; 32.987234642699654 27.349817478062757; 28.99741433841128 31.306163318073555; 21.15043996817281 34.104164919970046; 12.510668353541492 45.122872143075384; 2.689616859982111 36.14829217456049; -4.647737840930403 35.94825202296554; -12.500606721281187 40.58670409717132; -21.646092397577778 26.769107437902345; -27.415239498621446 22.8223214413431; -35.40317300525439 16.192623049057776; -38.504955418767345 9.189901830304327; -40.46406864424225 1.1530698800024182; -45.60845856761266 -8.109974279121765; -45.542877884692444 -15.651986015370833; -44.49660783582255 -26.93336077545365; -41.71302373693559 -33.45211257968538; -43.79641806224501 -49.45446499403296; -34.892566992676684 -48.87133538092194; -24.32113521419381 -65.24526562924778; -20.458348970824318 -62.545597247306496; -13.139507170112246 -64.03291825099124; -2.2732380285300797 -77.97312409186465; 2.488981132978592 -68.28796742195875; 10.808875832290527 -68.67884027499885; 20.429850360582453 -68.10412300223315; 31.531108137220663 -63.846395893616005; 37.01237504570926 -60.78702745198253; 46.16482969611243 -55.008394137524505; 50.75198427385498 -48.0647722474375; 54.54502625271807 -42.4869003285155; 58.331325610758114 -35.00549476310246; 60.29983524672778 -25.987860557882566; 68.7632467788554 -20.16457437130833]
npts :	39
nout :	7
model :	(x,t) -> (x[1]-t[1])^2 + (x[2]-t[2])^2 - t[3]^2
dim :	3
cluster :	false
noise :	true
solution :	[8.0, -16.4, 53.0]
description :	type3: test sphere2d with noise and outliers
