name :	sphere2D
data :	[4.6892040448401415 -24.898253972564635; 3.393793851440249 -23.015891625468935; 2.442416437768634 -21.599346377424585; 3.4569773227490663 -19.759564328929308; 2.432407217929647 -14.817219060412288; -0.3511888971471159 -19.590133066755968; -2.105999797040244 -18.03189932128337; -1.8905667188540836 -14.826227388986362; -4.634059431306238 -13.881046412510033; -3.9325869749517404 -14.181573060061485; -6.694448976182312 -14.122489251638832; -7.360291539661094 -13.501540252313395; -8.650314552200404 -14.859920355066611; -10.132633336157694 -16.94691903953748; -13.02928045745962 -17.374029009074526; -12.386161764770604 -18.972154186286033; -15.490489957072768 -21.14023878449423; -16.458968722518776 -19.630888387977574; -15.69978991886952 -21.83119021074512; -15.379972515867543 -23.727292514483594; -17.120643610399032 -26.203608804706757; -15.991324859050026 -30.31179282056563; -14.1842555799682 -28.183156178337665; -14.94928920233315 -28.916757481875482; -12.007420894287637 -31.48054775554056; -13.423612632404817 -33.04694064445403; -10.619649216301529 -32.78481143819954; -10.093301039853687 -33.488444456759325; -8.126268517332353 -33.83935366888245; -5.6193268168774235 -34.51710832054577; -5.498270128059595 -35.63589763092963; -4.0515640580065995 -34.521645470671544; -2.9197280101031473 -34.27982487066077; -0.2556428303479447 -32.410377398061954; 3.247068908937258 -30.911059988949056; 1.8041849282157891 -30.86548243056567; 1.9044187574096818 -29.739689087062782; 1.972425310131555 -27.06593510353086; 3.712960052523928 -25.66807907231674; 4.665345697260249 -25.57398652540969]
npts :	40
nout :	8
model :	(x,t) -> (x[1]-t[1])^2 + (x[2]-t[2])^2 - t[3]^2
dim :	3
cluster :	false
noise :	true
solution :	[-6.1, -24.4, 10.0]
description :	type3: test sphere2d with noise and outliers
