name :	sphere2D
data :	[180.44746380063933 -45.294139872715675; 168.19893110061997 44.231718891491276; 105.79239260555329 116.19060844420743; 66.02451460958686 136.75946808542815; -33.81213582348671 156.63375001329584; -68.81488305926142 121.43660878438773; -122.61538279983152 75.25391369583596; -150.35128891430787 10.074142566147891; -147.81742828547053 -59.028089191245; -121.70828687110368 -122.9592585804796; -66.7624508086793 -169.14250874436377; -2.612487785975883 -190.93336027195372; 66.58568392879326 -183.61175197575477; 127.3920508055055 -148.92458240773004; 168.62666347251144 -91.97085483219581; 181.69835938229676 -25.130717638039673]
npts :	16
nout :	3
model :	(x,t) -> (x[1]-t[1])^2 + (x[2]-t[2])^2 - t[3]^2
dim :	3
cluster :	false
noise :	true
solution :	[14.5, -23.6, 168.0]
description :	type3: test sphere2d with noise and outliers
