name :	sphere2D
data :	[120.90685293386765 30.06021713205216; 110.51290171804193 66.55588932401767; 90.91620893615686 101.19276220717829; 70.05438213816277 128.58882601150785; 22.81059983459643 132.1715010220889; -18.099703502115045 130.27194948024544; -50.82295906066305 111.9839890789075; -74.38092093268936 83.46560261980733; -91.33186041586364 46.2040398287059; -93.69990547614559 10.37017502244079; -77.10671074652716 -26.409762826386523; -50.453898798749506 -55.5107832417399; -16.91897888600189 -74.7782275903659; 21.73732452001431 -77.26868166083023; 69.81844063724512 -86.56297853716093; 88.83890572666249 -43.26095534622546; 123.92101538349192 7.980465046532661; 118.65118363880903 28.682568232217804]
npts :	18
nout :	3
model :	(x,t) -> (x[1]-t[1])^2 + (x[2]-t[2])^2 - t[3]^2
dim :	3
cluster :	false
noise :	true
solution :	[12.5, 28.5, 106.0]
description :	type3: test sphere2d with noise and outliers
