name :	sphere2D
data :	[51.96499349588611 -20.88614743032718; 47.55407828420236 3.708674785623595; 40.378303589438616 24.987019213975984; 25.802201592316393 44.24615348145001; 5.85903036253755 61.219338771840604; -10.02855188796153 65.84036476458294; -39.00683949505137 72.27425077117532; -63.940767145196595 69.74526663881751; -84.29939795103435 57.54795797957723; -105.66253300715483 45.12329149686287; -119.64964244427325 26.339881211587127; -126.61255498108395 0.8940112719415687; -131.6522024947586 -18.503593756972883; -129.27623169819557 -42.902443860946555; -124.65128436038931 -79.92247455898357; -103.48903948560154 -85.46739972168425; -75.63237640005418 -105.70126161302042; -62.27178697851873 -107.84142500970572; -39.2654156219181 -112.79097579749973; -15.276393754252636 -109.55651693246257; -1.892981393086452 -87.52513617608712; 26.771175162484436 -96.34396574022925; 41.86242565301491 -64.55693757957675; 49.01487273323819 -45.93134517191917; 53.37638760465666 -21.1626034353598]
npts :	25
nout :	5
model :	(x,t) -> (x[1]-t[1])^2 + (x[2]-t[2])^2 - t[3]^2
dim :	3
cluster :	false
noise :	true
solution :	[-39.0, -20.4, 92.0]
description :	type3: test sphere2d with noise and outliers
