name :	sphere2D
data :	[126.85298279857908 13.449375214033433; 118.77259030442436 61.14203525442405; 93.2885733597649 102.50886211995564; 59.353338819352935 133.45798581309776; 11.460483229275592 151.54865529410068; -37.252771432412885 152.44482780819365; -75.93838601269795 154.31816254320023; -122.41053341418487 101.86035518671915; -145.8645083180877 60.89102677237531; -134.62087905171077 4.6751387549309324; -144.81648967891124 -33.74819010283239; -119.06384737282261 -74.47634005089965; -83.4048209961766 -106.52553395308178; -39.00116509349883 -123.58317805735416; 25.550339488647044 -112.16245896419538; 56.52584848950832 -108.86273332280393; 93.76685757314688 -76.89254710857644; 119.68282821695753 -35.94790998974958; 129.91197233784084 13.760585167037851]
npts :	19
nout :	3
model :	(x,t) -> (x[1]-t[1])^2 + (x[2]-t[2])^2 - t[3]^2
dim :	3
cluster :	false
noise :	true
solution :	[-13.0, 13.8, 140.0]
description :	type3: test sphere2d with noise and outliers
