name :	sphere2D
data :	[176.43695518031336 33.93222099227469; 169.64676747646612 77.81279602151277; 154.51541912922116 118.64769211642698; 123.85307928908281 136.88095929577224; 93.77729004799507 180.70596773976928; 49.75506493178997 195.9461502257067; 7.153346263670187 203.04904160449664; -35.80529603495349 196.50781802843935; -75.62189858404578 179.44226369474063; -111.08436683982313 154.25793670403496; -106.41471091986168 90.8657701871739; -155.9832976796487 78.10236591178705; -162.81963907216556 32.708611594401034; -135.51493952685917 -7.007935484154039; -125.36316354350603 -42.729434661832556; -113.25175062870882 -87.14783759407368; -77.91326765732079 -111.82588076821453; -37.830613556329865 -129.94541427770125; 5.948622113409092 -133.0108811682594; 52.47036130660912 -130.6455310699779; 91.13031713739883 -112.54153992844384; 105.30857536484444 -63.8646447615375; 153.74343935397476 -52.98007756928593; 170.80877668848694 -10.161694408927792; 175.20560058111727 33.34338975789652]
npts :	25
nout :	5
model :	(x,t) -> (x[1]-t[1])^2 + (x[2]-t[2])^2 - t[3]^2
dim :	3
cluster :	false
noise :	true
solution :	[7.2, 33.9, 169.0]
description :	type3: test sphere2d with noise and outliers
