name :	sphere2D
data :	[59.15680950014826 -16.41785821786156; 51.497084096896046 7.410780734051837; 41.98223521180025 31.685339722579705; 22.699605479888916 45.43486514428093; 12.9891607421937 44.52029254344763; -24.239753261303033 58.26590881619131; -47.78519083595957 52.45459974226758; -67.98614099947117 40.06048005025599; -68.7283602744007 14.437398420896923; -90.31114437705342 -3.646523402518055; -91.01023528282977 -27.761731329767606; -82.05514894850897 -50.79131888674028; -69.96418662832409 -69.49698006766005; -46.698301231186505 -83.99776567362179; -22.503673437939533 -88.28492239770902; -13.963703827243473 -86.62790755724775; 22.670879515770466 -79.46874553496664; 42.830283413202444 -62.05885327632858; 48.83946027919188 -37.6742071016615; 59.088622843365165 -15.353710346558277]
npts :	20
nout :	4
model :	(x,t) -> (x[1]-t[1])^2 + (x[2]-t[2])^2 - t[3]^2
dim :	3
cluster :	false
noise :	true
solution :	[-17.6, -15.7, 75.0]
description :	type3: test sphere2d with noise and outliers
