name :	sphere2D
data :	[176.05885122045157 26.632372833375662; 156.30917694721305 96.69803270098348; 105.5993094199955 146.08818273069593; 37.053737103284945 162.7846347952149; -30.53391571794245 143.77716185742963; -80.10004569313324 95.75776398867424; -100.92844138155206 26.99685600134183; -82.2830835120522 -42.71172023398852; -30.521226628441664 -92.40295519318845; 37.20832444446593 -109.71879810346145; 104.70902877790292 -91.94118565547328; 157.10768268823202 -42.90524432396615; 180.8937121494133 51.84607503913609]
npts :	13
nout :	2
model :	(x,t) -> (x[1]-t[1])^2 + (x[2]-t[2])^2 - t[3]^2
dim :	3
cluster :	false
noise :	true
solution :	[37.9, 26.4, 137.0]
description :	type3: test sphere2d with noise and outliers
