name :	sphere2D
data :	[47.22730385008242 28.208592987978946; 37.73085009008115 48.23509409362498; 18.34801027019091 56.770262859488874; 0.23949147676853366 49.42032904200309; -9.603388250590891 27.0411802569521; -1.4379548892998213 8.440555355003823; 18.63971971032385 3.220807973939133; 40.59967130940973 8.743021333894461; 49.10074671467777 26.225924248079902]
npts :	9
nout :	1
model :	(x,t) -> (x[1]-t[1])^2 + (x[2]-t[2])^2 - t[3]^2
dim :	3
cluster :	false
noise :	true
solution :	[19.2, 28.8, 28.0]
description :	type3: test sphere2d with noise and outliers
