name :	sphere2D
data :	[16.359000836001485 -16.535919745441014; 16.300964633993324 -7.910547129066551; 13.748143337010934 -0.5325551950723536; 4.654260814601311 8.792623664307758; 2.5699286545324695 7.7958355503843695; -8.922985806599774 17.339321044366674; -14.29185882829449 12.036408185694404; -28.745433272993143 16.863257468471307; -36.640728275461335 15.040841674770835; -43.06555918014814 6.5766651256966; -49.10091192251867 0.16033197355081658; -53.692762801774364 -8.096692915022007; -52.04832512936142 -18.32582153834442; -52.03540525370793 -25.20739525011345; -51.369217024587456 -34.9776383150483; -42.84187126634791 -41.50750417282167; -36.226389416918586 -52.484694966092604; -31.07012433664597 -58.387173045668504; -19.002115273123795 -52.57911792875749; -8.59311139321476 -51.65549046060011; -0.880558199777698 -47.387344641113586; 7.503224404462684 -42.258725467845; 11.303851257829427 -35.48444018648059; 17.860657591750954 -27.818532201699; 17.674287761009484 -18.297089234452915]
npts :	25
nout :	5
model :	(x,t) -> (x[1]-t[1])^2 + (x[2]-t[2])^2 - t[3]^2
dim :	3
cluster :	false
noise :	true
solution :	[-18.4, -17.2, 35.0]
description :	type3: test sphere2d with noise and outliers
