name :	sphere2D
data :	[62.10565639123694 -38.06229325341005; 74.03126238965193 -11.599427372072142; 61.68916756123375 14.450176293977325; 47.582807893060675 33.56910787318141; 45.73417952993351 49.38657721539583; 5.391740742857071 66.19269316857405; -17.198604633544726 57.35297549899391; -49.253547023565424 71.37701863094901; -73.00802640479812 64.81829152165348; -75.59607741503171 66.18694859001766; -122.10157520734333 13.80894250485764; -132.19285254033235 11.926622316072647; -143.2031494121826 -12.410699773313024; -144.88760007295267 -39.137360305952605; -141.12157870835847 -67.21957389217364; -133.12435087276194 -89.66976758501966; -115.42920250602477 -113.58770376885128; -98.5887459696362 -129.3156196385154; -72.9041155924834 -143.55722350005757; -46.546713821070284 -148.56163494509022; -21.408131123376407 -147.85125828269727; 3.269591028193404 -144.16204985223013; 30.885538221027538 -130.89048630290472; 49.98853798671252 -112.95935591779408; 63.980214894927244 -90.43754797902272; 73.33715749512547 -65.50732615476876; 76.66526684474401 -39.45796283518622]
npts :	27
nout :	5
model :	(x,t) -> (x[1]-t[1])^2 + (x[2]-t[2])^2 - t[3]^2
dim :	3
cluster :	false
noise :	true
solution :	[-34.4, -39.2, 111.0]
description :	type3: test sphere2d with noise and outliers
