name :	sphere2D
data :	[91.41089579177874 -30.40511948877218; 89.56128593062371 -24.425374716104116; 91.62946943060479 -15.197438402298557; 86.45120790200188 -8.219420581757047; 81.7844555288724 0.7647133333004084; 78.100663695955 9.764720934911866; 71.07161268090734 13.82657143930013; 63.57467862513492 20.805250049738635; 56.03994822883315 24.64282472253796; 48.76187234697831 26.09868451322853; 39.7553118490467 29.57850376142962; 30.982401335846422 28.10058329438504; 11.20609627695891 18.784553653306126; 23.876217689475908 17.981247555469544; 6.200083142237918 21.846072216605563; -0.6850567176798246 19.91780733253529; -10.44117273239701 20.256893516987176; -14.61906702019037 4.4212005993423995; -19.626544745981423 -2.4302509428946415; -30.061422044538393 -8.669820949716938; -26.916159286011688 -18.370037086883887; -27.402654135498775 -26.23800318214152; -28.353548120702232 -23.508266208444248; -30.49021183514213 -36.493856774850016; -25.146599796184834 -53.23274090942717; -19.118654504404553 -62.55549136058613; -15.997999737650854 -67.23905464332486; -10.408386775878485 -74.23235485648857; -7.682606453284851 -68.94892234404394; 5.996324918911451 -84.7199366789201; 14.755501372860058 -89.11841194945828; 23.598324023386073 -89.99887188542499; 31.345522188432398 -90.05786681206915; 38.60326818109004 -97.20571060947351; 47.864985223228445 -89.40913270922017; 57.49801508358231 -86.39131900039473; 63.360476352198965 -82.65515014052731; 70.91163416122461 -79.283665800478; 79.92908931125179 -71.44920497100118; 82.85197308164042 -63.57075437103695; 85.35311428404769 -57.44089193808297; 91.56977197049117 -47.81488616056025; 92.53495174858993 -39.18628024759933; 91.93639277555322 -31.015195119026124]
npts :	44
nout :	8
model :	(x,t) -> (x[1]-t[1])^2 + (x[2]-t[2])^2 - t[3]^2
dim :	3
cluster :	false
noise :	true
solution :	[32.6, -31.4, 60.0]
description :	type3: test sphere2d with noise and outliers
