name :	sphere2D
data :	[-14.490984872257673 29.27136984552067; -15.606248561692595 33.83592628669595; -17.895080567160868 37.607989780755226; -19.053179725194013 41.61474444877637; -23.588346752429192 45.13484626204713; -26.90303755133442 45.86103569479836; -31.648412955338877 48.15695604427524; -35.0667765147266 49.527868428992505; -39.59815688921769 44.77483440803903; -43.74205640211493 45.463084509847896; -49.249440419951775 44.187717880597404; -49.81035422690128 39.46029860435668; -55.08109074685706 38.47707096303933; -52.87037335185996 34.09478590685363; -53.96772025097939 27.875775030002455; -55.37299146900617 25.100847175363675; -52.75515540580099 19.351994524575883; -49.77339939338723 18.139055552848152; -48.529178039242225 11.334658145342482; -43.64473070367495 11.658061674518304; -37.04479628823253 7.252735346526903; -35.93279897854696 8.211875350556841; -33.44663996405553 7.222698612714851; -28.2266098320542 10.964256597753407; -22.462252084768885 15.19269568770418; -17.41689529741731 17.092791099050732; -19.249138954136004 24.234738743526407; -16.068658930659907 24.339104879558285; -17.38996579758561 29.339442860674033]
npts :	29
nout :	5
model :	(x,t) -> (x[1]-t[1])^2 + (x[2]-t[2])^2 - t[3]^2
dim :	3
cluster :	false
noise :	true
solution :	[-35.2, 28.6, 20.0]
description :	type3: test sphere2d with noise and outliers
