name :	sphere2D
data :	[148.9306014722855 -14.772058011485514; 135.7760460694219 50.631730637520604; 92.14690265284173 102.57016733920206; 29.942027216813024 132.6806869834587; -36.47504813916504 131.1146001009262; -87.28553279097463 88.81571770749171; -141.5450892107153 49.52765423050025; -156.19981215986738 -16.45943300077179; -140.83742440092104 -83.23556377409433; -98.61340834235007 -135.30970174340544; -36.879247403475226 -164.944550664132; 4.053405123928314 -192.4188005957605; 91.19362404435135 -135.3545825036045; 135.73319545222213 -83.23400090150479; 142.0181698341006 -44.0173262226492]
npts :	15
nout :	3
model :	(x,t) -> (x[1]-t[1])^2 + (x[2]-t[2])^2 - t[3]^2
dim :	3
cluster :	false
noise :	true
solution :	[-2.8, -16.7, 153.0]
description :	type3: test sphere2d with noise and outliers
