name :	sphere2D
data :	[18.783313796816138 -23.215940274123053; 12.711047772869216 -6.551082785103727; -0.5167528174677098 6.167769204324084; -19.10135855762751 3.0813639183175083; -33.86946266676506 -5.594833383977734; -38.11261341693347 -25.9756643456977; -35.07763991618745 -44.61013428310065; -19.094701214279592 -51.00117675760529; -2.2889051278298758 -50.123070214727484; 11.143677254037474 -40.34771890549269; 16.90492264754642 -25.350019230406975]
npts :	11
nout :	2
model :	(x,t) -> (x[1]-t[1])^2 + (x[2]-t[2])^2 - t[3]^2
dim :	3
cluster :	false
noise :	true
solution :	[-10.7, -23.2, 29.0]
description :	type3: test sphere2d with noise and outliers
