name :	sphere2D
data :	[108.05702542329117 -37.84385001721647; 122.12101187531985 -39.83929664682253; 104.36966152950912 -17.819624252480807; 100.2029973147187 -6.825731087328869; 96.82812322921168 3.278679008488383; 78.1657290666265 8.546177119967197; 80.94436849748523 17.457429317283427; 69.76635595202146 24.752428702537816; 60.59084548537613 27.51505486279115; 49.66220676516256 31.82752621172962; 38.788619655762155 31.316313900108426; 28.79645479497729 33.81093309277564; 18.532050107382425 30.75886508563156; 5.888086090252315 27.040543255003943; -3.005408024235158 22.577640729410643; -9.679282480750318 20.84238757063368; -19.8647407249746 7.328893225064387; -25.593193895827504 -1.385296263562327; -29.44971398125931 -12.031969036640174; -34.29226875433546 -22.87789278635732; -38.748679355883304 -28.038278115696073; -34.27658609655026 -42.97185020748805; -33.19346057833631 -53.91001400164393; -30.735649386159587 -66.57502444845021; -15.079768787886723 -86.13900414195496; -20.52493417425652 -86.3018444235848; -11.704836764981154 -93.80061117818099; -2.8751412432074877 -98.66160560617543; 6.831910996593048 -104.1491678069755; 16.94846711740809 -108.59771058278503; 29.318728613808744 -111.59373022908464; 38.29223996045203 -113.19795207677652; 50.91283711750693 -110.60947945801081; 60.56643941206646 -107.25961318571562; 71.65271842022466 -101.38776435442931; 80.37966979485374 -96.2092985124816; 89.2083825138286 -86.36079648373351; 104.95200945699563 -89.98985766538374; 114.63167021383188 -75.27046893314555; 111.1294471245364 -52.883453521736726; 107.74555777110989 -48.61304478860068; 107.97133080133281 -39.997523858158225]
npts :	42
nout :	8
model :	(x,t) -> (x[1]-t[1])^2 + (x[2]-t[2])^2 - t[3]^2
dim :	3
cluster :	false
noise :	true
solution :	[36.4, -38.7, 72.0]
description :	type3: test sphere2d with noise and outliers
