name :	sphere2D
data :	[44.33827960349897 -11.346707084781174; 46.6677220531533 1.2342097234267162; 36.79231310697951 8.307334088089831; 27.99677054888566 15.115776555749019; 17.43954902306203 17.2891291949165; 9.635308317842059 11.33270627368223; -1.7255384553753068 7.60747462220737; -7.640720201580645 -0.651917052115654; -8.77946976788469 -9.824299107772912; -7.60521007604302 -20.182551264618624; -0.12192006160395186 -29.032825546563387; 7.547954098194216 -34.68947616777386; 17.76773213505782 -36.24085472871304; 27.15601024268785 -35.02845703334813; 36.28605742705992 -28.351811960999505; 40.774079106437334 -20.325059571540454; 43.99828276855282 -8.652619947136571]
npts :	17
nout :	3
model :	(x,t) -> (x[1]-t[1])^2 + (x[2]-t[2])^2 - t[3]^2
dim :	3
cluster :	false
noise :	true
solution :	[17.7, -9.9, 26.0]
description :	type3: test sphere2d with noise and outliers
