name :	sphere2D
data :	[12.602944481955141 34.302453614239234; 11.484102856697557 38.37389193933964; 10.964219422793851 43.13948281693497; 7.574179411143341 48.650383378902; 7.660541067801583 54.69912844813111; 2.6304755656875516 57.21116524879636; -1.4472922496565572 62.42685260918568; -10.355295424443014 65.07676531668425; -12.593940247070945 66.56028944355963; -14.938909902726364 68.77510666536189; -18.104567786190074 70.04842534123739; -25.87344349793205 69.05830563708462; -30.15513441180942 68.78755347512605; -35.727777522724466 66.21910952596504; -42.14295292774762 63.07821450004711; -44.88320696566101 60.935776084333476; -49.546562315768206 55.38460616190368; -52.346234987695674 53.816205578542366; -55.31405840575257 50.55709547503023; -48.77990239909696 38.894367355474174; -57.33225840477201 36.67141658660536; -58.44692978644235 30.515007142658522; -56.58925752256359 24.597218359426986; -56.15583189111205 18.896914953498083; -51.514467350288854 14.773730025969645; -49.355422114856744 10.65342618198578; -47.50523801678361 7.152252767515872; -42.63067993534556 4.866190983479961; -37.29370725613015 1.3565839685216736; -32.14276707474055 -1.3699840808932506; -26.31231199044343 -1.2862373784789332; -22.412890380834256 -2.6060866782240257; -15.968392781832462 -0.46581534451393347; -10.532971829830513 -1.1416576878202924; -9.978062078883818 -3.7638679932218904; -0.0769068622332938 5.044464089319755; 2.1926869588628892 7.923004755315171; 6.063251489799202 14.165380534894668; 6.836330580006578 16.429686932634205; 10.287244296682244 23.1627847189072; 13.690541062215983 27.17170342534973; 18.402035181956215 34.96586919163433]
npts :	42
nout :	8
model :	(x,t) -> (x[1]-t[1])^2 + (x[2]-t[2])^2 - t[3]^2
dim :	3
cluster :	false
noise :	true
solution :	[-22.7, 33.5, 35.0]
description :	type3: test sphere2d with noise and outliers
