name :	sphere2D
data :	[109.05454248068085 35.941172109992095; 105.24526695436464 90.80590006444565; 92.42058207749886 98.77449071890352; 101.0493295781294 149.38190993450192; 53.601356860235775 145.851821331704; 26.559952270894186 137.5967601969544; -3.3950799151256374 169.87139151847418; -34.61945073352657 172.83618734500809; -65.10073588519609 166.5602058653439; -92.47247440613447 153.35442888062065; -117.56659480578594 137.82265328902102; -137.86811984848495 112.02527363999943; -150.98639430067442 84.90793311901295; -158.401753105035 53.77452464565433; -156.58065736926218 22.318683026404287; -152.22541901162407 -7.982321623838005; -137.98640473348723 -35.346115810165394; -106.72753408967671 -52.251270524108826; -91.57689548269202 -76.3660746207574; -66.13436237814383 -91.28976176746114; -33.33618938590863 -94.8307859650911; -3.2144612919999993 -92.93852116545801; 26.71635024201155 -84.34270231963052; 52.61518967025357 -68.00931628426144; 77.289741179905 -48.674666663138765; 95.04012702881964 -22.528685256928718; 122.58707593761469 22.942867263578137; 109.2750133433875 38.20570892053067]
npts :	28
nout :	5
model :	(x,t) -> (x[1]-t[1])^2 + (x[2]-t[2])^2 - t[3]^2
dim :	3
cluster :	false
noise :	true
solution :	[-26.0, 38.3, 134.0]
description :	type3: test sphere2d with noise and outliers
