name :	sphere2D
data :	[101.22014633912536 32.53015438985497; 100.70700879160813 59.954567570432786; 93.26302194867611 81.49396396060622; 82.65057910483512 102.94266740634123; 68.14669455768139 123.80571304626201; 46.25291530779848 145.8621540348598; 30.66343960558307 156.61324235205876; -8.025889669067158 166.7254215624623; -17.44339964067865 171.54924910118527; -23.738534997028587 153.89328393212773; -72.45536164264564 175.26991662697063; -69.87108021669867 163.43506916667647; -112.29662837067443 148.99968170545608; -132.10856821846556 133.25951457447437; -134.17844616207225 95.58049220505319; -161.40740193712026 92.77904913956444; -169.4044455878292 70.38822729287737; -174.19969867684566 45.67763282418696; -174.98152376017018 19.007418632209426; -170.95041288781587 -3.5666276099482515; -161.1169674246982 -26.908156417457338; -146.64151502516984 -46.87955699285503; -131.64147864270814 -65.36389560078896; -110.95365763909997 -82.34757241980799; -91.090343660889 -95.73882810408487; -67.85282820940873 -101.86487260292921; -41.29849047949899 -106.10183453171283; -1.4303429429720147 -105.84338438186703; 5.6982819110081255 -99.47792342906592; 30.15079174389032 -88.92899148500071; 49.62781700968247 -76.08408456521795; 67.07529849548214 -57.52644095235716; 81.52532136786884 -37.594606993945135; 93.20769569804428 -14.315827200741388; 101.07572562844726 8.84531790408042; 100.93829621896812 32.224158350111175]
npts :	36
nout :	7
model :	(x,t) -> (x[1]-t[1])^2 + (x[2]-t[2])^2 - t[3]^2
dim :	3
cluster :	false
noise :	true
solution :	[-36.3, 33.0, 139.0]
description :	type3: test sphere2d with noise and outliers
