name :	sphere2D
data :	[145.56669924666733 10.172022479804331; 144.50544721651403 37.31275725637841; 133.2955572497782 65.90640740331685; 118.65599106465586 91.3007612659749; 98.58858884888863 110.13496094145515; 72.47155377343837 127.54019648759403; 66.58777922226523 146.74543486520858; 38.890265506420064 141.9580881958946; -11.883241821757638 144.38234546812225; -38.48547169471372 135.25220639900834; -67.01795181684562 119.48145934858088; -88.99988251011253 101.01673013374938; -109.6334022654949 69.04541533658949; -101.8584492704299 54.86236958359672; -125.33629546067021 23.684397195281182; -124.89467907597398 -7.505497993047776; -118.39250606398043 -34.5575063552685; -118.64100216832992 -41.89762979964547; -91.48214456333926 -98.50375163324243; -67.06538035899403 -103.20099146469495; -40.69607419434647 -119.01254046077736; -12.050128986071517 -127.37744254024528; 16.349654612348445 -127.21576264260975; 47.6735723186356 -122.81154273799615; 75.1699480728809 -112.56828339325338; 99.01760709418029 -93.38668913006582; 119.19516288618522 -73.42156921736819; 133.47271273434447 -47.9247539209334; 143.37906037461127 -21.48228213907875; 145.52557367257128 7.228889022440118]
npts :	30
nout :	6
model :	(x,t) -> (x[1]-t[1])^2 + (x[2]-t[2])^2 - t[3]^2
dim :	3
cluster :	false
noise :	true
solution :	[10.5, 8.6, 136.0]
description :	type3: test sphere2d with noise and outliers
