name :	sphere2D
data :	[153.63724384277015 -37.60809071588433; 155.21663073451703 -35.46239351900884; 150.32493909456528 -4.233418748217721; 143.4225080360549 11.046053918382281; 136.45973326153015 25.228424157801008; 132.30481979018734 58.87255532463201; 115.22094833625106 51.01421217365956; 103.5736658378744 62.46292738710122; 90.94874949203205 70.27748616070718; 78.65412285346599 79.44806465824763; 62.67827850858015 82.8392742572429; 45.86898436862114 85.4167474112574; 28.77354813136652 89.08871690612038; 12.279061370600253 86.43135562803337; -1.4564941234212316 83.8582706695181; 5.3384844749491265 74.35999208953011; -30.75381376691194 71.5506817110294; -46.35236908284573 60.341084829238824; -79.44952002339407 66.55326369896136; -68.72555886327757 37.399505720801095; -77.66486288304438 26.252791461126243; -84.66498818985232 12.533044330072313; -91.97525923267511 -4.331585758903144; -75.40292041363232 -29.077477444519566; -95.86109967454364 -36.01080429303229; -93.5270667832299 -53.4140709395819; -90.60624933853462 -68.40155048392003; -86.12628213193192 -83.41239422376279; -78.28633148351523 -99.2720953329499; -68.53608015649641 -109.6447836857239; -66.40517159166974 -132.10734640362682; -46.08618297620158 -134.28197818770093; -30.472294551808048 -143.2257359597898; -21.10804018294832 -151.23376078057697; -1.6480404916589915 -155.4836348661642; 13.881914887195773 -159.89935529521495; 30.31870592707661 -160.7159509598297; 60.8500886487956 -174.85306502079246; 62.13248050770735 -157.42152974531808; 76.60824050164172 -149.1935760947163; 91.46341875090259 -143.04464968424733; 105.02186261960338 -134.56326776922617; 118.06556061067384 -123.63571828742926; 126.02177816856478 -113.44422807944576; 158.53130351953095 -117.70930474596699; 160.31978768017447 -85.09578399607372; 150.41396907038109 -66.12115519302758; 152.41728928300478 -54.25128370952034; 153.15310561854997 -34.802910395841025]
npts :	49
nout :	9
model :	(x,t) -> (x[1]-t[1])^2 + (x[2]-t[2])^2 - t[3]^2
dim :	3
cluster :	false
noise :	true
solution :	[29.5, -36.4, 124.0]
description :	type3: test sphere2d with noise and outliers
