name :	sphere2D
data :	[12.919503025563872 -25.147513796206027; 12.76336556387248 -16.049690342972763; 8.67973217697621 -7.602610895880158; 0.6443896148007564 -2.4072663162977923; -4.875567622630751 4.157823398644295; -12.425110870079354 8.011438782496349; -22.81018036016657 5.6811948459198955; -28.959645566932842 4.708882673838533; -38.855016498971665 0.8253941932035249; -43.95021180099841 -6.031294798139337; -48.928213261539156 -13.085919639710578; -51.70237068982434 -20.495398266389; -44.98019782656452 -31.979823983494335; -45.40123489038019 -41.320452973453165; -44.54342958719106 -47.11014159815534; -37.6095196609992 -52.508030008239736; -31.162383994202624 -57.93955643954777; -19.970604319245915 -56.81712484601521; -10.636696019429417 -57.570946120142985; -4.887105382813359 -54.48649087751278; 2.431139505779819 -51.008240736653335; 2.6815763084935895 -40.80595104928769; 12.614755943284706 -33.73092266458625; 14.331681503890312 -26.80858557400678]
npts :	24
nout :	4
model :	(x,t) -> (x[1]-t[1])^2 + (x[2]-t[2])^2 - t[3]^2
dim :	3
cluster :	false
noise :	true
solution :	[-18.9, -25.8, 33.0]
description :	type3: test sphere2d with noise and outliers
