name :	sphere2D
data :	[114.1074427489733 -21.077144758314617; 111.6454496856549 4.780804993372058; 105.79694528407705 27.094915917120634; 95.43105593173591 48.266828188878364; 82.70336422377679 70.92620565209283; 65.53764885101924 86.99484138523445; 47.46990203060105 103.11885181182012; 25.329373650288723 115.9342666478726; 2.6318569284216617 123.11860112810868; -0.38328937486991066 122.36975285411532; -47.42732021660442 126.70540638935478; -68.64203337973981 122.60842290250586; -119.06575208507506 122.41086030526891; -114.83929924693457 102.38977379321703; -132.9777748404254 89.23620064909402; -148.3467533555268 71.01790281160889; -161.27002717554373 48.70668004751428; -172.24582761119774 26.69311343251432; -204.58349129092124 12.833215174514851; -180.20574650635828 -19.12705488280242; -178.62293076828473 -43.84048455276975; -172.11630680796114 -67.33510746721932; -162.76230792209407 -89.29971623435789; -150.44150930476252 -111.46241413227132; -133.11507834963382 -128.45498197323246; -86.0347965663765 -131.78999179440123; -92.80427428486297 -153.07948752980698; -68.99647349479837 -161.58005166148104; -44.91037324634018 -165.81284832517065; -20.329802986321983 -165.58857962469565; 2.5705426683186077 -163.76346547192406; 24.899845647417074 -154.90170285534145; 47.88790327638783 -143.30724156345073; 66.82463017826144 -127.56735511104645; 84.04361937342168 -111.86609472749724; 78.47610805327906 -91.23467666055228; 113.70203083019996 -65.43923468622671; 112.38022902982155 -44.19580364705073; 88.62083795692217 5.795306720028247]
npts :	39
nout :	7
model :	(x,t) -> (x[1]-t[1])^2 + (x[2]-t[2])^2 - t[3]^2
dim :	3
cluster :	false
noise :	true
solution :	[-33.6, -20.1, 147.0]
description :	type3: test sphere2d with noise and outliers
