name :	sphere2D
data :	[55.735692528000236 10.896933159213003; 53.66064295829435 18.44594080188382; 48.17563262430919 26.23186205247802; 43.60431663503758 32.23308928011705; 38.77598847911412 39.80479814627203; 25.790990792459002 34.809085562646544; 22.962467008825804 31.77800181442944; 6.729438359713507 25.665044788949473; 8.223676539582994 17.54415053018796; 6.54525420462156 12.22165011925289; 8.00616751344854 5.7891614063353405; 11.451838874865231 -3.359553014142602; 19.522611232755192 -9.038924930465909; 25.382814473316387 -12.685531972892411; 33.19663927393058 -12.82129093106966; 41.924754804974526 -9.53997432692316; 47.1489513454158 -5.0610066476728; 53.000414656502876 3.0243030171562504; 53.84218625280523 10.813915363792836]
npts :	19
nout :	3
model :	(x,t) -> (x[1]-t[1])^2 + (x[2]-t[2])^2 - t[3]^2
dim :	3
cluster :	false
noise :	true
solution :	[30.4, 11.6, 24.0]
description :	type3: test sphere2d with noise and outliers
