name :	sphere2D
data :	[51.22610440542319 37.60424772580617; 52.80359728881734 42.337149872728574; 49.836039137163176 42.428481397048344; 48.123363055422594 46.40378826690388; 48.5109326742134 45.082548185432465; 49.32777010524958 45.83258509655252; 47.06847953763706 48.920394535553726; 44.97088101672748 50.968101882379365; 46.88534337989348 49.551004550478595; 42.929981331735675 51.61520232951454; 41.06743194535739 51.057331758016396; 38.85961331619364 51.20618671511493; 37.123040049736886 51.71649932912334; 35.47065865040892 54.81862668912791; 35.41892120488864 50.4768345027321; 32.91201835303609 50.952707287191686; 31.07139869558693 50.334746293758705; 31.52686743045311 47.90928578312959; 28.676688303500377 47.653292756436024; 29.728890719192837 48.973845518632; 26.982393805912807 45.915463795859715; 26.60185582101739 43.41547550624543; 26.09751743297514 43.1569775582157; 24.986166901054656 39.9303827847699; 24.762445974989426 37.97504428912768; 26.44211544185937 37.282610657280465; 25.69864148388596 35.33692884479478; 26.790302084759706 32.952598988830985; 27.017868696714036 33.65909597992652; 28.665633571701893 30.445271404208125; 27.188183204828515 30.23347473534783; 29.03200072132722 28.315573021910634; 32.76151485547746 29.31569582591131; 33.232361661211655 25.77443506164633; 34.85081713085481 24.93717200471302; 36.385227493700185 26.789634100994565; 38.77137129979291 24.438910475802153; 40.76246463192954 26.791391776972304; 40.75324520870154 26.60455874892671; 44.14848679607041 26.76689065519007; 45.506242214636906 28.73629585672452; 48.060392300641915 25.38807361799165; 48.028611146913775 30.27131600071547; 47.08237751278024 28.979335853538394; 49.80881225808304 31.990996825397513; 49.861612650272455 33.4593020144223; 53.37476927855309 36.959751296168555; 53.00611686645591 38.96373072119448; 52.37153948510791 38.3589953843288]
npts :	49
nout :	9
model :	(x,t) -> (x[1]-t[1])^2 + (x[2]-t[2])^2 - t[3]^2
dim :	3
cluster :	false
noise :	true
solution :	[38.0, 38.9, 13.0]
description :	type3: test sphere2d with noise and outliers
