name :	sphere2D
data :	[36.34351338908839 37.43654503593386; 29.894921283678304 65.88288124660835; 16.989219159195045 71.13272639582358; -2.637114018788594 82.39081119123527; -20.905616603527257 80.23602644244376; -41.19366380797105 70.82809654801137; -44.7722176314308 52.30854865261661; -57.2403213256411 37.193436519075185; -53.26388837179065 15.789953732896777; -39.2514242702311 0.2736229177163742; -19.745068507934622 -7.443158161748702; 9.225048102773801 -3.772090333349122; 18.251534354715524 1.2044644409786114; 31.97178294365541 16.504444932725683; 35.77612080120021 37.48828327334722]
npts :	15
nout :	3
model :	(x,t) -> (x[1]-t[1])^2 + (x[2]-t[2])^2 - t[3]^2
dim :	3
cluster :	false
noise :	true
solution :	[-10.8, 36.7, 46.0]
description :	type3: test sphere2d with noise and outliers
