name :	sphere2D
data :	[9.088426450190012 37.793978929521586; 9.305956071445816 40.640992297592845; 10.119338620716114 40.809110397264625; 8.047112243777597 40.16263559887992; 6.154055401827982 43.525136779060894; 6.815207543466786 43.11330244698333; 5.4851443842673 45.09339516821033; 4.490885009323248 48.84020369665452; 1.5851421624928879 47.95681253452246; 1.6103096902334264 48.50814246089645; 0.6173642074690391 49.07988767108007; 2.230901025637981 51.5658892845054; -2.553341235321077 50.2212349962796; -2.951931866256245 50.33029479499532; -3.991369361765874 49.67007659843546; -6.479872660508911 47.46318771593097; -7.416706240302317 49.20146440722713; -7.838060450852268 47.08001863457014; -8.73467400905059 44.3092552243316; -10.183970984357511 46.05189371365265; -11.61363118020349 44.01134423736708; -11.540421988759894 42.78852482589181; -15.952994650609966 40.2016055260242; -11.867805963027147 40.93194790532863; -12.943065267210912 38.79352858270369; -12.119450210150665 39.264668064495325; -11.545145784211558 36.53107584005185; -12.186360916707303 34.53023222726084; -13.220275393402833 32.95950297519429; -12.450712922923591 32.18932949234812; -10.204497581262673 30.560128139269533; -8.309441777403107 30.10351675447101; -9.002166626769455 30.519047220167778; -6.569566988317279 28.494860763536636; -5.4582712691680975 25.98817670654577; -4.803580787139644 26.777860851257227; -3.4471567633702644 26.463214290099817; -2.5627522581149904 25.43096315957129; 1.7741376658992265 28.58385765487339; -0.19249021387905962 28.81377803266386; 1.6848176745838856 29.89661779487486; 2.2228776166450355 28.5506163747844; 3.8407599880940655 30.573551932516803; 4.123968293770051 30.861177495877175; 5.963026858585883 33.07069443376861; 5.850548484488964 31.251375165152705; 8.442994983822112 33.30344863169702; 9.475234951482944 35.32532679153626; 9.22617793390768 37.71878157412374; 9.867824797198814 36.507298441776406]
npts :	50
nout :	10
model :	(x,t) -> (x[1]-t[1])^2 + (x[2]-t[2])^2 - t[3]^2
dim :	3
cluster :	false
noise :	true
solution :	[-2.0, 38.3, 11.0]
description :	type3: test sphere2d with noise and outliers
