name :	sphere2D
data :	[98.75405368242502 22.11081222141824; 85.71293511435567 73.03895422010416; 48.08368858343283 110.02171528864937; -1.7910384954904168 124.1063237334733; -51.751111029527515 110.35210433940347; -88.48555082366553 72.87485624090664; -102.45268714523016 22.009770430640213; -98.16027567631349 -45.65482798090417; -53.70550939527201 -64.17410562105685; -2.3712243612460457 -80.04957452485586; 47.27883526576251 -63.76791074493157; 101.10121431580636 -25.059524302776257; 98.50299098257976 20.969451018561386]
npts :	13
nout :	2
model :	(x,t) -> (x[1]-t[1])^2 + (x[2]-t[2])^2 - t[3]^2
dim :	3
cluster :	false
noise :	true
solution :	[-2.9, 22.6, 101.0]
description :	type3: test sphere2d with noise and outliers
