name :	sphere2D
data :	[-14.359487216658568 13.690557873905902; -16.736277454405606 17.52989773983692; -16.021614892160134 19.207106422875253; -17.348040750699436 20.63789196695049; -20.04841454649024 20.934991426122163; -21.060625358611734 24.032306399462026; -18.897751713204993 22.81491379232293; -21.333944277814787 25.862755312153592; -22.98699331372602 25.866906807307057; -26.841755431263252 28.639304642629245; -28.255120955156702 28.223137836276784; -30.41273483853236 30.222244441007945; -32.91874154908007 27.551229857021067; -35.020124911902286 30.768037037322113; -35.9061392053082 27.191296939232018; -38.03543666539511 26.567161080221723; -41.15633695391561 26.753311595095305; -42.547599612389476 26.75562203156187; -42.49713288126493 25.883730162248717; -44.538446314525416 22.410570628846095; -42.5380296786869 19.536535222400822; -45.2181939436309 17.59854312877082; -44.65989385093276 16.911149944205818; -46.05054037918787 15.323633664846952; -44.1316981659385 10.069001042581885; -48.10861721418988 12.511631925597314; -44.02778807264746 8.485385120037742; -41.37942234546763 6.395683888378445; -45.55264539361241 7.104692234750472; -40.316323900133625 3.702771241878886; -39.8147088313359 2.2512986674708513; -37.92861279822042 1.4572128328212546; -35.09143651086649 2.661185035131235; -32.27019973126468 -1.210340989207297; -31.917598857262362 -0.14380243524526315; -31.25643424814048 -1.8234863436479034; -28.03824828639176 -1.2499295950379192; -25.575517800220155 1.4294750121969722; -25.115439110930534 1.7262823336754445; -24.204516450079858 0.9433489146553329; -22.732706684182602 4.029914950930772; -20.180892907548092 5.506749308880544; -17.579388986094184 6.404643372523167; -16.22861425009587 10.101264557936835; -17.923819036179864 8.454321117243243; -16.647159020978908 13.456574078162893; -17.229874810927893 14.729837134357311]
npts :	47
nout :	9
model :	(x,t) -> (x[1]-t[1])^2 + (x[2]-t[2])^2 - t[3]^2
dim :	3
cluster :	false
noise :	true
solution :	[-31.4, 14.3, 15.0]
description :	type3: test sphere2d with noise and outliers
