name :	sphere2D
data :	[36.458010514979975 -25.171318092260712; 36.190105514930565 -23.84910904687649; 37.20535368712493 -21.09330571554053; 35.71387256445428 -16.63318950993487; 33.628733081543 -16.537388260114618; 34.352304528426174 -16.772503799782996; 30.76352686498485 -13.422832168287975; 30.082144230885152 -12.876618378097445; 26.871263072824114 -12.371056813294471; 27.762831609870677 -11.483504716720317; 25.752261610593305 -11.801508866219024; 22.085095198623126 -14.659768417498713; 20.16112650419501 -12.829004805067735; 17.175354976823527 -14.10944126002336; 15.001472133252172 -15.089139689957468; 13.010721147829255 -17.161088670805672; 13.854424437610106 -19.249719206266924; 13.995469183198457 -21.91793405695201; 11.14080449958229 -22.97647305648496; 12.109560781559424 -24.354590058397058; 13.871874026087585 -28.823299974698106; 9.935490786129211 -29.109566046865773; 13.144148779459814 -30.895976913584757; 11.646892854151101 -31.151875557955126; 11.951832158048266 -36.05951329171141; 15.554723654528024 -35.377002081241045; 17.47677832410666 -34.10104240603649; 19.3175781590653 -37.23206766605467; 23.009307450603362 -40.24363234101361; 19.424744201844018 -40.31291358204186; 26.476691889461964 -38.79653580916239; 28.074863003837226 -37.49392674839593; 28.7465979242908 -37.98358004153101; 32.429345497152966 -37.311855204884836; 33.503145797215225 -34.01424983416021; 34.2621330386848 -33.18104510509565; 34.33577711208213 -32.4444836712101; 39.42009428906741 -31.00350789779941; 38.70855171832252 -27.72379705122517; 37.458802304966724 -24.41628960604968]
npts :	40
nout :	8
model :	(x,t) -> (x[1]-t[1])^2 + (x[2]-t[2])^2 - t[3]^2
dim :	3
cluster :	false
noise :	true
solution :	[24.0, -25.5, 13.0]
description :	type3: test sphere2d with noise and outliers
