name :	sphere2D
data :	[133.22257357780057 -7.074177466884873; 130.325650759767 12.866116306510865; 128.9335977340448 35.173268158664015; 121.95549704426243 56.55798777501228; 107.71525371540274 75.48191366447706; 97.19880449347002 94.41917943059866; 82.54045657414227 110.72488519006461; 63.904123228499756 127.13345775520798; 43.733358038529595 140.25516031748282; 32.55533640021539 124.70281958499748; 3.729588880858122 153.9166399923432; -29.327406758827035 159.1975011699042; -38.17616136552635 158.46728750235062; -61.390619821157486 156.75079856005968; -79.1802906718839 157.8637432482577; -104.06061392631447 144.6067688289709; -123.99199767416923 132.68363921898344; -142.99021376505812 120.7157108284853; -157.03681661873097 105.71418794196497; -172.55085246661008 87.24522428485145; -181.49351473884815 67.12569586772375; -191.08795688057418 46.816064243276294; -197.8051733832248 25.586463994048955; -200.77595455078168 2.9338969192018336; -199.7471774169577 -9.449804311332382; -196.4342346123682 -42.70102189044835; -191.60576693350234 -62.723961397546645; -184.52135186363068 -83.00084802210142; -172.20087619058236 -103.1311754932201; -154.64381521218863 -110.3469565907454; -148.3015341662847 -121.980277829116; -122.61454452812677 -147.76960014417344; -103.15304272040953 -159.73530067908786; -83.11269259798316 -168.4137408056479; -61.56959172433826 -172.38876942353232; -42.24449953828803 -175.52331221006654; -18.855770197937282 -174.90242228762312; 3.3254874532418475 -170.85665042850744; 25.957183518823577 -164.248156523925; 42.06877234481702 -155.72470709691572; 64.07267343673269 -143.76336318298198; 107.29250486091222 -114.11192377739876; 94.84592224394694 -113.57167652631865; 109.16519180021018 -93.69493718972089; 142.80281874306064 -65.6514856818025; 126.2668584775355 -50.82430362858834; 130.4741710895316 -29.142911767061086; 132.5674644495875 -11.189751999354744]
npts :	48
nout :	9
model :	(x,t) -> (x[1]-t[1])^2 + (x[2]-t[2])^2 - t[3]^2
dim :	3
cluster :	false
noise :	true
solution :	[-34.4, -8.3, 167.0]
description :	type3: test sphere2d with noise and outliers
