name :	sphere2D
data :	[66.13149498475413 10.959187015551013; 61.22326180532524 46.32083771158975; 43.82265079577469 76.09611944622031; 21.02724569648986 108.5979072336751; -14.287305350589044 114.53801875567726; -47.13252774607877 116.76463727183817; -82.16492984696922 110.48886182118976; -123.63076888998357 86.65280532916262; -134.96093766317765 63.06442247353974; -143.86329012068185 30.43537280904124; -145.5854034839499 -5.293690036117108; -133.57800683814978 -38.5574199497763; -112.26893441478492 -75.49275752377238; -80.1853873212798 -84.73364230742467; -49.59669189610239 -91.405194078167; -13.8387576113235 -70.82628693791997; 17.973475378739753 -77.16813308523987; 42.11470865212189 -53.56984499152362; 60.50791632336333 -24.2280403297137; 66.00395164918653 11.375311692386918]
npts :	20
nout :	4
model :	(x,t) -> (x[1]-t[1])^2 + (x[2]-t[2])^2 - t[3]^2
dim :	3
cluster :	false
noise :	true
solution :	[-39.7, 12.0, 106.0]
description :	type3: test sphere2d with noise and outliers
