name :	sphere2D
data :	[62.16984406930379 -34.57624830289199; 40.80280009083411 -17.041197132523966; 46.42085964048451 15.078635014931354; 29.14983075865956 31.769409548953064; 7.916072143908618 43.967398955172165; -14.517871612706601 51.32820525192856; -41.06635256679533 47.65951019953608; -64.60327122356138 40.646931193116494; -83.15674940776523 8.290759090915959; -97.12382690276065 2.646878017869826; -104.59213850977925 -20.648837502640113; -105.16264533512907 -46.3888795900214; -98.17880563268585 -69.03446629594633; -84.82185113847794 -89.7579883959914; -65.08923293621277 -101.89405707083111; -41.41581962185956 -113.09453092280773; -17.262623733673486 -115.37532374053686; 7.265934330017336 -110.4648239599484; 29.622500054032397 -95.70938831312348; 47.1653247141206 -78.03144432829119; 54.96219254891411 -56.36828539184861; 60.61334209832985 -33.038771856354145]
npts :	22
nout :	4
model :	(x,t) -> (x[1]-t[1])^2 + (x[2]-t[2])^2 - t[3]^2
dim :	3
cluster :	false
noise :	true
solution :	[-23.0, -32.7, 83.0]
description :	type3: test sphere2d with noise and outliers
