name :	sphere2D
data :	[42.33411052833037 -26.877843823140395; 48.831934643887344 0.1570221507432167; 52.27196124925797 24.824188335757253; 26.29258803919873 29.76631759299477; 7.92076558438631 35.73454815264004; -11.44506490884241 39.34401841991288; -29.95936569814693 34.84124160789549; -45.03842274530815 25.979273605741163; -59.98407256729001 8.117790148739946; -59.31626046945702 -8.762606169214404; -64.3298771942861 -28.048313619348107; -57.353791399225614 -45.2137206255265; -47.14724997212504 -61.07856819063287; -30.03895210958 -73.2746792951598; -12.782712815538286 -76.1629268529918; 7.491043557906805 -76.34722192175703; 26.10495507917027 -67.91178251318013; 39.12018861146036 -55.02367325181458; 49.63444143948431 -36.591012313245585; 63.85345628701489 -16.964421059043598]
npts :	20
nout :	4
model :	(x,t) -> (x[1]-t[1])^2 + (x[2]-t[2])^2 - t[3]^2
dim :	3
cluster :	false
noise :	true
solution :	[-6.6, -18.8, 59.0]
description :	type3: test sphere2d with noise and outliers
