name :	sphere2D
data :	[19.20143175025271 28.875294252325236; 15.904312869199282 39.29075759279709; 11.120454585159525 50.3934620846455; -0.7610489269419576 54.33888923245424; -9.592664380728147 66.84707635701184; -21.898440825197245 72.20885119970252; -34.77346883339937 73.69881492246668; -46.14228720463534 66.82428120194191; -57.207722309609444 59.72352204063957; -64.56042484436557 50.969209345226645; -70.87656216983311 39.020235728204625; -67.2802765859067 22.68025000151306; -70.10311887713307 13.590862946488414; -64.61822528043753 1.581706073605941; -58.0719463268382 -6.6348892762689164; -46.315761145134466 -6.59218233749902; -34.04730539643169 -18.156203801840753; -21.10356279258907 -17.1031507869322; -8.755482720039714 -14.267111843983223; 2.1188452601062013 -8.051699310191777; 11.578577908630727 3.726197157869056; 17.06495677926549 20.848510820435557; 17.487968325886296 26.422239720683603]
npts :	23
nout :	4
model :	(x,t) -> (x[1]-t[1])^2 + (x[2]-t[2])^2 - t[3]^2
dim :	3
cluster :	false
noise :	true
solution :	[-27.1, 26.9, 45.0]
description :	type3: test sphere2d with noise and outliers
