name :	sphere2D
data :	[30.4 -41.9; 26.71254288024968 -17.435320523894948; 15.977818268227573 4.85556481928063; -0.8503464457251155 22.99201304484648; -22.27669497758922 35.36252113746895; -46.397402232326776 40.86791516603795; -71.0692375183741 39.01901671109136; -94.09999999999998 29.980108514108416; -113.44330536187559 14.554337234986306; -127.3804160359008 -5.8876496532426685; -134.67295857668566 -29.529491907377498; -134.67295857668566 -54.27050809262248; -127.3804160359008 -77.91235034675731; -141.7933053618756 -24.60433723498629; -30.05000000000004 -55.63010851410841; -71.06923751837411 -122.81901671109136; 40.15259776767322 -219.91791516603794; -22.276694977589255 -119.16252113746896; -0.8503464457251297 -106.79201304484647; 29.62781826822757 -112.10556481928062; 26.712542880249664 -66.3646794761051; 30.4 -41.90000000000002]
npts :	22
nout :	4
model :	(x,t) -> (x[1]-t[1])^2 + (x[2]-t[2])^2 - t[3]^2
dim :	3
cluster :	false
noise :	false
solution :	[-52.6, -41.9, 83.0]
description :	[[-52.6, -41.9, 83.0], [-52.6, -41.9, 83.0]]
