name :	line2d
data :	[-15.0 -176.52224190018413; -14.491525423728813 230.91343200888372; -13.983050847457626 71.91525423728814; -13.474576271186441 69.37288135593221; -12.966101694915254 -208.51797448301932; -12.457627118644067 64.28813559322035; -11.94915254237288 61.7457627118644; -11.440677966101696 -155.37138507934944; -10.932203389830509 -242.24950073709886; -10.423728813559322 54.11864406779661; -9.915254237288135 -47.99267301476475; -9.40677966101695 49.03389830508475; -8.898305084745763 46.49152542372882; -8.389830508474576 43.94915254237288; -7.88135593220339 -396.65184665791674; -7.372881355932203 38.86440677966102; -6.864406779661017 36.32203389830509; -6.3559322033898304 33.77966101694915; -5.8474576271186445 31.23728813559322; -5.338983050847458 69.49548603316379; -4.830508474576271 26.152542372881353; -4.322033898305085 23.610169491525426; -3.8135593220338984 21.06779661016949; -3.305084745762712 18.52542372881356; -2.7966101694915255 294.22258867057855; -2.288135593220339 13.440677966101696; -1.7796610169491525 10.898305084745763; -1.271186440677966 8.35593220338983; -0.7627118644067796 5.813559322033898; -0.2542372881355932 3.2711864406779663; 0.2542372881355932 0.728813559322034; 0.7627118644067796 -1.813559322033898; 1.271186440677966 -4.3559322033898304; 1.7796610169491525 -6.898305084745763; 2.288135593220339 -9.440677966101696; 2.7966101694915255 -11.983050847457628; 3.305084745762712 -14.52542372881356; 3.8135593220338984 -17.06779661016949; 4.322033898305085 -19.610169491525426; 4.830508474576271 -22.152542372881353; 5.338983050847458 5.533455510738634; 5.8474576271186445 -27.23728813559322; 6.3559322033898304 -29.779661016949152; 6.864406779661017 -32.32203389830509; 7.372881355932203 -127.5495077289182; 7.88135593220339 -37.40677966101695; 8.389830508474576 39.17906083370091; 8.898305084745763 -103.02193719789408; 9.40677966101695 -45.03389830508475; 9.915254237288135 -47.57627118644068; 10.423728813559322 -50.11864406779661; 10.932203389830509 -217.61893124976893; 11.440677966101696 -55.20338983050848; 11.94915254237288 -40.050981026704456; 12.457627118644067 -60.28813559322034; 12.966101694915254 -62.83050847457628; 13.474576271186441 -65.37288135593221; 13.983050847457626 -67.91525423728814; 14.491525423728813 -70.45762711864407; 15.0 -73.0]
npts :	60
nout :	15
model :	(x,t) -> t[1]*x + t[2]
dim :	2
cluster :	false
noise :	true
solution :	[-5.0, 2.0]
description :	type2: line model
