name :	cubic
data :	[-5.0 -304.3743809867869; -4.787234042553192 -263.3292654049588; -4.574468085106383 -229.85743148056326; -4.361702127659575 -194.92131990837422; -4.148936170212766 -159.14581045599067; -3.9361702127659575 -131.36514215352076; -3.723404255319149 -113.40342635489709; -3.5106382978723403 -86.7099882918903; -3.297872340425532 -66.26638120107735; -3.0851063829787235 -47.98708412424026; -2.872340425531915 68.78098278325746; -2.6595744680851063 -26.588394187364052; -2.4468085106382977 111.15294359207223; -2.234042553191489 -13.808439237589694; -2.021276595744681 -16.941767593989415; -1.8085106382978724 -164.19108444262298; -1.5957446808510638 105.91887283421313; -1.3829787234042554 -6.329489331994079; -1.1702127659574468 -1.8867932016420284; -0.9574468085106383 -10.876027602914746; -0.7446808510638298 -6.1461144895222635; -0.5319148936170213 -9.159287254062722; -0.3191489361702128 -8.84174098478373; -0.10638297872340426 -16.54095457218068; 0.10638297872340426 -7.8642306502802795; 0.3191489361702128 -6.528575135855846; 0.5319148936170213 -4.163582747384845; 0.7446808510638298 -7.9339437286397985; 0.9574468085106383 -47.66434670380628; 1.1702127659574468 -3.1896589804185016; 1.3829787234042554 0.8912281129580286; 1.5957446808510638 8.977424798907688; 1.8085106382978724 25.13269303613513; 2.021276595744681 -79.82282486016594; 2.234042553191489 210.24082469645194; 2.4468085106382977 65.6125191647582; 2.6595744680851063 93.96479035660708; 2.872340425531915 109.05142418108238; 3.0851063829787235 146.61934408875973; 3.297872340425532 177.75141162119564; 3.5106382978723403 206.00349437969382; 3.723404255319149 243.90710945575222; 3.9361702127659575 292.4928891031003; 4.148936170212766 653.0933381434488; 4.361702127659575 754.5986695468204; 4.574468085106383 454.6606342233311; 4.787234042553192 515.2757442186983; 5.0 588.4212559941801]
npts :	48
nout :	10
model :	(x,t) -> x[1]*t[1]^3 + x[2]*t[1]^2 + x[3]*t[1] + x[4] - t[2] 
dim :	4
cluster :	false
noise :	false
solution :	[3.7, 5.9, -3.2, 2.4]
description :	type2: cubic model
