name :	cubic
data :	[-5.0 -389.18560356611886; -4.5 -286.81467947079494; -4.0 -73.25730194268505; -3.5 -127.97853049961071; -3.0 -75.28514067218431; -2.5 -37.14023089897829; -2.0 95.13897145931145; -1.5 2.247334529738671; -1.0 -124.45512154822039; -0.5 18.447136582378867; 0.0 13.127389762785938; 0.5 7.679686999251716; 1.0 8.409760728212287; 1.5 3.579996550763788; 2.0 5.61989036061086; 2.5 11.816407981116878; 3.0 335.6759809514896; 3.5 46.46391537744622; 4.0 89.77860014679744; 4.5 137.84768600998012; 5.0 212.3435352534778]
npts :	21
nout :	4
model :	(x,t) -> x[1]*t[1]^3 + x[2]*t[1]^2 + x[3]*t[1] + x[4] - t[2] 
dim :	4
cluster :	false
noise :	false
solution :	[2.7, -4.1, -7.6, -3.2]
description :	type2: cubic model
