name :	cubic
data :	[-5.0 183.34269351471085; -4.8076923076923075 172.86392001221088; -4.615384615384615 170.18020096670648; -4.423076923076923 433.33168361044585; -4.230769230769231 139.6051891552783; -4.038461538461538 -127.2465701771208; -3.8461538461538463 124.15135014027419; -3.6538461538461537 261.6616804937565; -3.4615384615384617 21.474395868702786; -3.269230769230769 105.11659609790223; -3.076923076923077 91.3150521239213; -2.8846153846153846 85.03728385042965; -2.6923076923076925 70.61399936955405; -2.5 71.11653225446722; -2.3076923076923075 132.1254781661255; -2.1153846153846154 304.4297346675709; -1.9230769230769231 46.22170298395555; -1.7307692307692308 36.161317331233526; -1.5384615384615385 32.44661627913417; -1.3461538461538463 30.068814643074177; -1.1538461538461537 29.41851787200926; -0.9615384615384616 20.213646698018408; -0.7692307692307693 26.05752698972491; -0.5769230769230769 23.290712038446536; -0.38461538461538464 16.49527196939762; -0.19230769230769232 15.453071596188162; 0.0 9.282300290897062; 0.19230769230769232 -163.03480538233822; 0.38461538461538464 8.956856574678142; 0.5769230769230769 5.906462900839399; 0.7692307692307693 3.1728189323024996; 0.9615384615384616 13.677505583656771; 1.1538461538461537 207.77258210440107; 1.3461538461538463 9.36066257629178; 1.5384615384615385 19.46763921286123; 1.7307692307692308 14.896836243768032; 1.9230769230769231 19.23642185789019; 2.1153846153846154 27.751813919018435; 2.3076923076923075 33.41514232483585; 2.5 31.04744994131687; 2.6923076923076925 41.81359288172681; 2.8846153846153846 208.97190175486674; 3.076923076923077 55.3194636325776; 3.269230769230769 58.79680999204062; 3.4615384615384617 74.47794275065337; 3.6538461538461537 87.49834918573927; 3.8461538461538463 94.5719991963722; 4.038461538461538 49.14661203490903; 4.230769230769231 106.80600223447297; 4.423076923076923 126.68634867906184; 4.615384615384615 476.7513436088216; 4.8076923076923075 151.66600710508686; 5.0 207.76307987541907]
npts :	53
nout :	13
model :	(x,t) -> x[1]*t[1]^3 + x[2]*t[1]^2 + x[3]*t[1] + x[4] - t[2] 
dim :	4
cluster :	false
noise :	true
solution :	[0.2, 6.5, -7.4, -2.3]
description :	type: cubic model with noise and outliers
