name :	cubic
data :	[-5.0 274.37552927424053; -4.821428571428571 159.2517528271696; -4.642857142857143 146.43101024805418; -4.464285714285714 129.3489671020315; -4.285714285714286 121.02561530000587; -4.107142857142857 101.34346623681444; -3.9285714285714284 94.82803666513618; -3.75 88.1521539089644; -3.5714285714285716 66.52499433550764; -3.392857142857143 60.01245624234963; -3.2142857142857144 54.95051439311386; -3.0357142857142856 38.61401852131965; -2.857142857142857 27.99391460116695; -2.6785714285714284 32.95761560875529; -2.5 16.58337052491097; -2.3214285714285716 13.943224384865665; -2.142857142857143 73.78672289356807; -1.9642857142857142 7.087407410812803; -1.7857142857142858 3.656505533439187; -1.6071428571428572 -6.5749025221016915; -1.4285714285714286 -54.60301733117421; -1.25 -11.383726006537824; -1.0714285714285714 -6.479604300798136; -0.8928571428571429 -7.39581106692618; -0.7142857142857143 70.51127211486283; -0.5357142857142857 -5.966687066087771; -0.35714285714285715 -16.430687145076877; -0.17857142857142858 -7.3390145297556515; 0.0 -9.011033974042142; 0.17857142857142858 -13.520159668466642; 0.35714285714285715 -13.539713962303011; 0.5357142857142857 -6.73314618248213; 0.7142857142857143 -8.488867151200115; 0.8928571428571429 -218.4345579909992; 1.0714285714285714 2.9853223498724084; 1.25 130.24462102625495; 1.4285714285714286 234.8178588185012; 1.6071428571428572 14.757227639705441; 1.7857142857142858 17.63917172377118; 1.9642857142857142 18.424328177856708; 2.142857142857143 17.302586371923926; 2.3214285714285716 20.481533651310297; 2.5 34.573244482056694; 2.6785714285714284 38.00031286471077; 2.857142857142857 -114.45386194963659; 3.0357142857142856 70.54253756878472; 3.2142857142857144 46.05179580105812; 3.392857142857143 52.334168354492235; 3.5714285714285716 53.39592229659624; 3.75 -194.63641067535548; 3.9285714285714284 71.58404345134852; 4.107142857142857 72.55222169521019; 4.285714285714286 72.58676912467077; 4.464285714285714 84.80002973391414; 4.642857142857143 209.54431087135382; 4.821428571428571 104.3191990016508; 5.0 547.5957270455206]
npts :	57
nout :	14
model :	(x,t) -> x[1]*t[1]^3 + x[2]*t[1]^2 + x[3]*t[1] + x[4] - t[2] 
dim :	4
cluster :	false
noise :	true
solution :	[-0.6, 5.9, 5.6, 2.7]
description :	type: cubic model with noise and outliers
