name :	cubic
data :	[-5.0 828.785505892729; -4.767441860465116 857.2725530461335; -4.534883720930233 741.4925796382478; -4.3023255813953485 633.1769314220668; -4.069767441860465 291.07415191582027; -3.8372093023255816 788.5175221694857; -3.604651162790698 387.52882177935476; -3.372093023255814 320.117620096299; -3.13953488372093 260.87709763791185; -2.9069767441860463 201.7848292751272; -2.6744186046511627 168.28565730486707; -2.441860465116279 130.5458276353638; -2.2093023255813953 82.61857070264618; -1.9767441860465116 71.76852828684855; -1.744186046511628 55.31340065808554; -1.5116279069767442 43.352066794447566; -1.2790697674418605 -48.82829797681191; -1.0465116279069768 24.23313647136225; -0.813953488372093 12.648422633555791; -0.5813953488372093 8.74828052235629; -0.3488372093023256 13.297728481779417; -0.11627906976744186 221.48387423988615; 0.11627906976744186 8.230562492515972; 0.3488372093023256 13.496340743858028; 0.5813953488372093 13.316582755567676; 0.813953488372093 6.869017575054825; 1.0465116279069768 4.965504074437614; 1.2790697674418605 9.24007044589754; 1.5116279069767442 -172.7863222538905; 1.744186046511628 -16.28215399285067; 1.9767441860465116 -30.69822908095474; 2.2093023255813953 -55.855835583279216; 2.441860465116279 -77.61608403211478; 2.6744186046511627 -110.09464281179905; 2.9069767441860463 -152.14458457256487; 3.13953488372093 -184.50723158308008; 3.372093023255814 -233.99079886768706; 3.604651162790698 -301.4700100304318; 3.8372093023255816 -370.6545628549694; 4.069767441860465 -450.92692728627844; 4.3023255813953485 -553.2185819786646; 4.534883720930233 -374.5519726392148; 4.767441860465116 -733.739176370673; 5.0 -850.1465473816703]
npts :	44
nout :	9
model :	(x,t) -> x[1]*t[1]^3 + x[2]*t[1]^2 + x[3]*t[1] + x[4] - t[2] 
dim :	4
cluster :	false
noise :	false
solution :	[-7.5, 2.3, 3.0, -3.4]
description :	type2: cubic model
