name :	cubic
data :	[-5.0 -835.7984566773415; -4.565217391304348 -658.0949323922858; -4.130434782608695 -723.4627808257414; -3.6956521739130435 -368.3449200704006; -3.260869565217391 -272.67775205428427; -2.8260869565217392 -183.83455845438402; -2.391304347826087 -124.69216426703343; -1.9565217391304348 99.8332886148524; -1.5217391304347827 -46.38603294336174; -1.0869565217391304 -478.33586880050393; -0.6521739130434783 -8.237848813360912; -0.21739130434782608 -12.189018673174322; 0.21739130434782608 -5.955073350157361; 0.6521739130434783 -5.8308132815185605; 1.0869565217391304 3.6224934394987187; 1.5217391304347827 -114.22663232037148; 1.9565217391304348 -171.66475485483286; 2.391304347826087 47.74853480509259; 2.8260869565217392 77.08641250125886; 3.260869565217391 139.87738297058272; 3.6956521739130435 195.4320441154038; 4.130434782608695 294.0831470084022; 4.565217391304348 393.51816781973025; 5.0 540.603225478899]
npts :	24
nout :	6
model :	(x,t) -> x[1]*t[1]^3 + x[2]*t[1]^2 + x[3]*t[1] + x[4] - t[2] 
dim :	4
cluster :	false
noise :	true
solution :	[5.3, -5.8, 4.7, 8.2]
description :	type: cubic model with noise and outliers
