name :	cubic
data :	[-5.0 1038.0631520788318; -4.787234042553192 907.3167222924048; -4.574468085106383 787.8746040907466; -4.361702127659575 678.0572452798724; -4.148936170212766 589.1175304178252; -3.9361702127659575 495.10654514714076; -3.723404255319149 426.3334831182818; -3.5106382978723403 253.73740562360345; -3.297872340425532 288.0836302038878; -3.0851063829787235 236.21406141078418; -2.872340425531915 185.61723932684492; -2.6595744680851063 152.886121354475; -2.4468085106382977 -39.47357123974071; -2.234042553191489 87.23558560616704; -2.021276595744681 68.91263115309995; -1.8085106382978724 49.44181053075126; -1.5957446808510638 -9.81021500704728; -1.3829787234042554 18.501625823141133; -1.1702127659574468 -142.77895798190173; -0.9574468085106383 5.623123724197445; -0.7446808510638298 -299.1706891071072; -0.5319148936170213 4.1133409387235265; -0.3191489361702128 9.907569657821327; -0.10638297872340426 5.490390391677712; 0.10638297872340426 17.50171599695565; 0.3191489361702128 16.214205185425207; 0.5319148936170213 11.19685074049908; 0.7446808510638298 11.781256858120296; 0.9574468085106383 4.131817813592072; 1.1702127659574468 -1.3894285960323938; 1.3829787234042554 -458.8250834627306; 1.5957446808510638 -28.11853837012807; 1.8085106382978724 -36.625213889634715; 2.021276595744681 -61.65475722243763; 2.234042553191489 -92.89298592657717; 2.4468085106382977 -123.9360743571435; 2.6595744680851063 -94.65366377766539; 2.872340425531915 -353.1072845967635; 3.0851063829787235 -258.60599001555426; 3.297872340425532 -322.92498746209986; 3.5106382978723403 -383.25485585104366; 3.723404255319149 -472.39453351532643; 3.9361702127659575 -546.5329642600236; 4.148936170212766 -649.3470364493281; 4.361702127659575 -908.8254660846636; 4.574468085106383 -879.5274580063397; 4.787234042553192 -1007.7331181141226; 5.0 -1345.5510470092293]
npts :	48
nout :	10
model :	(x,t) -> x[1]*t[1]^3 + x[2]*t[1]^2 + x[3]*t[1] + x[4] - t[2] 
dim :	4
cluster :	false
noise :	false
solution :	[-8.9, -2.4, 4.2, -3.6]
description :	type2: cubic model
