name :	cubic
data :	[-5.0 -683.122995917926; -4.84375 -623.8367857620448; -4.6875 -549.6546602355093; -4.53125 -498.5390563476359; -4.375 -439.0078759060759; -4.21875 -385.0798361517487; -4.0625 -341.36852460358693; -3.90625 -301.45707052439826; -3.75 -264.4625078274817; -3.59375 -222.6530343923111; -3.4375 -189.81373842956495; -3.28125 -167.52476033785297; -3.125 -136.66096058053043; -2.96875 -118.65974891046493; -2.8125 -98.07893366223811; -2.65625 -87.40625417357407; -2.5 -59.527355305677695; -2.34375 -56.687551168733364; -2.1875 -40.08397348513124; -2.03125 -32.35567790938106; -1.875 -26.586791864973733; -1.71875 -15.920690934092848; -1.5625 -23.687685957181074; -1.40625 -289.1287153821847; -1.25 -15.777618380025809; -1.09375 -289.33045595518996; -0.9375 -6.671291437480461; -0.78125 -7.260331301224369; -0.625 -4.266226619280134; -0.46875 -19.960552176270483; -0.3125 -19.562580771822716; -0.15625 168.06988934169232; 0.0 -24.84084553650368; 0.15625 -18.462921403773592; 0.3125 -12.423695103641167; 0.46875 -19.322761827466856; 0.625 -12.728872119281213; 0.78125 -10.200888890695538; 0.9375 -14.753201623579669; 1.09375 286.5737659317637; 1.25 -132.7464884044647; 1.40625 17.19003744062826; 1.5625 13.909335970722037; 1.71875 33.166314268626635; 1.875 89.88129259461822; 2.03125 93.215300074304; 2.1875 426.1322206747559; 2.34375 102.03634903037265; 2.5 124.31879927267434; 2.65625 165.89854964048703; 2.8125 187.11951399277896; 2.96875 219.0932205867225; 3.125 268.1412557267291; 3.28125 126.68691575547354; 3.4375 353.51391499458896; 3.59375 401.3891544858858; 3.75 456.44259554100773; 3.90625 517.610651021717; 4.0625 554.884782569869; 4.21875 453.09174643231677; 4.375 750.0236218268559; 4.53125 788.8453381144511; 4.6875 878.315472125662; 4.84375 959.16834132943; 5.0 1050.906675258885]
npts :	65
nout :	13
model :	(x,t) -> x[1]*t[1]^3 + x[2]*t[1]^2 + x[3]*t[1] + x[4] - t[2] 
dim :	4
cluster :	false
noise :	false
solution :	[7.2, 8.1, -5.5, -4.1]
description :	type2: cubic model
