name :	cubic
data :	[-5.0 -925.1662700203314; -4.791666666666667 -786.9826389092278; -4.583333333333333 -550.4075020749353; -4.375 -600.6851999523905; -4.166666666666667 -672.9585626431585; -3.9583333333333335 -446.66759746034916; -3.75 -381.3436722309395; -3.5416666666666665 -328.84330585048417; -3.3333333333333335 -271.48944347342166; -3.125 -219.4673753263629; -2.9166666666666665 -188.8697118827762; -2.7083333333333335 142.346291704381; -2.5 -114.69469547914315; -2.2916666666666665 -86.47356027922379; -2.0833333333333335 -62.56312385163034; -1.875 -50.1750089972628; -1.6666666666666667 -34.87583387890092; -1.4583333333333333 -286.21184034904456; -1.25 -10.02468576127571; -1.0416666666666667 -5.056387139816128; -0.8333333333333334 -3.775474912079858; -0.625 0.10871925096579105; -0.4166666666666667 -0.40155753195572785; -0.20833333333333334 448.6671812325976; 0.0 -0.6173131339594295; 0.20833333333333334 -2.7391967063396105; 0.4166666666666667 -192.13088863627186; 0.625 -2.5789812544643294; 0.8333333333333334 -9.696716763275731; 1.0416666666666667 13.712413706460591; 1.25 -12.3600634350766; 1.4583333333333333 -5.82797037758049; 1.6666666666666667 3.977561142440601; 1.875 11.1446677769536; 2.0833333333333335 24.37888887105859; 2.2916666666666665 36.968742683731776; 2.5 52.571098234554974; 2.7083333333333335 71.47694049741277; 2.9166666666666665 92.5809001351825; 3.125 123.09633316234013; 3.3333333333333335 273.1916027428324; 3.5416666666666665 205.61151876913846; 3.75 254.36284334587117; 3.9583333333333335 140.15045333624101; 4.166666666666667 360.1011084709612; 4.375 428.92184584318136; 4.583333333333333 493.99346060707563; 4.791666666666667 579.7166345448547; 5.0 657.3395040878346]
npts :	49
nout :	10
model :	(x,t) -> x[1]*t[1]^3 + x[2]*t[1]^2 + x[3]*t[1] + x[4] - t[2] 
dim :	4
cluster :	false
noise :	false
solution :	[6.5, -4.6, -6.7, 9.9]
description :	type2: cubic model
