name :	cubic
data :	[-5.0 -826.8439531361237; -4.6 -626.3145522725571; -4.2 -459.9413291199874; -3.8 -328.19413698409267; -3.4 -214.48732981505725; -3.0 -128.93928950726828; -2.6 -77.6419216371957; -2.2 -27.057533969064515; -1.8 2.790658838537137; -1.4 17.52394624119207; -1.0 26.86263520229037; -0.6 27.444688713163742; -0.2 25.86213702994975; 0.2 23.541542705146576; 0.6 -405.5822701860568; 1.0 65.06842646270678; 1.4 73.83923436329952; 1.8 103.06302675522372; 2.2 158.87808929902553; 2.6 244.2586929687098; 3.0 89.28352647099771; 3.4 469.4897378241006; 3.8 617.9708735580205; 4.2 553.0184158675213; 4.6 1041.4395761558153; 5.0 973.3892036968516]
npts :	26
nout :	5
model :	(x,t) -> x[1]*t[1]^3 + x[2]*t[1]^2 + x[3]*t[1] + x[4] - t[2] 
dim :	4
cluster :	false
noise :	false
solution :	[8.4, 8.6, 3.2, 9.3]
description :	type2: cubic model
