name :	cubic
data :	[-5.0 -493.4375453381524; -4.827586206896552 -276.7387712867833; -4.655172413793103 -386.7255996212489; -4.482758620689655 -338.025319821712; -4.310344827586207 -297.5760403453378; -4.137931034482759 -259.78949902466957; -3.9655172413793105 -379.9191885121347; -3.793103448275862 -317.80455614473635; -3.6206896551724137 -176.37766801316596; -3.4482758620689653 -138.1686589380879; -3.2758620689655173 -123.25763004212766; -3.103448275862069 395.9133972013743; -2.9310344827586206 -89.35990852314023; -2.7586206896551726 -70.34380584191175; -2.586206896551724 -56.51447519061381; -2.413793103448276 -52.121379605676566; -2.2413793103448274 -31.989313862719428; -2.0689655172413794 113.31526555460584; -1.896551724137931 -28.11302312684898; -1.7241379310344827 -20.644091053164303; -1.5517241379310345 -6.975632136315144; -1.3793103448275863 -6.980298742489887; -1.206896551724138 -14.350123529280443; -1.0344827586206897 197.95516983786823; -0.8620689655172413 -4.6479117869034745; -0.6896551724137931 -2.853106968230443; -0.5172413793103449 -62.813805886927895; -0.3448275862068966 -5.97222304348451; -0.1724137931034483 -3.947505401031349; 0.0 336.94283775221294; 0.1724137931034483 0.855778891230818; 0.3448275862068966 -0.6757970682772587; 0.5172413793103449 0.09882524708988605; 0.6896551724137931 -3.303616756114721; 0.8620689655172413 2.489922920065725; 1.0344827586206897 14.724869566572675; 1.206896551724138 12.534973259149773; 1.3793103448275863 18.011152588568986; 1.5517241379310345 37.99688456294106; 1.7241379310344827 -57.79784182229882; 1.896551724137931 -89.09225368198344; 2.0689655172413794 78.49089114303948; 2.2413793103448274 88.45159288676048; 2.413793103448276 117.30577356534296; 2.586206896551724 133.04223382315203; 2.7586206896551726 159.63594850014977; 2.9310344827586206 191.83075419125183; 3.103448275862069 221.77589015558146; 3.2758620689655173 259.1032086424637; 3.4482758620689653 293.05942427030845; 3.6206896551724137 332.77703741011857; 3.793103448275862 381.08937749068457; 3.9655172413793105 803.3839089054421; 4.137931034482759 479.3273884664407; 4.310344827586207 538.2553102144659; 4.482758620689655 603.1582786789754; 4.655172413793103 672.1886701904223; 4.827586206896552 740.7950020458522; 5.0 816.0254988861539]
npts :	59
nout :	12
model :	(x,t) -> x[1]*t[1]^3 + x[2]*t[1]^2 + x[3]*t[1] + x[4] - t[2] 
dim :	4
cluster :	false
noise :	false
solution :	[5.1, 6.7, 2.7, 7.6]
description :	type2: cubic model
