name :	cubic
data :	[-5.0 -185.5724822803869; -4.833333333333333 -173.14751056866828; -4.666666666666667 -158.33943600283416; -4.5 -149.57030949423225; -4.333333333333333 -135.93192062186222; -4.166666666666667 -113.45598468403576; -4.0 -105.2183557958784; -3.8333333333333335 -94.23460087122257; -3.6666666666666665 -80.78374680802413; -3.5 -73.6229626732584; -3.3333333333333335 -59.94575542102986; -3.1666666666666665 -60.523906891258555; -3.0 -42.405953423184265; -2.8333333333333335 -40.43379562305297; -2.6666666666666665 413.1578042600505; -2.5 -18.05940818621313; -2.3333333333333335 -24.57898494473713; -2.1666666666666665 -11.52822166420759; -2.0 21.069745979013216; -1.8333333333333333 0.546640114197757; -1.6666666666666667 2.8167541215851024; -1.5 62.206206857662295; -1.3333333333333333 1.772660136186082; -1.1666666666666667 119.80802420157961; -1.0 12.763596910366424; -0.8333333333333334 37.39242028775423; -0.6666666666666666 20.558795036972054; -0.5 12.210343337264712; -0.3333333333333333 23.15765540693835; -0.16666666666666666 14.278847297835126; 0.0 21.647277004206888; 0.16666666666666666 18.937748131024648; 0.3333333333333333 12.613691364530617; 0.5 17.46233665149795; 0.6666666666666666 298.62945578963456; 0.8333333333333334 26.981391743843147; 1.0 3.6344388344032845; 1.1666666666666667 2.4689511530928243; 1.3333333333333333 4.414324004152803; 1.5 -8.253653205256267; 1.6666666666666667 -7.438610875630948; 1.8333333333333333 -9.500064791024652; 2.0 -6.276339383243592; 2.1666666666666665 -12.740429049828613; 2.3333333333333335 -20.83229658193007; 2.5 -29.49447425939969; 2.6666666666666665 149.85255795146523; 2.8333333333333335 -43.00655902964436; 3.0 -44.50139245271349; 3.1666666666666665 -48.82658240106993; 3.3333333333333335 -51.9094125523956; 3.5 32.00115040168943; 3.6666666666666665 108.65433720541843; 3.8333333333333335 -75.90699953143192; 4.0 -172.30053142813838; 4.166666666666667 26.837400144149484; 4.333333333333333 -26.078000690254967; 4.5 -336.6170142500074; 4.666666666666667 -103.34140233500007; 4.833333333333333 -109.6986903743668; 5.0 -124.11978959703009]
npts :	61
nout :	15
model :	(x,t) -> x[1]*t[1]^3 + x[2]*t[1]^2 + x[3]*t[1] + x[4] - t[2] 
dim :	4
cluster :	false
noise :	true
solution :	[0.4, -6.8, -2.8, 2.7]
description :	type: cubic model with noise and outliers
