name :	cubic
data :	[-5.0 560.6560304348029; -4.791666666666667 328.27183027198663; -4.583333333333333 41.98069210198372; -4.375 251.32135535293403; -4.166666666666667 222.20436198404445; -3.9583333333333335 -151.70160279495022; -3.75 158.72242100703906; -3.5416666666666665 139.35191527726874; -3.3333333333333335 75.170941574773; -3.125 86.61611422463693; -2.9166666666666665 74.7152697294063; -2.7083333333333335 54.485584555851716; -2.5 48.09259615999275; -2.2916666666666665 106.40575609727583; -2.0833333333333335 23.064951204759172; -1.875 18.960493530970634; -1.6666666666666667 1.1821301925368246; -1.4583333333333333 -0.7826701890369403; -1.25 -5.027243789746537; -1.0416666666666667 63.08157535320119; -0.8333333333333334 57.2218141032177; -0.625 -13.342020615450588; -0.4166666666666667 -17.24868469149519; -0.20833333333333334 -13.76538827151949; 0.0 -13.411288829237453; 0.20833333333333334 -20.66194462391897; 0.4166666666666667 -22.927854863639404; 0.625 -19.123715642494595; 0.8333333333333334 -29.662971216469224; 1.0416666666666667 -148.690838625729; 1.25 -31.98871213910583; 1.4583333333333333 61.8736218926209; 1.6666666666666667 29.967544158209115; 1.875 -33.20445614428763; 2.0833333333333335 -37.977854896095735; 2.2916666666666665 -48.08822024722296; 2.5 -64.80430225261526; 2.7083333333333335 42.54475298998696; 2.9166666666666665 -78.60232151361724; 3.125 -98.17301795110357; 3.3333333333333335 -109.05637861058807; 3.5416666666666665 -123.80026760935372; 3.75 -146.93865497127823; 3.9583333333333335 -163.15086334177218; 4.166666666666667 278.99385000113693; 4.375 -218.5377702739001; 4.583333333333333 -251.84334920240934; 4.791666666666667 -278.9093115357732; 5.0 -311.30085350411724]
npts :	49
nout :	12
model :	(x,t) -> x[1]*t[1]^3 + x[2]*t[1]^2 + x[3]*t[1] + x[4] - t[2] 
dim :	4
cluster :	false
noise :	true
solution :	[-2.5, 1.8, -5.7, -4.1]
description :	type: cubic model with noise and outliers
