name :	cubic
data :	[-5.0 979.3771346557321; -4.67741935483871 572.0184332578308; -4.354838709677419 461.10495588245374; -4.032258064516129 347.2902133750005; -3.7096774193548385 163.99553153421795; -3.3870967741935485 186.00126367945597; -3.064516129032258 124.01435713750502; -2.7419354838709675 76.54341235720463; -2.4193548387096775 44.22477046679941; -2.096774193548387 12.449627202863809; -1.7741935483870968 3.890111620056947; -1.4516129032258065 -13.697697507491768; -1.1290322580645162 -10.343829389111626; -0.8064516129032258 -22.87136512782687; -0.4838709677419355 -23.70354956047543; -0.16129032258064516 -16.45324696453339; 0.16129032258064516 -15.245091218138352; 0.4838709677419355 -23.7522235353981; 0.8064516129032258 -37.27346719739167; 1.1290322580645162 -44.70149942121065; 1.4516129032258065 -71.76791057936727; 1.7741935483870968 -103.19867177788743; 2.096774193548387 -141.97797118704767; 2.4193548387096775 -199.4479816856063; 2.7419354838709675 -262.44664294660294; 3.064516129032258 -340.21958646271503; 3.3870967741935485 -446.5820622110596; 3.7096774193548385 -555.9170204694578; 4.032258064516129 -767.1157943775346; 4.354838709677419 -864.1571449207853; 4.67741935483871 -1035.9227546051914; 5.0 -1707.4451410056777]
npts :	32
nout :	6
model :	(x,t) -> x[1]*t[1]^3 + x[2]*t[1]^2 + x[3]*t[1] + x[4] - t[2] 
dim :	4
cluster :	false
noise :	false
solution :	[-7.8, -9.4, -3.7, -5.7]
description :	type2: cubic model
