name :	cubic
data :	[-5.0 -158.94152789444638; -4.333333333333333 -111.95710501012087; -3.6666666666666665 -59.84994314450075; -3.0 -31.449532638337164; -2.3333333333333335 -23.101675950036526; -1.6666666666666667 130.87402103748425; -1.0 -15.940078553135455; -0.3333333333333333 -20.987283627571113; 0.3333333333333333 -20.252919026522573; 1.0 -24.143824281811984; 1.6666666666666667 105.9451573744097; 2.3333333333333335 0.30230800944875824; 3.0 31.031267218175245; 3.6666666666666665 74.95143411789725; 4.333333333333333 136.72251715696137; 5.0 216.40815408922595]
npts :	16
nout :	3
model :	(x,t) -> x[1]*t[1]^3 + x[2]*t[1]^2 + x[3]*t[1] + x[4] - t[2] 
dim :	4
cluster :	false
noise :	false
solution :	[1.7, 1.7, -4.2, -6.2]
description :	type2: cubic model
