name :	cubic
data :	[-5.0 -837.368104802641; -4.824561403508772 -755.7818092991698; -4.649122807017544 -678.4630088329895; -4.473684210526316 -610.2918727036777; -4.298245614035087 -548.5014640779798; -4.12280701754386 -487.75793489447176; -3.9473684210526314 -420.83219182303924; -3.7719298245614037 -244.65829971310828; -3.5964912280701755 -343.10858958335353; -3.4210526315789473 -274.8861042298471; -3.245614035087719 -338.50033801114415; -3.0701754385964914 -209.67178276325316; -2.8947368421052633 -330.20267445123585; -2.719298245614035 -148.00036677237517; -2.543859649122807 -123.93629862931606; -2.3684210526315788 -101.6587840940898; -2.192982456140351 47.51689437100865; -2.017543859649123 -54.5797034731934; -1.8421052631578947 -49.0679328761551; -1.6666666666666667 -36.00793944748722; -1.4912280701754386 -27.23187518448405; -1.3157894736842106 -14.464959133733215; -1.1403508771929824 -3.6317874187373462; -0.9649122807017544 -2.7582982014304527; -0.7894736842105263 -2.127626046396049; -0.6140350877192983 -0.14794245484644541; -0.43859649122807015 8.755243087601304; -0.2631578947368421 10.25925358844125; -0.08771929824561403 0.4479654957524506; 0.08771929824561403 -542.5234062348514; 0.2631578947368421 313.7146595320262; 0.43859649122807015 4.458019602747493; 0.6140350877192983 -7.2039814588438595; 0.7894736842105263 -3.6028100034351276; 0.9649122807017544 158.12580651098637; 1.1403508771929824 -128.03130574356734; 1.3157894736842106 -0.665279848855608; 1.4912280701754386 4.085878052611921; 1.6666666666666667 -4.238892438516965; 1.8421052631578947 5.996963809193051; 2.017543859649123 14.800108389161897; 2.192982456140351 21.40115541745531; 2.3684210526315788 32.79582683474049; 2.543859649122807 71.80606462102797; 2.719298245614035 51.78464279822439; 2.8947368421052633 66.8035365051637; 3.0701754385964914 -90.00269184111283; 3.245614035087719 99.11617048176481; 3.4210526315789473 132.77189950287863; 3.5964912280701755 160.71348334153646; 3.7719298245614037 181.65969129336307; 3.9473684210526314 216.29616283768368; 4.12280701754386 260.03064431712653; 4.298245614035087 301.47314093735883; 4.473684210526316 343.6223589819057; 4.649122807017544 394.5282641336312; 4.824561403508772 196.7482666624944; 5.0 500.86536285875314]
npts :	58
nout :	12
model :	(x,t) -> x[1]*t[1]^3 + x[2]*t[1]^2 + x[3]*t[1] + x[4] - t[2] 
dim :	4
cluster :	false
noise :	false
solution :	[5.6, -6.9, -5.6, -9.5]
description :	type2: cubic model
