name :	cubic
data :	[-5.0 -83.19863387201153; -4.444444444444445 -48.99728486224984; -3.888888888888889 -12.76373873316858; -3.3333333333333335 -45.15490767678244; -2.7777777777777777 13.55826788691615; -2.2222222222222223 10.493077556821536; -1.6666666666666667 0.35863184111891044; -1.1111111111111112 2.822463174615816; -0.5555555555555556 -10.732147044347172; 0.0 -15.061562254775868; 0.5555555555555556 -14.11419580781177; 1.1111111111111112 -15.876190949599474; 1.6666666666666667 55.50097823464659; 2.2222222222222223 210.22286278314704; 2.7777777777777777 55.95679054220845; 3.3333333333333335 91.34717845900734; 3.888888888888889 150.26640145394424; 4.444444444444445 396.90682145471106; 5.0 337.49041753219166]
npts :	19
nout :	4
model :	(x,t) -> x[1]*t[1]^3 + x[2]*t[1]^2 + x[3]*t[1] + x[4] - t[2] 
dim :	4
cluster :	false
noise :	false
solution :	[2.0, 5.4, -8.0, 2.0]
description :	type2: cubic model
