name :	cubic
data :	[-5.0 -1288.7325019422237; -4.821428571428571 -1157.6164262332525; -4.642857142857143 -760.3079742814505; -4.464285714285714 -925.9716324640062; -4.285714285714286 -829.6572979499333; -4.107142857142857 -737.2906019336048; -3.9285714285714284 -554.1913925206641; -3.75 -563.6089524165379; -3.5714285714285716 -488.5316332199802; -3.392857142857143 -421.3465920197818; -3.2142857142857144 -367.03662587505374; -3.0357142857142856 -310.98381659982755; -2.857142857142857 -261.90352050231036; -2.6785714285714284 -115.13373855978207; -2.5 -180.35302937134844; -2.3214285714285716 -150.2204861814211; -2.142857142857143 -8.450643760099183; -1.9642857142857142 -102.43559390598301; -1.7857142857142858 -79.69344397865164; -1.6071428571428572 -59.98712188315527; -1.4285714285714286 -53.92796397374745; -1.25 -46.60840561541432; -1.0714285714285714 -27.227800616887425; -0.8928571428571429 -24.709729415421982; -0.7142857142857143 -303.8222088449491; -0.5357142857142857 -16.656642190438813; -0.35714285714285715 -201.99441697797334; -0.17857142857142858 91.7274518818071; 0.0 -13.08526045837398; 0.17857142857142858 -14.406488779105008; 0.35714285714285715 -20.423599840983236; 0.5357142857142857 -16.21208782116217; 0.7142857142857143 -17.77552095907247; 0.8928571428571429 -9.338921805666136; 1.0714285714285714 -6.04274862451566; 1.25 -9.903643772322628; 1.4285714285714286 -3.029113784722181; 1.6071428571428572 -61.46518024148992; 1.7857142857142858 25.05213784552864; 1.9642857142857142 35.33471634808269; 2.142857142857143 60.272395287979975; 2.3214285714285716 70.98972594565862; 2.5 105.61559080318293; 2.6785714285714284 126.52798982470213; 2.857142857142857 164.26447406324672; 3.0357142857142856 -167.23067862800357; 3.2142857142857144 494.1812790425588; 3.392857142857143 52.76735965069372; 3.5714285714285716 357.5065549459283; 3.75 427.8617782908688; 3.9285714285714284 644.6315577554333; 4.107142857142857 564.6284376827624; 4.285714285714286 657.5801424461778; 4.464285714285714 618.8864792007956; 4.642857142857143 842.5332965098241; 4.821428571428571 953.475263870688; 5.0 908.592760133415]
npts :	57
nout :	14
model :	(x,t) -> x[1]*t[1]^3 + x[2]*t[1]^2 + x[3]*t[1] + x[4] - t[2] 
dim :	4
cluster :	false
noise :	true
solution :	[9.5, -3.8, -1.6, -4.3]
description :	type: cubic model with noise and outliers
