name :	cubic
data :	[-5.0 -338.5224795330307; -4.818181818181818 -294.28643098998964; -4.636363636363637 -276.36965720954885; -4.454545454545454 324.0279125808292; -4.2727272727272725 -335.0797664061108; -4.090909090909091 -362.8174823556689; -3.909090909090909 -165.78287854475258; -3.727272727272727 -145.74676553091032; -3.5454545454545454 -136.26593455528067; -3.3636363636363638 -113.99346435986497; -3.1818181818181817 -154.96138453914546; -3.0 -89.45497535569982; -2.8181818181818183 -39.5340520704211; -2.6363636363636362 -61.239041269758076; -2.4545454545454546 -53.9723692631854; -2.272727272727273 -34.42663218637003; -2.090909090909091 -32.27758304786125; -1.9090909090909092 -23.149344759700078; -1.7272727272727273 -12.167137977919932; -1.5454545454545454 -5.276337986882702; -1.3636363636363635 -424.09012870780464; -1.1818181818181819 -0.4937753444464086; -1.0 5.926298945445524; -0.8181818181818182 3.4785522011167718; -0.6363636363636364 3.9161092603839895; -0.45454545454545453 3.8331236903222123; -0.2727272727272727 8.561213771429992; -0.09090909090909091 12.99701289932391; 0.09090909090909091 15.011096485705897; 0.2727272727272727 15.703239878760472; 0.45454545454545453 19.401317770404773; 0.6363636363636364 -70.18286981297689; 0.8181818181818182 149.20911481981324; 1.0 97.82494100912373; 1.1818181818181819 27.098323277846987; 1.3636363636363635 -35.70790559566845; 1.5454545454545454 31.85569247757129; 1.7272727272727273 39.91491611152909; 1.9090909090909092 42.23467671856656; 2.090909090909091 39.24030315133672; 2.272727272727273 50.772707857775686; 2.4545454545454546 52.680317138269615; 2.6363636363636362 59.05488714100106; 2.8181818181818183 70.10815062951829; 3.0 88.42349483782783; 3.1818181818181817 88.03894345491986; 3.3636363636363638 98.70092795974888; 3.5454545454545454 121.41050612234724; 3.727272727272727 133.21001622089412; 3.909090909090909 147.88622595628527; 4.090909090909091 344.12048503885023; 4.2727272727272725 211.81611702852888; 4.454545454545454 211.3230224001847; 4.636363636363637 216.89528734877481; 4.818181818181818 260.8832476148622; 5.0 358.87599757090334]
npts :	56
nout :	14
model :	(x,t) -> x[1]*t[1]^3 + x[2]*t[1]^2 + x[3]*t[1] + x[4] - t[2] 
dim :	4
cluster :	false
noise :	true
solution :	[2.1, -1.6, 8.8, -0.2]
description :	type: cubic model with noise and outliers
