name :	cubic
data :	[-5.0 455.0586486387351; -4.705882352941177 363.241881003745; -4.411764705882353 299.50312055595083; -4.117647058823529 239.79686947985394; -3.823529411764706 185.4838070306051; -3.5294117647058822 130.43633744885432; -3.235294117647059 96.90019302879465; -2.9411764705882355 71.20049182421313; -2.6470588235294117 55.48417430102298; -2.3529411764705883 35.15825637635891; -2.0588235294117645 29.13452753245985; -1.7647058823529411 19.853811314087334; -1.4705882352941178 10.78344489264031; -1.1764705882352942 12.461473124606869; -0.8823529411764706 16.92884028752418; -0.5882352941176471 -175.93262902998796; -0.29411764705882354 -131.65640618737123; 0.0 249.15008634656704; 0.29411764705882354 17.173577821976288; 0.5882352941176471 -61.67398176798257; 0.8823529411764706 6.073558207782473; 1.1764705882352942 -1.714141825220194; 1.4705882352941178 -10.32432520867485; 1.7647058823529411 -32.11305845081188; 2.0588235294117645 -66.33923884545233; 2.3529411764705883 -96.03514518347964; 2.6470588235294117 -179.08183786860823; 2.9411764705882355 -99.92352635263981; 3.235294117647059 -231.1223422923715; 3.5294117647058822 -294.5513813668675; 3.823529411764706 -375.8012309258036; 4.117647058823529 -462.98133960692223; 4.411764705882353 -571.4910005271996; 4.705882352941177 -866.7753542914288; 5.0 -806.2631072065211]
npts :	35
nout :	9
model :	(x,t) -> x[1]*t[1]^3 + x[2]*t[1]^2 + x[3]*t[1] + x[4] - t[2] 
dim :	4
cluster :	false
noise :	true
solution :	[-5.1, -7.8, 1.6, 0.3]
description :	type: cubic model with noise and outliers
