name :	cubic
data :	[-5.0 -764.3375501022034; -4.743589743589744 -647.7896155821264; -4.487179487179487 -555.7363036131346; -4.230769230769231 -462.04423452412135; -3.9743589743589745 -388.552307403748; -3.717948717948718 -311.10955666002997; -3.4615384615384617 -258.52140438675775; -3.2051282051282053 -201.53199791762768; -2.948717948717949 -167.19657341428777; -2.6923076923076925 149.7942125770692; -2.4358974358974357 -92.980054472742; -2.1794871794871793 -71.60897513224339; -1.9230769230769231 -40.62893395526237; -1.6666666666666667 -26.680511194821904; -1.4102564102564104 -17.164661347128487; -1.1538461538461537 -20.308335847505102; -0.8974358974358975 -22.40582226566688; -0.6410256410256411 -0.17278694783751725; -0.38461538461538464 -2.4194810653319916; -0.1282051282051282 29.06052636380035; 0.1282051282051282 -112.62120990750861; 0.38461538461538464 308.54559348585894; 0.6410256410256411 12.916875227695211; 0.8974358974358975 -100.46558982921793; 1.1538461538461537 -3.2860864837107115; 1.4102564102564104 27.029728147239616; 1.6666666666666667 47.53585800969134; 1.9230769230769231 63.266895988231504; 2.1794871794871793 87.20213984045306; 2.4358974358974357 112.59197949764649; 2.6923076923076925 -32.05811750863191; 2.948717948717949 185.51342140340083; 3.2051282051282053 224.278565296387; 3.4615384615384617 275.0490747705847; 3.717948717948718 350.1190248685719; 3.9743589743589745 415.94777782675436; 4.230769230769231 690.434612041147; 4.487179487179487 586.958827914526; 4.743589743589744 681.6263952157694; 5.0 804.2892855944086]
npts :	40
nout :	10
model :	(x,t) -> x[1]*t[1]^3 + x[2]*t[1]^2 + x[3]*t[1] + x[4] - t[2] 
dim :	4
cluster :	false
noise :	true
solution :	[6.0, 0.6, 6.0, -9.5]
description :	type: cubic model with noise and outliers
