name :	cubic
data :	[-5.0 -361.3680439077818; -4.811320754716981 -318.6739384151601; -4.622641509433962 -134.45934189024842; -4.433962264150943 -240.4624967116208; -4.245283018867925 -220.66079578436162; -4.056603773584905 -280.00053703977676; -3.8679245283018866 -162.1559427812539; -3.6792452830188678 -136.1277719425247; -3.490566037735849 -109.85769740848559; -3.30188679245283 -96.54559909564213; -3.1132075471698113 -76.77768008651967; -2.9245283018867925 -70.85631634899373; -2.7358490566037736 -60.90585800493746; -2.547169811320755 -43.57852629103012; -2.358490566037736 -30.063422589557174; -2.169811320754717 -23.907090397986046; -1.9811320754716981 13.538609036363535; -1.7924528301886793 -18.666030512518812; -1.6037735849056605 -18.712971872885355; -1.4150943396226414 112.67496499326907; -1.2264150943396226 -131.3660370145277; -1.0377358490566038 -16.0281146544449; -0.8490566037735849 -89.84351118850866; -0.660377358490566 -5.833830317318586; -0.4716981132075472 -4.881441067972737; -0.2830188679245283 162.47252392679144; -0.09433962264150944 -3.1396831031570445; 0.09433962264150944 90.03767370578564; 0.2830188679245283 184.57274991572262; 0.4716981132075472 -12.465197935729837; 0.660377358490566 -7.268157136316157; 0.8490566037735849 -3.2930427631424264; 1.0377358490566038 -5.905002007270543; 1.2264150943396226 -1.9321034267402162; 1.4150943396226414 4.332381237469141; 1.6037735849056605 12.686390574806474; 1.7924528301886793 -258.6472308571128; 1.9811320754716981 30.076385801524633; 2.169811320754717 34.91126201041204; 2.358490566037736 48.74892620437617; 2.547169811320755 56.497617060985135; 2.7358490566037736 77.62741098663822; 2.9245283018867925 98.43244025783657; 3.1132075471698113 112.43726357439294; 3.30188679245283 138.39070655146335; 3.490566037735849 168.31589220788976; 3.6792452830188678 192.56248235783752; 3.8679245283018866 222.84794853976084; 4.056603773584905 263.8728424988575; 4.245283018867925 295.3955055405239; 4.433962264150943 341.27706987819; 4.622641509433962 375.4430282088115; 4.811320754716981 421.23258143343514; 5.0 481.9910813147225]
npts :	54
nout :	11
model :	(x,t) -> x[1]*t[1]^3 + x[2]*t[1]^2 + x[3]*t[1] + x[4] - t[2] 
dim :	4
cluster :	false
noise :	false
solution :	[3.4, 2.8, -1.2, 4.3]
description :	type2: cubic model
