name :	cubic
data :	[-5.0 704.1824108064432; -4.795918367346939 506.1001979042376; -4.591836734693878 529.4527356411738; -4.387755102040816 454.06658396579076; -4.183673469387755 400.4499239178835; -3.979591836734694 67.733700733918; -3.7755102040816326 281.888512816708; -3.5714285714285716 228.55476723257675; -3.36734693877551 195.17771586116953; -3.163265306122449 149.49147232204453; -2.9591836734693877 260.2351917650191; -2.7551020408163267 101.14447932303395; -2.5510204081632653 74.73998263422536; -2.3469387755102042 106.87632729612984; -2.142857142857143 36.140147121431085; -1.9387755102040816 21.806454481125108; -1.7346938775510203 6.60530900233891; -1.530612244897959 -3.49230100648057; -1.3265306122448979 -4.726933260874896; -1.1224489795918366 -5.808797890738852; -0.9183673469387755 -233.84170037870743; -0.7142857142857143 -21.734932800721552; -0.5102040816326531 -14.92026124023899; -0.30612244897959184 41.80945067274757; -0.10204081632653061 -16.766912208444804; 0.10204081632653061 -19.051737640608653; 0.30612244897959184 -9.035488845029409; 0.5102040816326531 -17.58154553432867; 0.7142857142857143 -23.372234766847374; 0.9183673469387755 -29.615291603194; 1.1224489795918366 -25.86347309924046; 1.3265306122448979 -33.39891906933646; 1.530612244897959 -71.81588740712454; 1.7346938775510203 -68.42506053327614; 1.9387755102040816 -80.48629778304905; 2.142857142857143 -107.39770219626458; 2.3469387755102042 -121.54025540928978; 2.5510204081632653 -157.6271530610946; 2.7551020408163267 -193.711045966969; 2.9591836734693877 -232.2661159251328; 3.163265306122449 -271.43180723387394; 3.36734693877551 -314.7893371796017; 3.5714285714285716 -373.1736780189453; 3.7755102040816326 -437.6320046970328; 3.979591836734694 -1019.7182791900877; 4.183673469387755 -580.32541916708; 4.387755102040816 -663.6540480302399; 4.591836734693878 -751.2068029006492; 4.795918367346939 -839.2730601169575; 5.0 -960.9487812305372]
npts :	50
nout :	10
model :	(x,t) -> x[1]*t[1]^3 + x[2]*t[1]^2 + x[3]*t[1] + x[4] - t[2] 
dim :	4
cluster :	false
noise :	false
solution :	[-6.5, -4.4, -2.1, 0.1]
description :	type2: cubic model
