name :	cubic
data :	[-5.0 968.7971897754542; -4.782608695652174 935.0335003471906; -4.565217391304348 822.2550805712702; -4.3478260869565215 417.44461411033626; -4.130434782608695 607.1543177346117; -3.9130434782608696 513.3873450236209; -3.6956521739130435 433.95750519737135; -3.4782608695652173 369.4212839537113; -3.260869565217391 303.29387087769055; -3.0434782608695654 244.2486315172455; -2.8260869565217392 193.74514011724108; -2.608695652173913 160.3656790587697; -2.391304347826087 115.97495052951369; -2.1739130434782608 87.90208825816795; -1.9565217391304348 178.83840189353566; -1.7391304347826086 27.36573681037333; -1.5217391304347827 27.69075153036703; -1.3043478260869565 -169.51823300724044; -1.0869565217391304 -0.5994602393959454; -0.8695652173913043 0.7596224762486408; -0.6521739130434783 -9.766998538795566; -0.43478260869565216 -1.1069785000810572; -0.21739130434782608 0.07507364671920946; 0.0 -2.865581482100824; 0.21739130434782608 -8.198661565442542; 0.43478260869565216 0.5370381616413322; 0.6521739130434783 -3.2307048750235445; 0.8695652173913043 -0.9031225342526294; 1.0869565217391304 24.670032421233273; 1.3043478260869565 229.59772454052438; 1.5217391304347827 236.21553001126415; 1.7391304347826086 -20.68397106842287; 1.9565217391304348 -223.76033670882262; 2.1739130434782608 -60.092699730913125; 2.391304347826087 -72.15084449332831; 2.608695652173913 -102.87586221365795; 2.8260869565217392 -132.07167991311306; 3.0434782608695654 -167.4540501544794; 3.260869565217391 -211.54371670960919; 3.4782608695652173 -68.74013749919982; 3.6956521739130435 -328.57202582106544; 3.9130434782608696 -387.41630146336945; 4.130434782608695 -470.5571793478216; 4.3478260869565215 -546.2563015837871; 4.565217391304348 -439.3115173220099; 4.782608695652174 -470.9721662026544; 5.0 -862.0729214610071]
npts :	47
nout :	12
model :	(x,t) -> x[1]*t[1]^3 + x[2]*t[1]^2 + x[3]*t[1] + x[4] - t[2] 
dim :	4
cluster :	false
noise :	true
solution :	[-7.9, 4.5, 4.6, 9.1]
description :	type: cubic model with noise and outliers
