name :	cubic
data :	[-5.0 -1460.358988377865; -4.565217391304348 -917.9657908073718; -4.130434782608695 -681.2579152781616; -3.6956521739130435 -483.7423893475228; -3.260869565217391 -311.0876424896066; -2.8260869565217392 -223.9905480570434; -2.391304347826087 -138.35613318210477; -1.9565217391304348 -83.2434013629706; -1.5217391304347827 -34.55708816875398; -1.0869565217391304 -23.444540311325213; -0.6521739130434783 -13.118057111650845; -0.21739130434782608 -13.060218705350739; 0.21739130434782608 -1.502628237241236; 0.6521739130434783 33.021793633499044; 1.0869565217391304 14.125473507099533; 1.5217391304347827 35.64979987881119; 1.9565217391304348 42.22164946797138; 2.391304347826087 453.2109727048703; 2.8260869565217392 231.01602819944657; 3.260869565217391 349.17997137959134; 3.6956521739130435 503.5645169665354; 4.130434782608695 704.6974891842622; 4.565217391304348 953.617383956086; 5.0 1254.040489167852]
npts :	24
nout :	5
model :	(x,t) -> x[1]*t[1]^3 + x[2]*t[1]^2 + x[3]*t[1] + x[4] - t[2] 
dim :	4
cluster :	false
noise :	false
solution :	[9.7, 1.3, 2.3, 7.5]
description :	type2: cubic model
