name :	cubic
data :	[-5.0 1206.2489136216425; -4.642857142857143 980.5174191979504; -4.285714285714286 783.4685445858772; -3.9285714285714284 519.4946289756533; -3.5714285714285716 483.159984256483; -3.2142857142857144 359.17431603344886; -2.857142857142857 264.77695116789664; -2.5 184.9695058669259; -2.142857142857143 134.18340125147358; -1.7857142857142858 82.27482629784656; -1.4285714285714286 56.20054299812209; -1.0714285714285714 26.903438756212957; -0.7142857142857143 13.782141174710379; -0.35714285714285715 4.881035237498847; 0.0 10.05741480952417; 0.35714285714285715 5.36299878487646; 0.7142857142857143 5.014061472304079; 1.0714285714285714 8.546158356666968; 1.4285714285714286 76.49201723411383; 1.7857142857142858 -20.390840155230038; 2.142857142857143 -42.067464585658726; 2.5 126.53750914409386; 2.857142857142857 -125.48367705379559; 3.2142857142857144 -140.9745786082181; 3.5714285714285716 -31.307124745554745; 3.9285714285714284 -348.7787789746605; 4.285714285714286 -497.08764203221125; 4.642857142857143 -692.2492731668813; 5.0 -825.2346762616141]
npts :	29
nout :	7
model :	(x,t) -> x[1]*t[1]^3 + x[2]*t[1]^2 + x[3]*t[1] + x[4] - t[2] 
dim :	4
cluster :	false
noise :	true
solution :	[-8.0, 7.3, -3.7, -6.1]
description :	type: cubic model with noise and outliers
