name :	cubic
data :	[-5.0 -391.10891054349344; -4.833333333333333 -349.27868335708155; -4.666666666666667 -315.62260908657305; -4.5 -287.15154749628647; -4.333333333333333 -259.5603597632944; -4.166666666666667 -230.15197216905682; -4.0 -298.3237170514803; -3.8333333333333335 -180.67201858805925; -3.6666666666666665 -161.58582684204242; -3.5 -139.17076304957078; -3.3333333333333335 243.37829536766077; -3.1666666666666665 -113.2680443172655; -3.0 -97.86061219704675; -2.8333333333333335 -77.76102383344839; -2.6666666666666665 -67.9108459577582; -2.5 -63.78178807167073; -2.3333333333333335 -53.48185968452293; -2.1666666666666665 -134.39368280145152; -2.0 11.66169199094998; -1.8333333333333333 -36.9811959122368; -1.6666666666666667 -25.596914112584628; -1.5 -17.692861270977485; -1.3333333333333333 -23.81586862003805; -1.1666666666666667 -13.992318490983703; -1.0 -21.951216251823094; -0.8333333333333334 -22.429155612189042; -0.6666666666666666 -20.36128915559164; -0.5 -19.460838082468484; -0.3333333333333333 -102.3074822568033; -0.16666666666666666 195.30860021801755; 0.0 -12.839103190603652; 0.16666666666666666 -22.31788179933523; 0.3333333333333333 -16.790904395111355; 0.5 -12.619023191918691; 0.6666666666666666 -14.774827525985312; 0.8333333333333334 -14.433750713126786; 1.0 -15.105280881060121; 1.1666666666666667 -17.785023380144224; 1.3333333333333333 -8.990505136449142; 1.5 -14.599312503762828; 1.6666666666666667 -53.383405924551916; 1.8333333333333333 -0.715800711019309; 2.0 -5.500942791211411; 2.1666666666666665 1.2337413279692413; 2.3333333333333335 15.790694393110117; 2.5 26.820203255240408; 2.6666666666666665 33.15953908310453; 2.8333333333333335 166.80847590091545; 3.0 -75.59709318663248; 3.1666666666666665 61.086396890927205; 3.3333333333333335 79.49157846796547; 3.5 103.55773355017497; 3.6666666666666665 156.1929972492728; 3.8333333333333335 131.631185297992; 4.0 -12.239098496635933; 4.166666666666667 230.63412005638088; 4.333333333333333 204.22713539990696; 4.5 237.42731206509433; 4.666666666666667 270.3538207095367; 4.833333333333333 296.9728502022974; 5.0 331.61090472196923]
npts :	61
nout :	12
model :	(x,t) -> x[1]*t[1]^3 + x[2]*t[1]^2 + x[3]*t[1] + x[4] - t[2] 
dim :	4
cluster :	false
noise :	false
solution :	[3.0, -0.3, -2.7, -3.8]
description :	type2: cubic model
