name :	cubic
data :	[-5.0 1284.2364441404984; -4.811320754716981 1149.9764482231892; -4.622641509433962 900.252704634888; -4.433962264150943 811.3022955081102; -4.245283018867925 694.4559727322311; -4.056603773584905 711.8379589048446; -3.8679245283018866 624.0772427042757; -3.6792452830188678 221.5929060212107; -3.490566037735849 407.86911928171776; -3.30188679245283 -51.30032791666139; -3.1132075471698113 344.93922065213246; -2.9245283018867925 289.41457989799426; -2.7358490566037736 227.70514503901308; -2.547169811320755 196.36687639911153; -2.358490566037736 451.2567658169728; -2.169811320754717 128.54527245587678; -1.9811320754716981 109.8435453737926; -1.7924528301886793 -235.54666977977956; -1.6037735849056605 69.25116187493407; -1.4150943396226414 51.964161199852846; -1.2264150943396226 37.74615212939946; -1.0377358490566038 30.22044537151224; -0.8490566037735849 24.67137245833043; -0.660377358490566 24.267642324736233; -0.4716981132075472 18.4908480345183; -0.2830188679245283 9.715692795163331; -0.09433962264150944 21.332228140144196; 0.09433962264150944 20.86328255651883; 0.2830188679245283 12.885573442266484; 0.4716981132075472 12.311794629656816; 0.660377358490566 5.204620855816604; 0.8490566037735849 2.8688374608268754; 1.0377358490566038 0.8293836395775323; 1.2264150943396226 -5.063329298676912; 1.4150943396226414 -10.163496754922008; 1.6037735849056605 -25.742871636562384; 1.7924528301886793 -31.399703994111167; 1.9811320754716981 -54.76873797613591; 2.169811320754717 -76.36868644879924; 2.358490566037736 -102.12335216535142; 2.547169811320755 -128.12482957946136; 2.7358490566037736 -161.21050416752888; 2.9245283018867925 -201.83296194902792; 3.1132075471698113 -241.8821546966072; 3.30188679245283 -300.98039375702893; 3.490566037735849 -350.8067584946694; 3.6792452830188678 -414.0172171784382; 3.8679245283018866 -256.59110333161993; 4.056603773584905 -572.3442059194992; 4.245283018867925 -659.8130473759246; 4.433962264150943 -750.4459428397665; 4.622641509433962 -849.3125605546362; 4.811320754716981 -1278.9601135711898; 5.0 -1082.3933351259489]
npts :	54
nout :	11
model :	(x,t) -> x[1]*t[1]^3 + x[2]*t[1]^2 + x[3]*t[1] + x[4] - t[2] 
dim :	4
cluster :	false
noise :	false
solution :	[-9.3, 3.2, -4.3, 0.7]
description :	type2: cubic model
