name :	cubic
data :	[-5.0 1039.5578025031884; -4.666666666666667 858.832188529488; -4.333333333333333 711.8668621181882; -4.0 542.1448076933337; -3.6666666666666665 776.4841213009472; -3.3333333333333335 168.07110342895268; -3.0 227.49459336231078; -2.6666666666666665 152.49164774901402; -2.3333333333333335 99.55671654241053; -2.0 59.24378478697764; -1.6666666666666667 23.043769692282975; -1.3333333333333333 -80.98032547887973; -1.0 -13.684530073187695; -0.6666666666666666 -16.346000286721658; -0.3333333333333333 -23.50105903299092; 0.0 -21.468150101799452; 0.3333333333333333 -527.1062481797447; 0.6666666666666666 -15.201582887667545; 1.0 -11.239764712254402; 1.3333333333333333 202.0786740660607; 1.6666666666666667 -17.650675478599457; 2.0 -32.618991160908095; 2.3333333333333335 -48.85129285180743; 2.6666666666666665 -78.11056383547847; 3.0 -34.608616907985436; 3.3333333333333335 -173.218236618449; 3.6666666666666665 -239.51637833084158; 4.0 -322.01942079225705; 4.333333333333333 -376.46948062642366; 4.666666666666667 -524.725645331498; 5.0 -673.5187705699987]
npts :	31
nout :	8
model :	(x,t) -> x[1]*t[1]^3 + x[2]*t[1]^2 + x[3]*t[1] + x[4] - t[2] 
dim :	4
cluster :	false
noise :	true
solution :	[-7.1, 8.3, 6.1, -4.8]
description :	type: cubic model with noise and outliers
