name :	cubic
data :	[-5.0 97.17899176258766; -4.791666666666667 87.56863898159558; -4.583333333333333 69.39304322622894; -4.375 -146.99423391316247; -4.166666666666667 39.731079371299586; -3.9583333333333335 35.062060959542826; -3.75 22.941892726708446; -3.5416666666666665 22.233135128041027; -3.3333333333333335 122.14145390304165; -3.125 2.9473590817164883; -2.9166666666666665 3.2418084156624776; -2.7083333333333335 -1.0889360805291002; -2.5 -2.2602918808351333; -2.2916666666666665 -2.3112976750728036; -2.0833333333333335 -1.6622669184434287; -1.875 -5.235007502892472; -1.6666666666666667 -6.9776882410685115; -1.4583333333333333 -8.118007530986544; -1.25 -13.606739117760288; -1.0416666666666667 -10.199415472985828; -0.8333333333333334 -9.975945075852044; -0.625 -2.6167668799935253; -0.4166666666666667 18.449463721499093; -0.20833333333333334 -2.084852106306947; 0.0 0.9789718065354887; 0.20833333333333334 -3.060863635940761; 0.4166666666666667 177.84785036620028; 0.625 -6.154622722253066; 0.8333333333333334 -7.12495223805384; 1.0416666666666667 -10.919180524006828; 1.25 -7.000903418586724; 1.4583333333333333 -18.589350598543987; 1.6666666666666667 -180.70239076823663; 1.875 -42.85278545524302; 2.0833333333333335 -201.8973895468453; 2.2916666666666665 -42.54885756240624; 2.5 -47.3866259796211; 2.7083333333333335 -56.77144281181576; 2.9166666666666665 -64.05486898977519; 3.125 -78.30690617793213; 3.3333333333333335 -88.23153621281052; 3.5416666666666665 -112.77785807280756; 3.75 -126.91167473379946; 3.9583333333333335 -146.50960322779235; 4.166666666666667 -162.34643772864987; 4.375 -323.43865782857335; 4.583333333333333 -213.29454084366415; 4.791666666666667 30.16473103052519; 5.0 -244.69063831623959]
npts :	49
nout :	10
model :	(x,t) -> x[1]*t[1]^3 + x[2]*t[1]^2 + x[3]*t[1] + x[4] - t[2] 
dim :	4
cluster :	false
noise :	false
solution :	[-1.6, -3.3, 2.2, 9.8]
description :	type2: cubic model
