name :	cubic
data :	[-5.0 -1052.294554553997; -4.6875 -722.4859513153954; -4.375 -346.30280191311124; -4.0625 -442.8607953361786; -3.75 -346.10082010545153; -3.4375 -253.08776071133977; -3.125 -157.68761176417348; -2.8125 -90.60045034328493; -2.5 -73.84018779169617; -2.1875 -41.91577266086204; -1.875 451.4856420984405; -1.5625 -193.470682935923; -1.25 7.14927362422897; -0.9375 10.662962681258637; -0.625 12.920692424141121; -0.3125 0.8482817918591667; 0.0 2.7046398705105332; 0.3125 9.780714425727561; 0.625 1.860877536696; 0.9375 16.902832066931715; 1.25 19.379932936136388; 1.5625 36.47677945737828; 1.875 73.71378964079888; 2.1875 116.09561501960545; 2.5 168.3057062867937; 2.8125 232.32468884130876; 3.125 310.946905285672; 3.4375 505.7868207427624; 3.75 532.6644136562344; 4.0625 663.7884642161875; 4.375 823.7411365183881; 4.6875 1006.8210999708814; 5.0 1228.5716806501268]
npts :	33
nout :	7
model :	(x,t) -> x[1]*t[1]^3 + x[2]*t[1]^2 + x[3]*t[1] + x[4] - t[2] 
dim :	4
cluster :	false
noise :	false
solution :	[8.7, 6.5, -6.4, -9.9]
description :	type2: cubic model
