name :	cubic
data :	[-5.0 -864.3129826619105; -4.583333333333333 -1469.218213378892; -4.166666666666667 -670.3532293579161; -3.75 -490.3301709504742; -3.3333333333333335 -324.435189743706; -2.9166666666666665 -229.76495296073222; -2.5 -141.95923674198522; -2.0833333333333335 -75.11841437570166; -1.6666666666666667 -32.866662605354215; -1.25 -2.7314958152412885; -0.8333333333333334 16.655565338918468; -0.4166666666666667 9.922693244325078; 0.0 8.700430298081601; 0.4166666666666667 5.916487096581793; 0.8333333333333334 6.298598551962602; 1.25 12.95580452275792; 1.6666666666666667 91.97417893654423; 2.0833333333333335 36.64233357849918; 2.5 73.20046285861282; 2.9166666666666665 187.81206425511863; 3.3333333333333335 199.6904827364737; 3.75 287.28760653389014; 4.166666666666667 129.25372502283466; 4.583333333333333 572.7579239346045; 5.0 768.1618770266665]
npts :	25
nout :	6
model :	(x,t) -> x[1]*t[1]^3 + x[2]*t[1]^2 + x[3]*t[1] + x[4] - t[2] 
dim :	4
cluster :	false
noise :	true
solution :	[7.8, -8.0, -5.8, 1.3]
description :	type: cubic model with noise and outliers
