name :	cubic
data :	[-5.0 1089.4937463881038; -4.655172413793103 891.7976935359698; -4.310344827586207 721.2387519698443; -3.9655172413793105 571.5737499338803; -3.6206896551724137 444.9601296874858; -3.2758620689655173 191.00282781743985; -2.9310344827586206 247.53197787835373; -2.586206896551724 185.1055789627678; -2.2413793103448274 -269.121847130772; -1.896551724137931 89.71472811144481; -1.5517241379310345 64.56652924607681; -1.206896551724138 45.2711780609602; -0.8620689655172413 76.97475680868659; -0.5172413793103449 23.990913565998802; -0.1724137931034483 21.217998908984427; 0.1724137931034483 -250.14968478325113; 0.5172413793103449 246.3652089461798; 0.8620689655172413 13.276537449910878; 1.206896551724138 8.044703804861925; 1.5517241379310345 -3.9432476434474566; 1.896551724137931 -34.285555617875225; 2.2413793103448274 -64.30985039266466; 2.586206896551724 -116.52921846966792; 2.9310344827586206 -173.8454083329898; 3.2758620689655173 -535.9211196725153; 3.6206896551724137 -358.08882295929516; 3.9655172413793105 -494.0789822966403; 4.310344827586207 -773.0569906035281; 4.655172413793103 -777.5304544688082; 5.0 -977.5047462146623]
npts :	30
nout :	8
model :	(x,t) -> x[1]*t[1]^3 + x[2]*t[1]^2 + x[3]*t[1] + x[4] - t[2] 
dim :	4
cluster :	false
noise :	true
solution :	[-8.2, 1.6, -1.8, 8.4]
description :	type: cubic model with noise and outliers
