name :	cubic
data :	[-5.0 -288.01687165290207; -4.767441860465116 76.8741482128089; -4.534883720930233 64.78274088992399; -4.3023255813953485 49.37239487977139; -4.069767441860465 32.97615117394298; -3.8372093023255816 28.96473680264114; -3.604651162790698 15.216065683559897; -3.372093023255814 11.233023154052717; -3.13953488372093 4.478695188369257; -2.9069767441860463 8.32135479886508; -2.6744186046511627 -206.86223183975375; -2.441860465116279 -0.9710138425839254; -2.2093023255813953 7.551827131045663; -1.9767441860465116 3.151992518652964; -1.744186046511628 0.35242503477295806; -1.5116279069767442 155.2210616923535; -1.2790697674418605 4.269148230588236; -1.0465116279069768 12.760857265088454; -0.813953488372093 0.24092510091171881; -0.5813953488372093 4.588255244894679; -0.3488372093023256 -189.30638704024682; -0.11627906976744186 6.1299569000692; 0.11627906976744186 7.821296985475231; 0.3488372093023256 2.7707824918467523; 0.5813953488372093 -7.651078702776305; 0.813953488372093 -7.224020275544561; 1.0465116279069768 -20.256321847835217; 1.2790697674418605 -22.916984741684125; 1.5116279069767442 -29.915762115620407; 1.744186046511628 -44.69808058455756; 1.9767441860465116 -69.75872900419705; 2.2093023255813953 -83.3490234491874; 2.441860465116279 -104.15926818468256; 2.6744186046511627 -518.1643798532042; 2.9069767441860463 -154.41785803351203; 3.13953488372093 -182.03432539477438; 3.372093023255814 -281.00934730412604; 3.604651162790698 -264.4184447340112; 3.8372093023255816 -303.5102829643836; 4.069767441860465 -407.9313114879481; 4.3023255813953485 -764.8668003348262; 4.534883720930233 -736.043684363874; 4.767441860465116 -503.9041240581301; 5.0 -568.2095152668516]
npts :	44
nout :	9
model :	(x,t) -> x[1]*t[1]^3 + x[2]*t[1]^2 + x[3]*t[1] + x[4] - t[2] 
dim :	4
cluster :	false
noise :	false
solution :	[-2.4, -9.7, -7.4, -7.7]
description :	type2: cubic model
