name :	cubic
data :	[-5.0 -731.9806923938886; -4.7727272727272725 -636.458441902237; -4.545454545454546 -551.1662567691517; -4.318181818181818 -475.8325171027579; -4.090909090909091 -150.46660250238557; -3.8636363636363638 -349.00493173506135; -3.6363636363636362 -288.6006114518863; -3.409090909090909 -246.861509888392; -3.1818181818181817 -518.8822841229708; -2.9545454545454546 -165.18685678045233; -2.727272727272727 -127.37851296695543; -2.5 -270.08185894900515; -2.272727272727273 -73.27146865467417; -2.0454545454545454 -51.92624175992451; -1.8181818181818181 22.70239071959997; -1.5909090909090908 -27.991824423750643; -1.3636363636363635 68.66446959185927; -1.1363636363636365 -9.439161387349092; -0.9090909090909091 2.988087790741533; -0.6818181818181818 -0.39251266057171996; -0.45454545454545453 12.095572059681825; -0.22727272727272727 12.260032517900509; 0.0 8.401417005364744; 0.22727272727272727 14.977694809906698; 0.45454545454545453 12.102555754001537; 0.6818181818181818 7.021477141353782; 0.9090909090909091 11.115129968345887; 1.1363636363636365 -80.01718420213001; 1.3636363636363635 -485.9861644897875; 1.5909090909090908 33.97632365190478; 1.8181818181818181 49.355047745383594; 2.0454545454545454 46.45013637920722; 2.272727272727273 134.21860148099586; 2.5 76.57442106359767; 2.727272727272727 106.96240676929082; 2.9545454545454546 126.38306974339807; 3.1818181818181817 155.83014090721088; 3.409090909090909 194.57849129312785; 3.6363636363636362 224.04431118208694; 3.8636363636363638 275.91138995952224; 4.090909090909091 328.66642629520646; 4.318181818181818 380.96721000876124; 4.545454545454546 450.88149300791173; 4.7727272727272725 520.7808683666807; 5.0 596.9916205865267]
npts :	45
nout :	11
model :	(x,t) -> x[1]*t[1]^3 + x[2]*t[1]^2 + x[3]*t[1] + x[4] - t[2] 
dim :	4
cluster :	false
noise :	true
solution :	[5.2, -3.1, 3.0, -4.6]
description :	type: cubic model with noise and outliers
