name :	cubic
data :	[-5.0 -864.238679812688; -4.722222222222222 -735.9712364249044; -4.444444444444445 -477.75689870171425; -4.166666666666667 -506.37702920545405; -3.888888888888889 -420.71737518581125; -3.611111111111111 -341.83810955215125; -3.3333333333333335 -265.81811432810997; -3.0555555555555554 -202.19285762379462; -2.7777777777777777 -252.360864614102; -2.5 -115.12248931803744; -2.2222222222222223 -31.81644504103135; -1.9444444444444444 -42.147635964560536; -1.6666666666666667 269.27108910548; -1.3888888888888888 -5.268313870589104; -1.1111111111111112 -1.9320509662390695; -0.8333333333333334 12.025231700959816; -0.5555555555555556 16.224968100233276; -0.2777777777777778 15.181953915728574; 0.0 12.496963563675857; 0.2777777777777778 18.62617058749368; 0.5555555555555556 17.333515406212747; 0.8333333333333334 12.791666198807906; 1.1111111111111112 84.03813472991712; 1.3888888888888888 13.774428848796127; 1.6666666666666667 4.661174898200857; 1.9444444444444444 15.827108975468034; 2.2222222222222223 19.852984952792816; 2.5 40.25803200244917; 2.7777777777777777 53.38367103801333; 3.0555555555555554 78.33561016767558; 3.3333333333333335 109.52879412802717; 3.611111111111111 145.42690023769111; 3.888888888888889 183.36052726088306; 4.166666666666667 25.462828380775107; 4.444444444444445 303.44981836889156; 4.722222222222222 373.0029419678889; 5.0 381.30809370404705]
npts :	37
nout :	7
model :	(x,t) -> x[1]*t[1]^3 + x[2]*t[1]^2 + x[3]*t[1] + x[4] - t[2] 
dim :	4
cluster :	false
noise :	false
solution :	[5.5, -8.7, -5.5, 2.5]
description :	type2: cubic model
