name :	cubic
data :	[-5.0 1260.5591289847318; -4.833333333333333 954.4636047704373; -4.666666666666667 1014.7866207073629; -4.5 923.1860178651325; -4.333333333333333 834.1500000786432; -4.166666666666667 743.9961901779453; -4.0 665.2064881815172; -3.8333333333333335 582.6110690372751; -3.6666666666666665 164.4531692375644; -3.5 444.5085513793106; -3.3333333333333335 390.8683609676608; -3.1666666666666665 334.71651704173615; -3.0 296.57755457269803; -2.8333333333333335 243.9232733020655; -2.6666666666666665 211.0445826442927; -2.5 175.33033369468538; -2.3333333333333335 144.80778018850373; -2.1666666666666665 112.48691856570193; -2.0 91.22953567717951; -1.8333333333333333 68.12051312273171; -1.6666666666666667 -19.420463931864347; -1.5 43.09761610322362; -1.3333333333333333 35.34857043245358; -1.1666666666666667 18.616843361431446; -1.0 17.797976205585417; -0.8333333333333334 13.37069311194611; -0.6666666666666666 1.4664426853353802; -0.5 -1.473452882581558; -0.3333333333333333 70.31088140296471; -0.16666666666666666 -1.8236377001411466; 0.0 0.6287522620266692; 0.16666666666666666 -1.4012190790252204; 0.3333333333333333 -12.698717760224161; 0.5 -7.04435060963559; 0.6666666666666666 -9.745696135428494; 0.8333333333333334 -13.919834327205205; 1.0 -22.904902342672983; 1.1666666666666667 -29.619438437005293; 1.3333333333333333 -72.00767345455381; 1.5 -48.31953133381228; 1.6666666666666667 287.02819549411515; 1.8333333333333333 -71.6878753124665; 2.0 65.84991949053445; 2.1666666666666665 -101.92624037912464; 2.3333333333333335 -132.2958847689996; 2.5 -159.43255443156883; 2.6666666666666665 -49.931634624286275; 2.8333333333333335 -213.01592091228378; 3.0 -159.80074390611324; 3.1666666666666665 -559.376260756271; 3.3333333333333335 -345.7908998156187; 3.5 -396.87122833491196; 3.6666666666666665 -901.7471796563368; 3.8333333333333335 -662.0960929754498; 4.0 -631.3663526322159; 4.166666666666667 -662.3731712925844; 4.333333333333333 -755.1914117160612; 4.5 -841.2463673724212; 4.666666666666667 -926.8710417131956; 4.833333333333333 -1370.7098837474289; 5.0 -1141.165821050233]
npts :	61
nout :	15
model :	(x,t) -> x[1]*t[1]^3 + x[2]*t[1]^2 + x[3]*t[1] + x[4] - t[2] 
dim :	4
cluster :	false
noise :	true
solution :	[-9.3, 2.5, -7.8, 8.7]
description :	type: cubic model with noise and outliers
