name :	cubic
data :	[-5.0 -478.0666066691635; -4.565217391304348 -341.4757319348599; -4.130434782608695 -227.9984334583424; -3.6956521739130435 -154.47018672135562; -3.260869565217391 -97.81770249591071; -2.8260869565217392 -46.97344296005638; -2.391304347826087 -30.408876974476215; -1.9565217391304348 -17.525367049684025; -1.5217391304347827 128.16156280255774; -1.0869565217391304 -50.97744714269983; -0.6521739130434783 -8.388622046948282; -0.21739130434782608 -17.939691437353837; 0.21739130434782608 -19.689060195116404; 0.6521739130434783 -236.5582934384678; 1.0869565217391304 -16.7061705923665; 1.5217391304347827 3.5436257930079584; 1.9565217391304348 36.98133368168012; 2.391304347826087 92.0284653721198; 2.8260869565217392 166.63935076289383; 3.260869565217391 264.61309366417237; 3.6956521739130435 205.98799693592417; 4.130434782608695 526.766005874814; 4.565217391304348 700.6941583664682; 5.0 796.9976002414074]
npts :	24
nout :	5
model :	(x,t) -> x[1]*t[1]^3 + x[2]*t[1]^2 + x[3]*t[1] + x[4] - t[2] 
dim :	4
cluster :	false
noise :	false
solution :	[5.9, 9.8, -8.6, -7.8]
description :	type2: cubic model
