name :	cubic
data :	[-5.0 -1474.3541974837322; -4.642857142857143 -1203.9576938598923; -4.285714285714286 -961.3359313321586; -3.9285714285714284 -622.8206634389439; -3.5714285714285716 -578.5012183551192; -3.2142857142857144 -433.43057325861497; -2.857142857142857 -323.0983148281; -2.5 -206.74223685397524; -2.142857142857143 -149.8588865921119; -1.7857142857142858 -105.02717228445935; -1.4285714285714286 -57.724133349510176; -1.0714285714285714 -0.12388489346984599; -0.7142857142857143 -24.122524763514175; -0.35714285714285715 21.345232660941036; 0.0 -10.671349320026632; 0.35714285714285715 -49.50493063515822; 0.7142857142857143 -5.796322203878551; 1.0714285714285714 1.63928197464762; 1.4285714285714286 25.02581774196402; 1.7857142857142858 43.546613988283646; 2.142857142857143 76.87378606322747; 2.5 505.32141631353863; 2.857142857142857 186.62323805345767; 3.2142857142857144 273.0959504464887; 3.5714285714285716 394.03692284468224; 3.9285714285714284 515.2777207901203; 4.285714285714286 691.1183412774934; 4.642857142857143 883.9099793376373; 5.0 1105.1638007476006]
npts :	29
nout :	7
model :	(x,t) -> x[1]*t[1]^3 + x[2]*t[1]^2 + x[3]*t[1] + x[4] - t[2] 
dim :	4
cluster :	false
noise :	true
solution :	[10.0, -7.1, 8.4, 6.3]
description :	type: cubic model with noise and outliers
