name :	cubic
data :	[-5.0 860.8553990695851; -4.705882352941177 770.7971936051204; -4.411764705882353 599.6088287170625; -4.117647058823529 484.0675389759044; -3.823529411764706 385.93096726970634; -3.5294117647058822 307.5250107459192; -3.235294117647059 227.00451055655157; -2.9411764705882355 419.90813322495535; -2.6470588235294117 128.7281654801992; -2.3529411764705883 75.53552929432917; -2.0588235294117645 54.8975239766513; -1.7647058823529411 28.98680129955292; -1.4705882352941178 -127.26480848022774; -1.1764705882352942 -6.949475609776867; -0.8823529411764706 45.55351886987243; -0.5882352941176471 -26.216519352904648; -0.29411764705882354 -19.228442884509057; 0.0 -16.843315911819904; 0.29411764705882354 -26.66255799131831; 0.5882352941176471 -21.77001872849144; 0.8823529411764706 -19.24682245393895; 1.1764705882352942 -14.16915211577495; 1.4705882352941178 -21.45455737214959; 1.7647058823529411 -15.092685071625798; 2.0588235294117645 -72.36709931299461; 2.3529411764705883 -44.52099839779022; 2.6470588235294117 112.32590891882771; 2.9411764705882355 -95.33192084186562; 3.235294117647059 -67.77241661383954; 3.5294117647058822 -174.53048654304922; 3.823529411764706 -223.1379090317814; 4.117647058823529 -292.4664114177901; 4.411764705882353 -362.20072873945264; 4.705882352941177 -502.46492953606867; 5.0 -546.7261377953427]
npts :	35
nout :	9
model :	(x,t) -> x[1]*t[1]^3 + x[2]*t[1]^2 + x[3]*t[1] + x[4] - t[2] 
dim :	4
cluster :	false
noise :	true
solution :	[-5.8, 7.1, 4.6, -8.8]
description :	type: cubic model with noise and outliers
