name :	cubic
data :	[-5.0 -166.80828327040234; -4.827586206896552 -544.3790583679552; -4.655172413793103 -369.2242828952678; -4.482758620689655 -323.98667470026595; -4.310344827586207 -279.88438753069306; -4.137931034482759 -249.94474436711064; -3.9655172413793105 -207.7340101009705; -3.793103448275862 -184.9768300891398; -3.6206896551724137 -160.6129490729875; -3.4482758620689653 -375.88550327612865; -3.2758620689655173 -110.78280585357268; -3.103448275862069 -478.1087362007015; -2.9310344827586206 -84.0539324802201; -2.7586206896551726 -63.377401284190064; -2.586206896551724 -50.544586180700335; -2.413793103448276 -337.5322497464131; -2.2413793103448274 -125.77351265506995; -2.0689655172413794 -29.30095545639879; -1.896551724137931 -19.5804941058206; -1.7241379310344827 -14.55984547373997; -1.5517241379310345 330.3165494150023; -1.3793103448275863 -7.196472868879734; -1.206896551724138 -12.113464392492094; -1.0344827586206897 -17.192374495223195; -0.8620689655172413 -15.439787593194158; -0.6896551724137931 -17.06924674576524; -0.5172413793103449 -16.085704323852088; -0.3448275862068966 -20.73326023976092; -0.1724137931034483 -20.199459007596353; 0.0 -25.326695355501528; 0.1724137931034483 -21.644791385004595; 0.3448275862068966 -18.7282723164995; 0.5172413793103449 -23.144836980109257; 0.6896551724137931 -15.903259603286111; 0.8620689655172413 -16.739959377395685; 1.0344827586206897 -19.17609715325641; 1.206896551724138 -11.47915359455128; 1.3793103448275863 -9.022159718675317; 1.5517241379310345 5.696543257593683; 1.7241379310344827 336.2056086199387; 1.896551724137931 23.399115471149663; 2.0689655172413794 32.22279846629733; 2.2413793103448274 42.01954960117098; 2.413793103448276 274.8183855002663; 2.586206896551724 80.99896129152857; 2.7586206896551726 98.42761273657669; 2.9310344827586206 134.40523364457619; 3.103448275862069 151.4480625400252; 3.2758620689655173 187.31167552198497; 3.4482758620689653 213.6436067045998; 3.6206896551724137 206.80731657933435; 3.793103448275862 288.91819297957056; 3.9655172413793105 339.4581816813197; 4.137931034482759 388.3418697408932; 4.310344827586207 436.82192046361035; 4.482758620689655 489.92859785164575; 4.655172413793103 544.6024294500843; 4.827586206896552 607.6842347866066; 5.0 523.3711740657201]
npts :	59
nout :	12
model :	(x,t) -> x[1]*t[1]^3 + x[2]*t[1]^2 + x[3]*t[1] + x[4] - t[2] 
dim :	4
cluster :	false
noise :	false
solution :	[4.8, 5.2, -6.2, -5.9]
description :	type2: cubic model
