name :	cubic
data :	[-5.0 -1054.4694296225618; -4.6875 -1027.6662131294158; -4.375 -728.5983085987725; -4.0625 -567.5504549817533; -3.75 -481.01816049819234; -3.4375 -379.20688754076457; -3.125 -286.93696492622587; -2.8125 -229.83227104400328; -2.5 -160.0495144380949; -2.1875 -74.83034398544638; -1.875 -204.4215783557616; -1.5625 -479.61157354600897; -1.25 -40.94961988619488; -0.9375 -20.664822499400266; -0.625 -9.887332825399692; -0.3125 -16.28274859296838; 0.0 -2.1332273582944; 0.3125 -5.2038855921363645; 0.625 -1.5843381332556898; 0.9375 -112.28285483904224; 1.25 7.707617370684384; 1.5625 204.07185268327842; 1.875 37.0482054377358; 2.1875 60.64794211596675; 2.5 90.18895933374063; 2.8125 118.96877018802815; 3.125 172.34038918269587; 3.4375 235.1698715942608; 3.75 311.3079898483587; 4.0625 408.053337351898; 4.375 511.5126036178072; 4.6875 568.8943437158456; 5.0 781.9791455478565]
npts :	33
nout :	8
model :	(x,t) -> x[1]*t[1]^3 + x[2]*t[1]^2 + x[3]*t[1] + x[4] - t[2] 
dim :	4
cluster :	false
noise :	true
solution :	[7.1, -5.2, 5.8, 6.4]
description :	type: cubic model with noise and outliers
