name :	cubic
data :	[-5.0 241.76406549428864; -4.7727272727272725 216.06258452600053; -4.545454545454546 53.33832401076418; -4.318181818181818 160.0485072092457; -4.090909090909091 139.71373247129833; -3.8636363636363638 129.90346269999307; -3.6363636363636362 103.39331690856046; -3.409090909090909 93.7644105939987; -3.1818181818181817 81.83183270295224; -2.9545454545454546 61.61988883564172; -2.727272727272727 228.34231625860417; -2.5 33.07982642811899; -2.272727272727273 24.92635525260877; -2.0454545454545454 11.335174883663122; -1.8181818181818181 12.055015247825535; -1.5909090909090908 118.422601167754; -1.3636363636363635 -9.099198456912648; -1.1363636363636365 -3.7793718864924095; -0.9090909090909091 -12.691706559043746; -0.6818181818181818 456.73512546449365; -0.45454545454545453 -7.561290737229565; -0.22727272727272727 7.772586354002987; 0.0 -12.440320793402222; 0.22727272727272727 -10.808361597558527; 0.45454545454545453 155.01597270561234; 0.6818181818181818 -0.6577563141446134; 0.9090909090909091 -300.71611382104857; 1.1363636363636365 4.301560067637348; 1.3636363636363635 11.964834612527286; 1.5909090909090908 15.703770576485635; 1.8181818181818181 26.29052433521875; 2.0454545454545454 36.19624434871121; 2.272727272727273 -33.80374115383482; 2.5 61.97971357891524; 2.727272727272727 343.81789133188073; 2.9545454545454546 77.36530814436755; 3.1818181818181817 91.97580823053032; 3.409090909090909 110.06171224777654; 3.6363636363636362 114.93946554796706; 3.8636363636363638 139.20941406782222; 4.090909090909091 148.01512277797167; 4.318181818181818 170.7178872490739; 4.545454545454546 178.78287473319511; 4.7727272727272725 201.17678047254526; 5.0 218.59366179657852]
npts :	45
nout :	9
model :	(x,t) -> x[1]*t[1]^3 + x[2]*t[1]^2 + x[3]*t[1] + x[4] - t[2] 
dim :	4
cluster :	false
noise :	false
solution :	[-0.3, 9.6, 5.9, 0.8]
description :	type2: cubic model
