name :	cubic
data :	[-5.0 -1072.6610743550775; -4.811320754716981 -951.0809204216674; -4.622641509433962 -841.1008825265623; -4.433962264150943 -744.2265250097084; -4.245283018867925 -659.3338793243257; -4.056603773584905 -572.1288935730039; -3.8679245283018866 -494.01212289377446; -3.6792452830188678 -445.9581657290678; -3.490566037735849 -369.9500178611067; -3.30188679245283 -318.3053930570385; -3.1132075471698113 -275.29853830691246; -2.9245283018867925 -227.98193205192825; -2.7358490566037736 -186.3043617094294; -2.547169811320755 60.92735750270566; -2.358490566037736 -126.44284475761145; -2.169811320754717 -104.23029969680172; -1.9811320754716981 -195.46345921316757; -1.7924528301886793 -69.77303846910331; -1.6037735849056605 -58.22375750966571; -1.4150943396226414 -53.05334593694611; -1.2264150943396226 -42.947817958233095; -1.0377358490566038 -238.18490095374165; -0.8490566037735849 -29.385775318973224; -0.660377358490566 -181.60709142575627; -0.4716981132075472 -25.237812851343055; -0.2830188679245283 -30.288527977117315; -0.09433962264150944 -26.93213294066446; 0.09433962264150944 32.83124092644941; 0.2830188679245283 109.46278256499195; 0.4716981132075472 -11.294169874815406; 0.660377358490566 -8.623793163031507; 0.8490566037735849 -13.249923392775589; 1.0377358490566038 1.1733898753783265; 1.2264150943396226 -119.91174722970285; 1.4150943396226414 23.40474429584272; 1.6037735849056605 156.0493066541103; 1.7924528301886793 241.77231736891918; 1.9811320754716981 82.18065850504053; 2.169811320754717 -225.8358644590216; 2.358490566037736 135.99664097174028; 2.547169811320755 194.296920003844; 2.7358490566037736 237.7793284789109; 2.9245283018867925 280.6316788951399; 3.1132075471698113 337.0957371331833; 3.30188679245283 403.6681813541245; 3.490566037735849 464.2805720568727; 3.6792452830188678 549.1979324041841; 3.8679245283018866 889.402302726286; 4.056603773584905 721.4984608207383; 4.245283018867925 827.3586625386318; 4.433962264150943 926.5026630397672; 4.622641509433962 970.3881584219293; 4.811320754716981 1172.1321854164582; 5.0 1319.735983503391]
npts :	54
nout :	14
model :	(x,t) -> x[1]*t[1]^3 + x[2]*t[1]^2 + x[3]*t[1] + x[4] - t[2] 
dim :	4
cluster :	false
noise :	true
solution :	[9.2, 5.9, 8.2, -9.3]
description :	type: cubic model with noise and outliers
