name :	cubic
data :	[-5.0 -659.4536298091506; -4.615384615384615 -499.3023537259555; -4.230769230769231 -366.8601320459427; -3.8461538461538463 -258.36799723168957; -3.4615384615384617 -180.06821899067697; -3.076923076923077 -105.72692816439752; -2.6923076923076925 -329.0438190049799; -2.3076923076923075 102.78960653087718; -1.9230769230769231 -9.038102717455892; -1.5384615384615385 190.16852532549166; -1.1538461538461537 18.383619128024243; -0.7692307692307693 13.015937177040463; -0.38461538461538464 -377.66500973681826; 0.0 11.322709063718602; 0.38461538461538464 22.298137063459226; 0.7692307692307693 23.652981486760304; 1.1538461538461537 41.15744714911417; 1.5384615384615385 64.42946497878727; 1.9230769230769231 99.44035860384838; 2.3076923076923075 144.57189959874893; 2.6923076923076925 211.9108553945821; 3.076923076923077 309.8689642676423; 3.4615384615384617 411.50452197288087; 3.8461538461538463 541.7114803923967; 4.230769230769231 694.1403520163242; 4.615384615384615 894.7579155985395; 5.0 1112.0892100188867]
npts :	27
nout :	5
model :	(x,t) -> x[1]*t[1]^3 + x[2]*t[1]^2 + x[3]*t[1] + x[4] - t[2] 
dim :	4
cluster :	false
noise :	false
solution :	[7.0, 8.6, 1.6, 0.9]
description :	type2: cubic model
