name :	cubic
data :	[-5.0 175.53170930116033; -4.8076923076923075 156.36866023182836; -4.615384615384615 -54.03172431155983; -4.423076923076923 121.93651361161446; -4.230769230769231 97.68649801387694; -4.038461538461538 90.09210509617975; -3.8461538461538463 78.51922317943968; -3.6538461538461537 63.34927529558675; -3.4615384615384617 44.43948326509121; -3.269230769230769 45.18429668841572; -3.076923076923077 35.93813536384592; -2.8846153846153846 188.74240982458417; -2.6923076923076925 21.564211090762466; -2.5 147.60256051846198; -2.3076923076923075 120.60474068582134; -2.1153846153846154 4.526624873977495; -1.9230769230769231 1.6588975612921217; -1.7307692307692308 -2.9120283334962966; -1.5384615384615385 -14.772441572492529; -1.3461538461538463 -16.611248743835414; -1.1538461538461537 -84.34393353368303; -0.9615384615384616 36.150011972241074; -0.7692307692307693 -14.904660203495954; -0.5769230769230769 -20.0893130505702; -0.38461538461538464 -24.618963856449913; -0.19230769230769232 -23.148883331208133; 0.0 -18.904683010987462; 0.19230769230769232 -26.609629615423984; 0.38461538461538464 98.57326530961413; 0.5769230769230769 -24.645364331634937; 0.7692307692307693 -34.686483227063874; 0.9615384615384616 -144.4924100648632; 1.1538461538461537 -37.36835070935343; 1.3461538461538463 -55.795616960584745; 1.5384615384615385 -44.355121562420365; 1.7307692307692308 -39.705860604500714; 1.9230769230769231 -52.813005110587895; 2.1153846153846154 373.1465532066794; 2.3076923076923075 -69.33004039690482; 2.5 -39.786387008374135; 2.6923076923076925 -66.09949423340646; 2.8846153846153846 -75.57971637128468; 3.076923076923077 -25.33422952791785; 3.269230769230769 -100.36538874671297; 3.4615384615384617 -104.09819173041281; 3.6538461538461537 -120.30218066291764; 3.8461538461538463 -127.75840067762637; 4.038461538461538 -145.02231119868338; 4.230769230769231 -166.50517162326219; 4.423076923076923 -184.02964653905192; 4.615384615384615 -200.71518970157388; 4.8076923076923075 -224.97272923231225; 5.0 -242.7038119384052]
npts :	53
nout :	13
model :	(x,t) -> x[1]*t[1]^3 + x[2]*t[1]^2 + x[3]*t[1] + x[4] - t[2] 
dim :	4
cluster :	false
noise :	true
solution :	[-1.4, -0.5, -6.0, -8.7]
description :	type: cubic model with noise and outliers
