name :	cubic
data :	[-5.0 -1132.4097077787019; -4.821428571428571 -1021.8277423451372; -4.642857142857143 -923.7899637017744; -4.464285714285714 -825.9869642901956; -4.285714285714286 -424.9260298157674; -4.107142857142857 -992.5237547676815; -3.9285714285714284 -578.1675174079303; -3.75 -1002.4924790744435; -3.5714285714285716 -443.1551368952839; -3.392857142857143 -388.07485922170844; -3.2142857142857144 -337.28693283853926; -3.0357142857142856 -288.75427531451254; -2.857142857142857 -246.45398072243623; -2.6785714285714284 -207.90912762394302; -2.5 -121.88179369614184; -2.3214285714285716 -148.1307279226817; -2.142857142857143 -112.51454300146618; -1.9642857142857142 -98.19028450370458; -1.7857142857142858 -70.93068101123805; -1.6071428571428572 -247.83068134692525; -1.4285714285714286 -46.76784299163004; -1.25 -407.51311469856216; -1.0714285714285714 -21.22133966971441; -0.8928571428571429 -21.694936420801653; -0.7142857142857143 116.5839869505432; -0.5357142857142857 -13.686957342440982; -0.35714285714285715 -5.3520224434155725; -0.17857142857142858 -12.450653899501642; 0.0 -12.179294921725353; 0.17857142857142858 -11.419358179601304; 0.35714285714285715 306.01410343672865; 0.5357142857142857 44.38756578644916; 0.7142857142857143 -46.541241004801016; 0.8928571428571429 -4.683262238807248; 1.0714285714285714 -7.548394660362819; 1.25 -63.913131929153295; 1.4285714285714286 -6.355351739607839; 1.6071428571428572 -418.79639815972683; 1.7857142857142858 6.776279528494204; 1.9642857142857142 7.536828619846069; 2.142857142857143 16.44466529932121; 2.3214285714285716 31.99186807708503; 2.5 44.96731425190675; 2.6785714285714284 67.04973914639179; 2.857142857142857 79.92370888016475; 3.0357142857142856 114.51018263332254; 3.2142857142857144 60.328129800486224; 3.392857142857143 171.88374726491674; 3.5714285714285716 195.04390353853552; 3.75 234.82695251561418; 3.9285714285714284 248.29223725889074; 4.107142857142857 339.6909534172366; 4.285714285714286 382.8720084183385; 4.464285714285714 446.3612874155672; 4.642857142857143 517.9792900239255; 4.821428571428571 583.8670338985158; 5.0 654.7363447179362]
npts :	57
nout :	14
model :	(x,t) -> x[1]*t[1]^3 + x[2]*t[1]^2 + x[3]*t[1] + x[4] - t[2] 
dim :	4
cluster :	false
noise :	true
solution :	[7.2, -9.2, -0.6, 7.4]
description :	type: cubic model with noise and outliers
