name :	cubic
data :	[-5.0 1340.4753195639494; -4.8 1198.1073255910467; -4.6 1061.7101366166985; -4.4 943.4379400942977; -4.2 632.9408943007306; -4.0 722.1424622677982; -3.8 629.0093556975315; -3.6 545.794336596457; -3.4 462.4698169260162; -3.2 406.16603905907573; -3.0 337.56720139843094; -2.8 281.7075919380394; -2.6 240.95509211913773; -2.4 195.85123500434267; -2.2 -44.74641453237754; -2.0 123.86431010140484; -1.8 104.28045283754187; -1.6 79.21267698300483; -1.4 61.832719794136096; -1.2 32.73762885952561; -1.0 -208.33908696933256; -0.8 33.10622566141417; -0.6 179.22971895172765; -0.4 16.670412242119507; -0.2 15.80375242969572; 0.0 6.53941535782681; 0.2 4.762131099157522; 0.4 7.305503579432411; 0.6 4.563872764570677; 0.8 2.0000175297944587; 1.0 -4.201711305281865; 1.2 -10.5802623337538; 1.4 -18.121636740715726; 1.6 -29.99279889180342; 1.8 -44.18911703184799; 2.0 -61.67438763320553; 2.2 -79.279580532023; 2.4 -109.05503883885737; 2.6 -130.45445583742764; 2.8 16.43175018625311; 3.0 -213.4494531205027; 3.2 -258.9065697426695; 3.4 -307.1659130803183; 3.6 -370.17671143986644; 3.8 -433.5461758806531; 4.0 -265.68506771271126; 4.2 -613.8905088364687; 4.4 -689.0029611922614; 4.6 -793.9884593851461; 4.8 -860.4273762020185; 5.0 -1028.7947102297787]
npts :	51
nout :	10
model :	(x,t) -> x[1]*t[1]^3 + x[2]*t[1]^2 + x[3]*t[1] + x[4] - t[2] 
dim :	4
cluster :	false
noise :	false
solution :	[-9.1, 6.0, -9.2, -3.4]
description :	type2: cubic model
