name :	cubic
data :	[-5.0 -441.64515298121313; -4.523809523809524 -306.81764707648597; -4.0476190476190474 -210.0304366797667; -3.5714285714285716 -177.16723816308274; -3.0952380952380953 232.30650806073146; -2.619047619047619 -27.94415866061958; -2.142857142857143 64.9041049445461; -1.6666666666666667 11.496837774591736; -1.1904761904761905 21.838519471105787; -0.7142857142857143 14.6398379484924; -0.23809523809523808 -11.946122603147508; 0.23809523809523808 10.162304232809731; 0.7142857142857143 8.673003377017691; 1.1904761904761905 21.679946783860494; 1.6666666666666667 42.61582389089476; 2.142857142857143 74.60700479754325; 2.619047619047619 129.03527966448823; 3.0952380952380953 196.0382044101467; 3.5714285714285716 302.4519459864455; 4.0476190476190474 420.0119958957531; 4.523809523809524 580.8327089385875; 5.0 761.7576381501996]
npts :	22
nout :	4
model :	(x,t) -> x[1]*t[1]^3 + x[2]*t[1]^2 + x[3]*t[1] + x[4] - t[2] 
dim :	4
cluster :	false
noise :	false
solution :	[5.1, 5.9, -6.4, -2.7]
description :	type2: cubic model
