name :	cubic
data :	[-5.0 1002.2611285876467; -4.7368421052631575 848.7936940916683; -4.473684210526316 724.9012992848651; -4.2105263157894735 610.5296064315422; -3.9473684210526314 509.71361927948203; -3.6842105263157894 411.04935680091296; -3.4210526315789473 344.9595467613859; -3.1578947368421053 -167.1270404140925; -2.8947368421052633 217.21702502245736; -2.6315789473684212 168.28216718200125; -2.3684210526315788 -55.1565954925496; -2.1052631578947367 95.13130420977913; -1.8421052631578947 180.07316579152067; -1.5789473684210527 61.19856373786078; -1.3157894736842106 36.96124862503501; -1.0526315789473684 29.289418969993854; -0.7894736842105263 30.17094503084953; -0.5263157894736842 18.74946758604901; -0.2631578947368421 -95.19065379557692; 0.0 16.278137431343712; 0.2631578947368421 8.341811224698917; 0.5263157894736842 12.468350717889617; 0.7894736842105263 5.37766818895014; 1.0526315789473684 -5.907742527584283; 1.3157894736842106 -226.36660597070986; 1.5789473684210527 -22.166941802476675; 1.8421052631578947 -61.974840757670286; 2.1052631578947367 -84.73934434880545; 2.3684210526315788 -114.16040788892693; 2.6315789473684212 -150.8970349116198; 2.8947368421052633 -210.05092069705861; 3.1578947368421053 -265.3640838050935; 3.4210526315789473 -503.36082539416003; 3.6842105263157894 -422.1403126123725; 3.9473684210526314 -270.54305034181994; 4.2105263157894735 -631.7773957971933; 4.473684210526316 -756.9290374197636; 4.7368421052631575 -885.7773460314186; 5.0 -1051.857422456655]
npts :	39
nout :	8
model :	(x,t) -> x[1]*t[1]^3 + x[2]*t[1]^2 + x[3]*t[1] + x[4] - t[2] 
dim :	4
cluster :	false
noise :	false
solution :	[-7.9, -1.6, -7.2, 3.3]
description :	type2: cubic model
