name :	cubic
data :	[-5.0 -203.42415490075086; -4.875 -184.0162475014763; -4.75 -181.97913857356383; -4.625 -311.2449439543916; -4.5 74.65452263909197; -4.375 -153.72597221942917; -4.25 -144.0735688612207; -4.125 -134.59242865479476; -4.0 -122.53145293599977; -3.875 -117.70166108908886; -3.75 -109.98355391316747; -3.625 -68.7339174334072; -3.5 -283.31076312462733; -3.375 -81.73931207693903; -3.25 -133.51212978529153; -3.125 37.87350759526903; -3.0 -68.6329139350281; -2.875 -70.87537206057992; -2.75 -58.114999217225105; -2.625 -50.442724492299625; -2.5 -57.83864916585726; -2.375 -42.715198358685285; -2.25 -42.28717043867284; -2.125 -36.49988111611615; -2.0 -39.220324866216394; -1.875 132.34563740769295; -1.75 -40.87533646484288; -1.625 -35.46179065770491; -1.5 -163.61058652207436; -1.375 -30.326830859375853; -1.25 -29.79610962931254; -1.125 -25.126598604505272; -1.0 -28.77883871821769; -0.875 -24.36996076469918; -0.75 -17.382577444128458; -0.625 58.48905477522469; -0.5 -17.39584010911642; -0.375 -24.649720318592944; -0.25 -18.04708626331947; -0.125 -15.300937417781697; 0.0 -37.66423485570439; 0.125 -176.516954773236; 0.25 82.9417180571584; 0.375 -17.061817579791636; 0.5 -16.804153750095374; 0.625 146.95951804169007; 0.75 -20.58429319719629; 0.875 -26.961710138272885; 1.0 -25.745629310098465; 1.125 -22.439662017084707; 1.25 11.422310278397585; 1.375 -31.82563069238482; 1.5 -25.68724422064738; 1.625 -22.96680695084941; 1.75 -20.985455278773635; 1.875 -21.466612859352473; 2.0 -23.46800683003024; 2.125 -24.87405240977681; 2.25 -87.72997548531141; 2.375 -22.111072122111253; 2.5 33.84429752288038; 2.625 -156.0647328123366; 2.75 -20.62796337925279; 2.875 -31.921910285529187; 3.0 -21.20334065357094; 3.125 -285.9918105225051; 3.25 -19.12924159317661; 3.375 -29.180994191973966; 3.5 -353.87170479225864; 3.625 -14.123197017861163; 3.75 -14.783770527980817; 3.875 -10.02784437190165; 4.0 -13.394187817633624; 4.125 -11.934216444786008; 4.25 -13.862685498514253; 4.375 -5.897602747152986; 4.5 0.36847802894041415; 4.625 3.9815785920919584; 4.75 11.45272510874515; 4.875 16.644178097341445; 5.0 95.24773439774002]
npts :	81
nout :	20
model :	(x,t) -> x[1]*t[1]^3 + x[2]*t[1]^2 + x[3]*t[1] + x[4] - t[2] 
dim :	4
cluster :	false
noise :	true
solution :	[0.9, -2.8, -0.9, -8.3]
description :	type: cubic model with noise and outliers
