name :	cubic
data :	[-5.0 337.09326238119684; -4.791666666666667 295.5480437436291; -4.583333333333333 254.0424562794222; -4.375 224.82309995120852; -4.166666666666667 183.4489340362206; -3.9583333333333335 -91.39338622032938; -3.75 128.10508711563304; -3.5416666666666665 102.28305417315258; -3.3333333333333335 306.0924489933426; -3.125 65.62423122093887; -2.9166666666666665 55.53489015147369; -2.7083333333333335 -1.3035709882089037; -2.5 33.90976731232046; -2.2916666666666665 -291.93170989428387; -2.0833333333333335 15.475323759393488; -1.875 7.1557540585665755; -1.6666666666666667 5.06222105306792; -1.4583333333333333 61.45005536531161; -1.25 -11.594116786217148; -1.0416666666666667 -15.915668436605994; -0.8333333333333334 -10.317264570390863; -0.625 -16.786671386116964; -0.4166666666666667 -10.443057018116038; -0.20833333333333334 -20.733471599431926; 0.0 -195.94488728268323; 0.20833333333333334 -280.8689319479828; 0.4166666666666667 -15.408733511669983; 0.625 -17.46617018804433; 0.8333333333333334 -140.7413767016094; 1.0416666666666667 -27.18273881968547; 1.25 -27.374467812798372; 1.4583333333333333 -33.93836627128756; 1.6666666666666667 -49.29683532151818; 1.875 -53.815232769703584; 2.0833333333333335 -57.69469391441259; 2.2916666666666665 -61.57735229739212; 2.5 -96.69362909484092; 2.7083333333333335 -113.1946315791479; 2.9166666666666665 -135.98348815428756; 3.125 -153.7599964950681; 3.3333333333333335 -176.94831356419567; 3.5416666666666665 -217.15172148446396; 3.75 -240.22199959665767; 3.9583333333333335 -279.7225593443696; 4.166666666666667 -317.53645643483947; 4.375 -423.66268840354974; 4.583333333333333 -407.7020893976444; 4.791666666666667 -467.9328240392973; 5.0 -312.7101233733748]
npts :	49
nout :	12
model :	(x,t) -> x[1]*t[1]^3 + x[2]*t[1]^2 + x[3]*t[1] + x[4] - t[2] 
dim :	4
cluster :	false
noise :	true
solution :	[-3.3, -2.9, -3.5, -0.9]
description :	type: cubic model with noise and outliers
