name :	cubic
data :	[-5.0 791.2686065799094; -4.767441860465116 700.7452473299287; -4.534883720930233 605.5420877022899; -4.3023255813953485 528.389652987238; -4.069767441860465 458.4213277246659; -3.8372093023255816 394.3827624513625; -3.604651162790698 40.08130379814327; -3.372093023255814 279.63872496823717; -3.13953488372093 428.2183848161459; -2.9069767441860463 -158.3262652966859; -2.6744186046511627 166.80617971754464; -2.441860465116279 132.17559321641025; -2.2093023255813953 91.12815203757668; -1.9767441860465116 -114.50874871054545; -1.744186046511628 -6.714185172492563; -1.5116279069767442 63.79848573181841; -1.2790697674418605 54.1946375724893; -1.0465116279069768 47.4757458459989; -0.813953488372093 35.68216248249054; -0.5813953488372093 27.566010838841553; -0.3488372093023256 -137.43967488518078; -0.11627906976744186 28.379260478816263; 0.11627906976744186 21.048870750202873; 0.3488372093023256 18.47995350791574; 0.5813953488372093 14.685982875541093; 0.813953488372093 -68.02128540517953; 1.0465116279069768 9.447988945017052; 1.2790697674418605 1.8298965566610903; 1.5116279069767442 -390.6069270893672; 1.744186046511628 -5.660459021755219; 1.9767441860465116 -18.575784715814333; 2.2093023255813953 -40.841977957662564; 2.441860465116279 -63.618240390351815; 2.6744186046511627 -85.73190534543564; 2.9069767441860463 -215.90506043363757; 3.13953488372093 -140.2121614710613; 3.372093023255814 -172.29122694913806; 3.604651162790698 -217.51893624157225; 3.8372093023255816 -265.23058509293963; 4.069767441860465 -316.24851924084265; 4.3023255813953485 -389.7046583051062; 4.534883720930233 -447.9318201707472; 4.767441860465116 -528.0694355506383; 5.0 -662.7575847189038]
npts :	44
nout :	11
model :	(x,t) -> x[1]*t[1]^3 + x[2]*t[1]^2 + x[3]*t[1] + x[4] - t[2] 
dim :	4
cluster :	false
noise :	true
solution :	[-5.3, 2.7, -8.0, 9.8]
description :	type: cubic model with noise and outliers
