name :	cubic
data :	[-5.0 103.78648848240371; -4.875 98.83856506100247; -4.75 102.58494989029818; -4.625 96.87970766550703; -4.5 86.91237059970157; -4.375 89.49454398379424; -4.25 80.35214428014429; -4.125 -32.05948901716472; -4.0 253.58972886435106; -3.875 57.21679666321063; -3.75 52.10492928446864; -3.625 59.6798633523218; -3.5 45.27025393210651; -3.375 51.25407495847693; -3.25 39.814724499720256; -3.125 33.881900083306576; -3.0 -168.84512086525157; -2.875 24.99486994225012; -2.75 19.496300275532935; -2.625 193.65116832936147; -2.5 -40.16805701156026; -2.375 13.765009721435796; -2.25 15.028032194371873; -2.125 327.1762238443004; -2.0 269.8724527741419; -1.875 -2.644174564289699; -1.75 5.675927536233846; -1.625 -4.197527191787779; -1.5 37.80680087180818; -1.375 -6.6335181439139035; -1.25 -7.086905008453302; -1.125 -13.427352839114889; -1.0 -12.033978821388732; -0.875 -5.8921680898671; -0.75 -19.053604633636535; -0.625 -17.543987517935573; -0.5 -14.390442497945388; -0.375 -18.689203340271064; -0.25 -16.16968229678914; -0.125 -15.926057096992428; 0.0 163.00523867846755; 0.125 -21.418054813191333; 0.25 -16.341691842272702; 0.375 -10.908134294475309; 0.5 -11.710898444375031; 0.625 -22.531321075305616; 0.75 -21.43653108480026; 0.875 -14.088348208456615; 1.0 -50.292967003986156; 1.125 -12.966938778323568; 1.25 -122.90158075156137; 1.375 -2.866122737160004; 1.5 -4.255715311490729; 1.625 86.91598878403882; 1.75 -8.23728508385409; 1.875 -6.46719359776162; 2.0 0.7772903139945893; 2.125 1.4484980000795424; 2.25 10.360025579888722; 2.375 263.6796142581601; 2.5 14.007341954839275; 2.625 21.43127658887155; 2.75 14.625621240509016; 2.875 24.63576897877782; 3.0 32.68977909958832; 3.125 34.939358215114595; 3.25 42.16442688076033; 3.375 36.635533158674676; 3.5 53.073448416279305; 3.625 51.581940449319234; 3.75 55.64943048256902; 3.875 59.69352481662308; 4.0 -1.7716172232300522; 4.125 71.12336553717428; 4.25 73.73283805626352; 4.375 88.19491891070743; 4.5 94.07687297874223; 4.625 105.04133232727067; 4.75 238.45117276057894; 4.875 115.16979791835097; 5.0 121.23715332754523]
npts :	81
nout :	16
model :	(x,t) -> x[1]*t[1]^3 + x[2]*t[1]^2 + x[3]*t[1] + x[4] - t[2] 
dim :	4
cluster :	false
noise :	false
solution :	[0.1, 5.3, -1.7, -3.1]
description :	type2: cubic model
