name :	cubic
data :	[-5.0 189.4622902577227; -4.473684210526316 149.51091507791196; -3.9473684210526314 111.94964318337209; -3.4210526315789473 86.11635588510154; -2.8947368421052633 71.40251299765929; -2.3684210526315788 46.77237825174872; -1.8421052631578947 30.097434188539513; -1.3157894736842106 34.27864121380411; -0.7894736842105263 21.704911833055135; -0.2631578947368421 177.05988605894774; 0.2631578947368421 25.23394992004039; 0.7894736842105263 20.57907267589408; 1.3157894736842106 17.054013015533737; 1.8421052631578947 173.7938188452133; 2.3684210526315788 -135.6376419318392; 2.8947368421052633 24.575459937250073; 3.4210526315789473 21.63302799913535; 3.9473684210526314 25.85446438542862; 4.473684210526316 8.092629491658775; 5.0 126.6230383406609]
npts :	20
nout :	4
model :	(x,t) -> x[1]*t[1]^3 + x[2]*t[1]^2 + x[3]*t[1] + x[4] - t[2] 
dim :	4
cluster :	false
noise :	false
solution :	[-0.7, 3.2, -1.4, 5.2]
description :	type2: cubic model
