name :	cubic
data :	[-5.0 303.7340949165052; -4.642857142857143 246.41123610080388; -4.285714285714286 205.24436313344071; -3.9285714285714284 151.03872706978535; -3.5714285714285716 122.8915793708051; -3.2142857142857144 83.35729276018584; -2.857142857142857 71.37030748112483; -2.5 42.3450132271057; -2.142857142857143 22.769058305726276; -1.7857142857142858 18.20366425564208; -1.4285714285714286 -44.05732543354151; -1.0714285714285714 -6.158609254716497; -0.7142857142857143 -10.258163114066203; -0.35714285714285715 -3.044595794142772; 0.0 88.6090712990455; 0.35714285714285715 -195.21249340159184; 0.7142857142857143 1.2429939539373542; 1.0714285714285714 -7.302189258463443; 1.4285714285714286 -4.611100798839885; 1.7857142857142858 -3.187914591088054; 2.142857142857143 -6.172085685689293; 2.5 1.2356784055379109; 2.857142857142857 -9.76709367996727; 3.2142857142857144 -26.301342444089176; 3.5714285714285716 -13.213163594602058; 3.9285714285714284 -138.6668500154448; 4.285714285714286 -46.13036392704848; 4.642857142857143 -58.15696783302501; 5.0 188.01714848816079]
npts :	29
nout :	7
model :	(x,t) -> x[1]*t[1]^3 + x[2]*t[1]^2 + x[3]*t[1] + x[4] - t[2] 
dim :	4
cluster :	false
noise :	true
solution :	[-1.6, 4.6, 0.8, 7.0]
description :	type: cubic model with noise and outliers
