name :	cubic
data :	[-5.0 -481.91772292517624; -4.7368421052631575 -533.5552249063114; -4.473684210526316 -462.68515326550016; -4.2105263157894735 -418.7849543229609; -3.9473684210526314 -330.5648334125487; -3.6842105263157894 -280.723288455872; -3.4210526315789473 -232.1427092108825; -3.1578947368421053 -186.79446652900936; -2.8947368421052633 -152.98365419136002; -2.6315789473684212 -120.8781460853339; -2.3684210526315788 -102.52592188230155; -2.1052631578947367 -214.27721780232804; -1.8421052631578947 -56.567881899699245; -1.5789473684210527 -38.83159541689166; -1.3157894736842106 -32.12178906638095; -1.0526315789473684 -17.219180462525884; -0.7894736842105263 -3.3880867009506446; -0.5263157894736842 -5.645931065982182; -0.2631578947368421 -1.373756428684846; 0.0 0.0908844557844688; 0.2631578947368421 9.274886290084975; 0.5263157894736842 269.2215372696223; 0.7894736842105263 3.9526382349869493; 1.0526315789473684 -72.29636856237418; 1.3157894736842106 -2.7280815714921216; 1.5789473684210527 1.5596578027768597; 1.8421052631578947 11.398997402647378; 2.1052631578947367 8.48887450198653; 2.3684210526315788 6.249371332262715; 2.6315789473684212 11.765918082948978; 2.8947368421052633 30.145123816661012; 3.1578947368421053 30.03849788796662; 3.4210526315789473 52.845551455415006; 3.6842105263157894 67.36232554759127; 3.9473684210526314 85.6284955211654; 4.2105263157894735 108.89954886489114; 4.473684210526316 -360.59249801153584; 4.7368421052631575 168.1324744335651; 5.0 200.22095187758723]
npts :	39
nout :	8
model :	(x,t) -> x[1]*t[1]^3 + x[2]*t[1]^2 + x[3]*t[1] + x[4] - t[2] 
dim :	4
cluster :	false
noise :	false
solution :	[3.0, -8.4, 5.9, -10.0]
description :	type2: cubic model
