name :	cubic
data :	[-5.0 184.42190529787146; -4.811320754716981 161.18798864838084; -4.622641509433962 149.25636048899506; -4.433962264150943 130.54577260770088; -4.245283018867925 107.3826843247129; -4.056603773584905 84.06986304652958; -3.8679245283018866 70.93100198111823; -3.6792452830188678 172.21263386985615; -3.490566037735849 48.99178681485334; -3.30188679245283 35.38568818052608; -3.1132075471698113 23.867510890854486; -2.9245283018867925 20.232351478667347; -2.7358490566037736 11.921633927002267; -2.547169811320755 7.480576514753476; -2.358490566037736 -417.50639580143957; -2.169811320754717 -365.2316846568009; -1.9811320754716981 -10.104055990527367; -1.7924528301886793 -18.152822141101463; -1.6037735849056605 -15.076404206143623; -1.4150943396226414 -21.76809992260163; -1.2264150943396226 -17.16135309473195; -1.0377358490566038 -252.61495066311102; -0.8490566037735849 -27.556107762044533; -0.660377358490566 -19.644047031137728; -0.4716981132075472 -26.88070233200593; -0.2830188679245283 -24.813170551951593; -0.09433962264150944 -18.998375000629828; 0.09433962264150944 -278.02526776932467; 0.2830188679245283 -18.834049280475426; 0.4716981132075472 -23.83242217277614; 0.660377358490566 -22.664537240350015; 0.8490566037735849 -21.40723629300883; 1.0377358490566038 -15.0438828527198; 1.2264150943396226 -16.554998907936316; 1.4150943396226414 -111.51000296551878; 1.6037735849056605 -12.834197059960152; 1.7924528301886793 -12.839001138702322; 1.9811320754716981 -9.929643093387755; 2.169811320754717 -8.973146770290183; 2.358490566037736 -10.02774763914119; 2.547169811320755 86.8059127214562; 2.7358490566037736 -8.361087440657716; 2.9245283018867925 -10.405632566067538; 3.1132075471698113 10.9501977241992; 3.30188679245283 -18.366390026759902; 3.490566037735849 87.81342037237414; 3.6792452830188678 -31.167024607400347; 3.8679245283018866 -37.02099993913339; 4.056603773584905 -34.62887119102328; 4.245283018867925 -44.8290790028269; 4.433962264150943 -331.2588228242213; 4.622641509433962 -58.55415106103353; 4.811320754716981 -27.634630275896516; 5.0 -81.69222347224567]
npts :	54
nout :	11
model :	(x,t) -> x[1]*t[1]^3 + x[2]*t[1]^2 + x[3]*t[1] + x[4] - t[2] 
dim :	4
cluster :	false
noise :	false
solution :	[-1.3, 3.0, 5.4, -9.5]
description :	type2: cubic model
