name :	cubic
data :	[-5.0 -932.0385327925669; -4.5 -671.9241282580325; -4.0 -475.4980372435206; -3.5 -314.1352198862157; -3.0 -194.55910719577676; -2.5 -107.99473871717535; -2.0 -61.532106247195514; -1.5 -27.89848651952939; -1.0 -18.178539938007315; -0.5 -15.873345670321868; 0.0 -17.273266199177574; 0.5 -18.6371207571246; 1.0 -20.59471666878888; 1.5 263.4530437020147; 2.0 44.87414753268818; 2.5 93.35998716343502; 3.0 478.2480478773225; 3.5 370.5695524340721; 4.0 173.53336470617427; 4.5 537.7813186237095; 5.0 1108.240891725139]
npts :	21
nout :	5
model :	(x,t) -> x[1]*t[1]^3 + x[2]*t[1]^2 + x[3]*t[1] + x[4] - t[2] 
dim :	4
cluster :	false
noise :	true
solution :	[8.4, 4.2, -6.1, -9.1]
description :	type: cubic model with noise and outliers
