name :	cubic
data :	[-5.0 20.218693118725717; -4.705882352941177 33.82400920405201; -4.411764705882353 32.56391352621693; -4.117647058823529 34.75769772383337; -3.823529411764706 48.31617674412138; -3.5294117647058822 42.939494407129295; -3.235294117647059 42.444619862010924; -2.9411764705882355 46.45705434456236; -2.6470588235294117 35.90056806516199; -2.3529411764705883 -183.0977629506391; -2.0588235294117645 252.34609634846365; -1.7647058823529411 35.28007972556816; -1.4705882352941178 25.811442268369518; -1.1764705882352942 19.75434827607693; -0.8823529411764706 23.057885619789637; -0.5882352941176471 13.548584428711786; -0.29411764705882354 4.103531915745688; 0.0 8.39524685423636; 0.29411764705882354 -3.0024828394026493; 0.5882352941176471 -28.22576684779932; 0.8823529411764706 2.744805142542038; 1.1764705882352942 9.436877715648132; 1.4705882352941178 -188.50511657117946; 1.7647058823529411 14.557999665809392; 2.0588235294117645 21.70800245731583; 2.3529411764705883 115.56086608204535; 2.6470588235294117 -397.5799330610118; 2.9411764705882355 -241.25643445466102; 3.235294117647059 61.61179078460167; 3.5294117647058822 97.32339003218048; 3.823529411764706 105.08022048151314; 4.117647058823529 131.8142381138938; 4.411764705882353 160.24537278761267; 4.705882352941177 193.15009049564114; 5.0 230.3981713341371]
npts :	35
nout :	9
model :	(x,t) -> x[1]*t[1]^3 + x[2]*t[1]^2 + x[3]*t[1] + x[4] - t[2] 
dim :	4
cluster :	false
noise :	true
solution :	[1.2, 4.7, -9.7, -8.6]
description :	type: cubic model with noise and outliers
