name :	cubic
data :	[-5.0 -1318.1303005868044; -4.655172413793103 -1067.061009287338; -4.310344827586207 -844.0654250997758; -3.9655172413793105 -607.7747079334208; -3.6206896551724137 -506.15040529185745; -3.2758620689655173 -374.76631117644627; -2.9310344827586206 -262.3079228623082; -2.586206896551724 -174.0899150460378; -2.2413793103448274 -103.75430722500458; -1.896551724137931 -56.32898097593441; -1.5517241379310345 -28.66361064834895; -1.206896551724138 -166.87810930614853; -0.8620689655172413 14.420960285356788; -0.5172413793103449 16.667655768319065; -0.1724137931034483 21.00226681269386; 0.1724137931034483 -274.44701522129304; 0.5172413793103449 25.29725856137396; 0.8620689655172413 20.930817693534266; 1.206896551724138 30.126686644574296; 1.5517241379310345 -22.353262052227898; 1.896551724137931 53.755399314485764; 2.2413793103448274 -26.11697250030764; 2.586206896551724 123.39263787404462; 2.9310344827586206 181.00073833897804; 3.2758620689655173 257.09155946174457; 3.6206896551724137 422.0879238796276; 3.9655172413793105 477.16887486452043; 4.310344827586207 756.72199868932; 4.655172413793103 1163.7794986260492; 5.0 987.8744867572269]
npts :	30
nout :	8
model :	(x,t) -> x[1]*t[1]^3 + x[2]*t[1]^2 + x[3]*t[1] + x[4] - t[2] 
dim :	4
cluster :	false
noise :	true
solution :	[9.4, -7.3, -4.5, 8.8]
description :	type: cubic model with noise and outliers
