name :	cubic
data :	[-5.0 512.3225029500479; -4.473684210526316 350.6607043898024; -3.9473684210526314 239.63405375586507; -3.4210526315789473 153.0890078237365; -2.8947368421052633 90.44821292551123; -2.3684210526315788 162.13967938055927; -1.8421052631578947 20.200667160476836; -1.3157894736842106 -182.15306193510708; -0.7894736842105263 16.223335447919606; -0.2631578947368421 -17.406601782729798; 0.2631578947368421 25.808881117475558; 0.7894736842105263 -66.87667321083786; 1.3157894736842106 13.217520515565457; 1.8421052631578947 266.4038172835357; 2.3684210526315788 -66.55174837846225; 2.8947368421052633 -132.1861473269303; 3.4210526315789473 -218.06872178999123; 3.9473684210526314 -343.50030370038877; 4.473684210526316 -510.00233021498184; 5.0 -711.9913557834452]
npts :	20
nout :	5
model :	(x,t) -> x[1]*t[1]^3 + x[2]*t[1]^2 + x[3]*t[1] + x[4] - t[2] 
dim :	4
cluster :	false
noise :	true
solution :	[-5.1, -4.9, 5.4, 7.3]
description :	type: cubic model with noise and outliers
