name :	cubic
data :	[-5.0 129.77959415885272; -4.62962962962963 97.93870852229077; -4.2592592592592595 68.9763183280285; -3.888888888888889 349.34672113003836; -3.5185185185185186 29.099571348224753; -3.1481481481481484 10.905884997221687; -2.7777777777777777 5.050184439788536; -2.4074074074074074 -8.816405908858503; -2.037037037037037 48.80265751605756; -1.6666666666666667 -13.522934336103091; -1.2962962962962963 -14.279277730433025; -0.9259259259259259 -13.382440086266827; -0.5555555555555556 -15.58630106165286; -0.18518518518518517 -14.410327379641057; 0.18518518518518517 -20.317747607820156; 0.5555555555555556 -13.128005497736005; 0.9259259259259259 356.42184706204335; 1.2962962962962963 -3.5048032015791186; 1.6666666666666667 -0.9719796356441215; 2.037037037037037 -30.224542565726907; 2.4074074074074074 -337.99295048463665; 2.7777777777777777 1.4318811378793654; 3.1481481481481484 6.141396159183138; 3.5185185185185186 -107.05906591043968; 3.888888888888889 -2.606799085652; 4.2592592592592595 -14.365867400498306; 4.62962962962963 -63.83773497165794; 5.0 -41.4960276646388]
npts :	28
nout :	7
model :	(x,t) -> x[1]*t[1]^3 + x[2]*t[1]^2 + x[3]*t[1] + x[4] - t[2] 
dim :	4
cluster :	false
noise :	true
solution :	[-1.0, 2.5, 7.5, -1.5]
description :	type: cubic model with noise and outliers
