name :	cubic
data :	[-5.0 -1088.3953960377605; -4.473684210526316 -670.9503153701904; -3.9473684210526314 -557.9589876181598; -3.4210526315789473 -367.7352461419133; -2.8947368421052633 -235.81359625099537; -2.3684210526315788 -138.19452107261438; -1.8421052631578947 -60.90146326811385; -1.3157894736842106 -24.8517388397346; -0.7894736842105263 -13.953898103948418; -0.2631578947368421 -164.35688595188938; 0.2631578947368421 -14.687066560483439; 0.7894736842105263 -14.686519690540774; 1.3157894736842106 96.72318908009615; 1.8421052631578947 7.190903681187042; 2.3684210526315788 31.910572886756118; 2.8947368421052633 278.2811097287284; 3.4210526315789473 181.2745252267105; 3.9473684210526314 520.3610000507396; 4.473684210526316 476.2856009637792; 5.0 704.6809258840015]
npts :	20
nout :	5
model :	(x,t) -> x[1]*t[1]^3 + x[2]*t[1]^2 + x[3]*t[1] + x[4] - t[2] 
dim :	4
cluster :	false
noise :	true
solution :	[7.4, -7.4, -6.7, 6.0]
description :	type: cubic model with noise and outliers
