name :	cubic
data :	[-5.0 -180.77107770751581; -4.827586206896552 -160.3762257156339; -4.655172413793103 -137.23585900272022; -4.482758620689655 -125.05752347917806; -4.310344827586207 180.08647754833765; -4.137931034482759 -90.25934273574117; -3.9655172413793105 -275.56391158991283; -3.793103448275862 -56.625397776501096; -3.6206896551724137 -43.15737935286296; -3.4482758620689653 -33.11132499823387; -3.2758620689655173 -28.691185034570744; -3.103448275862069 -24.909578177480178; -2.9310344827586206 -6.0823578809128165; -2.7586206896551726 -1.5829093524588753; -2.586206896551724 -1.1714213072951356; -2.413793103448276 -23.799409255925518; -2.2413793103448274 5.4328624468530755; -2.0689655172413794 55.34243665082401; -1.896551724137931 8.877552259858716; -1.7241379310344827 1.862390254974951; -1.5517241379310345 6.696325531316681; -1.3793103448275863 -1.5161411351257108; -1.206896551724138 -5.390059880482733; -1.0344827586206897 1.7543356575292677; -0.8620689655172413 135.51553870629317; -0.6896551724137931 -7.3094332721383815; -0.5172413793103449 -167.0935196400992; -0.3448275862068966 -7.411925953525271; -0.1724137931034483 -12.713786368664369; 0.0 50.462106577913175; 0.1724137931034483 -13.695187022483458; 0.3448275862068966 -15.11054311004381; 0.5172413793103449 -15.934190728911377; 0.6896551724137931 -15.549447622613005; 0.8620689655172413 -300.85350302795007; 1.0344827586206897 -118.63603875885251; 1.206896551724138 -11.455523629407407; 1.3793103448275863 -8.718755600704371; 1.5517241379310345 -277.52598577048235; 1.7241379310344827 -4.806936403051701; 1.896551724137931 14.644850525316688; 2.0689655172413794 16.689603704312916; 2.2413793103448274 19.233294196595192; 2.413793103448276 34.558734581916454; 2.586206896551724 39.10632449747578; 2.7586206896551726 57.76666173651385; 2.9310344827586206 76.88129576231482; 3.103448275862069 90.21609575998362; 3.2758620689655173 68.46154990929013; 3.4482758620689653 128.38879982630732; 3.6206896551724137 148.62031599413865; 3.793103448275862 165.33348440189985; 3.9655172413793105 191.09282193930005; 4.137931034482759 229.77254097971536; 4.310344827586207 251.12285272994453; 4.482758620689655 288.07511403673203; 4.655172413793103 322.36980017964845; 4.827586206896552 366.1385545419984; 5.0 360.6751025543274]
npts :	59
nout :	12
model :	(x,t) -> x[1]*t[1]^3 + x[2]*t[1]^2 + x[3]*t[1] + x[4] - t[2] 
dim :	4
cluster :	false
noise :	false
solution :	[2.7, 4.8, -8.7, 2.6]
description :	type2: cubic model
