name :	cubic
data :	[-5.0 986.5914134722229; -4.814814814814815 893.5457851925624; -4.62962962962963 788.8056290514434; -4.444444444444445 701.8414111720783; -4.2592592592592595 629.4012902198054; -4.074074074074074 995.4758058661608; -3.888888888888889 485.62785366408747; -3.7037037037037037 425.81287931042755; -3.5185185185185186 372.5380110015568; -3.3333333333333335 318.6636380467931; -3.1481481481481484 262.47263902956604; -2.962962962962963 221.05768892832918; -2.7777777777777777 187.3920330543388; -2.5925925925925926 159.44536411415848; -2.4074074074074074 123.37559389702652; -2.2222222222222223 97.70179052475387; -2.037037037037037 87.25570932895336; -1.8518518518518519 67.16128531429678; -1.6666666666666667 45.559217102119604; -1.4814814814814814 29.187959543477117; -1.2962962962962963 17.873841991242625; -1.1111111111111112 11.663126721872313; -0.9259259259259259 11.329919683122633; -0.7407407407407407 -3.5115917187798047; -0.5555555555555556 0.7423672351665633; -0.37037037037037035 0.38261607403419085; -0.18518518518518517 -0.28392650101512906; 0.0 -8.182633227076263; 0.18518518518518517 -6.020805983694572; 0.37037037037037035 -12.779305398027226; 0.5555555555555556 -14.092477056182334; 0.7407407407407407 -6.365503011254642; 0.9259259259259259 -10.534882081916631; 1.1111111111111112 -14.932250224672597; 1.2962962962962963 -17.355120520332207; 1.4814814814814814 -29.66027937147132; 1.6666666666666667 329.17629364742214; 1.8518518518518519 35.568267419699; 2.037037037037037 -60.2357903256379; 2.2222222222222223 -66.82028362729804; 2.4074074074074074 -120.16291038425739; 2.5925925925925926 -68.25842577906522; 2.7777777777777777 -129.33750450272663; 2.962962962962963 -166.59496433796502; 3.1481481481481484 -188.09892248369746; 3.3333333333333335 -240.39166699467233; 3.5185185185185186 -243.78330645023968; 3.7037037037037037 -312.5448765794633; 3.888888888888889 -562.00418002183; 4.074074074074074 -415.85580847133446; 4.2592592592592595 -770.0009581922684; 4.444444444444445 -428.0852135103611; 4.62962962962963 -336.4911971328537; 4.814814814814815 -685.8415261443763; 5.0 -766.9902229083425]
npts :	55
nout :	11
model :	(x,t) -> x[1]*t[1]^3 + x[2]*t[1]^2 + x[3]*t[1] + x[4] - t[2] 
dim :	4
cluster :	false
noise :	false
solution :	[-6.8, 4.6, -5.9, 7.0]
description :	type2: cubic model
