name :	cubic
data :	[-5.0 -720.6442680681364; -4.795918367346939 -632.947036675124; -4.591836734693878 -549.5978312949334; -4.387755102040816 -475.3044769947536; -4.183673469387755 -410.8016154464819; -3.979591836734694 -468.3964488530611; -3.7755102040816326 -286.3749860136862; -3.5714285714285716 -231.71063430618844; -3.36734693877551 -190.88773786555532; -3.163265306122449 -157.85471317060356; -2.9591836734693877 -112.71830970707111; -2.7551020408163267 -87.42055877484641; -2.5510204081632653 -171.96485418475953; -2.3469387755102042 -36.886814039253785; -2.142857142857143 -30.857962572848564; -1.9387755102040816 -15.52578656317532; -1.7346938775510203 29.09319497930062; -1.530612244897959 6.062177396688369; -1.3265306122448979 -292.14171798179683; -1.1224489795918366 15.645713645833869; -0.9183673469387755 153.77623142698758; -0.7142857142857143 20.046174329532995; -0.5102040816326531 23.183439288817137; -0.30612244897959184 28.04133705644788; -0.10204081632653061 26.122659941419016; 0.10204081632653061 20.269573986378838; 0.30612244897959184 20.061781782682665; 0.5102040816326531 20.38059985729638; 0.7142857142857143 23.085434794027407; 0.9183673469387755 1.863884959898309; 1.1224489795918366 32.821283681363155; 1.3265306122448979 38.1939470104085; 1.530612244897959 38.63467655707744; 1.7346938775510203 45.13851488470687; 1.9387755102040816 65.0831687282439; 2.142857142857143 77.98855172125562; 2.3469387755102042 102.40814869149278; 2.5510204081632653 124.26396259464629; 2.7551020408163267 151.4525397946898; 2.9591836734693877 196.05287816965495; 3.163265306122449 28.192367150370274; 3.36734693877551 269.96142366431263; 3.5714285714285716 263.9028876720446; 3.7755102040816326 202.95784885088793; 3.979591836734694 441.04349691438733; 4.183673469387755 503.9853780258238; 4.387755102040816 582.7513907112566; 4.591836734693878 656.4803416154734; 4.795918367346939 652.1229996830824; 5.0 848.9431917821784]
npts :	50
nout :	10
model :	(x,t) -> x[1]*t[1]^3 + x[2]*t[1]^2 + x[3]*t[1] + x[4] - t[2] 
dim :	4
cluster :	false
noise :	false
solution :	[6.5, 1.7, -5.0, 6.9]
description :	type2: cubic model
