name :	cubic
data :	[-5.0 -248.60637589293555; -4.285714285714286 -33.993499108967384; -3.5714285714285716 -122.2505696607578; -2.857142857142857 -83.47953915413913; -2.142857142857143 -34.32412376875741; -1.4285714285714286 -12.23496140270413; -0.7142857142857143 -223.13094011854645; 0.0 -2.042823339575637; 0.7142857142857143 -17.257632516221857; 1.4285714285714286 -27.12199381028764; 2.142857142857143 -53.413252821675684; 2.857142857142857 -95.76241195973061; 3.5714285714285716 -143.84861030149438; 4.285714285714286 -207.39249233123587; 5.0 -268.7410240265644]
npts :	15
nout :	3
model :	(x,t) -> x[1]*t[1]^3 + x[2]*t[1]^2 + x[3]*t[1] + x[4] - t[2] 
dim :	4
cluster :	false
noise :	false
solution :	[0.1, -10.0, -4.8, 9.8]
description :	type2: cubic model
