name :	cubic
data :	[-5.0 -483.42155625945844; -4.818181818181818 -440.3973154872655; -4.636363636363637 -393.08712642844887; -4.454545454545454 -344.2588413836881; -4.2727272727272725 -315.6047599854605; -4.090909090909091 -267.5333576404377; -3.909090909090909 -236.66823390561237; -3.727272727272727 -210.26133153757684; -3.5454545454545454 -121.6863331002111; -3.3636363636363638 -160.58768240799856; -3.1818181818181817 -232.46681192263412; -3.0 -119.41610334607455; -2.8181818181818183 -103.85378284431094; -2.6363636363636362 -78.57509155543814; -2.4545454545454546 56.12927230096691; -2.272727272727273 -63.440305452152394; -2.090909090909091 -57.167803044384; -1.9090909090909092 57.04779579065134; -1.7272727272727273 -258.44462261024637; -1.5454545454545454 -108.67238160529507; -1.3636363636363635 -35.727611206913934; -1.1818181818181819 -28.4628081792045; -1.0 -20.320664205276444; -0.8181818181818182 -23.99462756673249; -0.6363636363636364 -30.890554716127596; -0.45454545454545453 -18.227077772380156; -0.2727272727272727 -23.001242765045205; -0.09090909090909091 -29.05658679872243; 0.09090909090909091 -19.791767017498003; 0.2727272727272727 -28.38288988671941; 0.45454545454545453 -367.0947942284661; 0.6363636363636364 -18.91538078509746; 0.8181818181818182 -248.25452788258306; 1.0 -187.46233737065194; 1.1818181818181819 -10.351929938795996; 1.3636363636363635 -2.6617871641952657; 1.5454545454545454 9.9150468964866; 1.7272727272727273 9.526921736039466; 1.9090909090909092 22.214336038880802; 2.090909090909091 38.3941947166017; 2.272727272727273 51.710626416654875; 2.4545454545454546 67.54227670401585; 2.6363636363636362 80.4404552691348; 2.8181818181818183 97.4581502469786; 3.0 132.5066217576816; 3.1818181818181817 147.2539844899378; 3.3636363636363638 184.10333359738607; 3.5454545454545454 220.4257976402909; 3.727272727272727 250.64781626650452; 3.909090909090909 161.63921032684564; 4.090909090909091 329.9021897758791; 4.2727272727272725 375.9935419398742; 4.454545454545454 433.920927109849; 4.636363636363637 481.597969880654; 4.818181818181818 537.7388827869615; 5.0 603.7581128041033]
npts :	56
nout :	11
model :	(x,t) -> x[1]*t[1]^3 + x[2]*t[1]^2 + x[3]*t[1] + x[4] - t[2] 
dim :	4
cluster :	false
noise :	false
solution :	[4.3, 3.2, 2.0, -9.6]
description :	type2: cubic model
