name :	cubic
data :	[-5.0 -1397.3369512495292; -4.767441860465116 -1218.5946902913718; -4.534883720930233 -1311.1775389186216; -4.3023255813953485 -906.3568713877813; -4.069767441860465 -770.8911078042067; -3.8372093023255816 -647.4682595914912; -3.604651162790698 -540.6720241252295; -3.372093023255814 -450.0845804955959; -3.13953488372093 -365.18475586761656; -2.9069767441860463 -360.9307021958321; -2.6744186046511627 -236.94440175227973; -2.441860465116279 -182.00881043983424; -2.2093023255813953 -125.23329180118488; -1.9767441860465116 -97.24896460082547; -1.744186046511628 -60.63940165181553; -1.5116279069767442 131.43819780051024; -1.2790697674418605 -24.715951578949984; -1.0465116279069768 -1.2929123781515521; -0.813953488372093 -225.86108831865448; -0.5813953488372093 12.31312920577965; -0.3488372093023256 16.73759886918281; -0.11627906976744186 10.203767510794174; 0.11627906976744186 12.705632897036477; 0.3488372093023256 -155.27987726943363; 0.5813953488372093 20.345962882139617; 0.813953488372093 -161.73358944965725; 1.0465116279069768 30.858095211229195; 1.2790697674418605 39.06124620995211; 1.5116279069767442 43.05618729943056; 1.744186046511628 82.41240962128555; 1.9767441860465116 75.76043250087301; 2.2093023255813953 110.19585214942285; 2.441860465116279 132.7524142873541; 2.6744186046511627 183.28100357566674; 2.9069767441860463 223.2725879085646; 3.13953488372093 287.51096782724073; 3.372093023255814 214.87240128645965; 3.604651162790698 426.66463576867454; 3.8372093023255816 509.5953744437914; 4.069767441860465 611.820095317044; 4.3023255813953485 722.3747360916122; 4.534883720930233 840.4547446306625; 4.767441860465116 1041.2498076060622; 5.0 1134.0493384018735]
npts :	44
nout :	9
model :	(x,t) -> x[1]*t[1]^3 + x[2]*t[1]^2 + x[3]*t[1] + x[4] - t[2] 
dim :	4
cluster :	false
noise :	false
solution :	[9.9, -5.9, 5.5, 1.7]
description :	type2: cubic model
