name :	cubic
data :	[-5.0 -978.9153963318464; -4.791666666666667 -845.3894348076265; -4.583333333333333 -747.7031729182037; -4.375 -643.4943001446618; -4.166666666666667 -557.5389518950577; -3.9583333333333335 -473.55129391734323; -3.75 -445.4674383013988; -3.5416666666666665 -330.6612009227366; -3.3333333333333335 -271.3742045406279; -3.125 -533.6879347123938; -2.9166666666666665 -172.00926306097358; -2.7083333333333335 -135.14128431391865; -2.5 -165.09482760838398; -2.2916666666666665 -76.10911943631976; -2.0833333333333335 -53.78070390277863; -1.875 -25.94046119611677; -1.6666666666666667 -18.76470865830261; -1.4583333333333333 -4.060162225490334; -1.25 -354.51990608467645; -1.0416666666666667 9.916786578171095; -0.8333333333333334 10.235827105204471; -0.625 -155.10803068924258; -0.4166666666666667 17.313330023312652; -0.20833333333333334 9.335346531823028; 0.0 6.417494765464057; 0.20833333333333334 -0.6829962556647553; 0.4166666666666667 -1.4706764470329023; 0.625 7.133055221242259; 0.8333333333333334 -106.26935642591505; 1.0416666666666667 -22.109417367110066; 1.25 3.602701813829438; 1.4583333333333333 -69.7288454958881; 1.6666666666666667 25.515342608441284; 1.875 338.18547845034465; 2.0833333333333335 61.00728840723507; 2.2916666666666665 82.03337615990529; 2.5 100.82451355549726; 2.7083333333333335 138.21140616374194; 2.9166666666666665 169.16154808332556; 3.125 209.06843047667533; 3.3333333333333335 268.2004769087062; 3.5416666666666665 324.15275295787455; 3.75 380.3549983400887; 3.9583333333333335 450.3063588002545; 4.166666666666667 529.378212407734; 4.375 1214.6040228042089; 4.583333333333333 712.0465414235468; 4.791666666666667 820.0357543660068; 5.0 931.8925771789217]
npts :	49
nout :	10
model :	(x,t) -> x[1]*t[1]^3 + x[2]*t[1]^2 + x[3]*t[1] + x[4] - t[2] 
dim :	4
cluster :	false
noise :	false
solution :	[8.0, -1.0, -9.1, -6.7]
description :	type2: cubic model
