name :	cubic
data :	[-5.0 -488.1776284055342; -4.875 -446.80939850358163; -4.75 -419.7659268072952; -4.625 -379.0731082946163; -4.5 -346.43535846569245; -4.375 -73.07483347878312; -4.25 131.7684291152292; -4.125 -270.03092521516606; -4.0 -238.3325937724076; -3.875 -222.827895975654; -3.75 -197.02529085740744; -3.625 -176.80351243639325; -3.5 -157.52923204753992; -3.375 -140.07022442934553; -3.25 -136.45901766361993; -3.125 -113.32699183895306; -3.0 -104.320366510672; -2.875 -96.85057000039222; -2.75 -86.52204354875917; -2.625 -73.05126617772439; -2.5 -62.33633888152249; -2.375 -50.32017966916477; -2.25 -48.74846229523405; -2.125 -44.23035524135497; -2.0 -33.195072379799115; -1.875 -27.512866215916823; -1.75 -31.35314853499891; -1.625 -110.30736007858088; -1.5 -23.18319541923988; -1.375 -358.39922726707033; -1.25 -18.211809533116696; -1.125 -23.417261740278054; -1.0 -423.7751658591455; -0.875 -16.407920416279204; -0.75 -9.504253920697959; -0.625 -20.47336143566623; -0.5 -17.180635613762277; -0.375 -15.027531868135311; -0.25 -22.02363203571656; -0.125 49.70109608317154; 0.0 -22.022748086775042; 0.125 207.13363210888653; 0.25 -2.584730745787252; 0.375 -14.392023581096648; 0.5 -15.170046823845027; 0.625 -20.04002019950968; 0.75 -9.19361058711237; 0.875 -6.700447966080758; 1.0 -11.760970026397857; 1.125 -11.760166289728135; 1.25 -1.0617513231550735; 1.375 -6.197318469065184; 1.5 6.300833150834988; 1.625 10.517929493223779; 1.75 13.044173196948499; 1.875 21.88312700020082; 2.0 34.10558385110244; 2.125 45.770251639890176; 2.25 -39.18552046244767; 2.375 68.66625138385336; 2.5 78.25781981800051; 2.625 89.42538948739703; 2.75 98.37052912618263; 2.875 120.12573425233279; 3.0 134.96389839285175; 3.125 154.11414599670783; 3.25 174.7362760312963; 3.375 199.85503628247744; 3.5 221.14262884353957; 3.625 251.0571143745566; 3.75 270.7314253905728; 3.875 279.33972547256576; 4.0 324.4723282738278; 4.125 223.27144191646002; 4.25 597.9812172509726; 4.375 627.2927062831691; 4.5 462.4186662368027; 4.625 508.67077032092294; 4.75 547.2634308904053; 4.875 584.2489332675609; 5.0 627.1391686323147]
npts :	81
nout :	16
model :	(x,t) -> x[1]*t[1]^3 + x[2]*t[1]^2 + x[3]*t[1] + x[4] - t[2] 
dim :	4
cluster :	false
noise :	false
solution :	[4.5, 3.6, -0.4, -1.3]
description :	type2: cubic model
