name :	cubic
data :	[-5.0 753.6315023336643; -4.705882352941177 1266.5969393888488; -4.411764705882353 537.5238605416325; -4.117647058823529 444.00070234908776; -3.823529411764706 282.68867409335894; -3.5294117647058822 301.5263268746418; -3.235294117647059 240.0471000112287; -2.9411764705882355 195.01648743745608; -2.6470588235294117 154.55055121595922; -2.3529411764705883 108.07576708085453; -2.0588235294117645 87.0449746534477; -1.7647058823529411 44.43684803798289; -1.4705882352941178 46.679379925070094; -1.1764705882352942 27.93376522655774; -0.8823529411764706 24.80406765452225; -0.5882352941176471 11.342261343698734; -0.29411764705882354 -310.5973556903295; 0.0 -172.97913335173723; 0.29411764705882354 -181.45434774539953; 0.5882352941176471 6.701014008178529; 0.8823529411764706 15.551484636869894; 1.1764705882352942 17.911881534727094; 1.4705882352941178 17.68079048260555; 1.7647058823529411 8.908321434695303; 2.0588235294117645 -0.3919095808135671; 2.3529411764705883 4.591301762991046; 2.6470588235294117 33.91208599261565; 2.9411764705882355 -32.29326212552283; 3.235294117647059 -297.85273266165854; 3.5294117647058822 -201.17215780111516; 3.823529411764706 -103.46248846739137; 4.117647058823529 -147.90730140068538; 4.411764705882353 -192.94973630241114; 4.705882352941177 -246.12282162638; 5.0 -308.2683486301212]
npts :	35
nout :	9
model :	(x,t) -> x[1]*t[1]^3 + x[2]*t[1]^2 + x[3]*t[1] + x[4] - t[2] 
dim :	4
cluster :	false
noise :	true
solution :	[-4.2, 8.6, -0.9, -5.9]
description :	type: cubic model with noise and outliers
