name :	cubic
data :	[-5.0 902.0860678587213; -4.72972972972973 934.3155367379202; -4.45945945945946 646.9248947747791; -4.1891891891891895 544.3585701021096; -3.918918918918919 421.0605142929948; -3.6486486486486487 367.5354796647698; -3.3783783783783785 294.95198091554477; -3.108108108108108 234.69504966409593; -2.8378378378378377 193.03983028620198; -2.5675675675675675 146.81348757073374; -2.2972972972972974 114.41734696166336; -2.027027027027027 53.18827514439711; -1.7567567567567568 -78.53898288178436; -1.4864864864864864 -64.10038432159459; -1.2162162162162162 26.751040255157015; -0.9459459459459459 29.878385581111424; -0.6756756756756757 24.647832044753684; -0.40540540540540543 22.727551589774684; -0.13513513513513514 10.721522810584489; 0.13513513513513514 -455.9853530584191; 0.40540540540540543 19.095609268226983; 0.6756756756756757 16.59083665299084; 0.9459459459459459 17.326380654536834; 1.2162162162162162 14.875590590418106; 1.4864864864864864 8.757613262847144; 1.7567567567567568 -22.824833048412668; 2.027027027027027 -371.41683246597194; 2.2972972972972974 -37.76874994915077; 2.5675675675675675 -63.934137312129565; 2.8378378378378377 -95.04935469161381; 3.108108108108108 -156.84764338348467; 3.3783783783783785 -189.87289576254136; 3.6486486486486487 -291.5214856411031; 3.918918918918919 -311.7775644073885; 4.1891891891891895 -390.164232158794; 4.45945945945946 -471.4685467954037; 4.72972972972973 -579.9539124981253; 5.0 -687.8941349768153]
npts :	38
nout :	10
model :	(x,t) -> x[1]*t[1]^3 + x[2]*t[1]^2 + x[3]*t[1] + x[4] - t[2] 
dim :	4
cluster :	false
noise :	true
solution :	[-6.4, 3.4, 1.1, 3.1]
description :	type: cubic model with noise and outliers
