name :	cubic
data :	[-5.0 -852.2334514733654; -4.545454545454546 -649.1843676147355; -4.090909090909091 -464.83875764256595; -3.6363636363636362 -348.13698369553157; -3.1818181818181817 -243.92623818128055; -2.727272727272727 -169.905846803348; -2.272727272727273 -101.05365014124655; -1.8181818181818181 -66.94398255911075; -1.3636363636363635 -167.2960661117847; -0.9090909090909091 -25.59620095063731; -0.45454545454545453 248.36558604810193; 0.0 -18.959213836639456; 0.45454545454545453 -21.563359409705328; 0.9090909090909091 -19.770765220568272; 1.3636363636363635 247.4511621167006; 1.8181818181818181 19.83288687823172; 2.272727272727273 42.05673609327363; 2.727272727272727 96.48249182259067; 3.1818181818181817 158.5403909059095; 3.6363636363636362 242.97615457506842; 4.090909090909091 370.32667924820544; 4.545454545454546 506.5931770713361; 5.0 607.594709698348]
npts :	23
nout :	5
model :	(x,t) -> x[1]*t[1]^3 + x[2]*t[1]^2 + x[3]*t[1] + x[4] - t[2] 
dim :	4
cluster :	false
noise :	false
solution :	[6.1, -2.6, 2.2, -4.0]
description :	type2: cubic model
