name :	cubic
data :	[-5.0 1180.994391646036; -4.7727272727272725 1025.2763731784485; -4.545454545454546 886.1408214323361; -4.318181818181818 1304.504588879127; -4.090909090909091 651.6669524123004; -3.8636363636363638 554.6178214810038; -3.6363636363636362 458.48216291714124; -3.409090909090909 188.20031863323834; -3.1818181818181817 309.9842062443829; -2.9545454545454546 239.76020891934127; -2.727272727272727 194.80671518318226; -2.5 147.822813780329; -2.272727272727273 99.43487679490372; -2.0454545454545454 -300.6738939202677; -1.8181818181818181 44.99394460061183; -1.5909090909090908 32.263813168548; -1.3636363636363635 14.301345061707275; -1.1363636363636365 311.9837363082801; -0.9090909090909091 -5.4902206424629245; -0.6818181818181818 -16.636512485539704; -0.45454545454545453 -12.90252266160006; -0.22727272727272727 -19.31365821121435; 0.0 -15.443939939642366; 0.22727272727272727 -21.13575201638073; 0.45454545454545453 -13.318302644483428; 0.6818181818181818 -14.878067767369625; 0.9090909090909091 -22.469922598339743; 1.1363636363636365 -269.6180537191052; 1.3636363636363635 -36.27974728013025; 1.5909090909090908 -41.236189175839556; 1.8181818181818181 85.56941494825936; 2.0454545454545454 -80.46280843537275; 2.272727272727273 -113.95109092776646; 2.5 -133.55652302001837; 2.727272727272727 -70.625699633748; 2.9545454545454546 -226.8925054296473; 3.1818181818181817 -277.9893177643856; 3.409090909090909 -337.5116226418121; 3.6363636363636362 -415.7856621026496; 3.8636363636363638 -489.69549495837515; 4.090909090909091 -587.7155664774974; 4.318181818181818 -692.2340609894225; 4.545454545454546 -303.54747280282885; 4.7727272727272725 -1069.000121618368; 5.0 -852.1224895547989]
npts :	45
nout :	11
model :	(x,t) -> x[1]*t[1]^3 + x[2]*t[1]^2 + x[3]*t[1] + x[4] - t[2] 
dim :	4
cluster :	false
noise :	true
solution :	[-9.0, 3.0, -0.3, -2.5]
description :	type: cubic model with noise and outliers
