name :	cubic
data :	[-5.0 722.5939923125673; -4.5 850.1303944320393; -4.0 376.2063538791193; -3.5 252.61652262741387; -3.0 160.96055032061415; -2.5 99.01926417837512; -2.0 47.0682846484931; -1.5 69.32976091281154; -1.0 19.81050014705444; -0.5 11.214645205369822; 0.0 -64.80898543784294; 0.5 -161.8669587607744; 1.0 -9.203830755167115; 1.5 -36.916337154441294; 2.0 -95.59914773475288; 2.5 -164.04083595924018; 3.0 -259.71032900507686; 3.5 -384.120884025022; 4.0 -548.3317430951257; 4.5 -761.7967211808564; 5.0 -1014.2955094520813]
npts :	21
nout :	4
model :	(x,t) -> x[1]*t[1]^3 + x[2]*t[1]^2 + x[3]*t[1] + x[4] - t[2] 
dim :	4
cluster :	false
noise :	false
solution :	[-6.6, -6.0, -9.4, -7.6]
description :	type2: cubic model
