name :	cubic
data :	[-5.0 260.7575503226849; -4.8 223.42317387179668; -4.6 197.0888457933468; -4.4 228.05278069987625; -4.2 155.14478266655817; -4.0 133.32305055715423; -3.8 112.94370096376477; -3.6 88.65849608614849; -3.4 77.17732278930961; -3.2 66.55678676153805; -3.0 69.34941250939103; -2.8 32.43526617632658; -2.6 23.455813567683506; -2.4 12.856433828332602; -2.2 -310.00735195822364; -2.0 -1.7532973108953662; -1.8 -6.328774320263705; -1.6 -2.2374209108376526; -1.4 -12.655162958885814; -1.2 -6.739562146224222; -1.0 -11.80518850468643; -0.8 -12.69227858653916; -0.6 -11.038244835833428; -0.4 -9.784463105736625; -0.2 -12.097939740409455; 0.0 -1.1205853834846122; 0.2 -7.354372763692677; 0.4 -2.3626210597012527; 0.6 128.33587210188844; 0.8 24.475333446997123; 1.0 8.359554931220963; 1.2 7.638643062394374; 1.4 9.410403734546296; 1.6 7.712145844089541; 1.8 -17.187368535681056; 2.0 40.233158914960434; 2.2 93.87591816258382; 2.4 17.141374063316462; 2.6 17.244533992756523; 2.8 -401.4289693792554; 3.0 236.16849232682515; 3.2 24.758510662367918; 3.4 14.552806772944646; 3.6 15.841362379067867; 3.8 10.836098237648514; 4.0 5.767338208813326; 4.2 1.0956400696602344; 4.4 -15.108990998164622; 4.6 -25.736925680591387; 4.8 -27.100884275863343; 5.0 -39.492596366264536]
npts :	51
nout :	10
model :	(x,t) -> x[1]*t[1]^3 + x[2]*t[1]^2 + x[3]*t[1] + x[4] - t[2] 
dim :	4
cluster :	false
noise :	false
solution :	[-1.6, 4.6, 9.9, 6.8]
description :	type2: cubic model
