name :	cubic
data :	[-5.0 -174.75747779515802; -4.714285714285714 -307.3311649955134; -4.428571428571429 -255.11444184246682; -4.142857142857143 -205.99498295960842; -3.857142857142857 -75.60577692663514; -3.5714285714285716 -127.48702542262403; -3.2857142857142856 -323.5947733919373; -3.0 -62.22649203658801; -2.7142857142857144 -50.966257380571584; -2.4285714285714284 -28.33306050272831; -2.142857142857143 -24.39210788430254; -1.8571428571428572 -21.632646355278858; -1.5714285714285714 -12.839787028157637; -1.2857142857142858 -8.511420624938346; -1.0 -0.622160959858876; -0.7142857142857143 -33.961360362706124; -0.42857142857142855 -10.123517784847893; -0.14285714285714285 -14.250109546116494; 0.14285714285714285 -8.229874354385695; 0.42857142857142855 -10.504036798188068; 0.7142857142857143 -146.38112319982184; 1.0 0.09956735788027515; 1.2857142857142858 8.34196545554088; 1.5714285714285714 13.124585500995913; 1.8571428571428572 30.61070158146563; 2.142857142857143 51.906719428981226; 2.4285714285714284 85.3016314257126; 2.7142857142857144 107.75043746527969; 3.0 154.03216849975988; 3.2857142857142856 191.2056238379369; 3.5714285714285716 251.35615403615253; 3.857142857142857 485.8338178348333; 4.142857142857143 369.47931077123917; 4.428571428571429 448.2737650402123; 4.714285714285714 548.7350277352015; 5.0 636.7316139561059]
npts :	36
nout :	7
model :	(x,t) -> x[1]*t[1]^3 + x[2]*t[1]^2 + x[3]*t[1] + x[4] - t[2] 
dim :	4
cluster :	false
noise :	false
solution :	[4.1, 5.6, -0.6, 5.2]
description :	type2: cubic model
