name :	cubic
data :	[-5.0 65.18268899629113; -4.705882352941177 53.89586851367187; -4.411764705882353 68.35691641223951; -4.117647058823529 20.582013748606062; -3.823529411764706 13.617694628303394; -3.5294117647058822 0.7666102696929133; -3.235294117647059 5.940481597000829; -2.9411764705882355 6.251189356144337; -2.6470588235294117 2.4158865904634723; -2.3529411764705883 3.8463995300568996; -2.0588235294117645 0.34294574596580674; -1.7647058823529411 2.304169568987472; -1.4705882352941178 5.49673392224377; -1.1764705882352942 7.105212028786172; -0.8823529411764706 1.535794876976066; -0.5882352941176471 3.416530057789906; -0.29411764705882354 8.609291529399819; 0.0 7.777140951481354; 0.29411764705882354 -0.8093082659426329; 0.5882352941176471 37.23729644763812; 0.8823529411764706 -10.308360598047592; 1.1764705882352942 -11.950536320745293; 1.4705882352941178 109.61664128050788; 1.7647058823529411 -39.78164992638171; 2.0588235294117645 -104.45148215923848; 2.3529411764705883 -84.88353480363884; 2.6470588235294117 -114.36746470893178; 2.9411764705882355 -303.61503982402246; 3.235294117647059 -188.0789628035167; 3.5294117647058822 -223.8858021496003; 3.823529411764706 -893.2619821460023; 4.117647058823529 -313.92745583235563; 4.411764705882353 -375.2658129747865; 4.705882352941177 -445.9756817968422; 5.0 -616.0750704631939]
npts :	35
nout :	7
model :	(x,t) -> x[1]*t[1]^3 + x[2]*t[1]^2 + x[3]*t[1] + x[4] - t[2] 
dim :	4
cluster :	false
noise :	false
solution :	[-2.0, -9.2, -7.7, -7.3]
description :	type2: cubic model
