name :	cubic
data :	[-5.0 -454.7488336117254; -4.333333333333333 -280.6535703844561; -3.6666666666666665 -361.28362373358823; -3.0 -82.7064023015506; -2.3333333333333335 -40.240835081319105; -1.6666666666666667 -5.951129862278854; -1.0 422.92628955814973; -0.3333333333333333 10.822877263761756; 0.3333333333333333 292.8254953855754; 1.0 25.536790118135503; 1.6666666666666667 40.776004992931774; 2.3333333333333335 76.74853959881307; 3.0 154.1542237783051; 3.6666666666666665 255.97290214648748; 4.333333333333333 397.9519276566733; 5.0 585.5307612004701]
npts :	16
nout :	3
model :	(x,t) -> x[1]*t[1]^3 + x[2]*t[1]^2 + x[3]*t[1] + x[4] - t[2] 
dim :	4
cluster :	false
noise :	false
solution :	[4.0, 2.5, 4.1, -5.3]
description :	type2: cubic model
