name :	cubic
data :	[-5.0 -518.5442221955711; -4.722222222222222 -439.1644769548149; -4.444444444444445 -393.8133815651363; -4.166666666666667 -299.9919426303393; -3.888888888888889 -248.27257696519072; -3.611111111111111 -200.63781896539084; -3.3333333333333335 -161.478416544452; -3.0555555555555554 -120.80895003329069; -2.7777777777777777 -95.12036188731992; -2.5 -65.2667709643072; -2.2222222222222223 147.70693347579174; -1.9444444444444444 -33.07230911693557; -1.6666666666666667 -52.21484462770317; -1.3888888888888888 -17.258773239487958; -1.1111111111111112 -4.669288017242687; -0.8333333333333334 -3.6581114393054612; -0.5555555555555556 -2.8806222160490904; -0.2777777777777778 8.411805299867469; 0.0 9.289310645295657; 0.2777777777777778 10.732797421592364; 0.5555555555555556 33.750213172711135; 0.8333333333333334 8.645425042112011; 1.1111111111111112 85.77034490658026; 1.3888888888888888 18.03896454954655; 1.6666666666666667 25.29383145335481; 1.9444444444444444 39.68941945637313; 2.2222222222222223 49.918807009228544; 2.5 -79.64051274817749; 2.7777777777777777 91.19326231882422; 3.0555555555555554 -136.71695558906436; 3.3333333333333335 149.3409896742001; 3.611111111111111 180.77786519559436; 3.888888888888889 238.43443178249026; 4.166666666666667 293.60271027334215; 4.444444444444445 347.9510777926633; 4.722222222222222 421.2811154490101; 5.0 295.2394367890338]
npts :	37
nout :	9
model :	(x,t) -> x[1]*t[1]^3 + x[2]*t[1]^2 + x[3]*t[1] + x[4] - t[2] 
dim :	4
cluster :	false
noise :	true
solution :	[3.9, -0.7, 3.6, -10.0]
description :	type: cubic model with noise and outliers
