name :	cubic
data :	[-5.0 -588.9136600703433; -4.375 -364.99921072418556; -3.75 -196.61944238368835; -3.125 -89.24595992421396; -2.5 -17.84521422487047; -1.875 12.30966798798762; -1.25 30.516066339574518; -0.625 22.405536037083973; 0.0 80.4993991665507; 0.625 17.350230713744462; 1.25 40.82068038162116; 1.875 78.37331112965367; 2.5 41.39694545954603; 3.125 21.043042406376657; 3.75 469.6526216675801; 4.375 712.7930493500166; 5.0 1036.9440368394733]
npts :	17
nout :	3
model :	(x,t) -> x[1]*t[1]^3 + x[2]*t[1]^2 + x[3]*t[1] + x[4] - t[2] 
dim :	4
cluster :	false
noise :	false
solution :	[6.8, 8.1, -6.6, 6.0]
description :	type2: cubic model
