name :	cubic
data :	[-5.0 -304.1461973192995; -4.761904761904762 -265.2931478539909; -4.523809523809524 -225.8628725625631; -4.285714285714286 -185.3115842877149; -4.0476190476190474 -147.06997606122874; -3.8095238095238093 -119.90291351366625; -3.5714285714285716 -98.839453369167; -3.3333333333333335 -78.42836699463672; -3.0952380952380953 -54.287976831640975; -2.857142857142857 -38.7219535243503; -2.619047619047619 -23.79150814044966; -2.380952380952381 -15.558997606720606; -2.142857142857143 161.23617862822846; -1.9047619047619047 0.3021112426518542; -1.6666666666666667 2.8497594827118267; -1.4285714285714286 2.3771475326511666; -1.1904761904761905 6.863550916548379; -0.9523809523809523 5.845580392310538; -0.7142857142857143 11.593091092268335; -0.47619047619047616 3.566127224235027; -0.23809523809523808 7.711122779537746; 0.0 9.057167460437848; 0.23809523809523808 -76.30769534323993; 0.47619047619047616 -78.14022502151074; 0.7142857142857143 96.18387978173004; 0.9523809523809523 -6.050678949909571; 1.1904761904761905 -173.44388356815722; 1.4285714285714286 0.2819402518532126; 1.6666666666666667 148.6294704849541; 1.9047619047619047 0.9790353579305435; 2.142857142857143 9.825433697358571; 2.380952380952381 9.001139444143629; 2.619047619047619 24.286555391136154; 2.857142857142857 29.458557398182748; 3.0952380952380953 50.02583892341576; 3.3333333333333335 65.0900529287222; 3.5714285714285716 82.76961853394819; 3.8095238095238093 104.53168166515384; 4.0476190476190474 -286.4035568020176; 4.285714285714286 159.3668691695785; 4.523809523809524 198.2782820861796; 4.761904761904762 237.52163101342137; 5.0 177.08831092382638]
npts :	43
nout :	9
model :	(x,t) -> x[1]*t[1]^3 + x[2]*t[1]^2 + x[3]*t[1] + x[4] - t[2] 
dim :	4
cluster :	false
noise :	false
solution :	[2.7, -0.9, -9.1, -8.9]
description :	type2: cubic model
