name :	cubic
data :	[-5.0 -699.1078450732232; -4.8 -317.14082971895476; -4.6 -531.7742988728752; -4.4 -456.6065453106041; -4.2 -396.4321818098822; -4.0 -220.67365584746804; -3.8 -283.9645769093376; -3.6 -167.02733883014247; -3.4 -194.06489883254628; -3.2 -158.69508122241444; -3.0 -128.39336089076653; -2.8 -498.9170061645275; -2.6 -40.19362992091332; -2.4 -68.45181165645438; -2.2 -48.95364140358844; -2.0 -38.39704696801401; -1.8 -38.57223187223097; -1.6 -21.36808618049117; -1.4 -20.658938816375752; -1.2 -25.90776513508193; -1.0 -19.334917705011748; -0.8 -406.1968563027703; -0.6 -23.363848729078438; -0.4 94.0228745241439; -0.2 -15.816607370477627; 0.0 -20.829409963589715; 0.2 -25.552656287512665; 0.4 -21.433996466810832; 0.6 -18.354210890170307; 0.8 -9.405145035455185; 1.0 -5.032837634980801; 1.2 2.0699987458738995; 1.4 56.40266360440684; 1.6 39.59916122366848; 1.8 46.178071237506614; 2.0 71.07728245753005; 2.2 103.28167163419586; 2.4 131.6495757135996; 2.6 164.2438830523585; 2.8 219.87178732405224; 3.0 264.7545580652249; 3.2 293.146857767854; 3.4 370.68679515079486; 3.6 437.55750290707925; 3.8 512.0583822246865; 4.0 301.2756357433003; 4.2 691.9532895023149; 4.4 789.8970092403594; 4.6 887.1138679230346; 4.8 1006.2937943089274; 5.0 1127.5070829191623]
npts :	51
nout :	10
model :	(x,t) -> x[1]*t[1]^3 + x[2]*t[1]^2 + x[3]*t[1] + x[4] - t[2] 
dim :	4
cluster :	false
noise :	false
solution :	[7.3, 9.5, -0.1, -7.2]
description :	type2: cubic model
