name :	cubic
data :	[-5.0 -1412.797370744574; -4.84375 -1283.5815654859482; -4.6875 -1169.6912312470986; -4.53125 -1064.436102055308; -4.375 -966.3924024256753; -4.21875 -721.3235617794649; -4.0625 -791.1671975149644; -3.90625 -713.6977418195534; -3.75 -631.418070820239; -3.59375 -557.6827370437506; -3.4375 -587.4581462822323; -3.28125 -440.70488998676296; -3.125 -383.87705761241375; -2.96875 -332.4583818075624; -2.8125 -296.5549831915938; -2.65625 -8.112068258803959; -2.5 -216.29327828346905; -2.34375 -178.88095356195595; -2.1875 -428.8203636667424; -2.03125 -134.48562227014355; -1.875 -104.91105713591365; -1.71875 -231.58419381978754; -1.5625 -68.72058139369547; -1.40625 -59.45870280556917; -1.25 -47.78178335088258; -1.09375 -38.66981892707266; -0.9375 -30.144967187703436; -0.78125 -397.2932583345913; -0.625 -60.41392215874794; -0.46875 -24.409523786044762; -0.3125 183.78185417335047; -0.15625 -22.770480292011918; 0.0 20.870393442269865; 0.15625 -25.69539547568914; 0.3125 -25.29819734394661; 0.46875 -28.590441439486753; 0.625 251.450764266341; 0.78125 -31.24181629887576; 0.9375 -21.40766075306233; 1.09375 -19.729085131730287; 1.25 -29.960621457993952; 1.40625 -113.64902010456584; 1.5625 -9.444212733456474; 1.71875 -9.915062814406541; 1.875 3.778130776155942; 2.03125 10.416612276424116; 2.1875 24.940858019658783; 2.34375 41.876552390735; 2.5 62.460964602064536; 2.65625 83.36741827080749; 2.8125 109.36342902588069; 2.96875 128.2950403550809; 3.125 164.48670685964788; 3.28125 206.38693372947017; 3.4375 244.82812560297398; 3.59375 301.87405686834785; 3.75 333.1330731813642; 3.90625 382.1797181300516; 4.0625 337.6173649307066; 4.21875 514.1137365707784; 4.375 577.9929468360835; 4.53125 654.1949116886086; 4.6875 732.8587495976637; 4.84375 812.4985019386141; 5.0 913.3359768497319]
npts :	65
nout :	13
model :	(x,t) -> x[1]*t[1]^3 + x[2]*t[1]^2 + x[3]*t[1] + x[4] - t[2] 
dim :	4
cluster :	false
noise :	false
solution :	[9.4, -9.0, -3.4, -9.1]
description :	type2: cubic model
