name :	cubic
data :	[-5.0 -667.6679701612659; -4.875 -624.076598973826; -4.75 -582.6797241448946; -4.625 -537.6225910271213; -4.5 -499.9778259293355; -4.375 -457.48769471779116; -4.25 -412.5655115400551; -4.125 -390.50678998395324; -4.0 -350.6287384126018; -3.875 -326.15855674507407; -3.75 -292.823689840739; -3.625 -185.8963462659521; -3.5 -243.378820335161; -3.375 -209.34550269363717; -3.25 -193.70349254120737; -3.125 -165.15095735269915; -3.0 -150.1365178880652; -2.875 -133.3579241928763; -2.75 -112.46384735998443; -2.625 -48.170081920185325; -2.5 -84.44382925771609; -2.375 -69.73898254411212; -2.25 -71.05445047074048; -2.125 -51.91817294984237; -2.0 10.837520648368418; -1.875 -43.10019282735165; -1.75 -33.63993843690998; -1.625 -28.98508647536474; -1.5 -139.29019240744856; -1.375 179.12252910815863; -1.25 -62.368703174764065; -1.125 -4.1678276761882636; -1.0 -5.757836530454846; -0.875 -8.463988832982462; -0.75 -2.393892068389679; -0.625 -1.7924527373705175; -0.5 -4.588534131819438; -0.375 -319.8948482042437; -0.25 -6.888735180487442; -0.125 -0.6100179081942745; 0.0 -7.173563923991143; 0.125 -0.055641968973159095; 0.25 71.21992716070355; 0.375 -11.70660667941186; 0.5 -15.785683827277175; 0.625 -3.854931259233597; 0.75 -8.299135621829436; 0.875 -16.70217406254247; 1.0 -13.43473321535224; 1.125 141.1124032276701; 1.25 -9.75669495935275; 1.375 -5.227865070177809; 1.5 -10.23044091886187; 1.625 -5.739201551634043; 1.75 -12.91328830264357; 1.875 -4.89383312196934; 2.0 1.0666061541371175; 2.125 7.250315372962557; 2.25 7.4718115661657; 2.375 -122.0297298208404; 2.5 16.92156641265859; 2.625 32.06964857978139; 2.75 40.7442229440627; 2.875 40.37445710129272; 3.0 55.060167334910275; 3.125 63.02272549181838; 3.25 80.03505493022337; 3.375 94.62284160646777; 3.5 303.616247770541; 3.625 125.23980397221175; 3.75 155.64820327269834; 3.875 172.49818402390736; 4.0 192.80116421280857; 4.125 264.6577573430948; 4.25 93.85388015757155; 4.375 270.1960121025172; 4.5 301.13209923645667; 4.625 330.0543414015048; 4.75 26.958727516904844; 4.875 363.80283693214994; 5.0 422.2524671287248]
npts :	81
nout :	16
model :	(x,t) -> x[1]*t[1]^3 + x[2]*t[1]^2 + x[3]*t[1] + x[4] - t[2] 
dim :	4
cluster :	false
noise :	false
solution :	[4.7, -4.7, -7.4, 9.3]
description :	type2: cubic model
