name :	cubic
data :	[-5.0 -1260.8532606694912; -4.827586206896552 -1144.128040969988; -4.655172413793103 -1029.9809116717581; -4.482758620689655 -935.4144848546842; -4.310344827586207 -556.6167982810505; -4.137931034482759 -810.2663968993381; -3.9655172413793105 -660.5625597769962; -3.793103448275862 -815.0423212802853; -3.6206896551724137 -504.2853913035558; -3.4482758620689653 -447.431119012344; -3.2758620689655173 -384.29453775325874; -3.103448275862069 -325.675939649405; -2.9310344827586206 -278.9910784794842; -2.7586206896551726 -236.70788546248656; -2.586206896551724 -197.99840622325888; -2.413793103448276 -159.2877838919914; -2.2413793103448274 -129.81789113521458; -2.0689655172413794 -106.06586718485707; -1.896551724137931 -78.27266438290619; -1.7241379310344827 -64.12671170239577; -1.5517241379310345 -44.44946352327649; -1.3793103448275863 101.03253365009127; -1.206896551724138 -27.06258150607271; -1.0344827586206897 -9.973680357588108; -0.8620689655172413 -5.958747964248836; -0.6896551724137931 -3.992452587212517; -0.5172413793103449 0.6732312546494761; -0.3448275862068966 -117.97683867791625; -0.1724137931034483 7.461839519390891; 0.0 7.378359785389495; 0.1724137931034483 2.080945122212775; 0.3448275862068966 10.326922609700079; 0.5172413793103449 6.669717579463871; 0.6896551724137931 7.47200071048227; 0.8620689655172413 5.406685136772044; 1.0344827586206897 4.152948999385364; 1.206896551724138 8.377018670304812; 1.3793103448275863 -188.29381362131733; 1.5517241379310345 9.306290329502378; 1.7241379310344827 14.70105382173918; 1.896551724137931 30.135373032115726; 2.0689655172413794 42.07565400132646; 2.2413793103448274 -2.955600250890754; 2.413793103448276 13.00429448400594; 2.586206896551724 86.93380579775463; 2.7586206896551726 109.22394333687761; 2.9310344827586206 131.1957732558736; 3.103448275862069 145.47452717394782; 3.2758620689655173 192.1242919705596; 3.4482758620689653 381.883677802944; 3.6206896551724137 250.75433698141916; 3.793103448275862 324.24931813986234; 3.9655172413793105 372.63616844623795; 4.137931034482759 428.9711105171524; 4.310344827586207 500.12818090380824; 4.482758620689655 561.9669163818533; 4.655172413793103 636.9785155915937; 4.827586206896552 720.6910497004128; 5.0 811.3161630561231]
npts :	59
nout :	12
model :	(x,t) -> x[1]*t[1]^3 + x[2]*t[1]^2 + x[3]*t[1] + x[4] - t[2] 
dim :	4
cluster :	false
noise :	false
solution :	[8.3, -9.3, -0.4, -9.7]
description :	type2: cubic model
