name :	cubic
data :	[-5.0 -1007.3989626895963; -4.705882352941177 -765.5735852876905; -4.411764705882353 -699.3857416939944; -4.117647058823529 -561.0167081405484; -3.823529411764706 -748.3260386595891; -3.5294117647058822 -357.777837419144; -3.235294117647059 -597.0990020374398; -2.9411764705882355 -494.17814099203065; -2.6470588235294117 -110.92031882912083; -2.3529411764705883 54.38587649745568; -2.0588235294117645 -85.50923550340129; -1.7647058823529411 -59.456383022967096; -1.4705882352941178 -44.81757344914562; -1.1764705882352942 109.1453633931813; -0.8823529411764706 -23.10656831753353; -0.5882352941176471 64.30259800476814; -0.29411764705882354 -14.679093908665877; 0.0 -15.593776722244462; 0.29411764705882354 -2.61217471555541; 0.5882352941176471 -2.296533657976875; 0.8823529411764706 5.286385467662798; 1.1764705882352942 21.136870323683777; 1.4705882352941178 43.08297254011365; 1.7647058823529411 64.12615768567666; 2.0588235294117645 103.76742878389105; 2.3529411764705883 -62.56470158530237; 2.6470588235294117 208.2642691630266; 2.9411764705882355 285.7661135459139; 3.235294117647059 376.3561610682494; 3.5294117647058822 471.09593133308096; 3.823529411764706 586.376004480598; 4.117647058823529 730.1062041458297; 4.411764705882353 885.6726507108234; 4.705882352941177 1066.538274663773; 5.0 1266.8564436250667]
npts :	35
nout :	9
model :	(x,t) -> x[1]*t[1]^3 + x[2]*t[1]^2 + x[3]*t[1] + x[4] - t[2] 
dim :	4
cluster :	false
noise :	true
solution :	[8.8, 5.5, 7.8, 3.4]
description :	type: cubic model with noise and outliers
