name :	cubic
data :	[-5.0 -233.15182503464757; -4.722222222222222 -170.14376961411375; -4.444444444444445 -79.30119174398476; -4.166666666666667 -94.15521492503433; -3.888888888888889 -73.92471470561186; -3.611111111111111 -40.96677510583446; -3.3333333333333335 -25.274085191756186; -3.0555555555555554 144.66720133326282; -2.7777777777777777 -4.136139826216532; -2.5 5.333357904126736; -2.2222222222222223 9.29585565279405; -1.9444444444444444 126.38849078236576; -1.6666666666666667 15.88264044649768; -1.3888888888888888 13.092224051071469; -1.1111111111111112 11.865775825645212; -0.8333333333333334 -1.7228692870148485; -0.5555555555555556 3.5248426965980943; -0.2777777777777778 210.9993308330379; 0.0 -13.628342198249623; 0.2777777777777778 -11.757608087344883; 0.5555555555555556 -122.83274958918548; 0.8333333333333334 -13.252514167475047; 1.1111111111111112 -0.8040692590123424; 1.3888888888888888 1.652522712428155; 1.6666666666666667 -35.98833107208504; 1.9444444444444444 43.504472886395945; 2.2222222222222223 63.375376591649186; 2.5 88.59357960607035; 2.7777777777777777 69.1818487054847; 3.0555555555555554 -50.82424892113957; 3.3333333333333335 202.07027060270178; 3.611111111111111 260.8790415965646; 3.888888888888889 327.111729286259; 4.166666666666667 397.8683860908825; 4.444444444444445 525.205770015793; 4.722222222222222 554.297367498969; 5.0 650.9228636326603]
npts :	37
nout :	9
model :	(x,t) -> x[1]*t[1]^3 + x[2]*t[1]^2 + x[3]*t[1] + x[4] - t[2] 
dim :	4
cluster :	false
noise :	true
solution :	[3.9, 8.9, -9.1, 6.2]
description :	type: cubic model with noise and outliers
