name :	cubic
data :	[-5.0 -974.6849221707022; -4.827586206896552 -877.6025848181389; -4.655172413793103 -777.5011599400376; -4.482758620689655 -695.6452639775705; -4.310344827586207 -611.052505678356; -4.137931034482759 -536.4035146265084; -3.9655172413793105 -323.2549801408861; -3.793103448275862 -416.82515002051923; -3.6206896551724137 -354.4101064025125; -3.4482758620689653 -304.77635028368303; -3.2758620689655173 -41.224837504710905; -3.103448275862069 -228.47932049561402; -2.9310344827586206 -179.8711145637662; -2.7586206896551726 -154.25468037818638; -2.586206896551724 -122.93872475915525; -2.413793103448276 -102.71930509903277; -2.2413793103448274 -80.72040173733672; -2.0689655172413794 -65.0414846772868; -1.896551724137931 -49.854940497735306; -1.7241379310344827 -36.083766504568615; -1.5517241379310345 259.15208066712495; -1.3793103448275863 -21.038305757255745; -1.206896551724138 -12.524074977481508; -1.0344827586206897 -13.890667884825064; -0.8620689655172413 -3.1351528941103517; -0.6896551724137931 -2.4895977172655765; -0.5172413793103449 47.836771546619765; -0.3448275862068966 -5.592691715985836; -0.1724137931034483 -10.9171940646082; 0.0 -12.043222586409755; 0.1724137931034483 -2.070896810745144; 0.3448275862068966 -13.94593849185468; 0.5172413793103449 -6.715578788924235; 0.6896551724137931 -8.470093546657903; 0.8620689655172413 1.8163208385888847; 1.0344827586206897 2.40783644721159; 1.206896551724138 -115.93365749285455; 1.3793103448275863 162.85707618590973; 1.5517241379310345 14.247141691056633; 1.7241379310344827 34.72257637676957; 1.896551724137931 -81.61438991834484; 2.0689655172413794 62.876404093125025; 2.2413793103448274 73.70451385460544; 2.413793103448276 226.91239829818147; 2.586206896551724 121.25046971208926; 2.7586206896551726 157.98954572969018; 2.9310344827586206 193.03343621104324; 3.103448275862069 231.12557421176672; 3.2758620689655173 270.5934426955039; 3.4482758620689653 311.0283888126706; 3.6206896551724137 374.4419976969832; 3.793103448275862 146.20713123068822; 3.9655172413793105 492.5226705174544; 4.137931034482759 472.8248344146453; 4.310344827586207 626.4750398870555; 4.482758620689655 713.6478450428139; 4.655172413793103 808.4796442851399; 4.827586206896552 900.6238888250064; 5.0 967.3738881528053]
npts :	59
nout :	12
model :	(x,t) -> x[1]*t[1]^3 + x[2]*t[1]^2 + x[3]*t[1] + x[4] - t[2] 
dim :	4
cluster :	false
noise :	false
solution :	[8.1, 0.8, -5.7, 8.3]
description :	type2: cubic model
