name :	sphere3D
data :	[-106.27274603088081 -63.06557822507016 -100.2556502605985; -106.72847423814912 -63.39269950417037 -100.24807787164185; -105.94006987510346 -62.5375704393255 -103.0592428052362; -102.81289530756985 -60.22204660839079 -98.90852234741165; -105.70779869332037 -58.1017874112747 -100.41490630448784; -107.82370508398684 -58.03151724766903 -103.3324724244084; -108.69037893996249 -59.27966964033988 -100.51922755760033; -112.87279655372053 -60.71541261029875 -103.84580618310596; -112.35118616435373 -61.90201306111416 -105.77190940666723; -110.66396320101418 -64.08985872774986 -106.62480229829825; -109.37397570611103 -66.23466618615171 -107.14720924286333; -107.31817879330632 -66.57173672229094 -107.62933182070935; -106.16011421626752 -64.44024638049822 -107.97600697665746; -104.83895870404646 -67.59182020451755 -110.80619033185049; -105.10137589826495 -64.26732026348706 -110.67332208554306; -105.12120823474054 -63.830054129234554 -108.78884157001717; -106.45908811721621 -62.49817408971986 -111.11519475987957]
npts :	17
nout :	6
model :	(x,t) -> (x[1]-t[1])^2 + (x[2]-t[2])^2 +(x[3]-t[3])^2 - t[4]^2
dim :	4
cluster :	false
noise :	true
solution :	[-106.5, -63.1, -105.3, 5.0]
description :	[[-106.5, -63.1, -105.3, 5.0], [-106.5, -63.1, -105.3, 5.0]]
