name :	sphere3D
data :	[-37.707012637358936 -113.73652687530284 83.92849067662475; -24.603911485806186 -110.15281082288966 84.42192339403447; -1.1256519603420063 -106.28523082141625 70.99616144324128; 13.383956738621485 -75.52582052071755 39.01550203011913; -10.070022155705797 -62.06703809603376 66.85731277818321; -21.16902120434563 -44.43608377556138 58.910609971328924; -43.39632747148472 -32.08372511640509 49.720046436693444; -65.95361266892625 13.171580503529658 21.28553003988296; -96.07254826365357 -34.79845557436172 23.78152826870778; -121.13740625024725 -47.543206094003196 9.793816868588834; -153.31460880207035 -70.91264749782539 -2.1949550779662483; -162.6975993012469 -83.64961925661156 -32.287387460685764; -149.86510316331902 -130.59432495669276 -33.869020364773; -138.8556675955865 -158.2541751308052 -50.02142572773987; -96.58737935008641 -181.10713837537244 -96.12776555064458; -97.42056058320375 -195.78973425642937 -80.23766876255495; -67.82529193913497 -200.9691388482837 -92.4025945412472; -45.15139260595209 -196.53712765174487 -105.48585936905017; -41.62082969126965 -170.03917666744627 -119.6190740482427; 4.825657942893006 -172.02938562052483 -122.42316557383911; -7.012115530494694 -147.91994114783103 -117.87995915573376; -9.967378932525603 -128.31203495289034 -134.12107378386668; -24.255588584033905 -117.5220262664927 -139.49013270597618; -36.88086737463885 -114.84802947150469 -139.71874155705223]
npts :	24
nout :	9
model :	(x,t) -> (x[1]-t[1])^2 + (x[2]-t[2])^2 +(x[3]-t[3])^2 - t[4]^2
dim :	4
cluster :	false
noise :	true
solution :	[-37.9, -114.4, -27.8, 113.0]
description :	[[-37.9, -114.4, -27.8, 113.0], [-37.9, -114.4, -27.8, 113.0]]
