name :	sphere3D
data :	[94.75617715935056 45.2879913890953 45.143916881016246; 45.36462660324318 -5.6253685078522295 -67.10126411093007; -10.702821519058652 -34.734221171807306 -14.58289132918172; 106.60262457039946 16.583663063663103 27.5989288738619; 66.39306688578043 83.49777961175936 30.37580211424834; 1.72815530230786 32.469125705377344 -62.475203815927706; 110.44342187204217 27.763248102741247 24.290837298645663; 18.214024421158147 8.410764195281352 69.57643134171761; -4.018703063391432 82.89997703105901 -4.135007498276317; -19.222495422768525 91.19445376531755 54.21796699343405; 113.3535324766052 14.434125295709295 14.658948547085895; -17.160166583166017 28.99552680957096 50.019129334661315; 21.954869736687336 82.72691075244298 38.096603121980834; -9.98582357181953 133.84380468054724 12.524636819708416; 76.65357920474816 -8.654436238718572 32.37603545462541; 42.888997209926266 91.7551849888263 -18.563690463148394; -1.0486607451176368 48.251297691136884 -12.17015087575847; 83.02706605665591 0.0811284673678685 -56.286879986471334; 101.34874483566873 14.71066603685062 41.81908732961301; -5.563113179506878 -34.88527524066362 -22.83102231580967; -25.219752083977912 -7.406537234178299 -20.504434926496135; -22.365637326161664 -16.52925295184092 24.92901094853977; 44.19884028177448 -27.488262964123308 56.522239827688594; -18.269483270503684 66.5760873607328 16.848216872017456; -4.010512146922741 2.192768986089209 59.601013907984786; 4.8611794582587855 -41.037356506155575 -24.369297268646033; 107.80122849390739 49.86559867131763 -9.122289425510065; -9.769199013931003 -30.22830299428306 19.09764039824597; 56.36559185246077 43.879863023742026 -68.91212479179768; 23.59965915304487 -7.55036234434218 -70.11252950830006; -34.86264710939589 16.782165403501583 -10.78906055322675; 71.1608828597533 -36.853820242156935 -33.88505016542609; 63.070562421947415 90.53728053482219 20.80949136558768; -1.6049031285839455 27.253709423712518 61.776541782014284; 64.7228837545384 -43.101974257914186 -76.58692510797471; -22.264437509919894 65.31374528319728 -3.159302640165044]
npts :	36
nout :	7
model :	(x,t) -> (x[1]-t[1])^2 + (x[2]-t[2])^2 +(x[3]-t[3])^2 - t[4]^2
dim :	4
cluster :	false
noise :	true
solution :	[38.8, 21.3, 0.2, 75.2]
description :	[[38.8, 21.3, 0.2, 75.2], [38.8, 21.3, 0.2, 75.2]]
