name :	sphere3D
data :	[-28.393825072277053 19.487667173736657 -60.30719204432051; -31.85391892641119 13.311470749632461 -48.88771439873191; -30.875444085956257 14.460576787745797 -40.8367028663515; -33.574079072656765 12.551005047035645 -50.33804996818012; -20.321794825503154 33.43956830358223 -44.63178881534561; -31.586783989945154 31.77479211871103 -38.79758008544993; -16.58454535282787 27.57429347070468 -43.206519517862056; -17.10911890234335 23.402266694479415 -42.90943759790499; -39.76002933248263 31.99720029799898 -50.50345741004438; -32.63634951171987 30.41437178354132 -38.94416183468979; -22.32510343851911 33.54433587724328 -56.06156298769594; -2.165831105771044 37.5206918969889 -14.268822642257007; -29.156553443387967 37.66763837666966 -51.48026163808604; -33.984190015206245 19.02987952861644 -60.85814476627371; -27.241727541675047 35.97663009073398 -42.65365246169273; 23.549521696782364 -1.7743856139939957 -33.03000302617944; -36.227544295434946 29.303319907957025 -39.0227462695912; -35.14515613989422 23.137468286878768 -63.247512905349694; -27.03757537218808 35.93368496985235 -56.31661576009706; -16.966647990431493 21.017737768560103 -44.37698140254409; 24.00077471251549 57.05406526214276 -7.985768996788579; 29.225055452439186 31.215471078676536 -0.007102637735236783; -16.340931157136065 27.303057448948373 -41.2317864271247; -12.695748667499196 6.965814100398484 -41.00984020268348; -44.25833136864764 28.084476464346174 -46.86717101322227; -27.240959266692215 16.19756494258208 -40.44450129267908; -35.76142387600842 35.46620841036407 -41.75677464437751; -24.746059057106446 36.693386265805685 -57.62115956052135; -32.2604658343944 21.221368488211212 -38.70519912035318; -16.35748266885902 20.031051141450877 -49.91627878279857; -16.49364027174997 24.717293203358903 -48.28958161246103; -27.167230038550816 23.88067566343893 -37.150218833459824; -23.536895471884826 14.843052550017159 -53.6436990114174; -16.185417832227305 25.66022576489042 -51.59141225621361; -88.32350964066802 57.47208555870185 -44.2962226834006]
npts :	35
nout :	7
model :	(x,t) -> (x[1]-t[1])^2 + (x[2]-t[2])^2 +(x[3]-t[3])^2 - t[4]^2
dim :	4
cluster :	false
noise :	true
solution :	[-28.2, 25.7, -49.6, 12.9]
description :	[[-28.2, 25.7, -49.6, 12.9], [-28.2, 25.7, -49.6, 12.9]]
