name :	sphere3D
data :	[-1.6850800064601898 57.230144979819194 -86.0541560446064; 13.044580600766547 -53.79167511217118 -26.261089664171404; 7.209737211780684 77.51239424516675 10.204476427624153; 9.0085821063584 -48.903457686618225 -66.77717485694455; 10.001928306013857 70.27980226694189 18.84953529078364; 62.38219543123807 18.625191216454404 -81.9760011774948; -70.70842642710188 55.37487969284004 27.53055187262372; -5.569438559006695 -14.010894022212087 33.439566847075255; 42.55070322854533 34.745360245706465 -92.67770269830514; -7.115394616278182 -53.84495245091889 -57.0429610443454; -13.614176002549446 79.04843506336736 -87.53266427414817; -53.08695083305819 32.84589783690592 -96.88381152661108; -4.697301505165637 -50.9017820815022 -6.43579002822694; -5.537712324638134 95.2800649814911 -27.688022763218466; 37.98358995388997 -1.7852620432641784 -96.45899581847047; 40.11713280583013 50.97461309031065 10.405855970295452; 57.79515667930486 -16.70728835262745 -38.48623151199315; -17.921709610134673 -53.7998630847534 -56.45843236894068; -50.60894130752508 77.15190665732062 -10.567291113464044; -33.0634765930212 23.090577453953006 -107.57692705780971; -73.15691783227284 34.06265027579849 -72.92372867921519; 7.011230768798823 59.565392544764904 -99.99469149032677; -75.09529661930985 30.524349771740944 -1.192259103143745; 22.366765588597694 53.25853669059867 -98.31157207640955; -64.58620178745946 70.12573137063333 -45.77835955366958; -28.68189914024785 33.33766065466578 -10.666643840602248; -1.5491566567103672 59.13459567181864 27.73006536074698]
npts :	27
nout :	5
model :	(x,t) -> (x[1]-t[1])^2 + (x[2]-t[2])^2 +(x[3]-t[3])^2 - t[4]^2
dim :	4
cluster :	false
noise :	true
solution :	[-8.1, 19.3, -36.7, 76.3]
description :	[[-8.1, 19.3, -36.7, 76.3], [-8.1, 19.3, -36.7, 76.3]]
