name :	circle3d
data :	[-0.7767266865021554 33.92391672300381 -42.396731177582346; -0.4069417530905909 32.672445271555524 -40.33367365151212; -1.1095960318709777 34.291060796438494 -42.83712039537739; 0.6877231502867809 30.87803015033593 -42.342086727602734; 1.2938252804574848 30.22871296811049 -40.81905364974507; 1.0752433019162166 29.885181751062962 -42.124825782959086; -0.49588890062457935 28.383032140735313 -43.8977297040675; -0.19573206089903217 28.431113138770538 -43.78289737873309; -1.1858737193055398 35.22448883157174 -40.58048199560301; -0.9334240986733084 35.64289384850794 -42.71230273428176; -0.43159297857549245 35.13114645083368 -42.12238647516083; -0.5190448343003982 35.674453663320044 -42.254924068598804; 0.6382183794349312 37.64354670299764 -43.71458664869552; -2.346769301580601 36.590816546447215 -44.4711045581718; -2.447230094393888 37.47000924849134 -45.60397973667156; -4.426337475540693 37.74564252887157 -42.8822004697276; -5.88094456800259 31.64738963555012 -46.93123160456234; -4.485432420674712 31.55153764332152 -46.179189316791486; -6.37763768971428 28.42839744152083 -46.38712473359309; -5.912972136135366 28.816253216018836 -46.96256508604844; -4.31193198627153 30.980950408925416 -45.39050769634537; -4.740119565064854 28.321045104189178 -45.915426153810444; -3.5720450785985163 26.710511906061196 -45.30004376434065; -1.5282640688218765 28.589326589780356 -44.18414762296196; -6.105837963032374 31.297479573666852 -48.30819871161232; -7.683746902483739 31.325631072955726 -47.41478314093179; -6.384647197221568 33.79502523591853 -49.08878887357994; -6.73955136478681 33.306146230938644 -47.35781663810729; -7.17728176112122 34.291513303215666 -47.49806250005411; -5.57064953358562 37.95188629150327 -47.154477055580884; -5.964316206724001 35.86339142004767 -46.62107020415177; -4.276797998653011 37.17235483448492 -45.7296368337883]
npts :	32
nout :	0
model :	(x,t) -> ( (x[1] - t[4])*t[1] +(x[2]-t[5])*t[2] +(x[3]-t[6])*t[3])^2 + ((x[1]-t[4])^2 + (x[2]-t[5])^2 + (x[3]-t[6])^2 - t[7]^2)^2
dim :	7
cluster :	false
noise :	true
solution :	[-0.6366093631782692, -0.04107157181795286, 0.7700919715866159, -3.0, 32.7, -44.6, 4.7]
description :	[[0.3, -0.9, 0.2], [0.7, 0.4, 0.6]]
