name :	circle3d
data :	[47.18738753670997 62.68307987094251 39.24717946678927; 50.18231274478928 65.61530969966891 32.65315889434193; 52.75930370675504 66.7361657505731 25.253359472351097; 55.71104231555973 70.43743154217324 14.557683928696196; 59.118488364582554 71.18659661516257 4.6068575125049565; 59.823027846386005 66.24770126244945 -5.114464858699475; 61.271006012117596 62.3313644279313 -15.171757413274591; 61.61958383338606 56.45300329535597 -20.566210647336373; 48.11176174913175 62.92715034171705 38.63278078494209; 45.779718804072075 60.49148061030978 40.164367246275255; 42.49532541709448 54.23814535014971 46.79255438305019; 39.21560075559314 44.77428685714331 51.490683394111095; 33.40767261274477 37.54029895558041 54.48784634369928; 30.208655979583188 28.942509374683258 55.34894422197962; 27.289339098160294 18.92005290157652 53.61907204003168; 25.07384681450109 8.830001988999639 50.76982583100477; 22.838496186499142 4.039084208740773 47.10133675520984; 37.251401399623475 -11.942707187881204 -19.0907738492721; 40.06893979346802 -7.810816224199544 -23.919142208618243; 41.2938954908305 -5.961194584665877 -30.477325578580626; 48.75271752644348 2.2297353744719843 -34.088186560937515; 52.05958127175169 13.390957036359984 -36.48023537840112; 53.829400708945556 21.495141690893583 -38.3517027254663; 56.12296550801605 32.86456374177675 -37.05531715463125; 58.79694489125504 40.40161693480949 -34.24658869618543; 61.29078910232783 44.398934887153445 -29.19690045155541; 36.735545822381816 -13.57036172234234 -20.72857050927642; 34.24288675861714 -14.998048261982667 -13.491216178311868; 31.89520651325938 -19.290182636149996 -6.941563328474612; 27.314721647925165 -20.08428545866716 1.09720216847785; 26.985133461229022 -19.696840877935227 14.401522052041468; 23.68404830427597 -17.54800428937157 23.497103660175178; 23.36758953687055 -12.240250448128007 32.97592848622624; 22.142507237766903 -6.388712893133023 39.18293600231515]
npts :	34
nout :	0
model :	(x,t) -> ( (x[1] - t[4])*t[1] +(x[2]-t[5])*t[2] +(x[3]-t[6])*t[3])^2 + ((x[1]-t[4])^2 + (x[2]-t[5])^2 + (x[3]-t[6])^2 - t[7]^2)^2
dim :	7
cluster :	false
noise :	true
solution :	[0.9134828105754011, -0.3109728716852429, 0.2623833604844238, 42.7, 24.9, 8.8, 47.9]
description :	[[0.4, 0.5, -0.8], [0.1, 0.8, 0.6]]
