name :	circle3d
data :	[-8.821179209018986 40.669211284361666 25.17883883898649; -8.4039212002784 42.63958720534082 22.06314113946614; -3.9747037586274416 47.38577790978108 20.601729671649625; -4.594808096207601 52.573623497487795 16.747081808064678; -3.3486715517004497 58.72892406972413 12.070035312925059; -1.4621046211516624 61.852823150932494 6.0443330697592135; 0.8703218361829599 63.29028223808047 -5.076439660281075; 0.27129241073005184 62.796674483863576 -8.622744103823962; -8.723811495227316 39.034616953609905 25.142593794270834; -9.490615280894806 36.310759457893575 28.25594340292601; -11.221673230069266 29.912073336295187 26.337774905224347; -13.491305361378918 23.722369056262554 25.363613780618923; -15.876576702552978 17.228950189794986 25.636433781317017; -16.518480265830355 9.48130787940038 20.70992059149803; -19.00301932811198 4.76857401726469 15.60618556053285; -20.479098283678915 1.4821425128546761 9.881131023069829; -21.714051100962756 -2.112652459327718 3.944038320759457; -13.213390859381029 20.27313642157147 -39.49004670339271; -15.001721550465602 24.706203369764804 -40.56754370279421; -12.138525698342328 28.500688834260725 -43.62300336278406; -9.594341145619802 35.61524141984311 -41.63676764817801; -6.938159740222268 42.74442048326954 -39.80081499266425; -5.606565800406853 49.50092148677703 -37.75617901945436; -2.9318787292468618 53.993234487393984 -27.85455565570761; -2.9268819781085345 57.02393596574942 -26.512337005499358; -0.7120853859530617 61.54686972001333 -20.121165761449742; -15.89441549178657 18.81780102574053 -41.897440797289335; -15.717124616577465 13.980326658676256 -40.89730499334801; -17.232869591487095 11.256291092837278 -36.93985107060248; -18.38504123525541 6.06555860026499 -32.049422982562916; -20.854930992370008 0.9157837029160363 -27.539928530705975; -23.01167094667034 -1.6560276807750334 -20.356720713179943; -22.518940311141222 -4.236824956743276 -11.70626632441708; -23.00588759783314 -3.5392170057185135 -4.284210137325763]
npts :	34
nout :	0
model :	(x,t) -> ( (x[1] - t[4])*t[1] +(x[2]-t[5])*t[2] +(x[3]-t[6])*t[3])^2 + ((x[1]-t[4])^2 + (x[2]-t[5])^2 + (x[3]-t[6])^2 - t[7]^2)^2
dim :	7
cluster :	false
noise :	true
solution :	[0.9486832980505138, -0.3162277660168379, -1.3298611623396594e-17, -11.7, 29.6, -7.6, 35.0]
description :	[[0.3, 0.9, -0.3], [0.1, 0.3, 1.0]]
