name :	circle3d
data :	[-40.87097611168203 -54.255152517144765 -23.94032326214667; -43.09598194252173 -52.93979227408933 -24.661797547711604; -47.742728475319666 -53.87233828578436 -24.677918356199424; -49.8205168340811 -51.21699793855415 -24.51945037402231; -53.532479078805586 -50.52171634387793 -23.894369171538532; -56.30518202527057 -48.55392542763977 -25.626885907020572; -58.289539730679564 -46.07364840061881 -22.808262765961565; -60.85899092864134 -43.581708096744755 -22.34618745919967; -41.28466164406608 -53.774051176591854 -23.25532031844162; -40.25454589025316 -51.960953260860535 -20.67270454054197; -37.55834216941817 -54.166834213317394 -19.900117183297084; -34.49950533709525 -50.86194603531343 -18.397465137012997; -30.876490411658253 -50.87356933492115 -17.890068816000724; -29.22866644249934 -47.909875755143155 -11.630004319385256; -29.01717309457834 -45.87015489564927 -8.580094375281234; -27.9254718661089 -45.30473842293217 -6.482857856155908; -30.04579761337588 -41.46429943473399 -5.006021840381731; -51.848477611294115 -30.07045254098814 1.6001312334858813; -53.265590347661664 -29.012443404620363 0.5063222985207203; -57.147400789838905 -28.712501523857874 -0.5632695272854017; -58.05511376387416 -30.576771877729055 -4.578051645050875; -61.09248318852304 -31.631885166108315 -7.330579028041294; -61.40488546495284 -35.21286647532828 -7.933507069087049; -64.6191686266965 -33.416793050382815 -13.611085884009627; -63.69423118240392 -37.809157416207036 -15.465237126793552; -64.68068958192192 -40.85412766110404 -18.949682303838028; -51.982597359315 -28.64654935330243 2.4094103459261005; -49.79406885330316 -28.338097605883377 2.2523956280248956; -46.2723702836109 -29.06871072372572 3.023930321788755; -44.8325426672364 -29.223149584158985 3.493203063641036; -40.78531871501812 -31.822253022392825 3.0957368539685435; -37.89683797196573 -34.919600290102956 1.9460630711547593; -33.38892289476805 -35.021679245333374 0.7630419830670857; -30.184215845701274 -39.36297477884044 -1.1407188083238222]
npts :	34
nout :	0
model :	(x,t) -> ( (x[1] - t[4])*t[1] +(x[2]-t[5])*t[2] +(x[3]-t[6])*t[3])^2 + ((x[1]-t[4])^2 + (x[2]-t[5])^2 + (x[3]-t[6])^2 - t[7]^2)^2
dim :	7
cluster :	false
noise :	true
solution :	[-0.27485345348084117, -0.7362146075379675, 0.6184202703318927, -46.7, -41.2, -11.2, 18.4]
description :	[[-0.9, 0.0, -0.4], [0.3, -0.7, -0.7]]
