name :	circle3d
data :	[-13.574011899967587 86.46541489405988 -39.682116202686124; -12.577341682764477 84.92053138841426 -30.547971121921805; -14.32980368195791 75.32789161738938 -17.29430626954743; -23.466920617167098 65.96894683216253 -8.066444455562952; -31.747584358120037 53.76861704955627 -3.6659809250012234; -40.50102600633044 39.21636258958518 -0.5002833072015194; -11.560735742888985 87.02014098706283 -41.565624922485824; -11.506926232274393 87.75544405134555 -49.88738635896976; -14.327991814600853 88.18630851804966 -62.83302913462733; -18.800129316064602 82.97101243180067 -74.70348293570798; -23.417027620186488 77.0980661523951 -86.33745442159139; -31.074307459365798 68.58175113456826 -91.61300646429238; -69.77845184284187 9.543472920133121 -59.78021641382165; -71.00499744072182 8.577773206250846 -48.81450618010585; -68.69335147913937 9.422863590200883 -36.28125425796119; -63.46629033826005 13.26395947027867 -25.305609556099302; -56.7021700199891 19.694640702726076 -13.120496159553946; -51.014670434525485 27.051615449126402 -6.0029213432898905; -68.57108387313619 9.15674725512574 -59.82996937480968; -67.9132306500212 12.495505324099431 -67.78592184268612; -66.36405624120383 18.666001999439352 -80.14481509886521; -58.651970129590794 28.740655428444065 -92.0375174769572; -48.512137983135446 45.204909452853485 -96.31105729667091; -42.637165760908765 54.623678962200906 -96.58681566734387]
npts :	24
nout :	0
model :	(x,t) -> ( (x[1] - t[4])*t[1] +(x[2]-t[5])*t[2] +(x[3]-t[6])*t[3])^2 + ((x[1]-t[4])^2 + (x[2]-t[5])^2 + (x[3]-t[6])^2 - t[7]^2)^2
dim :	7
cluster :	false
noise :	true
solution :	[-0.8075918434072493, 0.5822173754796448, 0.09390602830316849, -40.8, 48.3, -49.5, 48.7]
description :	[[-0.1, -0.3, 1.0], [0.6, 0.8, 0.2]]
