name :	sphere3D
data :	[37.9 39.9 123.9; 48.264672488396194 41.67720157975971 123.45328857927329; 57.6590356564907 46.881311425564256 122.11637288311586; 65.1775700707301 55.13816488469641 119.89888541975387; 70.04013926545773 65.85135003803885 116.81680323717444; 71.64446016270601 78.24115458491829 112.89233280812883; 69.6070493882449 91.39552041783247 108.15375003198734; 63.78998807422563 104.32971299285325 102.63519650623644; 54.31176337294343 116.05084894643898 96.37643353548651; 41.541473049061054 125.62311067536555 89.42255565036105; 26.076753814862002 132.22943110330326 81.82366570037011; 14.206845191257262 179.525658549453 197.63451386173156; -18.736839221983743 65.183695870185 96.11410316109674; -64.0394540652279 35.62081862025367 193.3252643573915; -45.16699708351113 119.51326802644354 46.13420324475827; -60.33197738616338 106.29322858688937 36.21002363829225; -72.55624689750684 89.8293716706008 26.024229479470076; -81.12694667843394 70.89220644668563 15.65020964861298; -85.54196289074062 50.40645942246771 5.162709196322409; -85.54196289074062 29.393540577532313 -5.362709196322394; -81.12694667843394 8.907793553314384 -15.850209648612966; -72.55624689750687 -10.029371670600796 -26.22422947947006; -60.331977386163395 -26.493228586889366 -36.41002363829224; -45.166997083511156 -39.71326802644354 -46.33420324475826; -27.939454065227885 -49.12081862025368 -55.925264357391505; -9.63683922198377 -54.383695870185015 -65.11410316109671; 8.706845191257262 -55.42565854945298 -73.83451386173155; 93.67675381486195 -28.029431103303267 61.976334299629926; 140.54147304906104 7.176889324634423 -32.22255565036102; 54.31176337294338 -36.25084894643904 -96.57643353548647; 128.68998807422562 -170.12971299285326 -196.3351965062364; 69.60704938824492 -11.595520417832454 -108.35375003198733; 71.64446016270601 1.5588454150816844 -113.0923328081288; -64.95986073454227 -52.051350038038855 -98.41680323717443; 65.17757007073013 24.66183511530356 -120.09888541975384; 57.6590356564907 32.918688574435734 -122.31637288311585; 48.26467248839623 38.12279842024027 -123.65328857927328; 37.90000000000001 39.9 -124.1]
npts :	38
nout :	7
model :	(x,t) -> (x[1]-t[1])^2 + (x[2]-t[2])^2 +(x[3]-t[3])^2 - t[4]^2
dim :	4
cluster :	false
noise :	false
solution :	[37.9, 39.9, -0.1, 124.0]
description :	[[37.9, 39.9, -0.1, 124.0], [37.9, 39.9, -0.1, 124.0]]
