name :	circle3d
data :	[-46.91372131278412 -39.977105057999026 -43.59850290693293; -80.61362634165584 -93.39983383969634 -43.61821100524063; -50.93175794669226 -47.684151932377496 -80.66603234257023; -27.441752626668446 -57.98278066323106 -32.32263934200716; -18.42822163309727 -60.33607309172204 -22.980867255391203; -12.449153701844194 -58.77217234004122 -17.691610714446213; -47.58060619126938 -41.48245027496372 -43.47409366965558; -51.99227100257701 -34.64311471543961 -43.15952773471591; -55.966501089367995 -25.885316461409097 -43.7005494338862; -27.643449465074795 30.42927806920844 -69.62545533684951; -60.191039146638445 -4.962673464572409 -30.359199591694253; -57.99299058402408 -0.27877371194984746 -21.224026049814203; -15.599574665054257 -9.719637049505959 19.02266212502677; -10.212479199487593 -15.125884529137345 21.568364063516988; -6.043669453034545 -23.23086618551769 17.884403065949236; -3.75213506955645 -34.37066732463795 13.809326595371918; 22.581506692981215 -3.3098574945477384 -40.188345711050964; -3.618842107352439 -52.26455563995617 -2.8985356475010593; -7.0690560330437044 -56.04926378710722 -5.440188276798473; -16.764283075603633 -9.755411672770833 19.69875563680706; 3.8678171058277115 10.211972173793734 -16.30607851636364; -26.146002740082075 1.8969675228451843 14.225270633453185; -37.28305024944749 7.710938368712941 8.956579710977474; -44.89097727019434 9.232476124197 0.03565535926632178; -50.344168820371934 8.281795566530427 -7.448845586236986]
npts :	25
nout :	5
model :	(x,t) -> ( (x[1] - t[4])*t[1] +(x[2]-t[5])*t[2] +(x[3]-t[6])*t[3])^2 + ((x[1]-t[4])^2 + (x[2]-t[5])^2 + (x[3]-t[6])^2 - t[7]^2)^2
dim :	7
cluster :	false
noise :	true
solution :	[0.6905777941470295, 0.44684445503631304, -0.5687111245916713, -31.2, -25.3, -11.9, 38.7]
description :	[[0.6, -0.8, 0.1], [-0.4, -0.4, -0.8]]
