name :	circle3d
data :	[10.486371252606304 -19.94434336512899 34.14759360989027; 11.304455131482595 -18.099953274488016 33.85577183870804; 12.597125732656837 -17.852025083072125 33.09677395052092; 45.95054851236926 -16.746693144816163 80.73798748617446; 16.35889307979838 -13.40047796702303 32.42641447777105; 14.852880085877104 -11.254570280352436 32.34829309110675; 12.829536166794842 -9.073843834132832 30.612727137036458; 30.100540652293013 -2.149928126716803 21.73941232483739; 9.943283670073964 -19.891422178980896 31.931784473763106; 8.024635037232352 -22.450374964630463 30.87922047040253; 6.766098190044437 -19.003205627454783 30.715861558525283; 3.926905678110958 -20.570975368699152 31.023935387788754; 2.380589076175941 -19.832106692000316 32.18242524577948; -1.8903389909149393 -20.350891633636568 31.9345537677246; -21.601899015565806 -46.07019497015365 -9.402480135394288; 5.5870982541367145 -12.450964297387555 4.171473740335444; 3.4765425848720817 -4.10153785153483 30.303121592976385; 5.887657629340559 -3.8484258771169375 29.443243880650936; 8.464083888854551 -4.275517657694663 30.569069768654053; 12.048893193703261 -5.669404648315719 30.3981093839876; 3.608649541184283 -6.448539320434306 29.3477158861144; 0.3854398299485071 -6.917624598480079 27.094571524996148; -1.0310822025711877 -9.770160606891995 29.089442098341543; -1.6502079825257203 -9.144416832592176 29.704473814873886; -1.419956783508862 -15.07851696206708 29.366259307246814; 0.5207324016527792 -12.480244884712803 29.91405982919487; -24.053175341241694 -15.635806486633975 -13.378376033158066]
npts :	27
nout :	5
model :	(x,t) -> ( (x[1] - t[4])*t[1] +(x[2]-t[5])*t[2] +(x[3]-t[6])*t[3])^2 + ((x[1]-t[4])^2 + (x[2]-t[5])^2 + (x[3]-t[6])^2 - t[7]^2)^2
dim :	7
cluster :	false
noise :	true
solution :	[0.19518001458970663, -0.09759000729485334, -0.9759000729485331, 6.5, -12.9, 30.9, 8.4]
description :	[[0.8, 0.6, 0.1], [0.6, -0.8, 0.2]]
