name :	circle3d
data :	[-16.600964507357173 -12.022823534410518 18.137784239069546; -17.97236126298482 -13.957318796990265 14.504615684898654; -20.328930597185494 -15.808322415554784 14.12380782568966; -27.673230623569776 -17.67607696201715 14.874237574431802; -33.540009087931466 -16.853075162567734 17.070316511241113; -37.75903816261961 -15.75669270286835 17.545611696154467; -16.649302833149143 -10.58825407841009 17.236927461239638; -11.819936668003585 -8.820818159846965 18.308431567639374; 15.142013879739421 1.6285507549631755 32.78344822782519; -5.675590572658172 -26.24558387453612 60.98418566148993; -11.542193352204151 4.437042558967448 25.570497488504945; -11.460286966071102 6.914159639634301 28.155558810426466; -38.62698059613824 9.588203251979623 30.628697930157635; -3.008476496317599 -32.817396090894924 32.57609476287439; -42.5049338003382 3.058301901740733 27.318800449647608; -44.60386344335337 -4.869995558610379 24.81590098907463; -42.43113224964557 -8.968125033195346 22.231299074702115; -41.59697374151903 -11.428428506263966 21.782727661785167; -40.76877431531026 8.952941666230787 30.141800161879136; -28.12239208977926 23.760439554616745 74.36438825118617; -9.286086151649966 -5.9178991874211855 58.33802803885391; -27.31316425984424 13.145960401018112 31.23177185211265; -20.985322143606087 12.325110010467862 30.24734868724062; -17.208111688307817 12.01988211730799 30.08196560617475]
npts :	24
nout :	5
model :	(x,t) -> ( (x[1] - t[4])*t[1] +(x[2]-t[5])*t[2] +(x[3]-t[6])*t[3])^2 + ((x[1]-t[4])^2 + (x[2]-t[5])^2 + (x[3]-t[6])^2 - t[7]^2)^2
dim :	7
cluster :	false
noise :	true
solution :	[0.0963053327761646, -0.4718961306032066, 0.8763785282630979, -27.2, -1.4, 23.6, 17.3]
description :	[[-0.7, -0.7, -0.3], [0.7, -0.6, -0.4]]
