name :	sphere3D
data :	[18.036452070719946 -35.923245474870285 42.943579737204544; 24.90248190938676 -34.12107820222998 43.14495377496151; 30.57781071691547 -29.76886116773192 40.939157543101906; 33.54131794687113 -26.162270017067698 39.476042979978374; 37.223624681507495 -19.275037851309275 39.535737961959185; 38.71507355590062 -10.998725414747197 35.53028564515791; 37.59359128212353 -2.1507980019744286 33.627453554475764; 32.55063967510328 5.098348465283796 28.863679097426246; 26.92279920785851 10.134178959710765 23.19052669327398; 14.538336250922082 16.926454400537907 20.687598182139002; 7.856458748869348 20.925092679441615 15.366445781882446; -3.5501476281307642 19.868820150693416 9.305535989652771; -16.658647511353216 18.66442201464509 3.108013993412449; -28.30989426972551 12.977366885973213 -2.2407037724310914; -38.51721340491088 7.06942226283694 -6.373573205002712; -45.158871683918605 -4.2317164060021115 -14.410366009204974; -50.00765671035536 -18.775985397802994 -20.33857106691628; -54.91285060433866 -29.22039066964131 -25.458439347696984; -55.3396482867952 -42.7416943899185 -31.862053133702148; -50.350680151132046 -52.980326924555776 -38.62096740128124; -47.45383241407061 -69.58559038138958 -46.27527931383712; -36.228443653285254 -76.39690049946093 -50.609723825447055; -29.24645807504393 -84.87720692304899 -57.41809117505161; -17.212676017570324 -87.97150013251455 -64.687786668425; -5.4287542332440974 -90.78272619731237 -69.32426787108326; 7.5284838461758214 -91.90147764787501 -75.57210074602179; 14.229498709789471 -86.9620124292894 -79.51721853953887; 23.26360343908752 -82.8078829704241 -85.47578735658217; 31.99947140377404 -76.73137167946402 -88.56935662709661; 36.974430256587844 -69.09781065945127 -92.63994693706579; 38.53055304828567 -60.920853874775254 -94.67378816145906; 37.92967748948494 -53.46126945314195 -97.15060502811046; 35.09270781379005 -44.52855460459387 -100.1481863441181; 31.412957816668865 -40.234351823108646 -100.11989388787663; 23.655966009283954 -36.44575622591566 -103.47574360237947; 19.25423498429279 -34.32098656788345 -103.11552319043894]
npts :	36
nout :	0
model :	(x,t) -> (x[1]-t[1])^2 + (x[2]-t[2])^2 +(x[3]-t[3])^2 - t[4]^2
dim :	4
cluster :	false
noise :	true
solution :	[18.6, -35.7, -29.5, 72.7]
description :	[[18.6, -35.7, -29.5, 72.7], [18.6, -35.7, -29.5, 72.7]]
