name :	sphere3D
data :	[7.0771408457543075 -14.805709442493285 27.635147466716653; 10.43960745308088 -14.932490096451884 28.749732394315647; 12.477465185065554 -10.581275042196234 28.199633051038266; 17.057245547789964 -9.073119901658336 26.182096478938906; 16.390383362315912 -4.840557638123855 24.874617614808102; 14.570835164601798 1.2658381382864543 22.28285486054959; 12.50411256234458 5.134021680138432 22.47742021566904; 7.769240428744373 10.474471826861254 19.825038511281335; 1.5607849967181493 13.319498804886686 15.742675916006624; -3.82462337951644 12.70228487727575 12.196282891321351; -11.902504961295865 11.41104867440894 10.22752750522484; -16.96240537334902 9.253178547438434 4.009234692983457; -23.89901513258988 3.156874826760513 2.1912308479532525; -27.61775306430376 -2.7698026731841066 -2.6600745255012646; -27.150556706158767 -12.01441502284715 -4.84571839962277; -29.787279302217296 -20.142083376742438 -7.82336537606998; -26.422916468584965 -26.81395457415458 -12.63469755607851; -22.921256413488358 -32.905904586422814 -18.621954234602924; -17.514447562201227 -39.78006807879791 -21.457263901714036; -9.588754271334452 -42.27078368537852 -24.29962957415354; -2.6583766910375584 -41.951388355882436 -28.196465662532066; 2.323314995519471 -41.53827336604603 -31.854109239458108; 9.009223919370788 -42.32289055047335 -35.029419628397626; 12.567939166050389 -34.879238877778754 -36.9462741109881; 15.35556005901901 -31.177080286976683 -37.34564765275797; 17.067103750163472 -26.82533298367421 -41.939320130441935; 17.053274551322566 -22.677353453059585 -44.97462996374983; 14.657079778646349 -18.952550331629737 -41.35956956426569; 10.527633181584795 -16.650193440973787 -44.80298131357241; 8.816197320939825 -15.112380874861595 -45.13000475938318]
npts :	30
nout :	0
model :	(x,t) -> (x[1]-t[1])^2 + (x[2]-t[2])^2 +(x[3]-t[3])^2 - t[4]^2
dim :	4
cluster :	false
noise :	true
solution :	[7.1, -15.1, -7.8, 36.8]
description :	[[7.1, -15.1, -7.8, 36.8], [7.1, -15.1, -7.8, 36.8]]
