name :	sphere3D
data :	[-14.551418713615089 -15.434049439126522 -11.128473268821727; -10.964630221631333 -15.781582059071324 -11.032362455263588; -8.04215853708102 -14.873411711225915 -10.06427565559797; -6.036427343889822 -11.727352092340801 -11.483473282035806; -5.563265462624067 -6.580955650675826 -12.44855623177602; -5.137595686221851 -3.22014975443771 -16.32577843402424; -8.870173085501765 -2.816689146466442 -16.736983803379655; -11.134447558736568 2.7208053554460236 -17.75627291419943; -15.752219289820014 6.195913494481335 -20.164363446896175; -21.625441737918166 6.107230221424932 -23.02826148376237; -25.477071686456263 5.466565988438174 -24.23113280278647; -29.542079109313637 2.9455832730520326 -26.4728019887351; -35.303427591372746 0.6914192450460597 -29.920665230757713; -39.568285600730334 -2.716222332859789 -33.93370939262571; -42.87931776416734 -6.12002044607944 -36.75765470801375; -43.76195189759104 -13.927630584855953 -38.956381791163295; -43.55925173001567 -19.17432227528737 -43.575912697856054; -41.21683107539458 -24.67062411748486 -47.702670484270136; -39.11446470217197 -30.6598682647437 -48.32980506209169; -35.24261851998309 -34.3391316186817 -51.8429072496916; -30.979355447037552 -36.59918397563184 -54.71712229940061; -26.190223635495677 -38.73938591726891 -57.260252595383236; -20.1175926429992 -37.23174405952629 -59.65628647419286; -14.359148309049173 -38.5603908527186 -60.173660876418076; -10.723559516720776 -35.10240141601552 -63.699764515792815; -9.427483090668634 -32.83827733946789 -63.84464390544677; -7.67347484497812 -29.343395432602684 -65.78179195341157; -5.314135159317504 -20.9928999956052 -68.84105004197635; -6.7986460749516775 -20.690151335079662 -68.99452058363529; -7.1606040222228575 -17.586504925241393 -70.12496689076839; -11.496009151400141 -17.540697856958197 -72.02654262547563; -14.46035321541458 -16.02017273925076 -70.54995376427952]
npts :	32
nout :	0
model :	(x,t) -> (x[1]-t[1])^2 + (x[2]-t[2])^2 +(x[3]-t[3])^2 - t[4]^2
dim :	4
cluster :	false
noise :	true
solution :	[-13.7, -16.1, -40.9, 29.9]
description :	[[-13.7, -16.1, -40.9, 29.9], [-13.7, -16.1, -40.9, 29.9]]
