name :	sphere3D
data :	[-42.995132320226645 -45.5844483080172 57.260194534172854; -34.24889089578347 -44.572543732862165 57.017669705162; -25.1597198439033 -33.62248223387818 55.61197821484708; -22.199482796763856 -25.32536909141885 51.86837004975157; -22.818018776393593 -12.02775964603111 48.286705508870526; -31.52285064272448 -0.6922467653733645 41.209566064441105; -43.50988518137714 10.620586305914978 34.25541349625463; -58.74302692037915 14.814253412280092 27.264046303043038; -76.03085042516433 12.165499891651313 15.610535436832931; -93.47007704951142 4.455842348674585 8.67830174988209; -108.90274888640324 -10.065489014497688 -0.8427712194889889; -117.51263888641293 -24.997445424552225 -9.423470218470216; -119.73716804273283 -46.89893660806699 -22.206978684641875; -118.2746506951429 -67.33136546440706 -30.66995101951954; -109.53065131964229 -83.12862986855997 -41.64825144330187; -92.62313362383497 -99.07610116913158 -50.128826089880846; -77.09200152690492 -104.14905824286585 -61.62018564127953; -59.14212146484533 -107.06202339733531 -70.89459800868498; -41.749651015610624 -101.71384247826153 -76.57446442285409; -30.08065880887986 -93.39804008463146 -85.12425664797112; -22.719299284025027 -80.41191982109409 -88.17679591662596; -21.509493524754223 -69.47439454585925 -94.12882218923019; -23.847135109177444 -55.91065118332508 -99.1352404687634; -33.54904242972214 -50.619975078385586 -100.34488647117854; -42.34617188381132 -46.08421317691504 -100.11085469432597]
npts :	25
nout :	0
model :	(x,t) -> (x[1]-t[1])^2 + (x[2]-t[2])^2 +(x[3]-t[3])^2 - t[4]^2
dim :	4
cluster :	false
noise :	true
solution :	[-42.7, -46.2, -21.2, 78.6]
description :	[[-42.7, -46.2, -21.2, 78.6], [-42.7, -46.2, -21.2, 78.6]]
