name :	sphere3D
data :	[43.089777361020744 -6.220018057626672 75.10382471811039; 46.49838691075334 -4.7441429301829166 73.09259710197345; 50.45615732089701 -0.9102080025395294 73.74954320358118; 53.32064619874808 5.296901395297242 72.44354918563212; 54.815759127599165 12.75037962064451 68.90943825618939; 49.266350925843184 18.372755294819278 65.07200893488277; 44.02512356782565 23.444397520448526 60.985467012862806; 33.96887595802276 30.291661678964747 55.14451951174481; 24.62182987073133 29.719786519717804 52.255596020391614; 13.36366338984524 25.865620997478317 48.04592589798764; 4.0491142152290776 18.902416353212242 42.33126288947148; -3.452716186520791 9.453816767857942 34.87228566035789; -7.904026481251406 -0.6035275978835278 29.646462751432452; -4.8554036842333606 -12.713891748678028 25.927240667479136; -0.7477275198498219 -24.920130770951918 17.804636878660308; 5.708910004983096 -32.83917986565836 9.562395117181651; 13.546812112682002 -41.1373520190125 7.052280986743771; 22.938320518239404 -43.90474315764686 1.2979844265135163; 34.905798038135494 -42.81386313121771 -3.3210499941624314; 44.74239203191034 -39.16917528381201 -9.052312338136776; 48.94648087584958 -30.555239949001873 -11.726020822550701; 53.621472472439095 -26.14175311253438 -13.134147992590567; 51.92109669104505 -19.119892454554698 -16.394743980023332; 50.70801734335822 -13.400972598337479 -19.032096492943328; 46.40064575941524 -6.708341996218222 -19.91207054797625; 40.85833953898846 -5.78799870330565 -20.355918114568155]
npts :	26
nout :	0
model :	(x,t) -> (x[1]-t[1])^2 + (x[2]-t[2])^2 +(x[3]-t[3])^2 - t[4]^2
dim :	4
cluster :	false
noise :	true
solution :	[41.3, -6.8, 26.9, 47.7]
description :	[[41.3, -6.8, 26.9, 47.7], [41.3, -6.8, 26.9, 47.7]]
