name :	sphere3D
data :	[18.91893017195404 25.23839712490412 0.43226759905351075; 20.480555491898286 23.070374596819033 0.35509905593032554; 19.07965213277462 23.962079103815036 0.6015415969026661; 21.2402935274628 25.409886114371155 0.8375281693879479; 21.185743610525375 25.799138019541925 -1.6246336869192957; 19.420581008445733 29.17813385278776 -0.8277522069693324; 16.826741507146707 30.232220686751486 -2.13291277516287; 16.20206865972199 30.62348140865618 -1.9729818297933523; 14.224479159455079 28.691809681680567 -5.349283018524729; 11.459923220479093 28.109261189211878 -2.8587397888574557; 10.938229245614622 28.248553770419576 -5.739518375872412; 9.224077053203182 25.457274464507574 -9.064911782753802; 10.358989796352887 22.214629390607463 -8.146974560997634; 9.686262374716714 19.848448811708572 -9.54325926160716; 12.300369215661696 17.63677158618802 -10.738475187512826; 12.029170870515093 16.663764313972344 -11.875534195933357; 16.84170011434645 16.3153611454187 -13.566197243542723; 17.928835532046087 14.590686639085549 -15.285697011684483; 19.626686254771332 17.8025994106635 -14.17980312804006; 20.42600002851309 19.322437711191537 -16.868454423156805; 22.478666559543555 20.282119841355218 -17.75679773818209; 22.222782246070302 22.717854269798355 -14.073309748530772; 20.42420641130611 25.332153716580372 -17.298314054201924; 17.477086343300176 24.139708209201594 -18.400457589763356]
npts :	24
nout :	0
model :	(x,t) -> (x[1]-t[1])^2 + (x[2]-t[2])^2 +(x[3]-t[3])^2 - t[4]^2
dim :	4
cluster :	false
noise :	true
solution :	[18.8, 23.3, -8.0, 9.3]
description :	[[18.8, 23.3, -8.0, 9.3], [18.8, 23.3, -8.0, 9.3]]
