name :	sphere2D
data :	[83.5 63.699999999999996; 80.46173514326976 5.354998418662193; 77.96255586130194 17.38170940413218; 73.84901713549077 28.95609808616173; 68.19774640918396 39.86255550318902; 53.31401616339778 127.89791498934474; 52.72978288967887 58.87523678503117; 43.20122899033804 66.62729037093978; 10.2058533958037 140.70966965621375; 21.439165095388766 77.90348299069383; 9.61104117473704 81.21756789140906; -2.558182797179609 82.89018922714851; 76.55818279717963 128.29018922714852; 32.48895882526297 -13.782432108590939; -38.83916509538875 77.90348299069385; -50.10585339580369 73.00966965621376; 3.1987710096619537 107.92729037093979; -107.02978288967884 9.975236785031186; -67.71401616339777 50.19791498934477; -85.59774640918396 39.86255550318905; -42.14901713549077 87.95609808616172; -95.36255586130193 17.38170940413218; -34.06173514326977 90.4549984186622; -98.7 -6.89999999999999; -97.86173514326977 -19.154998418662174; -95.36255586130194 -31.181709404132164; -91.24901713549079 -42.75609808616171; -85.59774640918397 -53.662555503189026; -78.51401616339778 -63.697914989344746; -70.12978288967886 -72.67523678503117; -60.60122899033804 -80.42729037093979; -50.10585339580366 -86.80966965621379; -38.83916509538878 -91.70348299069384; -27.01104117473703 -95.01756789140907; -14.84181720282042 -96.69018922714852; -2.55818279717961 -96.69018922714852; 9.611041174736997 -95.01756789140907; 21.439165095388745 -91.70348299069386; 93.30585339580364 -190.4096696562138; 4.601228990338022 -39.627290370939804; 120.32978288967888 -155.6752367850312; 159.21401616339776 -120.09791498934477; 68.19774640918396 -53.66255550318902; 73.84901713549075 -42.75609808616177; 77.96255586130192 -31.181709404132192; 80.46173514326975 -19.15499841866225; 81.3 -6.900000000000023]
npts :	47
nout :	14
model :	(x,t) -> (x[1]-t[1])^2 + (x[2]-t[2])^2 - t[3]^2
dim :	3
cluster :	false
noise :	false
solution :	[-8.7, -6.9, 90.0]
description :	[[-8.7, -6.9, 90.0], [-8.7, -6.9, 90.0]]
