name :	line3d
data :	[14.99396989317409 53.64232046206567 193.9411454046247; 2.283903652655931 1.4731109710060655 -15.314251618051983; 10.747606454518168 40.73318198270287 147.36252574757847; -19.484212799887693 -86.25260601476347 -361.7776313401796; -0.042795628909333305 -8.973334731823837 -60.29804001941414; -9.134286170720355 -40.57508364641683 -176.52702081392502; -20.50952582839532 -91.5725620337983 -384.33525692243495; 19.87284012726635 76.94877289492858 284.1978157906864; 10.901918351118583 32.1323025665943 102.45549406780567; -9.262703546994732 -44.64851758828176 -199.50947027964222; 12.165669684734956 41.897539860181325 146.30316635635955; 10.555224856271893 36.22159201713384 125.53736344630725; 28.64376334052114 112.60299898301415 421.62373436885775; -1.7084391914295782 -10.585123857182145 -61.85579403346152; 19.044525071385024 64.19227294482872 239.23741560927814; 13.420724040352411 55.300902852624574 192.0655650947042; -19.65319380114753 -91.18547790756503 -381.75875235491566; -3.6334281305537948 -16.644134479299534 -81.35267526783213; -9.854974047310968 -44.64139478493026 -199.5981144564753; -19.693572989685936 -86.41187327695704 -360.26653052044816; -17.858229259662906 -80.10107730920714 -337.9118957482327; -12.496874406189 -62.43318703506982 -267.909962514957; 21.015133466274108 88.3387868298714 331.6728726456378; 9.018019726150353 38.269944465896586 123.39207217356635; -15.890460556967417 -74.96887388870506 -313.58741998333545; 4.102647210073532 6.724213757637328 8.829180882979914; 16.26813905136092 65.57976094321508 238.50022344357737; -9.927278214963852 -50.299591842687576 -221.59118732767536; 8.705456396604026 24.06394290514794 77.60894262447887; -18.831113683754456 -93.01935327982625 -383.01717940810715; 25.98861859285151 102.17252672286344 378.7563561184319; -4.404790145502541 -23.241551443777958 -107.25831025106717; -15.992523834777828 -70.0113625107092 -291.03587879888613; 4.0621992438031915 12.343245184685879 32.96521253066191; 9.426999779308558 35.8833481162092 123.10001481138698; -8.341869284741708 -39.10943015648022 -177.59796923722894; 11.785978988824867 47.80082298322912 169.5350058818187]
npts :	37
nout :	0
model :	(x,t) -> (x[1]-t[1])^2 + (x[2]-t[2])^2 +(x[3]-t[3])^2 - t[4]^2
dim :	3
cluster :	false
noise :	true
solution :	[-0.5, -2.1, -8.3, 50.0]
description :	[[3.4, 7.3, 8.6]]
