name :	plane
data :	[115.25739587511899 -140.98342033134918 238.15429041928596; -0.7239638977855135 25.396549081426844 -27.45872763183388; -21.56560290977201 68.872532984965 172.62106404959144; 194.21097647618905 73.48687207116114 279.4087846138837; 589.3814937335549 408.1881909939852 763.0409613885591; 167.49903642065493 -278.30970319165147 384.31115095224914; 63.79363240365082 188.63235540759817 10.429871611950487; -24.900636842008804 297.7629079224586 -187.03043769005532; 179.14366894261903 25.26282943127426 271.53027368160787; 215.88209877545245 51.94387476640145 324.423871721595; 62.833492137256556 -216.22636559824252 181.17095875895254; -231.04323099147743 -361.1673612686151 -802.0567690909265; 95.51657049772244 -152.74116576742634 212.4898868338858; -29.28846885973023 113.15450328396045 -113.45156200169336; -45.879019429690416 -121.93059500172933 -41.75231769583126; -316.03180692174504 -46.65792314343287 -519.8669171386053; -490.3646430135695 -254.94400023796973 242.02534118633588; 140.7510035033272 -6.457206956603719 224.2586045484214; -94.58501353510587 -269.51935151690043 -53.80650560437253; 27.842082524818736 -281.72824893732565 153.5909807779835; -197.9038317225383 -328.6017454692604 74.08974066323725; -54.556153285884854 164.36346872690223 -176.619358910574; 151.56941100712206 111.399485625006 188.0755389121282]
npts :	23
nout :	5
model :	(x,t) -> x[1]*t[1] + x[2]*t[2] + x[3]*t[3] + t[4]
dim :	4
cluster :	false
noise :	true
solution :	[-0.8367626213669068, 0.21687086478902376, 0.5027875729260256, -7.082886860659419]
description :	[[1.9, -9.1, -7.0], [1.9, -9.1, -7.0]]
