name :	sphere2D
data :	[8.330342204240383 5.703132728975266; 10.100738058793885 7.0953946775863805; 7.583025280250736 8.904552018310174; 6.168682216282668 11.609141436741139; 2.9862451354009254 15.118742999149445; 1.3654504666194993 18.741310842496258; 0.3439627609597925 20.706725472532373; -2.156907559069299 19.629712666049926; -5.360000283207393 20.74419987840214; -9.554628482935884 20.81187714306643; -10.818227309698417 19.75272957492444; -14.812324095012569 17.82943813858454; -16.346813940095725 18.546604741834006; -17.90918404507966 14.721326229772034; -19.096501163853603 12.311563652447214; -23.491277300589807 19.157173172450612; -22.844655404860596 7.784925469239041; -22.989761440748975 4.048272088099814; -21.593093668609633 2.0544568949006536; -14.772533056812035 -2.5959443767942583; -20.928799638473535 -12.299613597819773; -18.796219497274528 -4.521436693754122; -14.533439122021427 -5.954792306517012; -0.7347803234543662 -0.7428921428963458; -12.086994036649696 -7.19289797871518; -17.16215301350031 -18.68800178944256; -5.521457282563946 -11.308105930664208; -3.6530135367867267 -9.475690536763159; -0.4282082298586253 -9.76179624179394; 1.2167045973995085 -7.583246473049297; 3.644155563628141 -5.045801242297373; 7.702004540327383 -2.155136793498843; 7.028615788291502 -0.9318251567527359; 4.957642217649843 1.3914772244321423; 6.964191370940597 5.665515884618357]
npts :	35
nout :	5
model :	(x,t) -> (x[1]-t[1])^2 + (x[2]-t[2])^2 - t[3]^2
dim :	3
cluster :	false
noise :	true
solution :	[-7.0, 5.0, 15.0]
description :	type3: test sphere2d with noise and outliers
