name :	sphere2D
data :	[7.143566160000555 4.73422652423532; 7.41433593715732 7.9989138876925745; 5.891150562292642 11.060826406962393; -4.776830510712745 0.9420391333302547; 5.434891308416609 15.806305801256698; 2.584112520203932 16.056967785987165; -0.3297872513062057 31.18735839033382; 7.133407956993038 8.472568046150965; -7.427288978944725 19.836176766823268; -10.629922969942175 19.50738285704866; -10.80553847348167 19.007958717726876; -11.744053714904009 18.790709275618568; -15.722234407102448 18.120039861586037; -19.42540439310105 14.474189011817158; -20.684867948168748 13.421547195336519; -21.656165366144684 10.378421158479682; -7.013768966871984 -1.5672819367700601; -21.197573171530614 4.9202812103805345; -20.02968244723615 1.6242651883396697; -14.067120188686769 11.250391131204223; -29.683541280247407 8.813098244897763; -18.536327076529552 -7.336665783688156; -17.018036998164295 -5.861141254896679; -14.365997073276947 -8.022732081104813; -10.402928350638815 -9.432019667875373; -10.245908728471223 -23.26542654902358; -5.183501805797093 -10.950504695572944; 10.33157609990902 -10.526418340795232; 0.3498969297436221 -10.718973586212865; 0.8056097815405012 -6.197255554686955; 9.191872405631894 9.08311625365679; -5.379063752999003 -10.317903205906084; 6.889689193835178 -0.6522263232672143; 6.773392359231887 3.9007455600536813; 6.705040681619475 4.6107498205931545]
npts :	35
nout :	10
model :	(x,t) -> (x[1]-t[1])^2 + (x[2]-t[2])^2 - t[3]^2
dim :	3
cluster :	false
noise :	true
solution :	[-7.0, 5.0, 15.0]
description :	type3: test sphere2d with noise and outliers
