name :	sphere2D
data :	[2.8542113681671766 4.139829889018314; 0.7210491954527449 10.622754013108139; 2.3354144725559425 9.386211057104221; 3.0126621010282495 9.53171366776629; 2.289697064099933 11.913680335672522; 0.2933260320781822 12.704533837530127; -1.340474149060655 13.417569539335751; -3.1658368866027375 12.347528459824796; -4.644839692746582 14.603245181323382; -5.460566195345669 15.752148377530373; -6.351819499037205 15.164695650604465; -7.5121168189887015 14.950835286284848; -10.654238518859568 14.485535748402247; -12.141365760324454 13.719540844164326; -10.3122311977533 13.874491683273533; -13.055237267342749 10.130293991308376; -15.269412767322958 10.890939968523499; -17.51577407318152 7.644027637364316; -17.00646819770258 7.515325500528274; -15.245646832298846 6.434035602237363; -14.667901869222092 4.135388161141989; -18.204026696795662 7.921239955230404; -16.29548688957371 0.7478011025001433; -16.161003928169436 -0.843078529332673; -11.898967369364662 -0.9956782507502228; -12.024097205375016 -1.8646040053594113; -10.739268842477106 -3.8750909972651812; -10.165323430233723 -5.316787597908131; -12.483323338095879 -6.780366057422121; -7.518163799568195 -5.4646924237972385; -6.422909605823184 -5.538803178045951; -4.1161670809727875 -4.360407346843408; -4.0803503212452075 -2.2970063235274933; -1.882613944755663 -0.9637085408818975; -1.7081110338061878 -2.6206007396926143; 0.14382174825043026 -2.8274230793670134; 1.1253827008699049 1.398882484002078; 3.1313582666259205 1.5990387547396139; 4.216727649919824 2.4643402236616314; 3.7309336251305805 3.7129095604971196]
npts :	40
nout :	5
model :	(x,t) -> (x[1]-t[1])^2 + (x[2]-t[2])^2 - t[3]^2
dim :	3
cluster :	false
noise :	true
solution :	[-7.0, 5.0, 10.0]
description :	type3: test sphere2d with noise and outliers
