name :	sphere3D
data :	[68.5 96.5 71.6; 80.91398815022693 98.89260010574606 70.99776570222025; 94.49737129513727 116.18315082666994 82.37228543807223; 100.0221316646031 116.75804393800261 66.21256549072814; 104.2749743896637 130.61136918094337 62.07293509113766; 111.51886484046392 156.6227719337997 70.84020769332587; 108.27884408026566 178.05216953298552 74.09786524749032; 89.33622762635436 192.6173815885716 51.63779466748931; 74.44830368674138 205.77991512563682 39.07318714118231; 54.195267666239076 195.99159874063503 25.696477614722916; 33.06591421860775 198.88006723184876 15.747568972969354; 10.90931064833486 196.25 5.100000000000016; 7.365795576558604 201.07065782838774 20.28814969955907; -30.29516880532266 174.1933794938821 -17.899960878782906; -46.38281598807369 155.72620801873836 -30.044061577246172; -57.81365357615748 133.58903510979889 -42.47212650965308; -63.74780394075205 109.12813414745236 -55.07160519544226; -50.31030658799246 92.64979782566488 -60.360633031405214; -57.813653576157506 59.41096489020113 -80.3278734903469; -46.3828159880737 37.27379198126165 -92.75593842275381; -30.295168805322675 18.80662050611791 -104.90003912121708; -10.72574272103057 5.068618890010484 -116.65019672925088; 16.018194496666073 -0.6028452742376844 -108.71208911089282; 33.06591421860772 -5.8800672318487415 -138.54756897296934; 62.847481884547655 16.148227324084296 -147.40126140114742; 72.86709243099773 4.823447658651389 -157.65662706797434; 87.88295510740518 16.602370834979126 -165.9450616007907; 98.37051152428478 31.092703321552946 -173.2867198665471; 103.85106219020923 46.85637940962103 -179.6151146711048; 104.2749743896637 62.38863081905661 -184.87293509113766; 100.0221316646031 76.24195606199739 -189.01256549072815; 91.86740661082999 87.14510156530352 -191.99651673594; 80.91398815022696 94.10739989425394 -193.79776570222026; 89.26894769246286 97.47910268980823 -188.65863811887792]
npts :	34
nout :	10
model :	(x,t) -> (x[1]-t[1])^2 + (x[2]-t[2])^2 +(x[3]-t[3])^2 - t[4]^2
dim :	4
cluster :	false
noise :	true
solution :	[68.5, 96.5, -61.4, 133.0]
description :	[[68.5, 96.5, -61.4, 133.0], [68.5, 96.5, -61.4, 133.0]]
