name :	sphere3D
data :	[101.5 66.7 7.799999999999997; 122.58298266184661 76.08674865291663 5.374383681452429; 131.7097529636741 100.25132971135476 -1.7964542016713096; 121.66155515214876 128.75088637561916 -13.399113624380831; 92.8775436882369 148.7371918407262 -28.926502694166743; 69.47369920824156 153.12088894464145 -40.60415191322657; 16.094281843386725 128.7508863756192 -68.89911362438085; -6.479601847320197 89.65177289916434 -91.59734057729047; -6.479601847320211 43.74822710083568 -114.80265942270952; 16.09428184338671 4.649113624380838 -137.50088637561916; 53.43559008996361 -16.549999999999997 -158.7; 92.87754368823688 -15.33719184072622 -177.47349730583326; 121.66155515214876 4.649113624380824 -193.00088637561916; 142.56601144206002 42.035397182751616 -195.09731083815646; 138.51957574573743 77.54184520073201 -201.74113597714637; 103.90909202082547 75.64091733781278 -194.1366698496986]
npts :	16
nout :	4
model :	(x,t) -> (x[1]-t[1])^2 + (x[2]-t[2])^2 +(x[3]-t[3])^2 - t[4]^2
dim :	4
cluster :	false
noise :	true
solution :	[101.5, 66.7, -103.2, 111.0]
description :	[[101.5, 66.7, -103.2, 111.0], [101.5, 66.7, -103.2, 111.0]]
