name :	sphere3D
data :	[-14.856233220426738 -79.85784038382101 70.20254936659163; -8.741847075223824 -83.82940438599553 56.544859584113624; 31.08595296751082 -28.33796068639535 62.906901466411774; -3.595403733001554 -14.08848522166548 32.80366835610468; -37.39999999999999 16.729978208661038 13.029978208661063; -87.99215357777015 26.440263317115182 -11.064332949883237; -141.27175570767193 8.171755707671934 -38.55333425395072; -161.937284522199 -26.050186401475173 -39.49816881137646; -175.1339210646911 -74.0937660870081 -70.84466698934895; -181.47426397010918 -155.37751412534055 -130.4193612005644; -141.27175570767196 -199.5717557076719 -160.24666574604927; -58.648807651542015 -197.16722729858574 -171.91350601820108; -37.40000000000002 -208.12997820866107 -211.82997820866103; -3.5954037330015396 -177.31151477833453 -231.60366835610472; 5.625089961622663 -138.7250899616227 -246.29684566929458; -8.741847075223777 -107.57059561400452 -255.34485958411364; -37.39999999999998 -95.7 -258.4]
npts :	17
nout :	5
model :	(x,t) -> (x[1]-t[1])^2 + (x[2]-t[2])^2 +(x[3]-t[3])^2 - t[4]^2
dim :	4
cluster :	false
noise :	true
solution :	[-37.4, -95.7, -99.4, 159.0]
description :	[[-37.4, -95.7, -99.4, 159.0], [-37.4, -95.7, -99.4, 159.0]]
