name :	sphere3D
data :	[90.2 -82.1 17.3; 94.54354330625023 -73.62001379643343 22.03418881088742; 97.93057060809413 -79.00514638250644 16.504862679559093; 100.62837438528223 -75.39809072727732 15.517690839037886; 104.58360841815535 -69.77553106455156 22.275159368709335; 106.46364749736873 -64.93128831104093 13.31654257115449; 100.08197373735737 -60.46149583570174 10.315155444571975; 96.6124062009461 -55.66770162961717 7.88633616868265; 97.26862018678501 -42.9931850068422 5.74785501285722; 85.46760734822948 -49.18548613091774 2.1138722935925465; 78.47744530540407 -48.22990256991469 -1.177495978867281; 71.14744111674236 -49.099999999999994 -4.699999999999996; 63.98997985168915 -51.85202429443955 -8.421739427916997; 57.515884004254154 -56.39692708473072 -12.30900961403344; 52.193654861088405 -62.506367271996325 -16.3266068375852; 51.889186781996415 -66.19239901000032 -15.575863239110728; 46.4488468165933 -77.92227140986537 -24.606395703755332; 46.4488468165933 -86.2777285901346 -28.79360429624466; 48.41202438082008 -94.37005672805375 -32.96185288402454; 52.193654861088405 -101.69363272800366 -37.073393162414796; 57.515884004254154 -107.80307291526925 -41.09099038596655; 63.98997985168914 -112.34797570556043 -44.978260572083; 73.74749085525272 -108.0077453397652 -41.1813710343391; 81.1343797262234 -108.46836966058966 -48.93195675157244; 85.46760734822946 -115.01451386908225 -55.51387229359254; 99.9572268359993 -112.31247824625463 -54.24995855421936; 96.61240620094608 -108.53229837038285 -61.28633616868264; 100.08197373735737 -103.73850416429826 -63.71515544457196; 105.03382281092223 -91.13894324482337 -63.19614002101088; 102.41688582109768 -91.73623395534794 -59.93494405357941; 100.62837438528223 -88.80190927272267 -68.91769083903789; 97.93057060809413 -85.19485361749356 -69.90486267955909; 94.30688329781944 -82.89153687708891 -70.50076459321572; 90.2 -82.1 -70.7]
npts :	34
nout :	10
model :	(x,t) -> (x[1]-t[1])^2 + (x[2]-t[2])^2 +(x[3]-t[3])^2 - t[4]^2
dim :	4
cluster :	false
noise :	true
solution :	[90.2, -82.1, -26.7, 44.0]
description :	[[90.2, -82.1, -26.7, 44.0], [90.2, -82.1, -26.7, 44.0]]
