name :	sphere3D
data :	[25.270684869913506 33.80991899260817 93.20708460441321; 56.342530910087596 59.64253091008759 81.59537548655757; 19.000000000000007 119.88073580374355 51.680735803743566; -71.15284457646997 112.45284457646999 6.9103136663824; -119.0 22.30000000000002 -45.89999999999999; -71.15284457647 -67.85284457646998 -98.71031366638238; 28.365213530282908 -70.62972051848178 -128.3436106811261; 56.342530910087596 -15.04253091008761 -173.39537548655755; 19.000000000000018 22.3 -183.9]
npts :	9
nout :	2
model :	(x,t) -> (x[1]-t[1])^2 + (x[2]-t[2])^2 +(x[3]-t[3])^2 - t[4]^2
dim :	4
cluster :	false
noise :	true
solution :	[19.0, 22.3, -45.9, 138.0]
description :	[[19.0, 22.3, -45.9, 138.0], [19.0, 22.3, -45.9, 138.0]]
