name :	sphere3D
data :	[-20.687096070591455 81.63929082700726 87.40059568600455; -20.878670229977402 82.50937250410294 72.38676727376385; -12.942252555531766 97.19945575555442 68.19519504056153; -15.623966443166335 116.11314805050601 61.36802226555798; -29.940654279202185 132.6782074743965 52.13774012931471; -53.22618578536309 140.7069349300199 40.81867481947829; -68.63901350632787 151.64632279501464 31.815699859561; -102.97413340300409 119.02588415264881 13.51402817598289; -116.33873250791592 92.18615100571847 -1.5417261645459321; -114.12642043385813 66.41206188700716 -3.0966239987290667; -102.97413340300412 34.97411584735121 -31.914028175982878; -75.06658425098865 19.350946627568238 -34.58229094207647; -53.226185785363114 13.293065069980088 -59.21867481947827; -15.63140473382539 21.7411605598381 -69.19569444872258; -15.623966443166353 37.88685194949395 -79.76802226555796; -12.942252555531763 56.800544244445575 -86.59519504056153; -20.878670229977402 71.49062749589706 -90.78676727376386; -35.099999999999994 77.0 -92.2]
npts :	18
nout :	5
model :	(x,t) -> (x[1]-t[1])^2 + (x[2]-t[2])^2 +(x[3]-t[3])^2 - t[4]^2
dim :	4
cluster :	false
noise :	true
solution :	[-35.1, 77.0, -9.2, 83.0]
description :	[[-35.1, 77.0, -9.2, 83.0], [-35.1, 77.0, -9.2, 83.0]]
