name :	sphere3D
data :	[-18.5 44.2 192.9; -10.431824789321459 45.622636974725836 192.54230162062407; -3.1614643503457263 49.782770413705165 191.47192878314758; 11.58713424721048 68.86727904030174 202.7804964268519; 19.207913549666426 76.68537434353014 190.72222943264393; 7.035455533773337 74.63197087090407 184.0929319814451; 17.926806152385375 90.54001060186152 182.62557322529926; 11.409224728416802 105.04770201181329 181.59118502971728; -8.00782367739873 103.70408882659197 170.90817765318394; -18.499999999999996 110.66803743153547 165.36803743153547; -31.004088826591964 115.11421163313597 159.32203531053472; -36.48376255779538 128.67340240247978 154.2219508575807; -59.203193977868594 114.7 145.9; -73.26096111054102 109.46157213739909 138.62611660362575; -86.16555317693768 100.97814071417505 131.04989347261287; -97.13253255135396 89.5985138355862 123.22899023963696; -90.01481105877023 89.76675039870713 133.3441198720477; -110.71966464589825 60.46081502895841 107.09263981827988; -112.5 44.20000000000002 98.9; -110.71966464589826 27.93918497104162 90.70736018172015; -102.16064525619491 20.242562573947325 88.93750839686876; -97.13253255135396 -1.1985138355861835 74.57100976036307; -86.1655531769377 -12.578140714175042 66.75010652738715; -69.38072237091365 -3.8482131313778147 61.2773494701253; -59.20319397786866 -26.299999999999983 51.90000000000003; -44.835650961764124 -28.156606344085375 44.983814983001665; -31.004088826591968 -26.71421163313596 38.4779646894653; -18.50000000000001 -22.268037431535475 32.43196256846454; -8.007823677398752 -15.304088826591986 26.891822346816085; -0.059578672912977026 -6.464641201401115 21.899707836834793; 6.502704102585312 12.589178114386147 35.79033265877966; 7.035455533773337 13.768029129095922 13.707068018554907; 6.128247241562185 23.53444682306229 10.568893646124621; 2.5695235959492706 32.035504880181506 8.10297232882759; -3.1614643503457316 38.61722958629485 6.32807121685245; -0.06822056307202295 48.90284103838597 8.679264912570478; -12.175487390411185 48.30806408775958 7.844615450120214]
npts :	37
nout :	11
model :	(x,t) -> (x[1]-t[1])^2 + (x[2]-t[2])^2 +(x[3]-t[3])^2 - t[4]^2
dim :	4
cluster :	false
noise :	true
solution :	[-18.5, 44.2, 98.9, 94.0]
description :	[[-18.5, 44.2, 98.9, 94.0], [-18.5, 44.2, 98.9, 94.0]]
