name :	sphere3D
data :	[47.4 -91.3 -29.700000000000003; 50.58521912498173 -88.24965714071983 -28.252023988581524; 49.9 -86.9698729810778 -31.039745962155614; 47.4 -84.22893218813452 -32.62893218813453; 43.06987298107781 -83.8 -34.7; 39.03483696262192 -86.47037086855465 -37.1118095489748; 37.4 -91.3 -39.7; 39.03483696262192 -96.12962913144534 -42.28819045102521; 43.0698729810778 -98.8 -44.7; 47.4 -98.37106781186547 -46.77106781186548; 50.73090109307138 -95.53220025281266 -46.5441509392631; 49.64143868042014 -92.5940952255126 -49.359258262890684; 48.77012415955897 -90.94457234992935 -49.5949520948254]
npts :	13
nout :	3
model :	(x,t) -> (x[1]-t[1])^2 + (x[2]-t[2])^2 +(x[3]-t[3])^2 - t[4]^2
dim :	4
cluster :	false
noise :	true
solution :	[47.4, -91.3, -39.7, 10.0]
description :	[[47.4, -91.3, -39.7, 10.0], [47.4, -91.3, -39.7, 10.0]]
