name :	sphere3D
data :	[-47.2 42.0 134.5; -42.5254652784241 42.84830298243372 134.28663758174767; -38.33992686090736 45.32524106741423 133.64826819572738; -35.09591251609102 49.2318556102882 132.59003161688022; -33.17565124395203 54.25270451641857 131.12044814390606; -32.862329413796964 59.97887024957177 129.25134999882823; -34.31851458791168 65.9378110347381 126.9977860608989; -35.97074294603628 81.76906633421194 128.9203623514338; -42.51918501378786 76.5551638575764 121.41278769819138; -48.91868765402349 80.2695540472476 118.12632039630384; -56.170869836554665 92.56160288152945 125.13482096803449; -64.58443351145064 82.6729041063444 110.69754001696143; -72.91122328014454 80.9508383464083 106.61503911106894; -72.34401345752889 82.21677177719167 102.85783683196179; -87.9793068675721 71.62790070187222 97.87790070187222; -93.75412395822111 64.41928449909878 93.29360949968466; -89.56438564585189 66.36796648357797 89.60814554617174; -99.93348495019511 46.74609954845652 83.87783600857729; -99.93348495019512 37.253900451543494 79.12216399142271; -97.82765465946372 28.027655117003164 74.38563691166426; -93.75412395822113 19.580715500901235 69.70639050031534; -87.97930686757212 12.37209929812779 65.1220992981278; -74.59766789934183 11.301290014005659 62.3840247446495; -66.35914675312411 12.324345153340438 64.4410071854277; -64.58443351145065 1.3270958936556028 52.302459983038574; -55.71335537744841 10.556725447361588 59.01819190678529; -48.9186876540235 3.7304459527523974 44.87367960369618; -42.519185013787876 7.44483614242359 41.58721230180863; -34.44726241985741 22.59590021932615 44.8612659265664; -34.31851458791168 18.062188965261896 36.0022139391011; -32.86232941379697 24.02112975042822 33.74865000117179; -33.175651243952025 29.74729548358142 31.879551856093926; -28.19791786529552 36.413523968856495 33.737978868307096; -38.339926860907354 38.67475893258576 29.351731804272625; -41.03695638715749 44.087293248972905 35.33007882607479; -47.199999999999996 42.0 28.5]
npts :	36
nout :	10
model :	(x,t) -> (x[1]-t[1])^2 + (x[2]-t[2])^2 +(x[3]-t[3])^2 - t[4]^2
dim :	4
cluster :	false
noise :	true
solution :	[-47.2, 42.0, 81.5, 53.0]
description :	[[-47.2, 42.0, 81.5, 53.0], [-47.2, 42.0, 81.5, 53.0]]
