name :	sphere3D
data :	[96.6 -76.2 120.7; 109.92970652282587 -73.04080151959396 119.90212621354928; 120.91813259770184 -63.9869747798101 117.51929472841921; 127.51631036706742 -50.25813537363141 113.5837292527372; 142.38790591355917 -15.32187310980985 112.9108279468845; 143.27910831255141 -1.228317254917446 109.98465420672758; 109.77102985177606 -1.5033778559803181 93.09324428803941; 91.60942411869594 9.484878778274975 83.67651326851056; 69.45392008366687 14.474221536832971 73.16471382092877; 45.50450117671814 12.299999999999997 61.70000000000002; 22.246061237849375 2.6105708226788664 49.437412392620516; 14.498345758191627 -12.141854386267802 44.21260965287827; 9.721714235905534 -17.239940168157283 42.029188003996964; -20.403838765725112 -62.524212611933024 9.561089811436156; -20.403838765725112 -89.87578738806695 -4.161089811436141; -5.096922524453355 -100.78299494630541 -0.6212483259534558; 2.1541498018803225 -138.31801287397403 -31.142781459908644; 22.246061237849375 -155.01057082267886 -44.037412392620496; 45.504501176718065 -164.7 -56.29999999999997; 88.67312214657156 -145.92262229481253 -64.81046271354232; 91.6094241186959 -161.88487877827498 -78.27651326851056; 109.77102985177604 -150.89662214401972 -87.6932442880394; 122.2826277215427 -135.73902335571216 -95.88756174672648; 128.224505795893 -118.67908329673246 -102.74865155816263; 147.23162889889244 -79.45333578407424 -90.3384841085832; 120.91813259770186 -88.41302522018992 -112.1192947284192; 127.28882997485046 -59.6051628383597 -101.95265152550382; 96.60000000000001 -76.2 -115.3]
npts :	28
nout :	8
model :	(x,t) -> (x[1]-t[1])^2 + (x[2]-t[2])^2 +(x[3]-t[3])^2 - t[4]^2
dim :	4
cluster :	false
noise :	true
solution :	[96.6, -76.2, 2.7, 118.0]
description :	[[96.6, -76.2, 2.7, 118.0], [96.6, -76.2, 2.7, 118.0]]
