name :	sphere3D
data :	[38.659931133312284 -56.11812250471679 84.34559171681725; 44.682892754020415 -45.01710724597958 70.21337428812078; 29.800000000000004 -21.00912703473989 58.290872965260114; 3.6505727886540047 -14.035595842864279 42.18648915221147; -25.2 -59.89999999999999 19.400000000000002; -6.130481534100358 -95.83048153410036 -1.6475887800799356; 29.799999999999994 -98.79087296526012 -19.49087296526011; 44.682892754020415 -74.78289275402042 -31.41337428812077; 29.800000000000008 -59.9 -35.6]
npts :	9
nout :	2
model :	(x,t) -> (x[1]-t[1])^2 + (x[2]-t[2])^2 +(x[3]-t[3])^2 - t[4]^2
dim :	4
cluster :	false
noise :	true
solution :	[29.8, -59.9, 19.4, 55.0]
description :	[[29.8, -59.9, 19.4, 55.0], [29.8, -59.9, 19.4, 55.0]]
