name :	sphere3D
data :	[39.8 -75.3 54.099999999999994; 55.94084645844664 -54.75984969651522 68.60872669299816; 64.89906933895742 -58.146647870959804 64.84231385839388; 72.85824844116422 -38.67776707640226 68.74863276768667; 71.50231825775558 -48.69859644245255 46.80280711509491; 72.67010765517631 -36.12693111298518 42.76324223143463; 74.10451142869698 -0.2098274123538033 53.2869239241537; 63.53713809125034 -10.082749091813497 32.217397358968; 53.305886542922906 1.2956888086981593 25.791377617396336; 39.800000000000004 10.259920523572248 18.659920523572254; 23.70431119130183 15.983187314994169 10.877300772071251; 5.8998535492184985 17.839886889726927 2.50274879847656; -12.594536928958512 15.450000000000003 -6.3999999999999915; -30.690173344419833 8.706917325800944 -15.763190329375377; -47.301403557547445 -2.213244399838487 -25.51556265759408; -59.2192219392467 -15.946642100177087 -16.690784312314047; -72.17540598619712 -34.5442852511507 -45.88857050230143; -67.35959456810845 -47.65199100997618 -37.130919625478185; -81.2 -75.29999999999998 -66.89999999999999; -78.90829172503925 -96.23147466493579 -77.44584487246662; -72.17540598619712 -116.05571474884928 -87.91142949769858; -61.41847275227478 -133.7385124904886 -98.217104457405; -44.93911782872111 -135.1691420490788 -95.37536083582484; -30.690173344419847 -159.30691732580095 -118.03680967062462; -12.594536928958597 -166.04999999999998 -127.39999999999998; 5.89985354921852 -168.4398868897269 -136.30274879847659; 23.704311191301827 -166.58318731499418 -144.67730077207125; 57.74589191474706 -138.38629919254828 -134.53603911000715; 53.30588654292288 -151.8956888086982 -159.59137761739635; 66.18134149168596 -135.82477986284763 -147.36921971370387; 76.20117792102629 -104.34998247796139 -168.33609882459547; 72.67010765517631 -114.47306888701482 -176.56324223143463; 71.50231825775558 -101.90140355754747 -180.60280711509492; 87.55193534584498 -70.27482625363925 -180.30263534919825; 59.544285251150704 -82.48633212828004 -186.06173811447718; 50.185629792469186 -77.13126674406197 -187.4395584691012; 39.80000000000001 -75.3 -187.9]
npts :	37
nout :	11
model :	(x,t) -> (x[1]-t[1])^2 + (x[2]-t[2])^2 +(x[3]-t[3])^2 - t[4]^2
dim :	4
cluster :	false
noise :	true
solution :	[39.8, -75.3, -66.9, 121.0]
description :	[[39.8, -75.3, -66.9, 121.0], [39.8, -75.3, -66.9, 121.0]]
