name :	sphere3D
data :	[-54.6 -106.3 5.299999999999997; -37.62970523868038 -100.12331784015599 3.7200063132696357; -21.297825955285354 -75.93405505943838 16.56703327318568; -28.599999999999998 -61.2666790032092 -8.633358006418376; -42.99163470690923 -40.46568895781314 -19.031377915626294; -68.43431104218685 -27.84172329950914 -31.850088592599903; -99.63332099679079 -28.299999999999997 -46.69999999999999; -129.4640162808672 -43.48163155027441 -63.12990509413044; -150.8433241534256 -71.2702947613196 -80.64058952263923; -142.53515472030938 -100.1855850226835 -97.02703749282212; -150.84332415342564 -141.32970523868036 -116.75941047736075; -129.46401628086724 -169.11836844972558 -134.27009490586954; -99.63332099679084 -184.29999999999998 -150.7; -55.76055521360756 -177.45766922457653 -152.7616302130464; -42.99163470690926 -172.13431104218688 -178.36862208437373; -28.599999999999998 -151.3333209967908 -188.76664199358163; -27.35172645614396 -129.16401628086726 -196.42803256173448; -29.651208580722418 -100.8873443767802 -197.89484661120377; -52.75358161395574 -85.70265165080986 -200.53220260838233]
npts :	19
nout :	5
model :	(x,t) -> (x[1]-t[1])^2 + (x[2]-t[2])^2 +(x[3]-t[3])^2 - t[4]^2
dim :	4
cluster :	false
noise :	true
solution :	[-54.6, -106.3, -98.7, 104.0]
description :	[[-54.6, -106.3, -98.7, 104.0], [-54.6, -106.3, -98.7, 104.0]]
