name :	sphere3D
data :	[54.537016380502 104.51575941545038 201.04514682600487; 68.22132977002259 108.40937250410295 199.58676727376385; 82.40729001684774 138.5544783411768 198.46545120100416; 73.47603355683367 142.013148050506 188.568022265558; 70.71759838336229 172.44229036580862 190.08010373091224; 35.87381421463691 166.60693493001992 168.0186748194783; 9.225118419377253 162.19152540160826 154.99628352945268; -13.874133403004095 144.92588415264882 140.7140281759829; -27.238732507915927 118.08615100571848 125.65827383545407; -17.977002698958533 99.11781007396482 111.4573317859302; -13.874133403004109 60.87411584735121 95.28597182401712; 9.225118419377232 43.60847459839175 81.00371647054733; 35.873814214636894 39.19306506998009 67.98132518052174; 59.15934572079779 47.22179252560349 56.662259870685304; 83.33278249183773 73.44418743375465 52.21845022096343; 76.15774744446824 82.70054424444558 40.60480495943847; 68.2213297700226 97.39062749589706 36.413232726236146; 54.00000000000001 102.9 35.0]
npts :	18
nout :	5
model :	(x,t) -> (x[1]-t[1])^2 + (x[2]-t[2])^2 +(x[3]-t[3])^2 - t[4]^2
dim :	4
cluster :	false
noise :	true
solution :	[54.0, 102.9, 118.0, 83.0]
description :	[[54.0, 102.9, 118.0, 83.0], [54.0, 102.9, 118.0, 83.0]]
