name :	sphere3D
data :	[-74.8 -71.6 52.9; -68.12323872418972 -69.88569907577877 52.466308572296285; -58.094769495211345 -61.83022153088848 55.79251913637014; -60.0406812560131 -57.740077156112584 49.03770672385383; -60.6024910060197 -49.22830558584987 46.09686740241249; -64.81004023992628 -40.85406530937789 42.395934690622106; -72.43593123670473 -34.02420302782222 37.993274508177635; -82.74088813853703 -29.972406580704778 32.95831943617794; -91.3465044429647 -20.57611138581528 31.739527294512776; -106.52171583984905 -33.25503255092314 21.317861036078995; -117.11814863615973 -40.85406530937788 14.895934690622111; -125.03191734634434 -51.71177698697015 8.20597230221486; -129.2586344268164 -64.72027456183643 1.353478574112244; -122.56890172594153 -68.48474581810638 -3.5416382876719608; -121.61511657739186 -84.0554070446223 -10.132368776709855; -117.11814863615973 -102.3459346906221 -19.095934690622105; -106.52171583984904 -109.94496744907686 -25.517861036079; -94.57235402828707 -113.61839114807054 -31.570473723844806; -80.86160048036828 -111.5663210992785 -29.64441727681092; -72.43593123670475 -109.17579697217778 -42.19327450817762; -64.8100402399263 -102.34593469062212 -46.59593469062211; -60.6024910060197 -93.97169441415012 -50.296867402412495; -56.686742929292464 -77.46595438217469 -46.73481076145776; -62.813926483994564 -78.18939967694854 -55.37207386207471; -61.371139315575675 -65.41586399739646 -54.513822246061785; -74.8 -71.6 -57.1]
npts :	26
nout :	7
model :	(x,t) -> (x[1]-t[1])^2 + (x[2]-t[2])^2 +(x[3]-t[3])^2 - t[4]^2
dim :	4
cluster :	false
noise :	true
solution :	[-74.8, -71.6, -2.1, 55.0]
description :	[[-74.8, -71.6, -2.1, 55.0], [-74.8, -71.6, -2.1, 55.0]]
