name :	sphere3D
data :	[41.4 27.4 98.5; 51.81603520203096 29.967322097862443 97.8510897947268; 60.25941123091906 37.29818258184531 95.91382175091863; 76.58063464047122 66.02089561412897 93.40320293649087; 64.89536374141571 61.43891087020596 88.30558628313568; 59.328029645922875 74.67232909306404 82.74556406453542; 52.00850713995587 90.26698080743202 78.31103709369394; 33.37015293592245 93.53174032398309 68.51791658343078; 15.426765028528624 95.88579210499574 60.057762459072876; -3.366675412929709 92.25572605331112 50.86036231189541; -17.679713413345368 85.53955022152886 52.979098008959326; -35.1156391690733 67.55850535251172 30.799094121592645; -44.38376769686436 48.54379974475471 20.227764542723747; -30.790288563933906 29.54067316571037 15.719255918275318; -44.383767696864375 6.256200255245318 -1.2277645427237367; -35.11563916907331 -12.758505352511698 -11.799094121592635; -7.212153811062491 -25.410597432057756 -21.53808399738748; -3.3666754129297303 -37.4557260533111 -31.8603623118954; 15.426765028528585 -41.085792104995754 -41.057762459072855; 44.00469285835514 -35.035537157565436 -39.93487660990788; 48.51382374055233 -31.187609523150428 -57.117456587228006; 68.65553440773043 -6.813884856588157 -55.424841050233994; 64.89536374141571 -6.638910870205983 -69.30558628313567; 65.022875668175 6.4719583564467165 -73.71644559900191; 71.49948450695815 19.681851955018963 -74.38244570572377; 51.81603520203096 24.832677902137554 -78.8510897947268; 41.40000000000001 27.4 -79.5]
npts :	27
nout :	8
model :	(x,t) -> (x[1]-t[1])^2 + (x[2]-t[2])^2 +(x[3]-t[3])^2 - t[4]^2
dim :	4
cluster :	false
noise :	true
solution :	[41.4, 27.4, 9.5, 89.0]
description :	[[41.4, 27.4, 9.5, 89.0], [41.4, 27.4, 9.5, 89.0]]
