name :	sphere3D
data :	[-91.1 69.7 183.5; -76.25460816207357 73.0883638117715 182.64486054548098; -63.83411698263549 82.83055722053798 180.09019605672802; -55.98173066542804 97.7058852579261 175.86813292193798; -48.38421201462928 138.72024872354493 184.9786099619862; -59.70575093030238 134.89082992254828 162.65449109504664; -45.64161606746048 170.13828396076167 165.0136003186172; -91.1 165.86652224137046 143.66652224137047; -114.76044654783206 173.36318954375838 132.29461305278778; -130.34032581502538 175.16108170323164 144.51464763682083; -167.49730652639386 165.49919228835796 106.50818851998791; -191.46224766401187 149.73622176047468 92.41795242590274; -210.55963883619 127.22873003542327 77.76284701805876; -222.8564967337095 99.77256058797632 62.72716875004988; -227.1 69.70000000000002 47.50000000000001; -207.3406700661534 40.88146280688235 55.3698255344263; -210.55963883619003 12.171269964576759 17.23715298194125; -191.4622476640119 -10.336221760474658 2.582047574097288; -167.4973065263939 -26.09919228835794 -11.508188519987897; -141.0636611724984 -34.05061147578337 -24.856362406085765; -114.76044654783209 -33.9631895437584 -37.29461305278775; -91.10000000000001 -26.46652224137047 -48.66652224137046; -72.23142350902938 -12.968635067819989 -58.82908161565204; -59.705750930302386 4.509170077451728 -67.65449109504664; -33.29623810119671 34.24339370370555 -71.23333501028114; -48.58459098252021 53.769115844427176 -60.20439406911974; -62.44604117687114 65.19051414563835 -81.61043502103702; -60.82678056399949 85.76303087242788 -83.32129132679975; -91.09999999999998 69.7 -88.5]
npts :	29
nout :	8
model :	(x,t) -> (x[1]-t[1])^2 + (x[2]-t[2])^2 +(x[3]-t[3])^2 - t[4]^2
dim :	4
cluster :	false
noise :	true
solution :	[-91.1, 69.7, 47.5, 136.0]
description :	[[-91.1, 69.7, 47.5, 136.0], [-91.1, 69.7, 47.5, 136.0]]
