name :	sphere3D
data :	[-23.8 -38.4 6.5; -22.22917486144434 -37.753317548863706 7.6577164750978985; -20.992744876356422 -36.22522148304914 7.336889778727427; -21.8690968955669 -37.10981179372575 6.155522685857671; -21.63521559941521 -36.23521559941521 5.891036260090294; -21.704848040615204 -35.26438350392482 5.55537011478684; -21.866333772300763 -33.22217823278937 5.400604661183904; -21.32515845934075 -32.491074385612535 5.4770269249017804; -23.8 -32.74314575050762 4.156854249492381; -23.410637869162027 -32.049545208106245 4.104164056820756; -26.34551716114567 -32.25457794630867 2.9445618641568183; -26.495922140096788 -30.979199411754873 3.1083344592981232; -27.48977875842911 -31.592971268744947 3.0724566679499583; -30.16533447958342 -34.1468194775312 0.8222774180356986; -31.049019570823102 -35.397357779857074 0.06072257612902665; -31.608500249617624 -36.8467927296639 -0.7158628773635138; -31.8 -38.4 -1.4999999999999996; -31.608500249617624 -39.953207270336094 -2.2841371226364853; -31.049019570823106 -41.40264222014292 -3.0607225761290255; -30.16533447958342 -42.653180522468794 -3.8222774180356973; -29.026251859505507 -43.6262518595055 -4.561467458920718; -27.719753618711664 -44.266325853992775 -5.271173894607982; -26.326778069479875 -44.1245074016415 -5.421194125972944; -25.00645486614696 -44.465258194048005 -6.575146273309163; -23.8 -44.05685424949238 -7.15685424949238; -22.719821427212274 -42.56552946860294 -6.791444533536212; -22.099139810465488 -42.50623973727469 -8.151756898420363; -21.704848040615204 -41.53561649607518 -8.55537011478684; -21.63521559941521 -40.564784400584784 -8.891036260090294; -21.8690968955669 -39.69018820627425 -9.15552268585767; -22.358080355986104 -38.99726267240274 -9.346282243225843; -23.030929852300392 -38.55297756375995 -9.461477813377574; -23.8 -38.4 -9.5]
npts :	33
nout :	9
model :	(x,t) -> (x[1]-t[1])^2 + (x[2]-t[2])^2 +(x[3]-t[3])^2 - t[4]^2
dim :	4
cluster :	false
noise :	true
solution :	[-23.8, -38.4, -1.5, 8.0]
description :	[[-23.8, -38.4, -1.5, 8.0], [-23.8, -38.4, -1.5, 8.0]]
