name :	sphere3D
data :	[-8.4 -17.3 83.5; 40.1208626322685 7.644594007792074 95.48314821605561; 27.49436034142574 12.81894452383472 75.23788904766946; 25.85 42.02274015923403 65.1454803184681; 34.19458437492761 87.4490273048566 74.79345117917907; -26.624044353649992 86.05369142276199 34.56190252705589; -67.72274015923402 85.45 15.000000000000014; -105.96129504702256 71.27039661973913 11.11282210167623; -135.18207124057028 28.84490017018474 -29.710199659630533; -145.4 -17.299999999999983 -53.49999999999999; -135.1820712405703 -63.44490017018471 -77.28980034036945; -103.08162542496865 -73.2595524642009 -78.63348210375545; -67.7227401592341 -120.04999999999998 -121.99999999999997; -26.624044353649992 -120.65369142276198 -141.5619025270559; 8.156450626568027 -98.13327680069384 -134.5114503810157; 25.85 -76.62274015923404 -172.14548031846812; 27.494360341425747 -47.41894452383475 -182.23788904766943; 13.955099829815262 -25.436590922102198 -188.4186621626725; -8.399999999999984 -17.3 -190.5]
npts :	19
nout :	5
model :	(x,t) -> (x[1]-t[1])^2 + (x[2]-t[2])^2 +(x[3]-t[3])^2 - t[4]^2
dim :	4
cluster :	false
noise :	true
solution :	[-8.4, -17.3, -53.5, 137.0]
description :	[[-8.4, -17.3, -53.5, 137.0], [-8.4, -17.3, -53.5, 137.0]]
