name :	sphere3D
data :	[-107.1 83.9 31.3; -101.62852774755812 84.77815089320337 33.65646248738792; -102.43812306651438 86.34674176180447 30.660719983373145; -101.26063747528258 89.07322377705812 29.870357339079128; -101.29215727740285 92.31411279937676 28.780032564370618; -101.34468133836613 99.36325975463777 30.614419157054108; -105.34152671581852 98.38233044392483 25.767236459764224; -109.0849060158394 100.24717176547897 23.888698481297496; -113.52035021766707 100.82907220572929 21.79742442808543; -118.16591976499386 99.93175250756005 19.52390978496291; -122.49713356202102 97.54067003965321 17.101307514935783; -126.01397822156868 93.82682154781189 14.564944614326272; -126.61597074840246 90.69716867892251 15.308371102603118; -125.51603026658323 87.92617439914 13.193033510266126; -128.30497628461816 78.67344275972357 6.648193034382897; -126.01397822156868 73.97317845218812 4.035055385673731; -122.49713356202102 70.2593299603468 1.498692485064221; -114.37274194152023 70.9215981566829 3.307850163266238; -113.52035021766709 66.97092779427072 -3.1974244280854247; -109.08490601583941 67.55282823452103 -5.288698481297489; -103.90448891156092 72.72257900928126 -4.174644875964528; -102.66835222235613 72.21470516800665 -8.805645049660438; -101.29215727740285 75.48588720062324 -10.180032564370617; -101.26063747528258 78.7267762229419 -11.270357339079123; -98.63485324477519 85.33283002481986 -10.298638182557058; -102.89680753717985 85.65526664578982 -9.83508388275127; -107.1 83.9 -12.7]
npts :	27
nout :	8
model :	(x,t) -> (x[1]-t[1])^2 + (x[2]-t[2])^2 +(x[3]-t[3])^2 - t[4]^2
dim :	4
cluster :	false
noise :	true
solution :	[-107.1, 83.9, 9.3, 22.0]
description :	[[-107.1, 83.9, 9.3, 22.0], [-107.1, 83.9, 9.3, 22.0]]
