name :	sphere3D
data :	[-108.3 119.6 36.8; -73.93404764071649 153.9659523592835 27.132700628933407; -108.3 209.40256121069152 -0.39743878930846677; -191.2667482696499 202.5667482696499 -41.599204089633595; -235.3 119.60000000000001 -90.19999999999999; -191.26674826964992 36.633251730350096 -138.8007959103664; -91.57109451470954 44.62052578396036 -156.9024261922278; -73.93404764071649 85.23404764071647 -207.5327006289334; -93.03824857662542 132.53168093551454 -212.5294500910555]
npts :	9
nout :	2
model :	(x,t) -> (x[1]-t[1])^2 + (x[2]-t[2])^2 +(x[3]-t[3])^2 - t[4]^2
dim :	4
cluster :	false
noise :	true
solution :	[-108.3, 119.6, -90.2, 127.0]
description :	[[-108.3, 119.6, -90.2, 127.0], [-108.3, 119.6, -90.2, 127.0]]
