name :	sphere3D
data :	[75.1 117.9 218.1; 119.40385952476947 145.16291886356217 244.5917507641781; 109.92595602608448 141.64393478080962 211.7469112274181; 113.78465837409499 166.4090272771465 203.93854811004593; 104.52996156945142 192.88631914147012 193.25214472718727; 82.3686002458434 214.89272966873204 179.92641767166515; 50.221736350441276 226.89879488792243 164.25904166579892; 21.43801419121425 249.509862254026 168.2146416769544; -22.48016037496602 208.4411572972202 127.34376648439448; -50.50829671746453 178.38976761077595 106.92049355575296; -65.90741721945477 139.15344846930586 85.78640338285868; -49.058789257224994 103.99650597461394 72.72241613919888; -50.50829671746453 57.4102323892241 43.27950644424705; -20.395122852561464 50.77370934675541 47.99076333702528; 13.179183629412577 10.65000000000002 3.6000000000000227; 50.22173635044125 8.901205112077562 -14.059041665798887; 99.68620127644013 49.0993806189648 -25.361015964393722; 104.52996156945137 42.91368085852986 -43.05214472718724; 113.78465837409497 69.39097272285349 -53.73854811004594; 109.92595602608446 94.1560652191904 -61.54691122741815; 119.10235463810525 113.94856110023707 -45.644261150682055; 75.10000000000001 117.9 -67.9]
npts :	22
nout :	6
model :	(x,t) -> (x[1]-t[1])^2 + (x[2]-t[2])^2 +(x[3]-t[3])^2 - t[4]^2
dim :	4
cluster :	false
noise :	true
solution :	[75.1, 117.9, 75.1, 143.0]
description :	[[75.1, 117.9, 75.1, 143.0], [75.1, 117.9, 75.1, 143.0]]
