name :	sphere3D
data :	[-27.856210713766544 -43.026584007830635 141.64490970381186; -4.859633824473352 -48.296121123524955 138.20944797338527; -10.549999999999997 -39.238444847851234 123.56727330876204; -8.679769832514701 -18.631250717278398 116.90172418490884; -18.138444847851233 2.650886375619166 107.80088637561917; -38.29999999999999 19.08885271170677 96.48885271170678; -66.05 26.00571815661329 83.24416300446453; -85.0514419089896 37.223721423227104 71.32037331576495; -105.44652379879618 22.805192791703213 69.4009572882272; -142.52816948430944 -21.47561095643286 40.63915330316576; -149.3 -59.399999999999984 18.000000000000007; -142.5675649954846 -93.27858554527765 0.6357743805343787; -123.70571815661329 -121.45088637561916 -16.300886375619157; -96.43297490218723 -139.41317563857498 -32.39294547108969; -62.726528693768245 -125.83253376300873 -25.672355517452655; -38.30000000000001 -137.8888527117068 -60.48885271170677; -18.13844484785124 -121.45088637561918 -71.80088637561916; -8.679769832514705 -100.16874928272162 -80.90172418490883; -10.54999999999999 -79.56155515214877 -87.56727330876204; -21.785640074187953 -64.76584081057574 -91.63340580606028; -38.29999999999998 -59.4 -93.0]
npts :	21
nout :	6
model :	(x,t) -> (x[1]-t[1])^2 + (x[2]-t[2])^2 +(x[3]-t[3])^2 - t[4]^2
dim :	4
cluster :	false
noise :	true
solution :	[-38.3, -59.4, 18.0, 111.0]
description :	[[-38.3, -59.4, 18.0, 111.0], [-38.3, -59.4, 18.0, 111.0]]
