name :	sphere3D
data :	[-116.81904920833739 10.548663579488585 93.16896037366774; -100.12296338698731 4.55109184214206 65.57967842186991; -85.39062083612404 15.106970934144085 62.828796923279356; -46.5340573489041 58.69331681204609 77.4946870933467; -55.319966964181845 52.79517852262173 54.202882241656255; -56.22683135644917 105.50837880515547 61.9426951950242; -86.78521382377484 94.81485505499117 34.414855054991165; -105.54954340664851 112.69812653266887 23.34833068020224; -130.35020414753336 125.06439846163968 10.913941868288191; -159.29999999999998 130.16270856136066 -2.7520776148645183; -190.0461339178928 126.9 -17.499999999999986; -219.99524596947407 114.95462538716012 -33.16824396326557; -246.56270856136064 94.8148550549912 -49.58514494500883; -267.42182598913524 67.73854322125956 -66.57083594261641; -280.72858657972785 35.63781844197847 -83.93921817103421; -285.3 0.9000000000000206 -101.49999999999999; -280.7285865797279 -33.837818441978435 -119.06078182896576; -237.53931396753472 -54.942562015545384 -133.2046431183332; -223.70560930090767 -65.82646621241072 -140.86167640074012; -219.9952459694741 -113.1546253871601 -169.83175603673442; -190.04613391789292 -125.09999999999998 -185.49999999999994; -159.3 -128.36270856136062 -200.24792238513547; -104.91803932104256 -97.0653875356609 -197.59860535602417; -105.54954340664855 -110.8981265326689 -226.3483306802022; -86.78521382377485 -93.01485505499119 -237.41485505499116; -75.3 -71.84613391789283 -246.9922678357857; -71.57713064957431 -49.880390914482945 -254.97563688395692; -75.29999999999998 -29.614786176225177 -261.2774947375858; -85.39062083612404 -13.306970934144084 -265.82879692327936; -96.06876704087529 -2.265807961045443 -253.90461304212448; -94.97157738766397 3.3777670212765587 -248.86119811080604]
npts :	31
nout :	9
model :	(x,t) -> (x[1]-t[1])^2 + (x[2]-t[2])^2 +(x[3]-t[3])^2 - t[4]^2
dim :	4
cluster :	false
noise :	true
solution :	[-117.3, 0.9, -101.5, 168.0]
description :	[[-117.3, 0.9, -101.5, 168.0], [-117.3, 0.9, -101.5, 168.0]]
