name :	sphere3D
data :	[-88.7 -45.4 190.9; -55.28180026534559 -23.923427103320535 185.18850927964414; -57.03276597801388 23.941570162864856 168.51674812919654; -103.86516736135557 60.076055807740865 142.2353634862852; -172.69120092981433 51.531013056455045 108.47351683326599; -207.62143122252303 19.73955111099133 97.7878040521448; -196.694790696609 -56.62147195614811 38.35243878684818; -172.69120092981439 -142.33101305645505 -8.673516833265971; -103.86516736135559 -150.87605580774087 -42.43536348628519; -57.03276597801389 -114.74157016286492 -68.71674812919653; -55.28180026534559 -66.87657289667946 -85.38850927964413; -73.27888316270294 -26.561340898844588 -73.9697635490798]
npts :	12
nout :	3
model :	(x,t) -> (x[1]-t[1])^2 + (x[2]-t[2])^2 +(x[3]-t[3])^2 - t[4]^2
dim :	4
cluster :	false
noise :	true
solution :	[-88.7, -45.4, 49.9, 141.0]
description :	[[-88.7, -45.4, 49.9, 141.0], [-88.7, -45.4, 49.9, 141.0]]
