name :	sphere3D
data :	[95.5 21.3 93.4; 104.06706612651963 24.61889909885719 92.54865498419508; 111.21609557468723 34.426085479421 96.02095553299837; 107.23255033544197 44.862137379822904 85.91085678648071; 98.60803959084205 54.841088839997894 80.35044586103295; 84.58061097267283 59.677671644590305 73.53173181896281; 68.52717977070918 57.017786386511006 65.68691778882692; 54.6119678295156 46.61679768231856 57.08314950360415; 46.56100451330366 30.448283738384625 48.0134179731651; 46.56100451330366 12.15171626161539 38.78658202683491; 54.61196782951559 -4.0167976823185505 29.716850496395853; 68.52717977070918 -14.417786386510993 21.11308221117309; 88.11485252298655 -10.608422576740331 22.906048041762446; 98.60803959084204 -12.241088839997897 6.449554138967052; 109.99034832720123 5.998487105550462 7.311222100169752; 111.89999279459124 18.33035469563105 4.176678201164324; 108.30950387592776 20.51747568442144 1.825275082131312; 95.5 21.3 -6.600000000000001]
npts :	18
nout :	5
model :	(x,t) -> (x[1]-t[1])^2 + (x[2]-t[2])^2 +(x[3]-t[3])^2 - t[4]^2
dim :	4
cluster :	false
noise :	true
solution :	[95.5, 21.3, 43.4, 50.0]
description :	[[95.5, 21.3, 43.4, 50.0], [95.5, 21.3, 43.4, 50.0]]
