name :	sphere3D
data :	[42.8 60.5 161.9; 56.103905932501846 62.84583756470749 161.31017820422056; 93.55047723483611 73.27930413190684 181.54305397346423; 94.84256605187717 101.27490473916464 164.31764569055102; 83.41040768555466 94.5761781109079 152.5523562218158; 84.90633625249859 110.680377499895 147.37770699068074; 81.55 127.61696879329398 141.13393758658802; 82.50333546605296 168.01566135376962 143.8309309166662; 60.1009290425872 158.6184443417208 125.6368886834416; 42.800000000000004 170.10155108391484 116.50155108391488; 22.181555658279205 177.43300854400078 106.5320795014136; -0.6258074369515043 179.81142535460887 95.80434763441214; -6.315190143968433 205.84218077331758 102.3002554554806; -47.49732949078573 168.112166822307 72.40583056980842; -68.77617811090788 154.12352990103335 59.913122215478666; -66.74998116253343 162.98241468398618 51.95619792989664; -100.6395696517401 112.70773376918712 33.815467538374214; -84.39773392817615 106.63276937029116 43.86313679916005; -112.2 60.50000000000002 6.90000000000001; -109.2643406395131 33.68695394161118 -6.6091401258869915; -100.63956965174013 8.292266230812913 -20.015467538374196; -86.86002707936025 -14.359251537402756 -33.2169519908907; -50.54283365190797 -28.641801115388933 -23.039690972085232; -27.195358425488738 -20.027201855293143 -56.86096088524091; -24.316968793294066 -55.74999999999997 -70.59999999999997; -0.6258074369514759 -58.81142535460886 -82.00434763441216; 22.1815556582792 -56.433008544000785 -92.7320795014136; 42.799999999999976 -49.10155108391487 -102.70155108391485; 60.10092904258716 -37.61844434172083 -111.83688868344157; 74.26590275385895 -9.922707509667166 -94.93677967632252; 93.76966684173135 21.04205392703099 -113.26163584011138; 84.90633625249859 10.319622500104977 -133.57770699068072; 83.41040768555467 26.423821889092068 -138.75235622181577; 77.5422995465121 40.4415240045546 -142.81850307480556; 68.09226623081288 51.29436793484788 -145.74520171689224; 59.140652190962165 64.03849821487506 -134.05891646094253; 42.80000000000002 60.5 -148.1]
npts :	37
nout :	11
model :	(x,t) -> (x[1]-t[1])^2 + (x[2]-t[2])^2 +(x[3]-t[3])^2 - t[4]^2
dim :	4
cluster :	false
noise :	true
solution :	[42.8, 60.5, 6.9, 155.0]
description :	[[42.8, 60.5, 6.9, 155.0], [42.8, 60.5, 6.9, 155.0]]
