name :	sphere3D
data :	[5.9 -69.0 82.3; 10.350181361694014 -64.00227338566316 87.67451546080214; 12.515986320389917 -65.8139089097224 81.47262110200018; 14.421344765006431 -62.20445431241499 80.44814990017613; 14.827228855560383 -57.80560908988927 79.03197264077983; 13.683152745474581 -52.696281431307845 82.63611350625398; 14.559093718687585 -47.46162322462257 79.260241741189; 5.900000000000002 -45.665476220843935 72.63452377915607; 5.1716238396047585 -38.864794288176526 71.83343713251902; -6.223535431562107 -43.825219274258444 66.8570585250061; -12.637581730669103 -45.754607753560194 63.61816339087942; -18.452604212591112 -49.57944619047305 60.199209044520515; -23.08653001172258 -55.0408228590517 56.643190820558374; -26.07032641332657 -61.70298162203516 52.99482771140916; -25.736525655520474 -68.56709204121545 51.92706701174206; -26.07032641332657 -76.29701837796483 45.605172288590836; -23.086530011722587 -82.95917714094828 41.95680917944162; -18.45260421259112 -88.42055380952694 38.400790955479486; -12.63758173066911 -92.24539224643979 34.98183660912058; -4.4408270277092745 -92.68957722379758 33.73562458348576; 0.15886223471721195 -94.15356805105903 28.72483653866179; 6.267192370581746 -91.75108175483778 27.74977637654323; 10.47840458972081 -89.0593011561622 23.49956107855502; 18.598624180011196 -80.59219426979341 24.98740082446179; 14.82722885556038 -80.19439091011073 19.568027359220167; 14.421344765006435 -75.79554568758502 18.151850099823868; 12.515986320389919 -72.1860910902776 17.12737889799982; 9.50219066655568 -69.82217651315044 16.50749707352299; 5.900000000000005 -69.0 16.299999999999997]
npts :	29
nout :	8
model :	(x,t) -> (x[1]-t[1])^2 + (x[2]-t[2])^2 +(x[3]-t[3])^2 - t[4]^2
dim :	4
cluster :	false
noise :	true
solution :	[5.9, -69.0, 49.3, 33.0]
description :	[[5.9, -69.0, 49.3, 33.0], [5.9, -69.0, 49.3, 33.0]]
