name :	sphere3D
data :	[-97.0 -61.9 -80.5; -94.76660502490523 -58.24947021031307 -79.95640450746397; -93.30030304993868 -60.312334999547815 -80.90940117495012; -92.0858738603566 -58.47966726147614 -81.41721487199902; -91.56603722966238 -56.18347441224589 -82.12084376759539; -91.86585455360029 -53.663025526941304 -83.01306767710835; -93.03191096228588 -51.18584026534003 -84.08473117585447; -95.02728225227472 -49.02277866980246 -85.32483754614418; -96.01041530451191 -46.27435219517497 -86.08963664026352; -98.90578399728929 -43.94330257323262 -84.35593206461185; -104.28443170480527 -46.193485006528505 -86.34736011442597; -107.99103059659402 -47.70075907189871 -91.69211696884732; -111.23054094678162 -49.683481310105975 -93.5538949431036; -113.92869906095324 -52.50380548665593 -95.48694935482558; -115.86272863898853 -55.98178070937789 -97.47144444990846; -116.87184831499164 -59.8792305365671 -99.48701662322574; -116.87184831499164 -63.92076946343289 -101.51298337677426; -115.41078850983675 -64.47126209211676 -103.3359366949094; -113.92869906095325 -71.29619451334406 -105.5130506451744; -108.1566008577588 -73.1300499898648 -106.07264887165621; -107.99103059659402 -76.09924092810128 -109.30788303115268; -104.47475935507319 -77.13833333718857 -111.07928020653925; -98.44328577742637 -75.1236209293288 -110.78404777916658; -97.73420304506898 -76.37725041768478 -114.27933838151372; -95.02728225227472 -74.77722133019753 -115.67516245385582; -93.03191096228588 -72.61415973465996 -116.91526882414553; -91.86585455360029 -70.1369744730587 -117.98693232289165; -91.56603722966238 -67.6165255877541 -118.87915623240461; -92.0858738603566 -65.32033273852386 -119.58278512800098; -91.59273858600537 -63.06176019286927 -118.51816941812604; -95.01805199014073 -62.30730066991846 -120.3973864678379; -94.90268732597009 -61.43370653176679 -118.20729669144639]
npts :	32
nout :	9
model :	(x,t) -> (x[1]-t[1])^2 + (x[2]-t[2])^2 +(x[3]-t[3])^2 - t[4]^2
dim :	4
cluster :	false
noise :	true
solution :	[-97.0, -61.9, -100.5, 20.0]
description :	[[-97.0, -61.9, -100.5, 20.0], [-97.0, -61.9, -100.5, 20.0]]
