name :	sphere3D
data :	[-59.35377933684485 34.54749398202538 80.97774318942305; -38.650000000000006 32.39025169620505 68.31164699315848; -49.109748303794944 90.12960013936694 46.57960013936696; -115.15 122.32139529695345 12.731143600748382; -194.62139529695344 90.12960013936697 -29.92039986063304; -229.30316147827259 5.697973767115543 -68.30554773243678; -171.4490214179163 -54.119213870687325 -104.79115252249449; -115.15000000000003 -113.12139529695344 -167.13114360074837; -49.10974830379496 -80.92960013936698 -200.97960013936694; -38.65 -23.190251696205074 -222.71164699315847; -76.89999999999999 4.6 -230.2]
npts :	11
nout :	3
model :	(x,t) -> (x[1]-t[1])^2 + (x[2]-t[2])^2 +(x[3]-t[3])^2 - t[4]^2
dim :	4
cluster :	false
noise :	true
solution :	[-76.9, 4.6, -77.2, 153.0]
description :	[[-76.9, 4.6, -77.2, 153.0], [-76.9, 4.6, -77.2, 153.0]]
