name :	sphere3D
data :	[108.0 78.3 116.0; 121.19539747514581 80.50192239245449 115.44668786708053; 157.12571986201058 87.2413203530168 131.70190548737796; 148.38600991168155 102.49088310573656 119.25505266636407; 149.50982773368546 110.60839576983483 107.2223931555028; 152.07386718086087 126.17698245348028 102.3552789181193; 150.1716050975373 142.8484468644667 96.47474769545124; 143.59246476770394 159.44264655200425 89.62096947852962; 132.42640973119657 174.75771065799842 81.84076252221575; 121.03941162759703 219.9997444685825 73.87771447449035; 98.15759296333944 197.0801885627929 63.71961460337006; 76.61694813578265 202.22886918692274 53.50245945572618; 73.01137198022292 214.17628774826525 58.240089970439826; 30.073699169015498 197.5750827695432 31.103477672005923; 24.243351735781076 207.81849396127512 20.045304525588055; -12.913997385667955 172.4111417448442 6.601314011158735; -30.11505830560941 153.04413176008978 -6.231351083190525; -43.13263942334609 130.18390064874242 -19.335676374521096; -51.244765474626035 104.87325144166367 -32.62214603348215; -54.0 78.30000000000001 -45.99999999999999; -21.32166972339374 69.59388357252308 -44.71553805587166; -42.7955542700652 32.241050894192085 -43.28190822084969; -30.115058305609438 3.5558682399102537 -85.76864891680947; -7.508783531669311 -10.289237602612307 -80.65748183120242; 7.5217035353609845 -30.84852597464193 -111.07465879378104; 30.073699169015455 -40.97508276954321 -123.10347767200592; 53.521677073474564 -45.89806638353707 -134.6056016158331; 97.63254289668484 -44.852933906399656 -138.00574827961174; 98.15759296333938 -40.48018856279293 -155.71961460337002; 117.06057395942285 -31.044866492386745 -165.18727352904733; 132.42640973119654 -18.157710657998436 -173.84076252221575; 143.59246476770394 -2.842646552004254 -181.62096947852962; 150.17160509753728 13.751553135533257 -188.4747476954512; 176.7017922016116 46.59730680779285 -162.5520086880833; 149.50982773368546 45.99160423016514 -199.2223931555028; 169.82785632082573 60.33786874586664 -196.7592706985196; 133.21957702326353 69.64210827210509 -205.79053115124103; 121.1953974751458 76.0980776075455 -207.44668786708053; 108.00000000000001 78.3 -208.0]
npts :	39
nout :	11
model :	(x,t) -> (x[1]-t[1])^2 + (x[2]-t[2])^2 +(x[3]-t[3])^2 - t[4]^2
dim :	4
cluster :	false
noise :	true
solution :	[108.0, 78.3, -46.0, 162.0]
description :	[[108.0, 78.3, -46.0, 162.0], [108.0, 78.3, -46.0, 162.0]]
