name :	sphere3D
data :	[-40.724959351912474 -59.53986370229604 62.41705238419127; -28.30266879201898 -76.0476708556006 59.01231643375796; -14.071621246968569 -52.9421313034146 52.515737393170824; -15.799999999999997 -22.246170927520424 41.90765814495917; -19.218116874403506 12.592780201208132 47.43817683666539; -70.95519990456641 24.03453696991042 9.761415794861676; -114.15382907247955 23.400000000000006 -10.799999999999983; -154.60750068003264 12.979278172709792 -30.9267898499851; -185.05998728935856 -36.09733120798099 -57.794662415962016; -175.1927646727211 -73.27339198837159 -70.25478649603666; -185.05998728935856 -133.10266879201896 -107.80533758403796; -155.45786869658542 -171.57927939192774 -132.05090063889628; -114.15382907247962 -192.59999999999997 -154.79999999999995; -70.95519990456641 -193.2345369699104 -175.36141579486167; -29.19798563769403 -163.52110466516996 -168.07940256781228; -15.799999999999997 -146.95382907247955 -207.50765814495918; -14.071621246968562 -116.25786869658543 -218.11573739317078; -28.30266879201899 -93.15232914439939 -224.61231643375794; -51.79999999999998 -84.6 -226.8]
npts :	19
nout :	5
model :	(x,t) -> (x[1]-t[1])^2 + (x[2]-t[2])^2 +(x[3]-t[3])^2 - t[4]^2
dim :	4
cluster :	false
noise :	true
solution :	[-51.8, -84.6, -82.8, 144.0]
description :	[[-51.8, -84.6, -82.8, 144.0], [-51.8, -84.6, -82.8, 144.0]]
