name :	sphere3D
data :	[30.4 108.3 109.8; 44.670025670986654 111.23256482341293 109.0611825684329; 57.037818040441515 119.73118800325571 106.8523115403592; 81.52435810898818 145.77357326641996 105.35148217870676; 69.52453194643086 149.45898423182953 98.12992487331321; 67.36584721407797 167.6062162060226 91.70591272481981; 71.8409708251323 192.02576036808512 106.57464100726119; 44.60356778362207 201.01599357742225 75.0611696677619; 26.749784385549106 227.2696724202307 84.63330372701296; 1.8577685086446536 218.53659318008835 53.94326148686345; -23.41826735652696 218.01600002775774 41.970817487082584; -48.735420295476935 210.53453468232925 29.216757824299336; -44.43543652411891 219.8017262721789 33.808460039562334; -91.48663323886333 175.9526004960773 1.8939646452557497; -95.42050173268487 158.42527614273504 14.158938251979794; -112.67730786793982 122.84954013671685 -26.906519687225362; -112.67730786793982 93.75045986328318 -41.49348031277462; -93.49495179736812 93.15430792079519 -32.32302357037098; -91.48663323886336 40.64739950392273 -70.29396464525574; -72.05989481682766 20.341065432763045 -84.2119564096541; -32.02327795508 11.872114260907267 -73.82045041823183; -23.418267356526947 -1.416000027757761 -110.3708174870826; 1.85776850864465 -1.9365931800883374 -122.34326148686345; 25.113738075503367 4.063796992669637 -133.41123634689887; 66.95229390287793 26.954441834929007 -120.71155022012809; 58.970241071541665 31.158049910448227 -152.3899355338478; 67.36584721407797 48.99378379397739 -160.1059127248198; 69.52453194643086 67.14101576817045 -166.52992487331323; 75.8241748819548 84.67360365510373 -145.89452796178327; 57.03781804044153 96.86881199674428 -175.2523115403592; 44.67002567098667 105.36743517658705 -177.4611825684329; 30.400000000000016 108.3 -178.2]
npts :	32
nout :	9
model :	(x,t) -> (x[1]-t[1])^2 + (x[2]-t[2])^2 +(x[3]-t[3])^2 - t[4]^2
dim :	4
cluster :	false
noise :	true
solution :	[30.4, 108.3, -34.2, 144.0]
description :	[[30.4, 108.3, -34.2, 144.0], [30.4, 108.3, -34.2, 144.0]]
