name :	sphere3D
data :	[51.5 104.1 80.3; 54.586956891606725 104.66020008273925 80.15910028983336; 62.428066788686706 110.97861303765798 85.1482100151522; 59.49326531956254 108.8757537049073 79.03870012435486; 60.76136238606942 112.19140864291792 78.0682204723908; 65.23596824517648 121.47395765864323 79.46726558787087; 60.83314257624089 121.27365646484358 75.514217964612; 57.85724712004691 123.66559480312316 73.61559480312316; 54.59110423617783 126.91944783047498 71.65750131012638; 50.36501758696562 129.3723470123333 69.48719271454027; 45.410914491366746 130.77802672082015 67.12214306505567; 40.019713718853346 130.9594649758878 64.58139435082359; 34.520890286696996 129.82225173819415 61.88540318655495; 30.109153341570174 131.31870644609677 61.02465690788596; 24.570269049716536 123.66559480312316 56.11559480312316; 20.75671059362757 118.90518787676334 53.088232688471; 18.06664314941076 113.32702020575263 49.99816430361794; 20.577059289263776 109.59772414059468 47.103299777563834; 16.67600050458814 100.96578331705702 43.72973093773198; 18.06664314941076 94.87297979424737 40.60183569638206; 20.756710593627563 89.29481212323665 37.511767311529; 24.57026904971653 84.53440519687683 34.48440519687684; 30.69999123150043 86.06968197895063 36.32939665353596; 34.89921762023695 78.46149691886855 32.60185165850605; 40.785092475261614 80.81336190614464 29.87756106433732; 45.41091449136674 77.42197327917982 23.477856934944324; 50.365017586965614 78.82765298766667 21.112807285459738; 55.58204525074721 86.35835544364582 19.355626333529983; 57.85724712004691 84.53440519687683 16.98440519687684; 64.70115000583947 88.96725649816231 16.663660726362895; 60.96827302862465 92.22716115594315 13.766089623415333; 60.76136238606942 96.00859135708207 12.531779527609196; 59.49326531956254 99.32424629509269 11.561299875645133; 57.35099169562722 101.90408608755664 10.862464399047958; 54.58695689160673 103.53979991726074 10.440899710166633; 51.50000000000001 104.1 10.299999999999997]
npts :	36
nout :	10
model :	(x,t) -> (x[1]-t[1])^2 + (x[2]-t[2])^2 +(x[3]-t[3])^2 - t[4]^2
dim :	4
cluster :	false
noise :	true
solution :	[51.5, 104.1, 45.3, 35.0]
description :	[[51.5, 104.1, 45.3, 35.0], [51.5, 104.1, 45.3, 35.0]]
