name :	sphere3D
data :	[-1.9259586223327179 8.771855467786654 169.98517781670571; 17.8419552000753 16.552723687472252 163.19480515003963; 20.350000000000005 46.002232083545266 153.50446416709056; -3.899999999999996 72.58935777509511 138.0893577750951; -45.90223208354525 76.75 118.00000000000001; -85.04208146256738 50.84740257501981 94.6054473749445; -93.57588281286557 18.59171368425409 81.94273680722908; -85.04208146256738 -42.847402575019785 44.394552625055496; -34.226388293574146 -68.43894649410136 25.806694953021413; -3.9000000000000123 -64.58935777509511 0.9106422249048904; 20.350000000000005 -38.002232083545266 -14.50446416709056; 17.84195520007531 -8.55272368747228 -24.194805150039613; -3.899999999999988 4.0 -27.5]
npts :	13
nout :	3
model :	(x,t) -> (x[1]-t[1])^2 + (x[2]-t[2])^2 +(x[3]-t[3])^2 - t[4]^2
dim :	4
cluster :	false
noise :	true
solution :	[-3.9, 4.0, 69.5, 97.0]
description :	[[-3.9, 4.0, 69.5, 97.0], [-3.9, 4.0, 69.5, 97.0]]
