name :	sphere3D
data :	[29.050510781029082 123.78873303061917 86.78981292602425; 29.86971608852783 118.1244601182384 81.38998721018993; 48.78597073703523 139.7742634713874 104.3465769639774; 50.1722337911232 136.30129496612773 76.54106697371313; 82.19026905922533 156.4788913718667 88.76717914207842; 81.84261415248278 184.84293800817497 75.11487375628104; 77.18667091505034 199.13335731330278 75.82650928932958; 40.48338790129461 198.58701088291855 53.11646350107425; 25.788993229808284 211.62751408239396 44.67827516255424; 8.041060461400916 241.36950879808873 57.23685548963455; -14.329452618155692 225.46014090352827 25.176753002233667; -22.343424924803536 225.17030994184904 26.07393269246831; -42.34754585498539 245.3120783446586 19.090278970262165; -81.6420568404339 205.5329544642684 -9.342441735237117; -97.28916478591354 197.31912649924433 -4.240506545049843; -114.17310183206638 166.47799016961574 -34.723818952230445; -112.63634418803714 159.7696143632984 -23.971386880648097; -126.1 115.70000000000002 -60.99999999999999; -123.06552709195154 89.53590850822002 -74.19437540325217; -114.17310183206641 64.92200983038433 -87.27618104776954; -100.03977200758541 43.293958628568944 -100.13380758030786; -81.64205684043392 25.867045535731606 -112.65755826476287; -60.242265855771755 13.547130934578547 -124.74058487604496; -37.29333750304129 6.865106749174075 -136.2797992914619; -14.329452618155724 5.9398590964717215 -147.17675300223365; 7.149238919839712 10.472529728734031 -157.33847704145768; 25.78899322980824 19.772485917606005 -166.67827516255423; 40.483387901294606 32.81298911708144 -175.11646350107424; 50.455093959364 48.312287093706445 -182.5810504093348; 55.312284189376484 64.8339151919978 -189.0083506637739; 55.07539619950552 80.89852803561106 -194.34352880482288; 50.17223379112321 95.09870503387225 -198.54106697371313; 41.40180912184616 106.20794857726844 -201.56515325479796; 29.869716088527873 113.27553988176159 -203.38998721018993; 16.900000000000016 115.7 -204.0]
npts :	35
nout :	10
model :	(x,t) -> (x[1]-t[1])^2 + (x[2]-t[2])^2 +(x[3]-t[3])^2 - t[4]^2
dim :	4
cluster :	false
noise :	true
solution :	[16.9, 115.7, -61.0, 143.0]
description :	[[16.9, 115.7, -61.0, 143.0], [16.9, 115.7, -61.0, 143.0]]
