name :	sphere3D
data :	[82.64834644719151 6.426530953375023 106.84308702181167; 83.21143347349401 6.279229609131818 106.59599353246251; 83.07550943745684 6.451318725011108 106.08310277855044; 83.40770245855587 7.02907601396166 106.2728307902489; 83.4591522273974 7.600117702854341 105.73787709835479; 83.30744889168525 8.277490211882517 105.48428588083794; 82.90950626155755 8.915578052613895 105.18046532852821; 82.28615649068553 9.433454441762397 104.82997745961566; 81.48347950512346 9.760608652373541 104.43693142390914; 80.56820360513532 9.844519052681173 104.00593532681191; 79.62092234282508 9.656365994635374 103.54204220349895; 78.72783544655735 9.194283937527178 103.05069077669957; 77.97187637156838 8.483809576130879 102.5376416926461; 78.05274499945152 7.8083814664857085 102.73924595372884; 77.89811033128251 7.386008072074861 102.31135138298532; 77.13660015901837 5.4601977371545445 100.92930545707291; 77.42415358253112 4.424523906868613 100.39109001723618; 78.15489367283874 4.008940857645948 100.27170580658228; 78.72783544655735 2.805716062472822 99.34930922330044; 79.62092234282508 2.343634005364626 98.85795779650105; 81.11902596178139 2.8732015377106057 98.452118875969; 81.48347950512346 2.239391347626458 97.96306857609086; 82.87682426168011 3.1725287938561006 97.96675259567485; 82.90950626155757 3.084421947386105 97.21953467147179; 83.30744889168525 3.722509788117484 96.91571411916206; 83.4591522273974 4.399882297145658 96.66212290164522; 83.37096867005228 5.0338347354489485 96.461734144086; 83.642822028457 6.083561496219623 96.83409731846722; 82.62795627928008 5.883788035071107 96.2293102142282; 82.1 6.0 96.2]
npts :	30
nout :	9
model :	(x,t) -> (x[1]-t[1])^2 + (x[2]-t[2])^2 +(x[3]-t[3])^2 - t[4]^2
dim :	4
cluster :	false
noise :	true
solution :	[82.1, 6.0, 101.2, 5.0]
description :	[[82.1, 6.0, 101.2, 5.0], [82.1, 6.0, 101.2, 5.0]]
