name :	sphere3D
data :	[-39.376007260345375 -108.59864570608532 7.91792948897365; -31.731408626422034 -104.60182586718949 8.012958266294037; -32.01096150859009 -100.19190563492991 5.66101878690664; -26.158447097661956 -93.5705552872149 3.8208167070294525; -32.072462977933796 -84.26988574308095 0.31675559934013775; -36.6828928762777 -77.47407792654771 -5.313238892960017; -48.03667380290866 -74.52159386131662 -8.295460435852666; -58.11402438561563 -74.37925417355095 -14.577174226269056; -70.84365272559617 -81.87674204814117 -19.003483917682683; -77.8500768321245 -90.31660237895927 -25.35479087328151; -82.30981904476434 -101.60925450350614 -34.87929539160018; -84.38945056273218 -115.3667858216082 -37.455551047976975; -78.0764891521201 -127.3726312980751 -47.49898676628823; -79.62068397391593 -126.9336127801171 -49.027340386777055; -59.46344860042457 -141.4292250705337 -56.64163246788088; -47.66161853759616 -141.6020836548032 -62.36751825731915; -38.06480473561179 -136.6446453494167 -66.76220958246577; -28.413767420267657 -136.7406286384529 -78.50875793822038; -27.610468973734356 -122.20316929181247 -74.73176457478155; -30.06519694029529 -117.1950337424257 -78.90664412124357; -34.77365401261177 -112.121225452522 -78.81446065343769; -38.62517087716556 -108.15840681266747 -79.70774985354963]
npts :	22
nout :	2
model :	(x,t) -> (x[1]-t[1])^2 + (x[2]-t[2])^2 +(x[3]-t[3])^2 - t[4]^2
dim :	4
cluster :	false
noise :	true
solution :	[-40.1, -108.3, -35.5, 44.0]
description :	[[-40.1, -108.3, -35.5, 44.0], [-40.1, -108.3, -35.5, 44.0]]
