name :	sphere3D
data :	[102.9 -40.5 92.7; 117.12692303367636 -27.330691465608567 100.99210684554203; 114.60611324948223 -35.084175299866715 91.29723334260521; 118.15162404062733 -28.906016825387397 89.55919027096814; 130.70085173088074 -19.58696432286466 97.01892852626044; 117.38938670022307 -13.170117457409798 84.11143057005536; 112.6140751386908 -5.513063368633254 80.46558394233863; 105.13387788822641 0.7014533011487529 76.25972951538785; 95.50175406148156 4.6273038284825105 71.54317708690967; 84.51844326162401 5.634228632174079 66.37122392174294; 73.15106811390108 3.37639193562449 60.804506441987414; 62.434025358688324 -2.1685927496738557 54.908289320394864; 53.362516458820615 -10.694285086429453 48.75170031175325; 46.789842990373536 -21.594286882423336 42.4069197931659; 43.33920190822051 -34.02237284585453 35.94833451512506; 43.67965938302171 -45.42556841551167 35.85241583918237; 46.78984299037353 -59.405713117576646 22.99308020683412; 53.36251645882061 -70.30571491357054 16.648299688246766; 62.43402535868831 -78.83140725032614 10.491710679605148; 73.15106811390106 -84.3763919356245 4.595493558012599; 84.518443261624 -86.63422863217407 -0.9712239217429328; 95.50175406148156 -85.62730382848251 -6.14317708690966; 105.13387788822641 -81.70145330114875 -10.859729515387848; 112.6140751386908 -75.48693663136675 -15.06558394233862; 126.8640496862673 -65.50832060617942 -17.95477806083729; 119.20982672876876 -59.701412434252106 -21.75452518025741; 119.16863141047828 -40.71498936176453 -24.155052151879495; 114.60611324948225 -45.9158247001333 -25.897233342605197; 109.23547535136116 -41.89454357914672 -26.948277429261573; 109.85995002226898 -39.001906304640315 -20.702816921004178]
npts :	30
nout :	6
model :	(x,t) -> (x[1]-t[1])^2 + (x[2]-t[2])^2 +(x[3]-t[3])^2 - t[4]^2
dim :	4
cluster :	false
noise :	true
solution :	[102.9, -40.5, 32.7, 60.0]
description :	[[102.9, -40.5, 32.7, 60.0], [102.9, -40.5, 32.7, 60.0]]
