name :	sphere3D
data :	[-32.65587779087166 69.30014712031057 162.34108561916926; -22.695786299143368 58.87405058646708 145.29820841698853; -14.104353765009392 66.76284674997127 143.20390134044817; 2.057289574550893 88.87115978826775 141.85763964098615; -10.525849082468248 92.30146914289749 134.99129452390386; -17.33442875188072 105.85251249937032 129.0025124993703; -29.674506910304018 116.9044714640695 121.87820784050562; -46.34980080599629 123.46101480576863 113.73073508763338; -61.17325656538388 133.57791888425257 106.01056011654435; -84.8315038135739 118.14912914486982 94.89435694929146; -101.97845870214938 105.85251249937033 84.50251249937033; -114.78437534226632 88.28276087563012 73.6769369981295; -121.62397207248472 67.23264661811922 62.5883562381089; -121.62397207248473 44.967353381880805 51.411643761891106; -103.51975454577936 36.667426683591856 53.36556687050394; -101.9784587021494 6.34748750062969 29.49748750062969; -84.83150381357389 -5.949129144869815 19.10564305070853; -65.49526379122815 -11.893396585059612 9.311415246869316; -33.06115369835174 -6.006342964296301 4.124306255653037; -29.674506910304057 -4.70447146406952 -7.87820784050561; -17.334428751880726 6.3474875006296685 -15.002512499370312; -10.525849082468241 19.89853085710253 -20.99129452390386; -9.6167387597303 33.67212485261852 -25.750107244054377; -14.104353765009389 45.43715325002873 -29.20390134044817; -22.695786299143347 53.32594941353291 -31.298208416988516; -33.499999999999986 56.1 -32.0]
npts :	26
nout :	5
model :	(x,t) -> (x[1]-t[1])^2 + (x[2]-t[2])^2 +(x[3]-t[3])^2 - t[4]^2
dim :	4
cluster :	false
noise :	true
solution :	[-33.5, 56.1, 57.0, 89.0]
description :	[[-33.5, 56.1, 57.0, 89.0], [-33.5, 56.1, 57.0, 89.0]]
