name :	sphere3D
data :	[86.9414663619551 36.42073912925098 151.22138479678836; 88.18250234364518 46.241730703472 142.11788331346065; 87.14034153299892 40.268709628377735 135.84514106242042; 94.53760926313768 48.39238803171744 133.66341952588687; 99.32174992246648 58.932779876135 130.63104834625227; 100.90019467621076 71.1227488658067 126.76987582735255; 98.89564536585387 84.06494750786743 122.10772180566495; 93.17240762141554 96.79052407361368 116.67817720774875; 83.8470575120895 108.32260944730285 110.52036202684961; 71.28273961278589 117.74047985802093 103.67864346245199; 56.06745133397713 124.24024673066933 96.20231625358994; 38.97770252688215 127.18814792768762 88.14524750912297; 20.92988399127406 126.16299109808526 79.56548859398227; 2.922472613243528 120.9849989650883 70.52485686775614; -14.027206807970614 111.72918305827511 61.08849028919765; -28.94759065412849 98.72237006129438 51.324378095739156; -40.9746945281922 82.5240592243008 41.30287093947862; -49.40715721587854 63.89233214915845 31.096174009119224; -53.750963489277055 43.73700039952469 20.77782678993011; -53.750963489277055 23.06299960047534 10.422173210069904; -49.407157215878556 2.907667850841573 0.10382599088079125; -40.97469452819223 -15.724059224300781 -10.102870939478608; -13.42187523721214 -13.913731926820649 -13.255501318904269; -14.027206807970643 -44.92918305827509 -29.888490289197634; 2.9224726132435563 -54.184998965088305 -39.324856867756154; 40.34736601113252 -54.93146964166962 -28.36406149076102; 38.97770252688215 -60.38814792768762 -56.94524750912297; 56.06745133397709 -57.44024673066934 -65.00231625358992; 87.29330510930602 -28.168558058990225 -52.852002141421124; 89.41447329675266 -30.291703647513177 -63.22166658443875; 93.17240762141553 -29.99052407361369 -85.47817720774874; 98.89564536585387 -17.26494750786742 -90.90772180566496; 100.90019467621076 -4.32274886580673 -95.56987582735255; 120.44594418222249 27.877233999520648 -96.41721998242309; 94.5376092631377 18.407611968282538 -102.46341952588685; 87.14034153299892 26.531290371622255 -104.64514106242044; 77.89750035148661 31.651462961849298 -105.96049360218824; 67.70000000000002 33.4 -106.4]
npts :	38
nout :	7
model :	(x,t) -> (x[1]-t[1])^2 + (x[2]-t[2])^2 +(x[3]-t[3])^2 - t[4]^2
dim :	4
cluster :	false
noise :	true
solution :	[67.7, 33.4, 15.6, 122.0]
description :	[[67.7, 33.4, 15.6, 122.0], [67.7, 33.4, 15.6, 122.0]]
