name :	sphere3D
data :	[-2.6 -20.3 74.6; 3.4 -15.940744831967836 73.42535639108368; 1.759255168032166 -6.883592135001264 70.01640786499874; -7.300113354497926 2.4922133796872874 65.827099685642; -21.06610122305152 -6.883592135001262 58.01640786499874; -22.410298238644863 -16.151213163254404 54.499077559335085; -21.066101223051525 -33.716407864998736 43.18359213500126; -8.600000000000003 -38.76610122305152 36.49315394498065; 1.7592551680321633 -33.71640786499874 31.183592135001266; 3.400000000000001 -24.659255168032168 27.774643608916318; -2.599999999999997 -20.3 26.6]
npts :	11
nout :	2
model :	(x,t) -> (x[1]-t[1])^2 + (x[2]-t[2])^2 +(x[3]-t[3])^2 - t[4]^2
dim :	4
cluster :	false
noise :	true
solution :	[-2.6, -20.3, 50.6, 24.0]
description :	[[-2.6, -20.3, 50.6, 24.0], [-2.6, -20.3, 50.6, 24.0]]
