name :	sphere3D
data :	[76.15945800492699 -71.80829452818993 55.91091869132421; 84.27315442659923 -74.92577753675518 40.82148238501674; 110.74934026336308 -48.722506237711315 55.84634155763358; 97.42442255665196 -53.375577443348035 34.6730374585271; 95.55 -38.59584412780805 29.40831174438393; 87.13787370936676 -24.490326844137215 22.795153966502404; 72.8 -13.653282912024181 14.946717087975834; 54.114519189360394 -8.264836250839664 5.997290039793583; 33.39584412780806 -9.75 -3.8999999999999915; 13.351385098124872 -18.55138509812486 -14.575807654776824; -3.322983640140535 -34.0503749038474 -25.84746689567061; -14.347259921771908 -54.64896208137604 -37.52211650797529; -18.200000000000003 -77.99999999999999 -49.39999999999999; -14.347259921771922 -101.35103791862393 -61.27788349202469; -3.322983640140535 -121.94962509615257 -72.95253310432938; 13.351385098124858 -137.44861490187512 -84.22419234522317; 48.29456237262554 -138.8934825346768 -84.18273565833108; 54.114519189360394 -147.73516374916034 -104.79729003979358; 72.79999999999998 -142.34671708797583 -113.74671708797581; 87.13787370936673 -131.5096731558628 -121.59515396650238; 95.55 -117.40415587219195 -128.20831174438393; 100.77527631857654 -99.18806216488125 -120.2203014495485; 93.19709199182323 -89.77626655216471 -137.2992501923052; 93.26595822503846 -71.55004641474748 -124.08037778880896; 72.80000000000001 -78.0 -140.4]
npts :	25
nout :	5
model :	(x,t) -> (x[1]-t[1])^2 + (x[2]-t[2])^2 +(x[3]-t[3])^2 - t[4]^2
dim :	4
cluster :	false
noise :	true
solution :	[72.8, -78.0, -49.4, 91.0]
description :	[[72.8, -78.0, -49.4, 91.0], [72.8, -78.0, -49.4, 91.0]]
