name :	sphere3D
data :	[-36.2 114.5 186.9; 0.6317125197825888 131.2781032209123 202.89972978878532; -6.523634796024865 129.4040307771809 183.01846136349462; 1.5283787530314257 146.1578686965854 178.21573739317083; 12.3750912526312 176.70567466946116 176.8903238819164; -4.858488204219054 187.1577912137504 163.21024484346285; -20.126878824951245 205.65519990456642 153.21039980913284; -20.47330821012194 246.55717101177635 148.46108852623544; -69.32741955891501 225.153287299186 128.89083720520122; -98.55382907247956 222.5 114.9; -126.93701001482786 210.6756118514047 99.93548630963859; -151.455952784146 190.30503265976495 84.19966551039701; -169.45998728935854 163.002668792019 67.90533758403798; -178.98434561241027 131.18909647357327 51.272855363108526; -167.22633131934003 123.04662623062057 59.438852054402076; -169.29885557809206 70.52182331337448 32.13511675825987; -151.45595278414606 38.69496734023508 1.6003344896030072; -126.93701001482788 18.324388148595318 -14.13548630963858; -98.55382907247963 6.500000000000014 -29.099999999999973; -69.32741955891507 3.846712700813981 -43.090837205201176; -42.29019429582872 9.935402168884735 -55.91879585309763; -20.12687882495128 23.34480009543354 -67.41039980913283; -4.858488204219071 41.84220878624956 -77.41024484346283; 2.392617242445695 62.661118688733275 -85.78310020657133; 1.5283787530314328 82.84213130341456 -92.41573739317079; -6.523634796024851 99.59596922281908 -97.21846136349461; -19.933239497568415 110.6447069391655 -100.12632351483978; -36.19999999999999 114.5 -101.1]
npts :	28
nout :	5
model :	(x,t) -> (x[1]-t[1])^2 + (x[2]-t[2])^2 +(x[3]-t[3])^2 - t[4]^2
dim :	4
cluster :	false
noise :	true
solution :	[-36.2, 114.5, 42.9, 144.0]
description :	[[-36.2, 114.5, 42.9, 144.0], [-36.2, 114.5, 42.9, 144.0]]
