name :	sphere3D
data :	[-4.8 -24.1 165.9; 14.868264731312976 -18.829904348723158 164.5653983743144; 30.166443414554085 -3.912114482003389 160.58442890109467; 37.41329581140337 18.11329581140336 154.02520707176075; 34.2 43.4499814951862 144.99996299037244; 19.779212073200156 67.63086826719336 133.6631210854327; -4.799999999999993 86.2086578651014 120.20865786510143; -36.83225281823932 95.4459949985606 104.86678292536043; -47.663305771791116 101.2807224670187 93.5546510175969; -76.94163245874475 92.23925004743191 93.48705855242255; -135.29654338309805 51.242214450547316 50.27577103599324; -154.19530272303757 15.930350717641069 30.262085986328067; -160.8 -24.099999999999984 9.90000000000001; -154.1953027230376 -64.13035071764104 -10.46208598632805; -135.29654338309808 -99.44221445054728 -30.47577103599322; -106.71191126035738 -126.01191126035735 -49.798615448953996; -72.34998149518628 -141.1 -68.09999999999997; -36.83225281823932 -143.64599499856058 -85.06678292536041; -4.80000000000002 -134.40865786510142 -100.4086578651014; 19.779212073200124 -115.83086826719338 -113.86312108543267; 44.75682026393562 -80.80524835334325 -95.42578304557574; 37.413295811403366 -66.31329581140338 -134.22520707176074; 30.166443414554106 -44.287885517996656 -140.78442890109463; 42.16177670376215 -15.9193085631439 -123.71851068524448; 12.352517800095484 5.130200346504964 -127.07844402449233]
npts :	25
nout :	5
model :	(x,t) -> (x[1]-t[1])^2 + (x[2]-t[2])^2 +(x[3]-t[3])^2 - t[4]^2
dim :	4
cluster :	false
noise :	true
solution :	[-4.8, -24.1, 9.9, 156.0]
description :	[[-4.8, -24.1, 9.9, 156.0], [-4.8, -24.1, 9.9, 156.0]]
