name :	sphere3D
data :	[-55.155050313265 127.4273737874834 100.50202130927647; -54.58819706694068 112.66091466395085 74.75588703923825; -41.95260939141845 120.13846359974107 72.82873417578074; -30.767704628601777 143.06623573830188 92.24474208594759; -26.36234337796838 147.0892966533391 65.19757930235795; -25.41646615485876 164.37583471568837 59.55501886438708; -6.3960135180054145 189.45673011563696 81.05990707466658; -39.638298879785566 199.5427190999916 44.8427190999916; -29.560943916156397 227.80307452713518 63.59983902665406; -73.88849103101431 225.63072919923806 25.970023837898367; -96.53581946803773 232.05669358089222 15.158368297397374; -121.18130871381328 232.88612560405858 3.5435170323364105; -146.3187872608137 227.687436517459 -8.781014004320198; -170.37220773062344 216.44079218349285 -21.71599493537221; -191.8073414870101 199.5427190999916 -35.1572809000084; -209.24075157198826 177.78085886520387 -48.996650566989686; -221.5382027455508 152.28066379772633 -63.12267746917511; -227.89542626473997 124.42784769345364 -77.42162714391759; -227.89542626473997 95.77215230654639 -91.77837285608237; -190.20421266537315 96.19556193939844 -105.40545112740216; -209.2407515719883 42.41914113479618 -120.20334943301029; -191.80734148701015 20.657280900008416 -134.0427190999916; -170.37220773062347 3.7592078165071428 -147.48400506462775; -146.31878726081374 -7.487436517459017 -160.41898599567975; -121.18130871381331 -12.686125604058574 -172.7435170323364; -96.53581946803777 -11.856693580892241 -184.35836829739736; -73.88849103101434 -5.430729199238058 -195.17002383789833; -24.304056846438343 5.807863014068712 -187.3175952124235; -39.63829887978558 20.657280900008388 -214.04271909999156; -29.812496869167333 37.83491008380949 -221.95180697629857; -22.97603765766615 58.79977583611775 -213.85858752322366; -26.36234337796838 73.1107033466609 -234.39757930235794; -32.15935853914268 88.2679830632809 -238.8340577113365; -41.95260939141843 100.0615364002589 -242.02873417578073; -54.58819706694066 107.53908533604913 -243.95588703923823; -68.69999999999999 110.1 -244.6]
npts :	36
nout :	7
model :	(x,t) -> (x[1]-t[1])^2 + (x[2]-t[2])^2 +(x[3]-t[3])^2 - t[4]^2
dim :	4
cluster :	false
noise :	true
solution :	[-68.7, 110.1, -84.6, 160.0]
description :	[[-68.7, 110.1, -84.6, 160.0], [-68.7, 110.1, -84.6, 160.0]]
