name :	sphere3D
data :	[53.5 34.0 84.1; 60.52122975020387 35.20391074757916 83.79738903757222; 66.88515318665499 38.72927548183385 82.8917364692075; 71.97835391888168 44.322627825116925 81.3895675424139; 75.27235240563266 51.5799467999618 79.30170541873107; 76.35915043280085 59.973040202686576 76.64319319260339; 74.97896894042397 68.88406221853167 73.4331855055398; 71.03837901802382 77.64593460806188 69.69481053648273; 73.82823086341061 89.19196964907876 71.03754659384875; 68.63888825013476 108.51279488917925 70.55113581361267; 45.61132779435771 107.84125381521437 67.34217446039285; 33.72399190375492 98.57544611414558 50.049186809560084; 21.297625043172303 97.86960042818984 44.14181181880746; 8.899079504200458 94.30442551694604 37.91711456468456; -2.7711915727010776 87.93156866307467 31.419944133545926; -13.044242745465525 78.97605807498957 24.69711278723024; -21.325199511214308 67.82312274460055 17.797058679641022; -27.1311574273262 54.99472049614188 10.769496858737824; -21.61948411448085 55.89399141687356 18.892583553109493; -30.12197486146944 26.88272103639286 -3.4650610684764604; -27.131157427326215 13.005279503858134 -10.569496858737816; -21.325199511214322 0.17687725539946086 -17.597058679641005; -13.044242745465525 -10.976058074989567 -24.497112787230225; -2.771191572701099 -19.93156866307465 -31.219944133545912; 8.899079504200479 -26.30442551694604 -37.717114564684564; 21.29762504317229 -29.86960042818984 -43.94181181880745; 49.449241503942574 -20.83816043395276 -43.60271281750123; 49.58885120858971 -23.007891543012757 -49.7305882073107; 55.966804323557476 -24.07049432847346 -60.54431189218005; 64.61764615586488 -17.586058963716766 -65.25500336274891; 71.0383790180238 -9.645934608061886 -69.49481053648275; 83.72623173510263 13.843733001298416 -69.76297760072016; 76.35915043280085 8.026959797313399 -76.44319319260339; 75.27235240563266 16.420053200038197 -79.10170541873109; 71.9783539188817 23.677372174883057 -81.1895675424139; 66.88515318665499 29.270724518166144 -82.69173646920751; 60.5212297502039 32.79608925242083 -83.59738903757223; 53.50000000000001 34.0 -83.9]
npts :	38
nout :	7
model :	(x,t) -> (x[1]-t[1])^2 + (x[2]-t[2])^2 +(x[3]-t[3])^2 - t[4]^2
dim :	4
cluster :	false
noise :	true
solution :	[53.5, 34.0, 0.1, 84.0]
description :	[[53.5, 34.0, 0.1, 84.0], [53.5, 34.0, 0.1, 84.0]]
