name :	sphere3D
data :	[11.7 85.1 81.9; 12.377781687601315 85.2606372108681 81.85943014645166; 13.61342914500661 86.55008690894407 82.22787681540261; 13.272015781376309 86.41907786235772 81.53815572471545; 13.308025718435237 87.25995338796945 81.26179584194048; 13.005896324824207 88.12740796723959 80.91292686847763; 12.369713382293698 88.89813332935692 80.49626665871388; 11.446241904340472 89.45685824296314 80.0174498272124; 10.319690851711874 89.71055363746608 79.48295155021673; 9.101923788646685 89.6 78.9; 7.919291249382172 89.10731716047519 78.27647859623495; 6.8976686339939155 88.2585430274902 77.62081939626654; 6.709996264217767 88.19314951064217 77.81903378578819; 5.7506522661495705 85.79537901973221 76.24886897346286; 5.7506522661495705 84.40462098026778 75.55113102653715; 6.147500529610059 83.07905546699921 74.85811093399842; 6.897668633993915 81.94145697250978 74.17918060373347; 7.919291249382171 81.0926828395248 73.52352140376506; 10.2310610686488 80.78286555630837 73.32902090352589; 11.28420884176487 81.16006137529975 72.42712008187029; 11.44624190434047 80.74314175703685 71.78255017278761; 12.369713382293696 81.30186667064307 71.30373334128613; 13.25125417471689 82.63370651520242 71.12794991959731; 13.308025718435237 82.94004661203054 70.53820415805953; 13.272015781376309 83.78092213764226 70.26184427528456; 12.936515216832298 84.47899871761746 70.06173077652106; 12.377781687601315 84.93936278913189 69.94056985354835; 11.7 85.1 69.9]
npts :	28
nout :	5
model :	(x,t) -> (x[1]-t[1])^2 + (x[2]-t[2])^2 +(x[3]-t[3])^2 - t[4]^2
dim :	4
cluster :	false
noise :	true
solution :	[11.7, 85.1, 75.9, 6.0]
description :	[[11.7, 85.1, 75.9, 6.0], [11.7, 85.1, 75.9, 6.0]]
