name :	sphere3D
data :	[-45.1 120.0 180.1; -40.0962534895188 120.81318795730698 179.89571041245523; -35.51417542764074 123.20021846501814 179.2841665461885; -31.750079690473022 127.00657868153095 178.26933449784127; -29.151050029096208 131.98485839930368 176.85779584267016; -27.9939365660018 137.80929853341308 175.05870495050593; -28.468450385290005 144.09495938003343 172.8837296161522; -30.665343988937035 150.4203931226722 170.34697538925906; -24.732310638543524 158.31152765536953 170.5060880511396; -40.06437195893488 161.4721280894211 164.25617713477936; -46.92951335674511 165.39890570294207 160.74163427110477; -54.86127637819241 167.8138941393305 156.94405866250878; -63.4855483505921 168.47870677095204 152.8880790440628; -72.37980021920981 167.25 148.6; -71.79922190620564 176.43128292990227 144.85549831126863; -85.72766327101834 170.2541685524111 151.14245966249405; -96.24468425097328 152.34193868075795 134.62770022673652; -97.98565751540134 155.3595772331872 134.09907889012862; -105.82334117867927 134.96695936988255 124.69381085608535; -107.84478297649315 125.06528254148927 119.63675422689316; -103.00964259756617 121.33888297992519 118.61340465384639; -105.82334117867927 105.03304063011747 109.50618914391465; -101.88739731498161 95.8051511240232 104.4983812921092; -96.24468425097328 87.65806131924205 99.57229977326348; -89.19179156396929 80.93808125008402 94.75989211632026; -81.0971321152851 75.91151706688315 90.09236863160757; -72.37980021920984 72.75 85.60000000000001; -63.485548350592126 71.52129322904796 81.31192095593718; -54.861276378192414 72.1861058606695 77.25594133749124; -46.92951335674511 74.60109429705793 73.45836572889523; -35.85161643200179 86.79081815017186 76.01433251919443; -34.570369678905784 83.64749901094982 66.73510590557943; -30.665343988937046 89.57960687732778 63.85302461074093; -22.42475279307425 97.18984863809493 65.38225351891825; -27.9939365660018 102.1907014665869 59.14129504949407; -29.151050029096208 108.01514160069632 57.34220415732983; -30.14626015229329 117.5359319912426 61.07174252031944; -35.51417542764072 116.79978153498185 54.91583345381149; -40.09625348951879 119.18681204269302 54.304289587544766; -45.099999999999994 120.0 54.099999999999994]
npts :	40
nout :	8
model :	(x,t) -> (x[1]-t[1])^2 + (x[2]-t[2])^2 +(x[3]-t[3])^2 - t[4]^2
dim :	4
cluster :	false
noise :	true
solution :	[-45.1, 120.0, 117.1, 63.0]
description :	[[-45.1, 120.0, 117.1, 63.0], [-45.1, 120.0, 117.1, 63.0]]
