name :	sphere3D
data :	[-19.8 105.7 164.0; -0.14776758066043705 118.99976753392706 174.87954458002756; 4.005943614827682 135.5517090936286 155.2852603754129; -7.590921094077833 159.19146974976587 144.80117045718663; -35.10970070742075 172.77618146949072 130.86710256356855; -69.23355128178427 167.6877126571728 114.18176904234511; -97.09741336459354 142.92447237586214 95.58184218815568; -93.49747683617174 116.76016135662879 79.77261178249024; -97.09741336459355 68.4755276241379 56.41815781184434; -69.23355128178429 43.71228734282721 37.81823095765489; -35.10970070742077 38.62381853050928 21.132897436431456; -7.590921094077844 52.208530250234126 7.198829542813385; 14.381819196897297 84.62661632689004 2.3724899008934592; -2.1573698122935525 97.20375709259307 -9.793656272000476; -19.79999999999999 105.7 -12.0]
npts :	15
nout :	3
model :	(x,t) -> (x[1]-t[1])^2 + (x[2]-t[2])^2 +(x[3]-t[3])^2 - t[4]^2
dim :	4
cluster :	false
noise :	true
solution :	[-19.8, 105.7, 76.0, 88.0]
description :	[[-19.8, 105.7, 76.0, 88.0], [-19.8, 105.7, 76.0, 88.0]]
