name :	sphere3D
data :	[19.7 82.1 71.7; 22.256106638841175 82.64331723841399 71.56304738420684; 24.448419518433923 84.21413257948572 71.15369001834515; 25.95 86.6408908000335 70.47641290737884; 26.503998415241917 89.65660579084566 69.53863644106502; 25.95 92.92531754730547 68.35063509461096; 24.240890800033505 96.07542485937368 66.92542485937369; 24.161381639705095 99.3024731976503 66.3413463784072; 17.75800533518849 100.57684500917256 63.428265158971456; 13.450000000000001 101.33552210734533 61.39463130731183; 11.43429584779553 100.9227528991638 61.13517153309113; 4.417969349780645 99.07241449213691 56.86841607689501; 0.46447789265467065 96.07542485937368 54.42542485937369; -2.468999242536164 96.00940308198443 52.69395103614101; -4.619730145792836 87.26931822053251 49.31321158169134; -5.300000000000001 82.1 46.7; -4.61973014579284 76.93068177946749 44.08678841830867; -2.6395574388594127 72.15378821112209 41.50220772955602; 0.46447789265466355 68.1245751406263 38.97457514062632; 4.417969349780639 65.12758550786307 36.531583923105; 8.874682452694506 63.349999999999994 34.20000000000001; 13.449999999999996 62.86447789265466 32.00536869268818; 17.758005335188486 63.62315499082742 29.971734841028546; 22.647477674592785 70.3197640477341 32.77262625676316; 24.62801339590982 71.36897666719818 29.011015193915533; 28.27420452901833 73.00517837155863 28.446183224183034; 26.503998415241917 74.54339420915431 23.861363558934983; 25.95 77.55910919996649 22.923587092621165; 24.448419518433923 79.98586742051427 22.24630998165486; 22.25610663884118 81.55668276158599 21.83695261579317; 19.700000000000003 82.1 21.700000000000003]
npts :	31
nout :	6
model :	(x,t) -> (x[1]-t[1])^2 + (x[2]-t[2])^2 +(x[3]-t[3])^2 - t[4]^2
dim :	4
cluster :	false
noise :	true
solution :	[19.7, 82.1, 46.7, 25.0]
description :	[[19.7, 82.1, 46.7, 25.0], [19.7, 82.1, 46.7, 25.0]]
