name :	sphere3D
data :	[27.1 -79.3 157.7; 39.50125613165616 -76.83323678437077 157.0788297407134; 50.35095425972407 -69.6691394075058 155.22130117201672; 66.3677758303933 -44.726291315898024 167.04965085214684; 62.007148459429715 -44.39285154057029 147.880459693956; 60.88432534507986 -28.73818400078776 142.46784310093778; 56.75719149065492 -0.5702457246668775 143.13990930564032; 43.06555472191377 0.964263767173378 128.41834848379307; 27.10000000000001 11.916774773064631 119.91677477306465; 7.645915283380326 18.502288379024023 110.53673365711028; -13.946464223473889 19.794930615772714 100.3685600595287; -20.24009839002229 23.644371598366284 104.56376034499718; -57.173311234526274 4.973311234526292 78.06616277509659; -75.54101848328261 -10.717464075190634 66.14672336582564; -89.79044057952254 -30.882394200195364 53.866651540080554; -98.81206652508416 -54.254532765830476 41.34421110251334; -78.39913638722177 -69.33413436476147 33.35703892037716; -98.81206652508416 -104.34546723416949 16.05578889748668; -89.79044057952254 -127.7176057998046 3.5333484599194627; -75.54101848328264 -147.88253592480933 -8.74672336582562; -57.1733112345263 -163.57331123452627 -20.666162775096577; -36.10602710172556 -173.89450439563353 -32.1101790505537; -13.94646422347396 -178.3949306157727 -42.968560059528656; 17.80674309307513 -161.80905432311087 -29.787024954662126; 39.48418976921183 -156.50598458087524 -39.247317293611545; 43.06555472191377 -159.56426376717337 -71.01834848379308; 54.52637055624403 -145.51311576355442 -78.55957998702834; 60.884325345079844 -129.86181599921227 -85.06784310093778; 62.007148459429715 -114.20714845942973 -90.48045969395599; 58.23581255898371 -100.10428482617233 -94.74530330945494; 50.350954259724105 -88.93086059249423 -97.82130117201672; 39.50125613165619 -81.76676321562924 -99.6788297407134; 27.100000000000016 -79.3 -100.3]
npts :	33
nout :	6
model :	(x,t) -> (x[1]-t[1])^2 + (x[2]-t[2])^2 +(x[3]-t[3])^2 - t[4]^2
dim :	4
cluster :	false
noise :	true
solution :	[27.1, -79.3, 28.7, 129.0]
description :	[[27.1, -79.3, 28.7, 129.0], [27.1, -79.3, 28.7, 129.0]]
