name :	sphere3D
data :	[-113.2 115.8 213.1; -99.95716074212527 119.51046954880933 212.1592805496694; -89.91752074738446 129.95838927852182 209.35464602212772; -85.73507847023475 145.20775031139055 204.73834145205075; -82.88146746884611 170.04432185837197 212.73202648032873; -100.23173765914572 178.20670458599636 190.4468403611464; -112.62563293739682 198.83619892005487 196.5919979316266; -140.8322426535976 193.54967927786464 170.34471253360158; -164.91461930868041 189.06292468025788 158.56656881084638; -187.02316604378981 175.8596003442325 145.9228408292696; -203.90072602498464 155.19688492595878 132.649057318316; -213.02601927207954 129.5207705340739 118.99248374983176; -213.02601927207954 102.07922946592612 105.20751625016824; -188.10340267127185 84.78387684136722 104.7416946013929; -187.02316604378984 55.740399655767526 78.27715917073039; -164.91461930868041 42.537075319742115 65.63343118915364; -140.83224265359763 38.05032072213534 53.855287466398416; -118.23727500757963 42.15764608688475 43.162132534915955; -100.23173765914575 53.39329541400358 33.7531596388536; -76.11433885232616 88.35122556759669 42.92480678682559; -85.73507847023475 86.39224968860943 19.46165854794924; -89.91752074738446 101.64161072147816 14.845353977872264; -99.95716074212525 112.08953045119067 12.040719450330585; -113.19999999999999 115.8 11.099999999999994]
npts :	24
nout :	4
model :	(x,t) -> (x[1]-t[1])^2 + (x[2]-t[2])^2 +(x[3]-t[3])^2 - t[4]^2
dim :	4
cluster :	false
noise :	true
solution :	[-113.2, 115.8, 112.1, 101.0]
description :	[[-113.2, 115.8, 112.1, 101.0], [-113.2, 115.8, 112.1, 101.0]]
