name :	sphere3D
data :	[32.8 72.8 -43.1; 34.93631104706037 73.45896468742032 -43.26753760662307; 38.6215673521295 76.73938637995144 -41.766226711781655; 36.85783129798199 77.88835950459578 -44.58546698146371; 35.88705890588651 80.66569781204231 -45.70641838526008; 33.56244058522833 82.9740625526642 -47.104221922552604; 30.19039192487146 84.23344002320864 -48.747652972119; 26.30480947161671 84.05 -50.6; 22.914301020727304 82.63210046846984 -52.209470554920046; 20.854970332050254 80.24570722790769 -51.881445420187866; 18.00901217977747 75.02938270657054 -56.97904859620363; 18.00901217977747 70.57061729342945 -59.22095140379636; 19.624304540126097 66.45491948138714 -61.43781400934472; 22.564318841786772 63.302675807983896 -63.58011536549593; 26.3048094716167 61.55 -65.6; 30.190391924871456 61.36655997679135 -67.452347027881; 33.56244058522832 62.6259374473358 -69.09577807744739; 38.43633363170895 66.15844628861801 -67.50928141368621; 36.85783129798199 67.71164049540421 -71.61453301853629; 36.45307231042844 70.30937747054445 -72.43359208679212; 34.93631104706038 72.14103531257967 -72.93246239337692; 32.8 72.8 -73.1]
npts :	22
nout :	4
model :	(x,t) -> (x[1]-t[1])^2 + (x[2]-t[2])^2 +(x[3]-t[3])^2 - t[4]^2
dim :	4
cluster :	false
noise :	true
solution :	[32.8, 72.8, -58.1, 15.0]
description :	[[32.8, 72.8, -58.1, 15.0], [32.8, 72.8, -58.1, 15.0]]
