name :	sphere3D
data :	[79.3 -95.7 94.6; 81.60721044309882 -95.24106730872015 94.48443344013272; 83.62575893204169 -93.90821198279178 94.13884672967752; 85.0927093132993 -91.82943538117725 93.56656805757301; 86.12510081032259 -84.61052995541097 96.45269751675907; 85.58545587815439 -86.29315051177447 91.76611034436051; 88.49769200277775 -79.4602231928118 93.0120543541842; 82.56211833172756 -79.42397921842307 91.90704863628952; 80.0485244280298 -74.33004344426296 89.77169035338801; 75.68063540155913 -77.50422541785599 85.82543881992748; 71.663448516563 -77.26373383892602 83.93368559247045; 67.54073914386501 -78.10102243802167 81.91352168382394; 63.62124442148348 -80.02124442148349 79.78440237676215; 60.20399656124974 -82.94045843259362 77.56683225410708; 57.55294128753069 -86.69207333957124 75.28216772838708; 55.87449925114713 -91.04037818899172 72.95241136790945; 55.3 -95.7 70.6; 55.87449925114713 -100.35962181100828 68.24758863209054; 57.552941287530686 -104.70792666042877 65.91783227161292; 60.20399656124974 -108.45954156740639 63.633167745892905; 63.621244421483475 -111.37875557851652 61.41559762323784; 67.54073914386501 -113.29897756197833 59.28647831617605; 71.66344851656298 -114.13626616107399 57.26631440752955; 75.68063540155912 -113.89577458214401 55.374561180072504; 79.3 -112.67056274847715 53.62943725152286; 82.27033576221652 -110.63288628226482 52.04774911929431; 84.40258056860354 -108.01871921182408 50.6447293047389; 85.58545587815439 -105.10684948822555 49.433889655639476; 85.79435320175436 -102.19435320175437 48.426891219729114; 86.31290911800939 -98.37667196639302 49.138116992374925; 87.1273710796201 -96.09268747089641 48.746759906214535; 81.60721044309882 -96.15893269127986 46.71556655986727; 79.3 -95.7 46.599999999999994]
npts :	33
nout :	6
model :	(x,t) -> (x[1]-t[1])^2 + (x[2]-t[2])^2 +(x[3]-t[3])^2 - t[4]^2
dim :	4
cluster :	false
noise :	true
solution :	[79.3, -95.7, 70.6, 24.0]
description :	[[79.3, -95.7, 70.6, 24.0], [79.3, -95.7, 70.6, 24.0]]
