name :	sphere3D
data :	[-90.2 -44.0 118.3; -80.83289685406316 -42.43690694362798 117.90721669576703; -72.29721384151047 -37.85396574871658 116.73154989131307; -65.37172514211585 -30.56360957219357 114.781030583023; -60.73314697917392 -21.065027694253054 112.06898279557298; -58.91299551975926 -10.013253196603507 108.6139325653316; -60.26336675174821 1.821428329714017 104.43948138874624; -64.933744146383 13.601261441237583 99.57414500019078; -66.85145778273309 26.428091576107235 105.56708571699218; -83.76811107818747 33.62135584336096 87.90824972741012; -97.18689388404917 40.31926965877274 81.18738073696022; -112.47809237274689 43.974197262321695 73.93446195931179; -128.8728835589532 44.16529403769607 66.1990381840791; -145.5180530590322 40.67058344751524 58.033950199263465; -161.52718576193507 33.48197831533224 49.49497383509149; -176.03401048982602 22.80729197936469 40.64043895853861; -186.87814003488575 19.95830229029457 49.91093076200627; -194.89170079177157 10.117170170670363 41.082454164529466; -203.244123639395 -25.136272124744927 12.796624729318225; -205.2 -43.999999999999986 3.300000000000007; -182.02938474915646 -57.63698942701821 10.051728183802517; -197.4855156400297 -80.83116404077393 -15.62837788228439; -188.2446401552166 -97.05910587907606 -24.9308310211919; -176.03401048982604 -110.80729197936468 -34.0404389585386; -141.14853783389754 -101.97787479706315 -39.485234815915085; -145.51805305903224 -128.67058344751524 -51.433950199263464; -128.87288355895325 -132.16529403769607 -59.59903818407907; -112.47809237274689 -131.9741972623217 -67.3344619593118; -97.18689388404921 -128.31926965877275 -74.5873807369602; -83.76811107818747 -121.62135584336096 -81.30824972741013; -72.86026469699013 -112.47306620783839 -87.45115858058526; -64.933744146383 -101.60126144123758 -92.97414500019079; -60.26336675174822 -89.82142832971404 -97.83948138874624; -58.91299551975925 -77.9867468033965 -102.01393256533161; -49.41202962380661 -45.91021846663335 -85.1975343769207; -65.37172514211585 -57.43639042780642 -108.181030583023; -55.17263256073548 -46.23064658930168 -105.3371841519834; -80.83289685406316 -45.56309305637201 -111.30721669576704; -90.19999999999999 -44.0 -111.7]
npts :	39
nout :	7
model :	(x,t) -> (x[1]-t[1])^2 + (x[2]-t[2])^2 +(x[3]-t[3])^2 - t[4]^2
dim :	4
cluster :	false
noise :	true
solution :	[-90.2, -44.0, 3.3, 115.0]
description :	[[-90.2, -44.0, 3.3, 115.0], [-90.2, -44.0, 3.3, 115.0]]
