name :	sphere3D
data :	[112.70664783852465 135.07724000578278 262.05800446921944; 128.60937916387596 120.30697093414408 257.9287969232794; 142.42286935042569 156.88039091448286 247.07563688395695; 127.21478617622516 200.01485505499116 229.51485505499116; 110.13113586337317 263.75550104103723 224.0643696048685; 23.953866082107197 232.1 177.60000000000002; -32.56270856136062 200.0148550549912 145.51485505499116; -66.72858657972786 140.83781844197847 111.16078182896578; -66.72858657972789 71.36218155802156 76.03921817103424; -8.466691204749594 32.36708065868871 45.086472437184256; 23.953866082107083 -19.89999999999999 9.600000000000037; 83.64979585246664 -18.064398461639698 -18.813941868288197; 127.21478617622515 12.185144945008801 -42.31485505499117; 142.42286935042569 55.31960908551705 -59.87563688395693; 128.60937916387596 91.89302906585591 -70.72879692327936; 96.70000000000002 106.1 -74.4]
npts :	16
nout :	3
model :	(x,t) -> (x[1]-t[1])^2 + (x[2]-t[2])^2 +(x[3]-t[3])^2 - t[4]^2
dim :	4
cluster :	false
noise :	true
solution :	[96.7, 106.1, 93.6, 168.0]
description :	[[96.7, 106.1, 93.6, 168.0], [96.7, 106.1, 93.6, 168.0]]
