name :	sphere3D
data :	[-74.4 -117.4 10.299999999999997; -46.627721195685204 -94.09629109834687 3.907417803306288; -44.492094365978744 -36.71736277826265 6.088052422292446; -120.29934640057523 -37.900000000000006 -42.69999999999999; -172.49415731022225 -81.6966465836527 -77.29329316730538; -172.49415731022228 -153.10335341634732 -114.10670683269461; -120.2993464005753 -196.89999999999998 -148.7; -62.568396912811366 -184.50035548530587 -176.90071097061167; -36.97527816140925 -128.34951135004115 -180.1170814415213; -74.39999999999999 -117.4 -201.7]
npts :	10
nout :	2
model :	(x,t) -> (x[1]-t[1])^2 + (x[2]-t[2])^2 +(x[3]-t[3])^2 - t[4]^2
dim :	4
cluster :	false
noise :	true
solution :	[-74.4, -117.4, -95.7, 106.0]
description :	[[-74.4, -117.4, -95.7, 106.0], [-74.4, -117.4, -95.7, 106.0]]
