name :	sphere3D
data :	[47.2 77.2 234.6; 72.49226294944185 85.41795439457545 232.5070179011734; 119.83640279025958 141.2404491869161 258.67076683809006; 92.56431647272524 139.63862502759164 216.07110911202253; 78.07805744022784 172.23288904374107 202.13288904374107; 66.57102072602956 229.05442835067404 208.1918608368637; 4.70000000000001 208.00155032994826 164.52349288972044; -41.832484084430874 199.74270142844819 141.77838495572297; -83.60155032994824 172.23288904374107 117.13288904374106; -112.48906350659796 129.08612200628113 91.19385905683924; -91.772542386003 79.78219423211344 76.9532235435246; -112.48906350659799 25.313877993718926 38.00614094316076; -80.13366338618184 -0.3661381044910321 18.956193443370445; -41.8324840844309 -45.34270142844818 -12.578384955722953; 4.6999999999999815 -53.60155032994827 -35.32349288972043; 47.19999999999998 -43.00815280171308 -55.608152801713075; 78.07805744022782 -17.83288904374109 -72.93288904374106; 92.56431647272522 14.76137497240834 -86.87110911202254; 89.70000000000002 46.32194255977214 -97.0796077701761; 72.49226294944188 68.98204560542456 -103.3070179011734; 47.200000000000024 77.2 -105.4]
npts :	21
nout :	4
model :	(x,t) -> (x[1]-t[1])^2 + (x[2]-t[2])^2 +(x[3]-t[3])^2 - t[4]^2
dim :	4
cluster :	false
noise :	true
solution :	[47.2, 77.2, 64.6, 170.0]
description :	[[47.2, 77.2, 64.6, 170.0], [47.2, 77.2, 64.6, 170.0]]
