name :	sphere3D
data :	[68.82988340615555 27.666621610925457 -25.104002017996365; 64.9766697625351 26.53009242781312 -27.333204772739876; 67.87137965374862 28.08430726782655 -27.731909167293836; 70.45978888027369 33.103879794688694 -22.93630566129697; 71.79310667662797 33.77794712977505 -29.313127573675253; 74.2902311773484 37.59749743468108 -24.4060550082812; 71.95242344940712 41.53944091181606 -31.900523702946927; 76.89558793417591 48.60412187304147 -27.937822570240492; 67.6804319723251 49.22130071396258 -35.42352013354065; 63.98124928652772 52.32376415557459 -37.50676748374787; 59.43053163932245 54.59523057993162 -39.786018706596096; 54.24482084750323 55.83472776722214 -42.24570420510295; 48.684848184355005 55.89953449974041 -44.869021833225354; 43.03996461476299 54.714371777853 -47.63805167155413; 37.61078048073506 52.27649699389528 -50.53387843853419; 32.691074703450305 48.65638597561064 -53.536720701017344; 28.550078556056995 43.99395764594754 -56.62606600150883; 25.416216435120376 38.49056867469725 -59.78081097905138; 23.463297200553 32.39726423595607 -62.979405526579036; 22.799999999999997 26.000000000000004 -66.2; 23.463297200552994 19.602735764043942 -69.42059447342096; 25.41621643512037 13.509431325302756 -72.61918902094862; 28.550078556056988 8.006042354052468 -75.77393399849117; 32.6910747034503 3.343614024389364 -78.86327929898266; 44.565024614953174 3.8811362896286603 -80.37831705154434; 43.03996461476298 -2.714371777852996 -84.76194832844587; 48.68484818435498 -3.8995344997404082 -87.53097816677464; 58.090007780403646 1.0236268101537176 -86.94198713350254; 59.43053163932244 -2.5952305799316306 -92.6139812934039; 63.98124928652772 -0.3237641555745867 -94.89323251625214; 67.68043197232508 2.7786992860374156 -96.97647986645934; 70.36855633296577 6.465659163406386 -98.84949265223861; 71.95242344940712 10.460559088183937 -100.49947629705306; 72.41037543242948 14.47405977971771 -101.91515973954725; 77.37732467013116 22.88437203258581 -102.81078969401382; 70.22002364745636 21.443311072309125 -104.00661037163388; 67.87137965374862 23.915692732173447 -104.66809083270617; 64.9766697625351 25.469907572186884 -105.06679522726013; 61.800000000000004 26.0 -105.2]
npts :	39
nout :	7
model :	(x,t) -> (x[1]-t[1])^2 + (x[2]-t[2])^2 +(x[3]-t[3])^2 - t[4]^2
dim :	4
cluster :	false
noise :	true
solution :	[61.8, 26.0, -66.2, 39.0]
description :	[[61.8, 26.0, -66.2, 39.0], [61.8, 26.0, -66.2, 39.0]]
