name :	sphere3D
data :	[-74.1 61.5 49.6; -68.41614734507306 62.47459441470694 49.3550292208918; -63.26439980127929 65.32846110434168 48.62188190364417; -59.14133254185768 69.85641300128513 47.40584039147793; -56.47476233829737 75.73138550473098 45.715666291353735; -55.59497345916121 82.52579444979389 43.563537346393225; -56.7122632387044 89.73947893881136 40.9649596949608; -59.9022646044569 96.83242325414534 37.938656148581266; -65.1000007309665 103.26014297062783 34.50643129365389; -72.10306316664393 108.50944778971659 30.69301438890767; -75.40784889606823 121.39507525671743 37.27659341340056; -90.10914941124601 113.7753611400226 22.035055988691497; -100.16858925076528 113.20396225139177 17.252895281891753; -110.2055070680282 110.31786827562297 12.213854647601785; -115.68344742946684 117.93168623373215 12.987131408336205; -115.04302855714187 110.09380980471022 14.164489523009978; -130.5705455126276 96.0306043691865 3.705757372336577; -139.3728417268831 78.49572611592438 -9.762788257212236; -141.79397964976096 67.26160678006293 -15.513998182661904; -141.79397964976096 55.73839321993707 -21.286001817338086; -139.3728417268831 44.50427388407563 -27.037211742787754; -134.67278055669732 34.11937682579956 -32.726190359709385; -127.96914888918636 25.090810129770347 -38.31194844680542; -119.65286936837708 17.841111082272896 -43.754240489060976; -110.20550706802818 12.682131724377015 -49.01385464760179; -100.16858925076528 9.79603774860822 -54.05289528189174; -78.54590347277087 16.85817567111016 -46.01943032618207; -80.58371564991441 10.867731330446603 -63.32588119052552; -72.10306316664393 14.490552210283397 -67.49301438890765; -65.10000073096653 19.73985702937214 -71.30643129365387; -59.90226460445692 26.167576745854667 -74.73865614858126; -56.712263238704395 33.260521061188655 -77.7649596949608; -55.59497345916122 40.47420555020609 -80.36353734639322; -56.47476233829737 47.26861449526902 -82.51566629135374; -59.14133254185767 53.14358699871486 -84.20584039147792; -57.896776175948105 67.55947584456612 -75.22902917683228; -68.41614734507303 60.52540558529305 -86.1550292208918; -72.32263533433559 63.94849783790062 -85.3665872803757]
npts :	38
nout :	7
model :	(x,t) -> (x[1]-t[1])^2 + (x[2]-t[2])^2 +(x[3]-t[3])^2 - t[4]^2
dim :	4
cluster :	false
noise :	true
solution :	[-74.1, 61.5, -18.4, 68.0]
description :	[[-74.1, 61.5, -18.4, 68.0], [-74.1, 61.5, -18.4, 68.0]]
