name :	sphere3D
data :	[37.2 -96.5 65.9; 53.64423166528983 -69.6962703874195 92.107528763711; 58.349676437427576 -89.43920052956314 64.0999865066699; 85.15366037324152 -71.86996921820835 73.39769735155578; 89.89324620792321 -65.9446419895726 80.15648820274953; 74.94194948136112 -57.20646831516794 54.77714266857657; 73.89500629277285 -43.33810549484687 49.97838756579618; 69.04789183393258 -29.38198977696132 44.38142189058749; 60.43204150209681 -16.29368829400046 38.02254411308667; 73.90693237464684 7.322628859031802 56.657069980383056; 33.16345465734016 3.6658395668086854 23.188685137834312; 15.663215610019932 8.994147386776802 14.809907207757448; -3.3649400116238297 10.46095620892595 5.860999795630676; -22.988765563018454 7.75 -3.59999999999998; -42.22224387340681 0.7745893286228807 -13.511733964975456; -60.081889323678254 -10.315766567645696 -23.80992070108755; -75.64303350611561 -25.142389259915007 -34.427772515613064; -88.09282899654671 -43.117714384749576 -45.296428565129816; -96.77689561645109 -63.47766107279883 -56.345401444510095; -101.23690212273881 -85.32421788465066 -67.50303432479127; -101.23690212273884 -107.67578211534929 -78.6969656752087; -96.77689561645111 -129.52233892720113 -89.85459855548987; -88.09282899654671 -149.8822856152504 -100.90357143487016; -68.06741529167286 -162.4034648740964 -110.96433266284672; -60.08188932367827 -182.6842334323543 -122.39007929891243; -42.22224387340681 -193.77458932862288 -132.68826603502453; -22.98876556301854 -200.75 -142.59999999999997; -3.3649400116238866 -203.46095620892595 -152.06099979563064; 15.663215610019911 -201.9941473867768 -161.0099072077574; 33.16345465734016 -196.6658395668087 -169.3886851378343; 68.78654208730805 -176.1517357506242 -161.38875051337988; 70.26420616664916 -162.37043503931372 -160.82923824402144; 69.04789183393255 -163.6180102230387 -190.58142189058745; 73.89500629277285 -149.66189450515316 -196.17838756579616; 74.94194948136112 -135.79353168483206 -200.97714266857656; 72.38895311040679 -122.94278281751129 -204.9465654306532; 66.65458607975 -111.95895931321908 -208.06091262222122; 58.34967643742762 -103.56079947043688 -210.29998650666988; 69.56623409046598 -94.18900241998273 -193.1805364538762; 37.20000000000002 -96.5 -212.1]
npts :	40
nout :	8
model :	(x,t) -> (x[1]-t[1])^2 + (x[2]-t[2])^2 +(x[3]-t[3])^2 - t[4]^2
dim :	4
cluster :	false
noise :	true
solution :	[37.2, -96.5, -73.1, 139.0]
description :	[[37.2, -96.5, -73.1, 139.0], [37.2, -96.5, -73.1, 139.0]]
