name :	sphere3D
data :	[33.519799236211156 91.27813682821045 95.08019585331859; 40.075343407051406 90.58842879723603 93.94090752824006; 39.86887835356427 87.76233985986268 93.08905537491952; 42.130426858003084 90.96712045401841 92.20679242209172; 43.64400399290306 102.40129435365166 93.44974547714816; 42.890077812154686 99.5022262943477 89.43108678088913; 41.066478376597125 103.99135878489545 87.56437565519417; 41.24002556092626 111.82444831573645 91.07455670177835; 33.2 111.16295090390226 82.96295090390225; 27.620146244070327 113.051819147472 80.27255151405488; 21.42698312970129 113.4225769983224 77.35609862172528; 15.071139513458576 112.1317570747166 74.24167926256192; 9.028585149787038 109.17141485021297 70.95928699750831; 3.76032803192669 104.67095991641818 67.54053305841511; -0.32671551505683993 98.88722026816102 64.01834191459675; 1.1570745229458215 96.91396025556718 64.47737513494484; -3.799999999999997 85.0 56.8; -2.9143136544815036 77.81641637469558 53.173365807806256; -0.32671551505684704 71.112779731839 49.581658085403255; 3.7603280319266865 65.32904008358182 46.0594669415849; 9.028585149787034 60.82858514978703 42.64071300249168; 22.137884029387312 60.223431456522114 42.196682262690985; 21.42698312970127 56.5774230016776 36.24390137827473; 27.620146244070312 56.94818085252799 33.32744848594512; 33.199999999999996 58.83704909609774 30.63704909609774; 37.77926763341713 61.978466981508404 28.19861322557873; 41.06647837659713 66.00864121510455 26.035624344805818; 42.890077812154686 70.49777370565229 24.168913219110863; 43.21212785270465 74.98787214729535 22.61645729708239; 42.130426858003084 79.03287954598157 21.39320757790827; 39.868878353564284 82.23766014013731 20.51094462508047; 36.75694943311069 84.29247876761022 19.978165113128718; 33.20000000000001 85.0 19.799999999999997]
npts :	33
nout :	6
model :	(x,t) -> (x[1]-t[1])^2 + (x[2]-t[2])^2 +(x[3]-t[3])^2 - t[4]^2
dim :	4
cluster :	false
noise :	true
solution :	[33.2, 85.0, 56.8, 37.0]
description :	[[33.2, 85.0, 56.8, 37.0], [33.2, 85.0, 56.8, 37.0]]
