name :	sphere3D
data :	[-72.0 54.2 88.9; -39.8078717026762 94.56765206979324 77.11529528038787; -92.70289072935306 144.9052908507886 44.09528642118929; -176.52718398166627 104.53763878099537 -3.620008859198581; -176.52718398166627 3.8623612190046615 -56.57999114080141; -92.70289072935309 -36.5052908507886 -104.29528642118927; -39.80787170267621 13.832347930206751 -137.31529528038786; -57.734030419233854 61.05607710834423 -125.76550246137784]
npts :	8
nout :	1
model :	(x,t) -> (x[1]-t[1])^2 + (x[2]-t[2])^2 +(x[3]-t[3])^2 - t[4]^2
dim :	4
cluster :	false
noise :	true
solution :	[-72.0, 54.2, -30.1, 119.0]
description :	[[-72.0, 54.2, -30.1, 119.0], [-72.0, 54.2, -30.1, 119.0]]
