name :	sphere3D
data :	[-25.4 97.3 244.8; 5.755997657839863 115.28792363462519 240.0636898541805; 9.350000000000001 157.4887655630185 226.17753112603697; -25.39999999999999 195.58784258493012 204.08784258493012; -61.78335190658268 210.66023136002906 182.40019466019834; -141.6757662195553 164.43184492709022 141.7758472692504; -164.4 97.30000000000001 105.80000000000001; -141.67576621955533 30.168155072909784 69.82415273074963; -85.58876556301854 -6.950000000000003 36.300000000000026; -25.400000000000016 -0.9878425849301209 7.512157415069893; 9.350000000000001 37.11123443698152 -14.577531126036988; 18.669414272368925 104.49369899329314 -18.261010748889305; -25.39999999999998 97.3 -33.2]
npts :	13
nout :	2
model :	(x,t) -> (x[1]-t[1])^2 + (x[2]-t[2])^2 +(x[3]-t[3])^2 - t[4]^2
dim :	4
cluster :	false
noise :	true
solution :	[-25.4, 97.3, 105.8, 139.0]
description :	[[-25.4, 97.3, 105.8, 139.0], [-25.4, 97.3, 105.8, 139.0]]
