name :	sphere3D
data :	[93.3 -23.3 87.9; 110.17914996625966 -9.073139688688041 90.03546004322905; 109.41657859543616 -12.942503851246782 85.14552220578582; 111.79865066082877 -1.9514190905549889 81.75497568410725; 108.5721412304614 10.141324617551849 77.10524023252032; 99.63735516212046 20.7772733215351 71.29097105608956; 89.96823159523406 33.022564620124164 77.96771145591008; 69.53608438503154 28.73571681744203 56.66357558698064; 52.79360522533777 23.446871544957045 48.14822088412828; 38.4119739429674 11.974392460653402 39.05781386521723; 28.71858313399467 -4.33718505664417 29.577409002583387; 25.299999999999997 -23.299999999999994 19.900000000000002; 32.53538069494663 -31.9096030988103 10.576843892852592; 38.41197394296739 -58.574392460653385 0.7421861347827807; 52.79360522533776 -70.04687154495704 -8.34822088412827; 69.53608438503153 -75.33571681744203 -16.863575586980645; 92.85634944377396 -73.35614754457464 -16.77052202097721; 99.63735516212046 -67.37727332153511 -31.490971056089556; 108.57214123046138 -56.74132461755187 -37.30524023252032; 111.79865066082877 -44.648580909445045 -41.95497568410724; 109.41657859543616 -33.65749614875322 -45.34552220578582; 102.58540594077245 -26.02644118189809 -47.407858047903424; 93.30000000000001 -23.3 -48.1]
npts :	23
nout :	4
model :	(x,t) -> (x[1]-t[1])^2 + (x[2]-t[2])^2 +(x[3]-t[3])^2 - t[4]^2
dim :	4
cluster :	false
noise :	true
solution :	[93.3, -23.3, 19.9, 68.0]
description :	[[93.3, -23.3, 19.9, 68.0], [93.3, -23.3, 19.9, 68.0]]
