name :	sphere3D
data :	[37.0 86.1 -33.099999999999994; 54.543033968674045 94.0032165834248 -28.169948052156506; 55.86418937651571 101.9289343482927 -37.442131303414584; 55.0 117.27691453623979 -42.74617092752041; 56.51485214368748 139.69810530809787 -45.214072660995726; 27.422400047716792 140.4172684849552 -58.81929210256916; 5.823085463760222 140.1 -69.1; -14.828934348292691 129.58963969596385 -80.47454968055183; -29.629993644679274 110.35133439600949 -92.597331207981; -35.0 86.10000000000001 -105.1; -29.62999364467929 61.84866560399051 -117.60266879201897; -14.828934348292705 42.61036030403613 -129.72545031944816; 5.823085463760183 32.1 -141.09999999999997; 27.422400047716792 31.782731515044787 -151.38070789743082; 46.86903034822082 49.237796121419024 -151.76697755966626; 55.0 54.92308546376021 -167.45382907247958; 55.86418937651572 70.27106565170727 -172.75786869658538; 48.7486656039905 81.8238354278003 -176.006158216879; 37.00000000000001 86.1 -177.1]
npts :	19
nout :	3
model :	(x,t) -> (x[1]-t[1])^2 + (x[2]-t[2])^2 +(x[3]-t[3])^2 - t[4]^2
dim :	4
cluster :	false
noise :	true
solution :	[37.0, 86.1, -105.1, 72.0]
description :	[[37.0, 86.1, -105.1, 72.0], [37.0, 86.1, -105.1, 72.0]]
