name :	sphere3D
data :	[-13.0 13.3 159.1; 13.597673520145175 22.980761462063207 156.6236637409899; 52.022075520834946 61.81621196950483 175.39743799926464; 27.75 83.88107040843173 137.2621408168635; 5.193880218978798 116.4826221141967 120.96524422839342; -34.682622114196704 136.2682605978847 100.87438037890591; -78.42926758335584 140.64357152197985 101.80857439838942; -130.3349485940515 111.75571208947376 51.84928336208402; -163.8429022789267 68.20232647985485 24.404652959709658; -176.0 13.30000000000002 -3.89999999999999; -163.84290227892672 -41.60232647985481 -32.20465295970964; -130.33494859405155 -85.15571208947375 -59.649283362084; -83.58107040843181 -108.95 -85.39999999999996; -10.788274361631437 -102.21186868669035 -82.46243686261583; 5.193880218978759 -89.88262211419674 -128.76524422839339; 27.75 -57.28107040843173 -145.06214081686352; 29.70642872738975 -22.53494859405156 -157.06989718810306; 13.597673520145168 3.619238537936802 -164.42366374098992; -12.99999999999998 13.3 -166.9]
npts :	19
nout :	3
model :	(x,t) -> (x[1]-t[1])^2 + (x[2]-t[2])^2 +(x[3]-t[3])^2 - t[4]^2
dim :	4
cluster :	false
noise :	true
solution :	[-13.0, 13.3, -3.9, 163.0]
description :	[[-13.0, 13.3, -3.9, 163.0], [-13.0, 13.3, -3.9, 163.0]]
