name :	sphere3D
data :	[126.17120754069995 15.799827199087149 163.801584125342; 126.18087973399963 3.3901744062231978 140.25877622923161; 140.49482190471917 18.286218377298454 136.2600893780831; 146.4579079236257 40.02788163208161 129.67842741678524; 141.72210697916762 64.53165088960348 120.63639425469435; 125.7894037334952 87.07589564736118 109.30242586143645; 100.11814256345087 103.0950392424613 95.88765262348619; 84.11820368458649 122.21167138219266 95.05575357995086; 33.56826554009923 102.55407083125877 63.84936543328592; 2.047169204893734 83.72952920365819 45.822664152622025; -22.015886609879104 54.26981613206006 26.89766587957926; -35.02620569484607 17.662286702045954 7.4269075245126235; -35.02620569484607 -21.462286702045912 -12.226907524512606; -22.015886609879104 -58.06981613206003 -31.697665879579244; 2.047169204893706 -87.52952920365819 -50.62266415262201; 60.046341004812916 -93.04080655771972 -45.677633778052446; 85.32668595481118 -100.35074138734286 -60.88415951721407; 118.1403778951848 -80.88756256329023 -98.46846604049455; 125.78940373349518 -90.87589564736123 -114.10242586143644; 145.624361204946 -60.70137370446676 -104.76518779769722; 146.4579079236257 -43.8278816320816 -134.47842741678525; 150.83895760252616 -0.7850317102012312 -114.6103686943737; 126.18087973399963 -7.190174406223202 -145.05877622923163; 107.30000000000001 -1.9 -146.4]
npts :	24
nout :	7
model :	(x,t) -> (x[1]-t[1])^2 + (x[2]-t[2])^2 +(x[3]-t[3])^2 - t[4]^2
dim :	4
cluster :	false
noise :	true
solution :	[107.3, -1.9, -2.4, 144.0]
description :	[[107.3, -1.9, -2.4, 144.0], [107.3, -1.9, -2.4, 144.0]]
