name :	sphere3D
data :	[-67.37010754537033 83.01673965318277 164.2573424438581; -62.97587444658269 72.41505660976337 159.06583026161348; -55.61921631170809 78.4765168847034 157.47054477580608; -47.406688738773624 96.45831422274007 157.76401048457583; -50.727661373936044 98.73938627493104 151.19697858554957; -54.70569838981463 110.16087156865473 146.60353710162198; -63.08210713313298 120.30875550319962 141.11751100639924; -75.24114825951712 127.66530019901461 134.81308939162994; -90.07407045246032 131.00562289330344 127.7755287445201; -106.10800344948532 129.55 120.1; -121.67933188313474 123.06300927959009 111.89030151709339; -135.1306963190801 111.8874831952877 103.25745538417613; -145.00790969346755 96.90910301784376 94.3182060356875; -150.23307849569733 79.45582375980756 85.19344148392759; -135.05041016300243 67.05638581672244 90.58764421619408; -145.00790969346755 43.69089698215626 66.8817939643125; -135.13069631908013 28.7125168047123 57.94254461582386; -119.52737342076455 21.426255722854883 50.929561510240056; -106.10800344948537 11.050000000000004 41.10000000000001; -90.07407045246035 9.594377106696562 33.4244712554799; -72.11692680516175 21.323541550538632 39.99394056792457; -49.916076097631304 28.262445220539547 28.915068146483986; -54.70569838981463 30.43912843134523 14.596462898378036; -50.727661373936044 41.860613725068944 10.00302141445043; -50.240711343526684 64.82832975709395 16.93141864203512; -55.61921631170808 62.12348311529658 3.729455224193913; -62.97587444658268 68.18494339023663 2.1341697383864897; -67.98810843186486 84.35153470492595 10.62478520104176]
npts :	28
nout :	8
model :	(x,t) -> (x[1]-t[1])^2 + (x[2]-t[2])^2 +(x[3]-t[3])^2 - t[4]^2
dim :	4
cluster :	false
noise :	true
solution :	[-71.9, 70.3, 80.6, 79.0]
description :	[[-71.9, 70.3, 80.6, 79.0], [-71.9, 70.3, 80.6, 79.0]]
