name :	sphere3D
data :	[45.6 10.1 -21.200000000000003; 57.63941813891153 11.505156866779686 -14.60570171322937; 55.8800824034917 13.841644000674735 -22.157111560230895; 59.72106368664684 18.2527999207294 -23.346672943788697; 62.10616570445126 23.95031755475611 -24.99936489048777; 62.71418828327362 30.49589537092507 -27.10260941669106; 61.35 37.37980021920981 -29.640399561580367; 57.9590057830477 44.056089315832644 -32.59342120979352; 52.63199051408383 49.98039995824781 -35.93920008350439; 53.31582041929885 61.11756050045991 -36.7304312702475; 42.72320006367533 61.35257307972758 -33.11657211644442; 27.949510525626167 58.59432127316361 -48.0646845098841; 18.320199780790198 57.35 -52.699999999999996; 16.19534323098858 63.365996555106356 -49.10186744055822; 0.2496824452438986 48.153434733968396 -62.652730970482864; -7.100527135481897 40.52666352810565 -67.8944001585412; -2.719286853345295 32.61012964719668 -61.93079507629067; -16.206796517995635 20.99820581728063 -78.70918820689754; -17.4 10.100000000000007 -84.2; -16.20679651799564 -0.7982058172806159 -89.69081179310245; -12.701244439094374 -11.1199175965083 -95.13983519301661; -7.100527135481904 -20.326663528105634 -100.5055998414588; 0.24968244524387728 -27.95343473396838 -105.74726902951713; 8.898504787616112 -33.63913877293768 -110.82495048966406; 18.32019978079016 -37.14999999999999 -115.69999999999999; 27.949510525626177 -38.3943212731636 -120.3353154901159; 37.219600041752194 -37.427609924335805 -124.695619410252; 50.44203144685514 -29.46687634595409 -123.78365487074639; 52.63199051408382 -29.78039995824782 -132.4607999164956; 58.17754363554435 -13.84017737345454 -126.74819058221166; 70.88798905418226 -12.24386463697342 -137.41917890727956; 68.1604027457528 -4.845400782085226 -135.14737388978227; 62.10616570445126 -3.7503175547561263 -143.40063510951222; 63.71738330246971 5.953796390988921 -137.09831919186536; 63.67381978636463 13.458513952518725 -143.71489268397866; 51.007394024178176 9.146530538215666 -146.96026597977996; 45.60000000000001 10.1 -147.2]
npts :	37
nout :	11
model :	(x,t) -> (x[1]-t[1])^2 + (x[2]-t[2])^2 +(x[3]-t[3])^2 - t[4]^2
dim :	4
cluster :	false
noise :	true
solution :	[45.6, 10.1, -84.2, 63.0]
description :	[[45.6, 10.1, -84.2, 63.0], [45.6, 10.1, -84.2, 63.0]]
