name :	sphere3D
data :	[-69.3 22.2 244.2; -56.34415938950475 24.421501974699645 243.6416107240916; -44.601205429386624 30.926639281955325 241.9704661038948; -34.60815045521442 56.77688589087246 257.9800896027718; -29.124825918177834 54.63918754754856 235.34600404646807; -27.11942479661748 70.12644323114786 230.44041601016102; -29.666188264693865 86.5694005222906 224.51718753998415; -36.93751490721795 102.73714124106655 217.61899563279553; -48.785295783820715 117.38856118304874 209.79554191935813; -64.74815868867367 129.35388834420692 201.1031945629513; -77.95360457470765 139.816103239068 192.49490251718885; -103.14587870963445 151.50127773059017 193.54844657725354; -128.72104902747967 140.05461983773125 170.4676289513709; -151.59931758153488 133.4760232753171 158.98158044673937; -173.1337463543889 121.71658503305444 146.99275405594784; -192.0899717327042 105.19153573361173 134.58752954786533; -207.37030862188357 84.61171458825102 121.8552868493376; -218.08368334804243 60.940258058357045 108.88776206076622; -200.2550539651825 53.767124279942976 100.71063525543873; -223.60245361342578 9.066925721915391 82.62161350459701; -218.08368334804243 -16.540258058357022 69.5122379392338; -187.66455131436896 -32.1190663048733 81.43448091600115; -189.48841881579366 -59.00804882676636 53.505875291065614; -173.1337463543889 -77.31658503305442 31.407245944052185; -144.0640106056156 -80.86201081477883 49.61846253640144; -128.7210490274797 -95.65461983773125 7.932371048629108; -105.79144351092842 -96.95707318681622 -2.968142327164429; -84.07905773142255 -93.21178887912907 -13.204582125462593; -64.7481586886737 -84.95388834420696 -22.703194562951282; -48.78529578382077 -72.98856118304879 -31.395541919358095; -36.937514907217974 -58.337141241066576 -39.21899563279551; -27.37317994731081 -28.124587960036926 -32.430238916726104; -23.988394188093142 -18.992762502417477 -50.931208205422266; -29.124825918177834 -10.239187547548564 -56.94600404646805; -9.517052208672705 9.348772053851802 -45.10252596742831; -44.601205429386624 13.47336071804467 -63.570466103894816; -50.117600203197625 49.44820809485719 -49.268204473019196; -69.29999999999998 22.2 -65.8]
npts :	38
nout :	11
model :	(x,t) -> (x[1]-t[1])^2 + (x[2]-t[2])^2 +(x[3]-t[3])^2 - t[4]^2
dim :	4
cluster :	false
noise :	true
solution :	[-69.3, 22.2, 89.2, 155.0]
description :	[[-69.3, 22.2, 89.2, 155.0], [-69.3, 22.2, 89.2, 155.0]]
