name :	sphere3D
data :	[104.5 -26.5 102.6; 120.74416307422186 -12.869528755636843 98.86094248872632; 120.78081052390249 23.012836727534165 89.10071772073873; 77.65321248268242 20.0 71.60000000000001; 47.12417213930396 -5.616906492325153 51.36618701534969; 47.13807873957969 -35.51486720053396 40.16288400462624; 79.22852934068277 -67.7454037343414 16.66179696676972; 111.42037161703486 -65.74737773668832 -6.894755473376627; 120.74416307422187 -40.13047124436317 -17.660942488726313; 104.50000000000001 -26.5 -21.4]
npts :	10
nout :	3
model :	(x,t) -> (x[1]-t[1])^2 + (x[2]-t[2])^2 +(x[3]-t[3])^2 - t[4]^2
dim :	4
cluster :	false
noise :	true
solution :	[104.5, -26.5, 40.6, 62.0]
description :	[[104.5, -26.5, 40.6, 62.0], [104.5, -26.5, 40.6, 62.0]]
