name :	sphere3D
data :	[46.6 19.7 34.1; 58.228097169170155 25.29979646170002 32.64581890654577; 65.14560393026723 41.95505860948844 32.19273855897539; 54.64689291526689 54.95574142598204 21.44622598314573; 37.0051847154523 74.12438052497222 17.43974031503764; 14.018795746096735 60.55553788768208 1.2652568688183763; -4.346022444845744 44.234311338636395 -10.99378583053376; -8.220980043569028 29.26311251890467 -14.892768321503471; -4.346022444845744 -4.834311338636386 -36.80621416946623; 14.018795746096721 -21.155537887682062 -49.065256868818366; 36.50951544283632 -24.509301423073435 -60.06240850780654; 54.646892915266875 -15.555741425982053 -69.24622598314572; 64.60376146597302 10.059477509644964 -69.85729518542543; 58.22809716917016 14.100203538299972 -80.44581890654577; 46.60000000000001 19.7 -81.9]
npts :	15
nout :	4
model :	(x,t) -> (x[1]-t[1])^2 + (x[2]-t[2])^2 +(x[3]-t[3])^2 - t[4]^2
dim :	4
cluster :	false
noise :	true
solution :	[46.6, 19.7, -23.9, 58.0]
description :	[[46.6, 19.7, -23.9, 58.0], [46.6, 19.7, -23.9, 58.0]]
