name :	sphere3D
data :	[-65.2 -95.9 159.9; -42.91007253625044 -89.6546552148754 158.31661082617623; -26.01166858470652 -72.06904774902267 153.5959388491259; -18.971914256830786 -46.40180640657033 145.82592125592703; -24.56279037181602 -17.473745477551446 135.15129877290306; -26.93647153345482 26.712868433632423 134.01885484389055; -57.2449495353881 37.452777265443274 119.31969454126155; -111.70971535754052 34.96579680432663 87.93565475952741; -152.24440873738286 27.413833620236048 68.11105641429587; -173.20891425952996 33.013294872189455 51.7291008127334; -217.86458835888504 -29.588411510762427 24.48752221894774; -201.26376022702433 -43.39590260063291 20.345212957179918; -233.22399283419327 -118.99436624547087 -21.70121027199405; -200.38856878252514 -149.52268469446497 -16.26816702066477; -189.4568141331116 -196.99041642098535 -67.02953406906765; -152.24440873738286 -219.21383362023602 -88.31105641429585; -111.70971535754055 -226.76579680432667 -108.1356547595274; -73.67858169592611 -219.8524768834613 -126.13403434717115; -26.41673790996371 -191.96827884364959 -108.2158475419925; -24.56279037181605 -174.32625452244864 -155.35129877290302; -18.971914256830786 -145.39819359342968 -166.02592125592702; -26.01166858470652 -119.73095225097734 -173.79593884912586; -42.91007253625043 -102.14534478512462 -178.51661082617622; -53.80015817354462 -88.72380318184122 -173.12603262232892]
npts :	24
nout :	7
model :	(x,t) -> (x[1]-t[1])^2 + (x[2]-t[2])^2 +(x[3]-t[3])^2 - t[4]^2
dim :	4
cluster :	false
noise :	true
solution :	[-65.2, -95.9, -10.1, 170.0]
description :	[[-65.2, -95.9, -10.1, 170.0], [-65.2, -95.9, -10.1, 170.0]]
