name :	sphere3D
data :	[92.8 -99.2 61.8; 99.65365290121571 -96.54488072091425 61.11892398735607; 103.47843250335818 -89.46532252744365 59.09888917617424; 104.68426812392961 -79.66823217083184 59.063165218588026; 95.28643167267364 -72.36712892800169 51.360356688826364; 84.06448877813827 -68.49786268432777 45.90538545517026; 71.22174381656734 -70.6257708907912 39.629534231061534; 60.08957426361248 -78.94656185414516 32.746519602883325; 56.021270421146184 -91.25466727766806 29.345771088478642; 53.64880361064292 -106.51862699070769 18.109265621467927; 65.57341779450462 -113.3043528372954 12.49020562881437; 71.22174381656734 -127.7742291092088 3.970465768938471; 91.81528286165734 -124.55874864392055 3.93232645922037; 97.83227178966159 -121.18026750879253 -3.418574999450267; 102.18604026835357 -118.04970990385834 -12.208685429184559; 103.47843250335819 -108.93467747255634 -15.498889176174234; 99.65365290121571 -101.85511927908576 -17.51892398735607; 92.8 -99.2 -18.2]
npts :	18
nout :	5
model :	(x,t) -> (x[1]-t[1])^2 + (x[2]-t[2])^2 +(x[3]-t[3])^2 - t[4]^2
dim :	4
cluster :	false
noise :	true
solution :	[92.8, -99.2, 21.8, 40.0]
description :	[[92.8, -99.2, 21.8, 40.0], [92.8, -99.2, 21.8, 40.0]]
