name :	sphere3D
data :	[-93.9 -93.8 67.7; -70.08355616827541 -84.57346050517701 65.33326085606235; -56.79244705083031 -59.97199578286668 58.31363988720547; -61.28351006747133 -28.297258084092334 46.88018186641638; -82.50626581810259 5.41155268148521 57.70403913067217; -121.46305933468868 29.481934480230507 28.761064003121035; -168.88444023742846 5.495446154500598 -9.34236854706117; -207.56872943394663 -23.419302443154393 -33.26084437998046; -229.95040745301583 -68.36777120729074 -58.47469803460102; -229.95040745301583 -119.23222879270922 -84.12530196539896; -207.56872943394666 -164.1806975568456 -109.33915562001951; -168.8844402374285 -193.09544615450056 -133.25763145293882; -124.25590149596955 -200.48992717196103 -155.06621445671664; -65.9293741589142 -182.11627089049293 -148.73498980841862; -39.14914569298621 -143.88270769050118 -162.72713093885253; -56.792447050830305 -127.62800421713331 -200.91363988720548; -51.575066068954314 -85.1015063716541 -191.74751520444244; -93.89999999999999 -93.8 -210.3]
npts :	18
nout :	5
model :	(x,t) -> (x[1]-t[1])^2 + (x[2]-t[2])^2 +(x[3]-t[3])^2 - t[4]^2
dim :	4
cluster :	false
noise :	true
solution :	[-93.9, -93.8, -71.3, 139.0]
description :	[[-93.9, -93.8, -71.3, 139.0], [-93.9, -93.8, -71.3, 139.0]]
