name :	sphere3D
data :	[-55.971618319106994 -101.45152659825028 -30.165166116902753; -52.70241257558453 -103.61961163431312 -32.6264545643487; -51.279969653282336 -94.95014098966746 -32.81618204796629; -56.00173490433924 -89.9428063137218 -38.18723129572247; -60.32503866873545 -82.76323419383363 -39.980551186058136; -75.49674268411479 -90.89923859130319 -48.03487782393661; -82.09656395979336 -100.46073040877677 -53.886582993616926; -82.09656395979337 -112.33926959122323 -59.91341700638307; -75.49674268411479 -121.90076140869682 -65.76512217606339; -65.29585252007624 -125.6375820519651 -71.10161866827889; -56.00173490433923 -122.85719368627821 -75.61276870427753; -51.367134867002854 -111.60875749827781 -78.1159368692982; -52.70241257558453 -109.1803883656869 -81.1735454356513; -58.0 -106.4 -81.9]
npts :	14
nout :	4
model :	(x,t) -> (x[1]-t[1])^2 + (x[2]-t[2])^2 +(x[3]-t[3])^2 - t[4]^2
dim :	4
cluster :	false
noise :	true
solution :	[-58.0, -106.4, -56.9, 25.0]
description :	[[-58.0, -106.4, -56.9, 25.0], [-58.0, -106.4, -56.9, 25.0]]
