name :	sphere3D
data :	[49.8 -52.3 135.1; 93.89510010473764 2.99350661660754 118.95792546809432; 33.54508446890076 97.96767714555877 78.08719504626046; -93.37589066396303 16.649874968926426 8.370912234879256; -93.37589066396306 -121.24987496892639 -64.17091223487924; 21.442258916936527 -176.54338158553395 -129.52883770297356; 93.89510010473764 -107.59350661660756 -174.7579254680943; 52.038983415470554 -48.24196014935934 -162.9329198711625]
npts :	8
nout :	2
model :	(x,t) -> (x[1]-t[1])^2 + (x[2]-t[2])^2 +(x[3]-t[3])^2 - t[4]^2
dim :	4
cluster :	false
noise :	true
solution :	[49.8, -52.3, -27.9, 163.0]
description :	[[49.8, -52.3, -27.9, 163.0], [49.8, -52.3, -27.9, 163.0]]
