name :	sphere3D
data :	[-40.0 44.5 -40.2; -36.85290352274087 49.923039339751035 -38.64277178025328; -34.342045262750254 47.117648605064424 -40.87800388440749; -32.6283817136968 50.10375853439609 -41.71805803569873; -28.417140843410017 54.01294374736754 -37.48038391001866; -32.98722507571762 61.469833997364404 -39.96792970159801; -35.30486368296612 61.41035270516059 -46.11330109453633; -38.92029235402391 64.4140357622219 -48.14613073422921; -43.57581887028391 66.31153018376655 -50.425797741327; -48.88441909021506 66.7982105055508 -52.92557510449092; -54.37865041161449 65.70692276888516 -55.61615521970609; -54.979380352146016 63.23301621033753 -53.39491915832522; -63.943117044903374 58.9060955415591 -61.4416781826526; -61.76047667823438 58.56599085243592 -64.29670497306638; -68.78771907769342 47.630853124503645 -67.6299716510229; -68.78771907769342 41.36914687549636 -70.7700283489771; -67.11990922131946 35.362238659837956 -73.89167790003017; -63.943117044903374 30.09390445844091 -76.9583218173474; -59.558554409967314 25.973153162342367 -79.93400650485752; -54.378650411614494 23.293077231114832 -82.78384478029392; -48.88441909021506 22.201789494449198 -85.47442489550909; -38.209861231872814 25.111504444727807 -84.42372099237286; -38.92029235402391 24.585964237778104 -90.25386926577079; -32.24376504356127 31.789139549738355 -90.78521827052509; -32.996796428225515 31.290556771081405 -94.04885810886009; -32.1169170810951 35.21931732344481 -95.51968717045776; -32.6283817136968 38.8962414656039 -96.68194196430127; -33.032498748821816 42.512163971840764 -95.30002099482157; -36.93785358017544 43.82597060341242 -98.03000075747643; -39.44106990579292 49.654845143031295 -96.52627632222399]
npts :	30
nout :	9
model :	(x,t) -> (x[1]-t[1])^2 + (x[2]-t[2])^2 +(x[3]-t[3])^2 - t[4]^2
dim :	4
cluster :	false
noise :	true
solution :	[-40.0, 44.5, -69.2, 29.0]
description :	[[-40.0, 44.5, -69.2, 29.0], [-40.0, 44.5, -69.2, 29.0]]
