name :	sphere3D
data :	[-43.0 94.2 37.099999999999994; -31.841885346933932 96.16747666717403 36.60531075192691; -21.787131548350477 101.92085269980501 35.125007891587046; -7.433351074758828 111.26240754700373 43.32805832521776; -8.93965807017996 122.78002035108403 29.260040702168084; -7.685008304356025 136.2867682257184 24.92001231476449; -10.5 150.49165124598852 19.68330249197703; -13.221295907814461 170.0824183321153 37.57892929244965; -28.48954338363654 176.49288880273357 6.685777605467138; -42.99999999999999 186.12388155425117 -0.9761184457488241; -60.29288880273357 192.27284587561357 -9.337610740749895; -79.42164494712063 194.26764707160743 -18.335063274364018; -99.29165124598848 191.7 -27.89999999999999; -118.7332440890461 184.4553657219349 -37.95962597370908; -116.71275479144923 189.00962887543466 -33.857454746103755; -151.74711948591505 156.98517870878942 -59.25352413667231; -163.304155191782 137.98713154835048 -70.32573690329906; -167.618989859797 131.64045060512387 -69.81065960330048; -163.02460915601284 109.10117446536204 -82.41797873418861; -170.5378340847529 71.71163878973842 -104.23024655719554; -152.62757747837875 65.56066131981433 -99.17844042998894; -131.4097153674025 34.23282165089929 -116.0962665766543; -128.28807562628924 26.469252142948097 -118.9984621702597; -118.73324408904611 3.9446342780651094 -147.84037402629093; -99.29165124598856 -3.299999999999997 -157.89999999999998; -79.4216449471206 -5.867647071607422 -167.464936725636; -60.29288880273357 -3.8728458756135637 -176.46238925925013; -37.24753036662174 24.12534812021099 -170.8853537107658; -28.489543383636573 11.907111197266403 -192.48577760546715; 6.309226360634213 49.09427229222613 -196.81699820101437; -10.5 37.9083487540115 -205.48330249197704; -7.685008304356025 52.113231774281594 -210.72001231476452; 3.5586706798818355 81.2959292348349 -206.15998321253048; -13.861297154538239 77.37676206833612 -218.47035741757887; -21.78713154835048 86.479147300195 -220.92500789158706; -31.84188534693393 92.23252333282598 -222.40531075192692; -42.999999999999986 94.2 -222.9]
npts :	37
nout :	11
model :	(x,t) -> (x[1]-t[1])^2 + (x[2]-t[2])^2 +(x[3]-t[3])^2 - t[4]^2
dim :	4
cluster :	false
noise :	true
solution :	[-43.0, 94.2, -92.9, 130.0]
description :	[[-43.0, 94.2, -92.9, 130.0], [-43.0, 94.2, -92.9, 130.0]]
