name :	sphere3D
data :	[-100.7 -5.9 -110.4; -99.80733189590205 -5.60995455077969 -110.47386995642918; -99.2 -4.8101862079919595 -110.69366090222908; -99.09890647743323 -3.6962838225555896 -111.0539608548698; -99.2478834990999 -2.132977464977307 -110.35572882081468; -100.7 -1.6573593128807156 -112.15735931288071; -102.2 -1.2834746942371194 -112.87328848624517; -103.69912389772945 -0.5014999225361516 -112.67211241785981; -105.31652530576288 -2.5458980337503156 -114.54589803375032; -106.33608459435052 -4.068725105660667 -115.46139320975863; -106.7 -5.8999999999999995 -116.4; -106.33608459435052 -7.731274894339332 -117.33860679024139; -105.31652530576288 -9.254101966249685 -118.25410196624969; -103.8423229676858 -10.225036521004053 -119.12394299843729; -102.2 -10.51652530576288 -119.92671151375484; -100.06421370741498 -9.98131428127368 -119.66791669681662; -98.92923218934072 -9.203049462150759 -120.6880693868468; -99.09890647743323 -8.103716177444412 -121.74603914513021; -99.06467111834542 -6.786400742555322 -121.61443609448638; -99.80733189590205 -6.19004544922031 -122.32613004357083; -100.48591694572683 -4.7813287420378 -122.25585924666957]
npts :	21
nout :	6
model :	(x,t) -> (x[1]-t[1])^2 + (x[2]-t[2])^2 +(x[3]-t[3])^2 - t[4]^2
dim :	4
cluster :	false
noise :	true
solution :	[-100.7, -5.9, -116.4, 6.0]
description :	[[-100.7, -5.9, -116.4, 6.0], [-100.7, -5.9, -116.4, 6.0]]
