name :	sphere3D
data :	[-7.3 -35.4 79.6; -4.03839725525761 -34.82489143574913 79.45539852748632; -1.0993153756716767 -33.14313536467238 79.02269461446392; 1.2174669855965101 -30.482438143052107 78.30518139898459; 2.6560999487166272 -27.04584020506774 77.30831958986452; 5.7383513962869745 -18.935541397621662 82.21103830826536; 4.631730121179072 -12.669289386551606 78.9579159576222; 0.1546384088224224 -14.918549301561264 72.7277776829817; -3.0584819121399116 -11.34515558073942 70.70968883852117; -2.51399834597573 -4.847970613594904 71.48973034708956; -12.354844419260582 -6.732552744051418 66.0259291680885; -17.94632698454295 -6.149457009837821 63.39590458133975; -23.754482671904327 -6.899999999999995 60.60000000000001; -26.69809851841547 -2.4418211540561527 57.95996815256743; -34.65415979493225 -12.447134604907955 54.596765446375414; -39.087619542036705 -17.047409300507702 51.43512371389579; -40.738672065135034 -19.069395557231932 49.250106473656025; -38.71643003768558 -23.75027594978714 49.06476704383978; -45.3 -35.39999999999999 41.6; -44.58028996323546 -41.973520969153384 38.288081775589; -42.46582997913629 -48.199315375671674 35.00136924865665; -39.087619542036705 -53.75259069949229 31.76487628610422; -34.65415979493226 -58.35286539509204 28.60323455362459; -23.176250607959577 -61.39350205417853 29.336057617752925; -23.754482671904352 -63.89999999999999 22.60000000000001; -17.078649655120902 -60.45946031239148 22.76576341234995; -6.020118608060352 -63.156104163376604 23.471049274057535; -2.1085993334267874 -61.14688835502008 17.81964748605551; -3.0584819121399214 -59.45484441926059 12.490311161478843; 0.15463840882241264 -55.881450698438755 10.472222317018321; 2.2 -51.85448267190433 8.691034656191327; 3.0228437264190076 -47.70228609674846 7.160304092607305; 4.380942886329988 -37.301525891186586 6.461298922285318; 1.2174669855965154 -40.317561856947904 4.894818601015409; -1.0993153756716785 -37.656864635327615 4.177305385536094; -4.03839725525761 -35.97510856425087 3.744601472513672; -7.299999999999995 -35.4 3.6000000000000014]
npts :	37
nout :	11
model :	(x,t) -> (x[1]-t[1])^2 + (x[2]-t[2])^2 +(x[3]-t[3])^2 - t[4]^2
dim :	4
cluster :	false
noise :	true
solution :	[-7.3, -35.4, 41.6, 38.0]
description :	[[-7.3, -35.4, 41.6, 38.0], [-7.3, -35.4, 41.6, 38.0]]
