name :	sphere3D
data :	[45.6 -62.7 145.8; 68.35 -46.17115748787805 141.34614298285896; 65.89042786753157 -8.558748735214415 131.04229159095212; 22.850000000000005 7.317300470737024 108.28845795861506; -6.449764634671528 1.791041597469663 93.26801019887671; -45.4 -62.69999999999999 54.800000000000004; -24.41730047073701 -113.57054648812021 26.67945351187979; 22.84999999999999 -132.71730047073703 1.3115420413849534; 62.128842512121956 -113.57054648812024 -18.820546488120215; 68.35000000000001 -79.22884251212197 -31.74614298285897; 54.71234036762687 -56.81634962950365 -19.772396695149897]
npts :	11
nout :	3
model :	(x,t) -> (x[1]-t[1])^2 + (x[2]-t[2])^2 +(x[3]-t[3])^2 - t[4]^2
dim :	4
cluster :	false
noise :	true
solution :	[45.6, -62.7, 54.8, 91.0]
description :	[[45.6, -62.7, 54.8, 91.0], [45.6, -62.7, 54.8, 91.0]]
