name :	sphere3D
data :	[80.2 55.7 164.1; 106.50794447196199 72.60708930164128 159.6037200712092; 105.1295246556061 110.28804459629788 146.47914214426112; 68.26146399212435 138.73434180609388 125.78954146792665; 14.079267353124905 132.0073932572093 99.2110664432094; -25.219665766567516 86.65400674577202 68.89694704833465; -25.219665766567545 24.74599325422801 37.303052951665364; 17.443353110367507 -7.546063126764743 22.923519106087497; 73.62073650830234 -13.344343981377556 -5.829687399691261; 105.12952465560609 1.1119554037020905 -40.279142144261094; 114.90531432869199 55.50169905978855 -51.18580466745355; 80.20000000000002 55.7 -57.9]
npts :	12
nout :	3
model :	(x,t) -> (x[1]-t[1])^2 + (x[2]-t[2])^2 +(x[3]-t[3])^2 - t[4]^2
dim :	4
cluster :	false
noise :	true
solution :	[80.2, 55.7, 53.1, 111.0]
description :	[[80.2, 55.7, 53.1, 111.0], [80.2, 55.7, 53.1, 111.0]]
