name :	sphere3D
data :	[-96.8 118.0 90.5; -95.07675100921658 118.32213106466105 90.41894934960565; -93.54451487192253 119.26118165756573 90.17648889399413; -92.37921369208853 120.73723499549949 89.77468722028357; -91.22666693594893 124.449342492475 91.89031304680293; -90.45660582051997 127.4321022007644 92.196349869485; -92.34163087253205 126.9536122043327 87.65412557886268; -93.66654286626155 129.01295948794024 86.66232731832454; -95.61894495548002 130.7456137591992 85.54116942719253; -98.09555566799332 131.98127227380456 84.30021722928458; -100.94936783038432 132.5835152249443 82.95005809120588; -104.00051337452996 132.4605802221377 81.50221109466976; -107.04967168713051 131.57275882687418 79.96902875975422; -109.89300055921849 129.93584709665106 78.3635916575559; -109.24884760443172 128.60961195744179 77.11454226159302; -113.85408940958935 127.61735195322244 77.19947950667202; -115.3968182849446 121.47634782058616 73.25309882980274; -115.8 118.0 71.5; -113.04836475603868 114.7510529103968 72.77623669562723; -114.2153072364284 111.2532740334077 68.00875916148516; -112.33745222478407 108.37961688071896 66.30040318863043; -109.89300055921849 106.06415290334895 64.6364083424441; -107.04967168713051 104.42724117312582 63.030971240245776; -104.00051337452996 103.53941977786229 61.49778890533024; -98.48821770525 104.35715162715286 61.723653834153346; -98.09555566799332 104.01872772619544 58.699782770715416; -93.44896249534261 105.85414937922624 58.16089090474003; -93.66654286626155 106.98704051205978 56.33767268167545; -92.34163087253205 109.04638779566729 55.34587442113734; -90.15931303254965 112.64283391991755 54.91982587193746; -91.72774456090485 113.37602820053573 53.78302764131724; -90.68195049902936 117.88473373998777 53.81621857009011; -92.50238546811738 118.1312079830722 54.314926278322694; -95.07675100921658 117.67786893533895 52.581050650394346; -96.8 118.0 52.5]
npts :	35
nout :	10
model :	(x,t) -> (x[1]-t[1])^2 + (x[2]-t[2])^2 +(x[3]-t[3])^2 - t[4]^2
dim :	4
cluster :	false
noise :	true
solution :	[-96.8, 118.0, 71.5, 19.0]
description :	[[-96.8, 118.0, 71.5, 19.0], [-96.8, 118.0, 71.5, 19.0]]
