name :	sphere3D
data :	[-93.1 112.1 37.8; -88.93421551420957 113.45354542969477 37.45527353666385; -86.1 117.18579769603753 36.4295824562643; -85.62823022802172 122.38400882807392 34.7481826772743; -84.09531147898723 131.3974525172794 33.94624448994168; -93.1 131.89898987322331 29.59898987322333; -100.1 133.64378476022677 26.257987064189248; -103.32750475636554 134.3402161127739 26.318626283285855; -114.64378476022677 127.75247584249853 18.45247584249853; -117.05463325953156 124.62730963303345 19.340814061842018; -120.60868969829339 116.54659527710216 12.410394284938336; -119.40172810696907 103.55405049308311 5.419834978873538; -111.22274235152871 98.79267254912821 2.5886639873252166; -107.76417384920038 91.91649623531441 -2.9117339927073083; -100.1 90.55621523977322 -6.657987064189243; -93.1 92.30101012677666 -9.998989873223326; -88.01420230396248 96.44752415750146 -12.852475842498524; -85.62823022802172 101.81599117192607 -15.148182677274296; -86.1 107.01420230396246 -16.829582456264298; -85.59497635694568 111.83120269657519 -13.495861872049328; -93.1 112.1 -18.2]
npts :	21
nout :	6
model :	(x,t) -> (x[1]-t[1])^2 + (x[2]-t[2])^2 +(x[3]-t[3])^2 - t[4]^2
dim :	4
cluster :	false
noise :	true
solution :	[-93.1, 112.1, 9.8, 28.0]
description :	[[-93.1, 112.1, 9.8, 28.0], [-93.1, 112.1, 9.8, 28.0]]
