name :	sphere3D
data :	[70.5 69.6 8.900000000000006; 77.08691639544257 70.64326506675668 8.63797336731588; 83.14613147472093 73.70897719728771 7.853508950586715; 88.18011409015682 78.60846807889993 6.551443233802516; 91.75 85.03902872011392 4.739803885088051; 93.50083425621338 92.60083425621336 2.4297602634593716; 93.18215823636261 100.81931251379582 -0.36444544398872836; 90.66279768323011 109.17171855348232 -3.625586029902152; 86.53561718018803 127.7954378168763 2.452753343807583; 79.13566493101612 124.12344253842915 -11.46549292399736; 70.5 129.70407640085654 -15.995923599143453; 60.38893546242652 133.43874903908173 -20.896915891934384; 49.25 135.00077516497413 -26.138253555139777; 38.93114104803621 143.95713344097663 -23.411806198488513; 25.98375795778456 130.8713507142241 -37.51080752213851; 14.971073992754 125.12892600724601 -43.57190824896736; 5.099224835025879 117.11644452187053 -49.83355547812946; -3.142975154902558 107.12297001790878 -56.257144072248025; -6.844618345177566 108.3139009997948 -47.810287827871534; -13.194708300559185 82.85593953230939 -69.43097686313317; -14.5 69.60000000000001 -76.1; -13.1947083005592 56.34406046769062 -82.7690231368668; -9.344531753298995 43.65693899685945 -89.39692952841962; -3.1429751549025724 32.07702998209122 -95.94285592775195; 6.843087015241974 22.481242284894275 -96.902595021093; 23.38902192278633 30.310827426568867 -99.07622361432534; 25.983757957784547 8.328649285775903 -114.68919247786147; 37.59730458338448 5.0248243159142305 -120.51237800085565; 49.249999999999986 4.199224835025859 -126.0617464448602; 66.76277293044414 21.49858942380699 -127.39522478918887; 75.93313409736187 10.941256498855415 -122.98156020688619; 82.97525537801157 23.042959401025403 -129.64251238248315; 85.93902872011391 22.083555478129448 -144.8664445218705; 98.19548525985861 36.66826444055926 -142.26151469474658; 93.18215823636261 38.38068748620417 -151.83555455601126; 98.1954719135509 48.85965772870976 -138.05699535671027; 91.75 54.16097127988606 -156.93980388508805; 88.18011409015683 60.59153192110004 -158.7514432338025; 90.83055081350614 71.98304979503338 -144.12424391701327; 77.08691639544259 68.5567349332433 -160.83797336731587; 70.72431165923192 75.65380025944438 -145.37448634966486]
npts :	41
nout :	12
model :	(x,t) -> (x[1]-t[1])^2 + (x[2]-t[2])^2 +(x[3]-t[3])^2 - t[4]^2
dim :	4
cluster :	false
noise :	true
solution :	[70.5, 69.6, -76.1, 85.0]
description :	[[70.5, 69.6, -76.1, 85.0], [70.5, 69.6, -76.1, 85.0]]
