name :	sphere3D
data :	[-7.2 69.2 94.6; 38.623852617221296 147.15399234967106 111.0772747451162; 19.796775872819044 209.9499655671635 47.34180009858646; -115.64472608473925 177.64472608473926 -7.8745502273950905; -173.2 69.20000000000002 -71.39999999999999; -115.64472608473928 -39.24472608473924 -134.9254497726049; -7.2000000000000215 -48.179725676966896 -188.7797256769669; 37.71927631213435 24.28072368786563 -224.7640023968736; -7.19999999999998 69.2 -237.4]
npts :	9
nout :	2
model :	(x,t) -> (x[1]-t[1])^2 + (x[2]-t[2])^2 +(x[3]-t[3])^2 - t[4]^2
dim :	4
cluster :	false
noise :	true
solution :	[-7.2, 69.2, -71.4, 166.0]
description :	[[-7.2, 69.2, -71.4, 166.0], [-7.2, 69.2, -71.4, 166.0]]
