name :	sphere3D
data :	[-50.3 -38.2 153.8; -34.63907441629752 -17.44466394799776 155.14427330896646; -44.71905514755251 -6.548888922025558 142.1022221559489; -71.95063509461096 -0.7000000000000028 128.8; -96.57082891991615 -21.358795558326737 112.48240888334652; -88.39836210781164 -52.07803189545811 101.5256700252658; -71.95063509461099 -75.69999999999999 78.80000000000001; -44.719055147552524 -69.85111107797447 65.4977778440511; -37.19986848853075 -49.19231551964772 56.81536896070458; -50.05863234670308 -28.58088950832643 60.422455646493965]
npts :	10
nout :	3
model :	(x,t) -> (x[1]-t[1])^2 + (x[2]-t[2])^2 +(x[3]-t[3])^2 - t[4]^2
dim :	4
cluster :	false
noise :	true
solution :	[-50.3, -38.2, 103.8, 50.0]
description :	[[-50.3, -38.2, 103.8, 50.0], [-50.3, -38.2, 103.8, 50.0]]
