name :	sphere3D
data :	[-35.8 88.7 48.400000000000006; -0.8928515405702839 123.60714845942971 38.580459693956; -35.79999999999999 179.91677477306462 10.616774773064648; -120.07331123452627 172.9733112345263 -31.233837224903404; -146.30192543484395 99.88095021079924 -56.94039634120142; -120.0733112345263 4.4266887654737275 -129.96616277509656; -35.80000000000001 -2.5167747730646397 -171.81677477306462; 6.335536943017389 68.6981466360834 -185.7352067307549; -35.79999999999998 88.7 -209.6]
npts :	9
nout :	2
model :	(x,t) -> (x[1]-t[1])^2 + (x[2]-t[2])^2 +(x[3]-t[3])^2 - t[4]^2
dim :	4
cluster :	false
noise :	true
solution :	[-35.8, 88.7, -80.6, 129.0]
description :	[[-35.8, 88.7, -80.6, 129.0], [-35.8, 88.7, -80.6, 129.0]]
