name :	sphere3D
data :	[-104.5 -5.3 23.200000000000003; -83.48368581394708 1.9149097732457472 21.35877595936752; -69.90847688859546 21.623663141529025 15.885327629585674; -69.35699575205224 48.49037238705558 6.928956412876033; -84.14465855733619 75.081425548332 -5.266031231486863; -112.7020058638838 93.6834904689941 -20.36698783052495; -149.89860243877115 98.19838865294756 -37.961998653472364; -188.23191372053248 85.65710497886829 -57.57111767184911; -219.59588192134117 56.98677646674149 -78.6594592359921; -237.203971228855 16.844376201386392 -100.65178836123512; -228.23491966061707 -24.56238374309928 -118.22289380083258; -219.59588192134117 -67.58677646674145 -144.9405407640079; -188.23191372053253 -96.25710497886827 -166.02888232815087; -149.8986024387712 -108.79838865294757 -185.6380013465276; -92.01773376325491 -102.51180200307434 -183.5668123561793; -61.444264461634276 -84.97332970187013 -202.54389623586835; -55.184550853893114 -34.91828415238352 -209.86922095030877; -49.03909322135483 -10.507356304401185 -220.82267693566467; -56.64084660385939 9.705309872221731 -242.62082102960602; -104.49999999999999 -5.3 -246.8]
npts :	20
nout :	6
model :	(x,t) -> (x[1]-t[1])^2 + (x[2]-t[2])^2 +(x[3]-t[3])^2 - t[4]^2
dim :	4
cluster :	false
noise :	true
solution :	[-104.5, -5.3, -111.8, 135.0]
description :	[[-104.5, -5.3, -111.8, 135.0], [-104.5, -5.3, -111.8, 135.0]]
