name :	sphere3D
data :	[25.9 -76.5 247.9; 51.08717441196773 -66.74243664935986 245.39704565353358; 65.14323944984133 -40.725060288355415 237.9734177224403; 60.39369798619938 -7.227316103320675 225.8819189522533; 40.81808836397764 41.47043189269375 232.3213039982805; -6.203003740341863 36.33035463509549 189.48729154775071; -33.427144460837766 45.67527220759089 192.99071633447272; -78.26279570767022 8.956305866534464 161.21497412234334; -114.8521159932082 -44.15339874837357 130.03633040089915; -117.98064673088726 -103.39595419085076 87.33655115889462; -94.31081458122415 -150.93138518601654 60.67154045940382; -53.40009147411502 -181.51029197634233 35.37646170084889; 16.974147546750796 -163.3560016751326 41.393016438709964; 35.0376363970756 -175.11080118959381 -7.734310831436858; 60.393697986199356 -145.77268389667938 -24.081918952253247; 65.14323944984133 -112.27493971164458 -36.17341772244029; 51.08717441196774 -86.25756335064014 -43.59704565353357; 25.900000000000016 -76.5 -46.099999999999994]
npts :	18
nout :	5
model :	(x,t) -> (x[1]-t[1])^2 + (x[2]-t[2])^2 +(x[3]-t[3])^2 - t[4]^2
dim :	4
cluster :	false
noise :	true
solution :	[25.9, -76.5, 100.9, 147.0]
description :	[[25.9, -76.5, 100.9, 147.0], [25.9, -76.5, 100.9, 147.0]]
