name :	sphere3D
data :	[-9.7 -79.2 80.8; 4.799999999999999 -68.66513334392226 77.96127794511891; 0.8348666560777342 -46.77701432625305 69.72298567374695; -24.199999999999996 -34.57358871095882 56.891544632963445; -54.32641128904116 -46.777014326253045 40.72298567374695; -66.20621782878285 -73.63567969993616 26.66353564965362; -54.326411289041175 -111.62298567374694 4.877014326253054; -24.200000000000003 -123.82641128904118 -11.291544632963433; 1.9820787907124273 -100.36454705282996 -12.726198068386994; 4.8000000000000025 -89.73486665607774 -32.3612779451189; -2.662024550086598 -75.60823717085391 -27.391167224960665]
npts :	11
nout :	3
model :	(x,t) -> (x[1]-t[1])^2 + (x[2]-t[2])^2 +(x[3]-t[3])^2 - t[4]^2
dim :	4
cluster :	false
noise :	true
solution :	[-9.7, -79.2, 22.8, 58.0]
description :	[[-9.7, -79.2, 22.8, 58.0], [-9.7, -79.2, 22.8, 58.0]]
