name :	sphere3D
data :	[68.8 -2.5 206.8; 77.99446753002887 -0.9234502115034786 206.4037237396779; 93.12848036097745 9.610529691325889 209.35876477248408; 92.99784441758315 11.01772691384359 203.25062416268486; 112.25690314898277 41.4630858271207 215.83964671272057; 102.56697954782983 44.31939449757769 199.5391930135424; 96.92722123150757 43.181510048077186 192.8315524477307; 91.766924904555 54.65539055817627 187.93606141682264; 83.35882234696594 65.0531724524862 182.38393297502836; 72.03033899513481 73.54469495395331 176.2151703349977; 67.2907362015844 94.04710206631518 171.67388080409228; 42.902846540631444 82.06308419709539 162.20964939347152; 26.630223270820878 81.1387624654867 154.47380119129548; 10.394032684072023 76.470081034096 146.32241192994405; -4.888465154727612 68.12467324926445 137.81421255583393; -18.341270261919135 56.39721890772445 129.01050484042054; -29.18538031230446 41.79218454650073 119.9747196995299; -36.78842044054623 24.993086363995324 110.77196017215667; -40.704967080495706 6.8202462618665205 101.46853235157633; -40.704967080495706 -11.820246261866496 92.13146764842368; -16.082987278870966 -12.476626514668872 99.67445903179049; -29.18538031230449 -46.79218454650071 73.62528030047011; 2.8868783384970556 -57.56366745800803 75.99905743888952; -4.8884651547276405 -73.12467324926443 55.78578744416606; 10.394032684072045 -81.47008103409601 47.27758807005593; 26.630223270820842 -86.1387624654867 39.12619880870453; 52.64373137537151 -79.0805535574298 52.46438196460907; 75.0242994550025 -78.66704397722901 42.62717488279579; 87.26653701523225 -74.47179526227771 37.428264366348145; 83.35882234696591 -70.05317245248625 11.216067024971679; 91.76692490455498 -59.65539055817628 5.663938583177369; 101.44014416161484 -37.45344106993184 9.286649004984227; 98.7346017572392 -36.512314551137216 -3.435133942694918; 97.31141386451895 -25.521358904711885 -6.916519000719262; 92.99784441758317 -16.017726913843617 -9.650624162684863; 86.3281767920482 -8.693098845258621 -11.617750138247928; 96.63432100985645 -0.17267309789531726 -2.990611826815954; 68.80000000000001 -2.5 -13.200000000000003]
npts :	38
nout :	11
model :	(x,t) -> (x[1]-t[1])^2 + (x[2]-t[2])^2 +(x[3]-t[3])^2 - t[4]^2
dim :	4
cluster :	false
noise :	true
solution :	[68.8, -2.5, 96.8, 110.0]
description :	[[68.8, -2.5, 96.8, 110.0], [68.8, -2.5, 96.8, 110.0]]
