name :	sphere3D
data :	[121.79230609603664 -1.644104106070241 26.613021856094527; 124.06578488013258 -4.02044654030692 23.149685806317343; 125.43060381202538 -5.435494024877819 20.214130564054763; 128.68065537057504 0.2278179100615514 18.620924415054134; 136.72493377574054 12.010533322175476 26.645773165204417; 127.98193780853781 14.652392330707686 13.62714468921741; 125.26059037256755 32.40604953143072 18.73679961451613; 116.74772139754087 27.36799885938636 6.429752055772198; 107.9182745563581 30.966695176108963 2.1062456630005215; 97.85023965648868 31.88970957949291 -2.6347114050689697; 87.43014577107598 29.820025940989126 -7.737535761511541; 77.60618991213096 24.737123312798964 -13.142401456304711; 69.29064008725223 16.921905337439668 -18.785941380892858; 63.26568940784241 6.930237024445271 -24.601990189597934; 60.10260174920213 -4.46217510869998 -30.52236002780203; 60.10260174920213 -16.33782489130001 -36.47763997219796; 63.96558614006367 -24.383981613308645 -38.82212399829867; 69.29064008725223 -37.72190533743965 -48.214058619107135; 88.27722450159402 -40.53891591988304 -47.349694034929826; 96.36796894290146 -41.82774388974799 -58.25816337529998; 108.61928198906122 -50.24279380816493 -55.83639285852428; 107.9182745563581 -51.76669517610896 -69.10624566300052; 116.74772139754087 -48.16799885938636 -73.4297520557722; 123.60456887713323 -42.47135857875284 -77.2851186138104; 127.98193780853781 -35.452392330707674 -80.6271446892174; 129.65067450137136 -28.001294731397763 -83.41664808190262; 130.92559461521094 -13.687433804371546 -83.86644979404015; 125.4306038120254 -15.364505975122189 -87.21413056405476; 120.50751907208107 -11.678331614217827 -88.17758764348977; 114.7 -10.4 -88.5]
npts :	30
nout :	9
model :	(x,t) -> (x[1]-t[1])^2 + (x[2]-t[2])^2 +(x[3]-t[3])^2 - t[4]^2
dim :	4
cluster :	false
noise :	true
solution :	[114.7, -10.4, -33.5, 55.0]
description :	[[114.7, -10.4, -33.5, 55.0], [114.7, -10.4, -33.5, 55.0]]
