name :	sphere3D
data :	[28.404313417979832 -87.99806916923875 67.0257940355603; 26.951705169680316 -90.55768421468402 62.5354437049027; 31.695174848830938 -86.43922326862622 61.4470908713026; 39.75099447729696 -78.5103083622645 61.744695393602456; 34.29964255135714 -72.87701636505284 57.172801282660494; 38.45274717296891 -60.70974536955243 63.37722332329031; 25.09653019132153 -59.08561262744358 50.32553740855505; 25.347999889266653 -47.34401390309706 47.57440545903842; 6.632240816400948 -47.74512100404793 46.37741268278296; 1.7654644978212222 -49.930519272027645 43.77627490021097; -13.893485368229584 -60.998477182606365 30.63024435212678; -21.88631413992882 -69.43904193679117 24.865783214377892; -27.09312791958672 -80.12146081755354 18.92683401276615; -28.9 -92.0 12.900000000000004; -27.093127919586728 -103.87853918244645 6.873165987233857; -21.886314139928828 -114.56095806320882 0.9342167856221142; -13.893485368229591 -123.00152281739364 -4.830244352126771; -4.049817647713329 -128.43580115354555 -10.336158602188425; 6.508294959847522 -130.47516410393018 -15.503237336557786; 16.588849964001348 -129.1526631033613 -20.256132912039753; 25.096530191321534 -124.91438737255642 -24.52553740855506; 31.171926767372405 -118.55748825453036 -28.24919329468282; 34.29964255135714 -111.12298363494719 -31.37280128266049; 39.570793773605146 -100.6844576895779 -33.01555418655711; 31.695174848830938 -97.56077673137376 -35.6470908713026; 27.496519536655953 -86.6451349487634 -28.742836179142287; 21.10000000000001 -92.0 -37.1]
npts :	27
nout :	8
model :	(x,t) -> (x[1]-t[1])^2 + (x[2]-t[2])^2 +(x[3]-t[3])^2 - t[4]^2
dim :	4
cluster :	false
noise :	true
solution :	[21.1, -92.0, 12.9, 50.0]
description :	[[21.1, -92.0, 12.9, 50.0], [21.1, -92.0, 12.9, 50.0]]
