name :	sphere3D
data :	[-80.9 -96.3 180.8; -46.737294793657014 -81.63222332885164 192.3163174663543; -45.28354287047978 -68.57859869131455 173.2685965963882; -44.71572155211306 -40.9158388014761 164.046851417702; -37.17454795408735 -7.783421611140927 177.75970720768967; -89.34502825985074 5.616334631038356 135.942138455978; -127.64374621473473 10.26500757599787 117.82579397901733; -149.77661275152468 20.354842846674263 116.53781932022719; -199.4061302745661 -32.16768941572545 75.92248271257108; -217.53594074674703 -73.49949413338734 53.2785290206542; -217.53594074674703 -119.10050586661262 30.32147097934581; -176.00469247765244 -133.18020826857347 8.786755520067022; -167.112859312252 -189.95213031157547 -14.035664026762753; -127.64374621473479 -202.86500757599788 -34.22579397901731; -89.34502825985078 -198.21633463103836 -52.34213845597799; -42.00543617858547 -172.984792792481 -52.23588112488017; -44.715721552113074 -151.68416119852392 -80.44685141770196; -45.28354287047977 -124.02140130868545 -89.66859659638821; -50.582212287472416 -79.97773993004479 -82.54991595414117; -80.89999999999999 -96.3 -97.2]
npts :	20
nout :	6
model :	(x,t) -> (x[1]-t[1])^2 + (x[2]-t[2])^2 +(x[3]-t[3])^2 - t[4]^2
dim :	4
cluster :	false
noise :	true
solution :	[-80.9, -96.3, 41.8, 139.0]
description :	[[-80.9, -96.3, 41.8, 139.0], [-80.9, -96.3, 41.8, 139.0]]
