name :	sphere3D
data :	[-78.23441040979543 -22.281667862310723 134.82545087968424; -76.08213655514038 -21.746781951870997 117.53310842866246; -65.65675571918443 -15.767257842850565 117.65276453221693; -62.7407260646225 -8.03748603971644 113.82667233240444; -60.37546939496383 2.4101914242811695 110.62516085744099; -61.73963821888128 13.878233852417061 106.56554206915698; -67.04519487840075 25.149426792702855 101.68947314986214; -73.2769632859518 43.46621466687832 109.00822796932151; -88.44062385506383 42.27148940046572 89.69598963588749; -103.13710462300928 46.063402634639154 82.70164441183732; -119.110155065583 45.73441668420802 75.13572493975357; -131.72185942457736 45.71773070792216 81.39733944420279; -146.27823776868343 43.67759895313091 68.39194105042355; -148.0859396034203 19.79136675805053 59.90060967088939; -158.25462454269234 8.574977111132675 58.538588127233126; -175.51690983321197 -14.405498941380326 31.60907436432286; -175.51690983321197 -32.79450105861966 22.39092563567715; -153.83842052237713 -40.399164913779785 17.518572720771527; -162.12558072733725 -66.35268503571551 4.190619564456441; -149.84896130785637 -79.1851600390178 -4.604778008878636; -135.10918921450275 -88.20654622286085 -13.075867791744727; -119.11015506558299 -92.93441668420803 -21.135724939753587; -101.42386995077365 -87.86602689597892 -16.76606211915113; -88.44062385506383 -89.47148940046571 -35.695989635887486; -76.12413424784994 -82.19135705239879 -42.04698916504398; -67.04519487840075 -72.34942679270286 -47.68947314986214; -61.73963821888128 -61.078233852417064 -52.565542069156976; -60.37546939496383 -49.610191424281176 -56.62516085744099; -62.74072606462249 -39.162513960283576 -59.82667233240444; -68.26637887722097 -30.823875752057432 -62.137224653977; -76.08213655514037 -25.453218048129013 -63.53310842866246; -85.09999999999998 -23.6 -64.0]
npts :	32
nout :	9
model :	(x,t) -> (x[1]-t[1])^2 + (x[2]-t[2])^2 +(x[3]-t[3])^2 - t[4]^2
dim :	4
cluster :	false
noise :	true
solution :	[-85.1, -23.6, 27.0, 91.0]
description :	[[-85.1, -23.6, 27.0, 91.0], [-85.1, -23.6, 27.0, 91.0]]
