name :	sphere3D
data :	[-28.9 22.4 195.7; -5.193593462712334 38.27631290655004 209.580517988625; -10.558357616987585 31.611519022007634 193.30099348160434; 1.3881790199270245 48.320403733179575 202.5837187991961; -2.242736392139594 68.14288580454112 202.30548473246583; -9.529204515107605 67.30655151405406 181.05841521575135; -18.965918162643476 78.73897771879452 174.87795543758904; -32.664078418949664 87.02673060395315 167.7755057703173; -49.37458569960718 90.7898789557469 159.84711466154798; -67.43813046840751 89.15 151.20000000000002; -84.98051313416444 81.84187121371541 141.95109917748496; -100.13458192909025 69.25172157443805 132.22548771128703; -111.26207547745076 52.37734390617841 122.15468781235681; -117.14865805211468 32.714788792694584 111.87488977303235; -117.14865805211468 12.085211207305433 101.52511022696766; -111.26207547745076 -7.577343906178392 91.24531218764321; -99.5461132701845 -14.252521190216406 89.06535999540124; -74.48496024584837 -30.24046567418026 84.504769366751; -67.43813046840756 -44.35 62.200000000000024; -49.37458569960722 -45.989878955746924 53.55288533845205; -32.66407841894969 -42.22673060395318 45.624494229682725; -18.965918162643497 -33.93897771879455 38.52204456241097; 1.0916109858887513 -13.07799647415969 49.71150982525862; -5.04761850987731 -9.63930858821346 27.16669501121632; 3.320718322808128 7.828634004701361 31.705683668440884; -10.558357616987575 13.188480977992349 20.099006518395683; -18.846238300580474 20.017214705456453 18.30178616096707; -16.71727328477211 30.19450481572831 31.035147369163376]
npts :	28
nout :	8
model :	(x,t) -> (x[1]-t[1])^2 + (x[2]-t[2])^2 +(x[3]-t[3])^2 - t[4]^2
dim :	4
cluster :	false
noise :	true
solution :	[-28.9, 22.4, 106.7, 89.0]
description :	[[-28.9, 22.4, 106.7, 89.0], [-28.9, 22.4, 106.7, 89.0]]
