name :	sphere3D
data :	[29.2 43.8 40.7; 31.72698371257055 44.31930835414604 40.56916774649332; 33.91711361132818 45.824272875576526 40.17801350193861; 3.165510828045342 95.86092424161792 66.93055103820124; 36.12830253218046 51.08857012438648 38.63342419631588; 35.74603544415964 54.302142453149834 37.495838711686844; -10.740686476914497 70.36055366169145 68.82946775078554; 31.71521512834974 60.21845719600185 34.54833212866617; 10.063891117537054 31.458494282548084 12.368656436430008; 24.145646506739155 63.321063375640634 30.808702554965404; 19.66968182228168 63.22887500491543 28.68858226333754; 15.186435989342625 61.904032183329136 26.430050864719675; 11.056060292853441 59.37606132961488 24.056283947542916; 7.615908697284613 55.78014800451369 21.591639572597373; 5.150020985289622 51.34572959554319 19.061408326366706; 3.863393398385657 46.37648106587694 16.491553805387174; 3.863393398385657 41.223518934123064 13.908446194612827; 5.150020985289622 36.25427040445681 11.338591673633296; 7.8159086972846135 36.01985199548631 -8.491639572597371; 11.056060292853434 28.22393867038512 6.343716052457085; 15.186435989342632 25.695967816670855 3.969949135280322; 19.66968182228169 24.37112499508456 1.7114177366624563; 24.145646506739155 24.278936624359357 -0.4087025549654051; 28.263891117537053 25.341505717451913 -2.3686564364300082; 31.71521512834974 27.38154280399814 -4.148332128666169; 7.859313523085504 16.839446338308537 -3.1294677507855453; 35.74603544415964 33.29785754685016 -7.095838711686845; 36.12830253218046 36.511429875613516 -8.23342419631588; 35.465510828045346 39.439075758382074 -9.130551038201247; -1.0828863886718096 76.27572712442347 -39.67801350193861; 31.726983712570554 43.280691645853956 -10.169167746493326; 29.200000000000003 43.8 -10.3]
npts :	32
nout :	6
model :	(x,t) -> (x[1]-t[1])^2 + (x[2]-t[2])^2 +(x[3]-t[3])^2 - t[4]^2
dim :	4
cluster :	false
noise :	false
solution :	[29.2, 43.8, 15.2, 25.5]
description :	[[29.2, 43.8, 15.2, 25.5], [29.2, 43.8, 15.2, 25.5]]
