name :	sphere3D
data :	[4.5 -11.4 83.69999999999999; 10.869817743992206 -10.04605344187232 83.35871408144342; 16.33306143993733 -6.131581611921568 82.33859552571609; -27.625000000000007 36.81589987368349 77.15082096518806; 21.455564050782854 7.431061630787399 78.31388201113403; 20.075000000000003 15.576691327885259 75.35338265577053; 15.815899873683497 23.426758749559227 71.80175874955921; 8.857460986701177 30.058471922531368 67.69792262724167; 6.460549295289715 -12.655702237141952 78.18683677615687; -11.074999999999996 36.53492109150458 58.01902121782107; -22.47669132788525 35.325 52.550000000000004; -33.582820380346625 30.89525691440521 46.73969286362235; -43.434921091504556 23.426758749559227 40.65175874955922; -21.470177137637645 -3.3140402221162493 38.352898337946414; -56.10476752331574 1.4819410055670144 27.91212326157481; -57.8 -11.399999999999993 21.400000000000002; -56.10476752331575 -24.281941005567 14.887876738425195; -51.17017713763765 -36.185959777883745 8.447101662053592; -43.43492109150457 -46.22675874955922 2.1482412504407797; -81.88282038034664 -31.7952569144052 -28.839692863622346; -22.476691327885288 -58.12499999999999 -9.749999999999986; -11.075000000000008 -59.33492109150457 -15.219021217821066; -0.3394507047102877 -57.44429776285805 -20.286836776156868; 8.85746098670116 -52.85847192253138 -24.897922627241655; 15.81589987368349 -46.22675874955923 -29.001758749559215; 20.075000000000003 -38.37669132788526 -32.553382655770534; 21.455564050782854 -30.231061630787423 -35.51388201113403; -27.324999999999996 7.184100126316494 -31.650820965188064; 16.33306143993733 -16.668418388078432 -39.53859552571609; 10.869817743992222 -12.753946558127687 -40.558714081443426; -27.199999999999992 14.9 -57.8]
npts :	31
nout :	6
model :	(x,t) -> (x[1]-t[1])^2 + (x[2]-t[2])^2 +(x[3]-t[3])^2 - t[4]^2
dim :	4
cluster :	false
noise :	false
solution :	[4.5, -11.4, 21.4, 62.3]
description :	[[4.5, -11.4, 21.4, 62.3], [4.5, -11.4, 21.4, 62.3]]
