name :	sphere3D
data :	[-40.6 29.0 47.900000000000006; -39.810933356851805 29.147502119081636 47.8628873337668; -39.10933049398558 29.57748844320115 47.75186596724995; -38.5757452169037 30.25336549793924 47.56788309560353; -38.277440930519596 31.117292350281005 47.3125083958179; -74.96302886400298 -6.405350085107557 78.18792063478904; -38.5585362416331 33.09981190408919 46.596889080847646; -39.16520647034082 34.042776186583154 46.14274987733808; -40.05920111119348 34.83614945815963 45.62937757981974; -41.193228121660106 35.40195098853157 45.06115209972505; -42.49997369075493 35.67771486615871 44.44292133649953; -79.39707717675846 41.02142357539989 33.579959817033; -45.293270719896604 35.21489483125291 43.07792369525588; -12.695216045536888 35.06536156530864 64.84280249582824; -47.71451759766428 33.40512279672343 41.580868013627125; -48.57437752404879 32.08929031101858 40.79862080500416; -49.11538521468516 30.591801370478926 40.00273472733073; -49.3 29.0 39.2; -49.11538521468516 27.408198629521078 38.39726527266927; -48.5743775240488 25.910709688981424 37.60137919499584; -47.71451759766428 24.594877203276575 36.81913198637288; -46.59521604553689 23.534638434691363 36.057197504171775; -45.293270719896604 22.785105168747087 35.32207630474412; -43.89707717675846 22.3785764246001 34.620040182967; -42.49997369075493 22.322285133841287 33.957078663500475; -77.89322812166012 38.99804901146843 71.83884790027496; -40.05920111119349 23.163850541840365 32.770622420180274; -39.16520647034082 23.957223813416846 32.25725012266192; -38.4585362416331 70.20018809591082 5.503110919152359; -40.86302886400297 23.405350085107557 -16.28792063478904; -38.277440930519596 26.882707649718995 31.08749160418211; -17.175745216903692 15.146634502060758 75.13211690439647; -39.10933049398558 28.42251155679885 30.648134032750058; -39.810933356851805 28.85249788091836 30.537112666233206; -40.6 29.0 30.500000000000004]
npts :	35
nout :	7
model :	(x,t) -> (x[1]-t[1])^2 + (x[2]-t[2])^2 +(x[3]-t[3])^2 - t[4]^2
dim :	4
cluster :	false
noise :	false
solution :	[-40.6, 29.0, 39.2, 8.7]
description :	[[-40.6, 29.0, 39.2, 8.7], [-40.6, 29.0, 39.2, 8.7]]
