name :	sphere3D
data :	[-3.8 3.0 112.0; 3.77089304487657 4.666479577080325 111.57969152796758; 10.188805333131267 9.47191051665928 110.32369384441321; 14.425690728549647 16.854809893662058 108.24673237380694; 15.690242940878662 25.945687858931244 105.37315759040762; 1.9148171067665611 39.8592096383953 61.73665953121615; 7.8083197907354895 44.80938927448326 97.37987281109466; -1.1305159235694533 52.23573669487276 92.35387677088849; -12.64090389652954 56.9271280750366 86.71759661885704; -25.765960302359307 58.13040321544802 80.5371125864828; -39.34997360388822 55.43228836307127 73.88488519817494; -52.156839696367456 48.806031664139745 66.83890573787185; -62.99729283170937 38.617829321716805 59.48178187254513; -70.85163762650362 25.592327175504114 51.89976915283324; -26.275153719676496 21.840764449203846 -1.5182402544255638; -45.6751537196765 -47.84076444920383 50.81824025442556; -70.85163762650363 -19.592327175504092 28.700230847166765; -62.99729283170938 -32.61782932171678 21.118218127454877; -15.056839696367476 -10.106031664139735 32.86109426212815; -39.349973603888245 -49.432288363071265 6.715114801825052; -25.76596030235932 -52.13040321544802 0.0628874135171884; -12.64090389652954 -50.9271280750366 -6.11759661885705; -1.1305159235694546 -46.23573669487276 -11.753876770888489; 7.808319790735498 -38.80938927448325 -16.779872811094663; 48.014817106766564 -36.25920963839528 -35.836659531216156; 15.690242940878658 -19.94568785893127 -24.77315759040762; 21.025690728549655 -6.354809893662081 -17.646732373806927; 10.188805333131281 -3.4719105166592907 -29.72369384441322; 3.7708930448765816 1.3335204229196707 -30.97969152796759; -3.799999999999991 3.0 -31.400000000000006]
npts :	30
nout :	6
model :	(x,t) -> (x[1]-t[1])^2 + (x[2]-t[2])^2 +(x[3]-t[3])^2 - t[4]^2
dim :	4
cluster :	false
noise :	false
solution :	[-3.8, 3.0, 40.3, 71.7]
description :	[[-3.8, 3.0, 40.3, 71.7], [-3.8, 3.0, 40.3, 71.7]]
