name :	sphere3D
data :	[-8.9 41.1 -6.199999999999999; -8.728336697645139 41.13026887180268 -6.207610603816509; -8.57364817766693 41.21878234922777 -6.230384493975583; -8.451712263915974 41.35881904510252 -6.268148347421863; -8.37599473954123 41.53969262078591 -6.320614758428182; -8.356692435451631 41.74748874193413 -6.387384425926699; -8.4 41.96602540378444 -6.467949192431122; -6.807650610061978 -4.822028910608488 -43.661695911422015; -8.6767622059021 42.36604444311898 -6.6679111137620435; -8.9 42.514213562373094 -6.785786437626904; -9.16604444311898 42.60881301347098 -6.914424780626921; -9.460332999186472 42.639502262640114 -7.052847127297907; -25.366025403784437 49.7 -30.0; 18.53487316786083 58.88854408802977 28.0452365234814; -10.339692620785907 42.30804554711011 -7.5159597133486615; -10.573032607475616 42.06592582628907 -7.682361909794958; -10.750833156796647 41.773648177666935 -7.852703644666138; -10.862120524380813 41.44597478785018 -8.025688514504683; 19.799999999999997 61.6 -24.0; -51.16212052438081 15.55402521214982 -45.77431148549532; -10.750833156796647 40.42635182233307 -8.54729635533386; -10.573032607475616 40.134074173710935 -8.71763809020504; -10.33969262078591 39.89195445288989 -8.884040286651336; -10.065126832139171 39.71145591197023 -9.045236523481398; -9.76602540378444 39.6 -9.2; -9.460332999186472 39.56049773735989 -9.347152872702091; -9.16604444311898 39.591186986529024 -9.485575219373079; 28.700000000000003 -7.114213562373088 15.685786437626906; -8.6767622059021 39.83395555688102 -9.732088886237955; -8.50765061006198 40.02202891060849 -9.838304088577983; -8.4 40.23397459621556 -9.932050807568876; -8.356692435451631 40.45251125806587 -10.0126155740733; -8.37599473954123 40.660307379214096 -10.079385241571815; -8.451712263915974 40.84118095489748 -10.131851652578135; -8.57364817766693 40.98121765077223 -10.169615506024416; 23.471663302354866 25.769731128197325 -28.59238939618349; -8.9 41.1 -10.2]
npts :	37
nout :	7
model :	(x,t) -> (x[1]-t[1])^2 + (x[2]-t[2])^2 +(x[3]-t[3])^2 - t[4]^2
dim :	4
cluster :	false
noise :	false
solution :	[-8.9, 41.1, -8.2, 2.0]
description :	[[-8.9, 41.1, -8.2, 2.0], [-8.9, 41.1, -8.2, 2.0]]
