name :	sphere3D
data :	[15.3 -24.9 73.7; 18.34703105496069 -24.117655396400856 73.5020790029934; 16.670008095486118 2.707162398025609 53.11143734432865; 22.035616372255838 -18.574835211244107 71.93738979579511; 21.779226831798283 -14.690372185542392 70.59529766910097; 19.85905436323364 -10.868673441188818 68.90632655881119; 16.378875017431117 -7.751772654515229 66.89711254827743; 11.676067413140373 -5.902680094103452 64.59934214269211; 6.276616616181727 -5.724334221516894 62.04925255397281; 0.8233624076325263 -7.400751218694012 59.28706021828333; -4.012464195774712 -10.868673441188815 56.35632655881118; -7.624020461695331 -15.823738224962742 53.303270996101695; -9.55294043841985 -21.760343481856264 50.17604204018577; -9.552940438419853 -28.039656518143726 47.02395795981423; -7.624020461695334 -33.97626177503725 43.896729003898315; 24.087535804225283 -88.33132655881118 24.543673441188826; 0.8233624076325334 -42.399248781305985 37.91293978171667; 6.276616616181721 -44.0756657784831 35.15074744602719; 11.676067413140373 -43.897319905896545 32.60065785730789; 16.378875017431103 -42.048227345484776 30.302887451722576; 0.9590543632336406 -35.331326558811185 23.293673441188822; 21.779226831798283 -35.1096278144576 26.604702330899023; 70.53561637225584 17.374835211244104 72.46261020420489; 20.77000809548612 -27.907162398025605 24.28856265567136; 60.347031054960695 -6.482344603599145 -6.002079002993391; 15.300000000000004 -24.9 23.5]
npts :	26
nout :	5
model :	(x,t) -> (x[1]-t[1])^2 + (x[2]-t[2])^2 +(x[3]-t[3])^2 - t[4]^2
dim :	4
cluster :	false
noise :	false
solution :	[15.3, -24.9, 48.6, 25.1]
description :	[[15.3, -24.9, 48.6, 25.1], [15.3, -24.9, 48.6, 25.1]]
