name :	sphere3D
data :	[-21.5 36.4 17.799999999999997; -17.391411616711114 37.16802827521818 17.60675818616506; -13.738238089373208 39.406922583564615 17.02868141568075; -10.959914750084748 42.92614448926983 16.070701635728703; -9.406675189946856 47.42452223767006 14.740991992017314; -9.331633050498217 52.51352197064684 13.050897098384318; -10.870309396089578 57.74729646611954 11.014836248551525; -2.729178517981495 96.25721393703643 8.250180395794848; -18.684116130697095 66.78822648903808 5.977103950095852; -12.78887746105777 60.43429652649195 27.31841265718904; -31.39296645875841 71.17017050999881 -0.2006509720196874; -38.667539782431966 70.87706758225463 -3.6526230216557813; -45.937375127737475 68.76031446617897 -7.308052483322815; -88.61646975434724 84.75757228833118 -43.435752521721966; -19.84455714645886 23.837018700180614 15.09693345026536; -63.021758832116134 52.485615067717426 -19.176146842909365; -65.83872991094688 44.68834506697647 -23.320243316312418; -66.8 36.400000000000006 -27.499999999999996; -82.93872991094688 -13.588345066976462 -30.979756683687576; -63.02175883211614 20.314384932282582 -35.82385315709063; -58.54455714645887 13.462981299819393 -39.89693345026535; -69.11646975434724 36.84242771166882 -36.16424747827803; -45.93737512773748 4.039685533821036 -47.691947516677175; -38.66753978243196 1.9229324177453577 -51.34737697834422; -31.39296645875842 1.6298294900011783 -54.79934902798031; -43.288877461057766 -16.73429652649195 -64.11841265718904; -18.68411613069711 6.011773510961902 -60.97710395009585; -14.029178517981501 10.142786062963559 -63.65018039579485; -10.870309396089585 15.052703533880432 -66.01483624855152; -9.331633050498219 20.286478029353148 -68.05089709838433; -9.406675189946853 25.375477762329936 -69.74099199201731; -10.959914750084746 29.87385551073016 -71.07070163572871; -13.738238089373208 33.39307741643538 -72.02868141568075; -17.3914116167111 35.63197172478181 -72.60675818616505; -21.499999999999993 36.4 -72.8]
npts :	35
nout :	7
model :	(x,t) -> (x[1]-t[1])^2 + (x[2]-t[2])^2 +(x[3]-t[3])^2 - t[4]^2
dim :	4
cluster :	false
noise :	false
solution :	[-21.5, 36.4, -27.5, 45.3]
description :	[[-21.5, 36.4, -27.5, 45.3], [-21.5, 36.4, -27.5, 45.3]]
