name :	sphere3D
data :	[21.4 -6.4 -24.200000000000003; 24.212794003545458 -5.733355574897369 -24.36836489222562; 60.931538149854035 -50.82284467811247 17.82881727743761; 27.923865492711684 -0.9258268712154418 -25.70165374243088; 12.073306731506236 -31.836193439926802 21.651452744052964; 26.819469748020452 6.16374306404434 -28.296353495817883; -3.420689463481157 53.96225331683127 -38.52549336633745; 20.346903903012958 11.68096170829701 -32.01258321706854; 15.671717034604281 12.733797595484246 -34.230751066600625; 10.617983722883743 12.274999999999997 -36.65; -27.489941315063987 54.03036621597206 -69.337613825625; 1.4703248310747519 6.707953564084354 -41.95859950549385; 6.757127197881752 0.7869198119532854 -40.276160376093436; -3.289793095479279 -3.5141770681112905 -47.65219376012915; -3.289793095479279 -9.285822931888704 -50.54780623987085; -1.6428728021182515 -14.78691981195328 -53.42383962390657; 1.4703248310747448 -19.50795356408435 -56.241400494506145; 5.710058684936012 -23.03036621597206 -58.962386174375006; 10.617983722883729 -25.074999999999996 -61.55; 15.67171703460427 -25.533797595484252 -63.96924893339937; -17.853096096987052 2.9190382917029822 -112.28741678293147; 24.17931053651884 -22.162253316831283 -68.17450663366255; 26.819469748020452 -18.963743064044348 -69.90364650418212; 28.073306731506236 -15.363806560073204 -71.35145274405296; 27.923865492711684 -11.874173128784562 -72.49834625756912; 26.531538149854036 -8.977155321887533 -73.32881727743761; 24.21279400354546 -7.066644425102632 -73.83163510777439; 21.400000000000002 -6.4 -74.0]
npts :	28
nout :	6
model :	(x,t) -> (x[1]-t[1])^2 + (x[2]-t[2])^2 +(x[3]-t[3])^2 - t[4]^2
dim :	4
cluster :	false
noise :	false
solution :	[21.4, -6.4, -49.1, 24.9]
description :	[[21.4, -6.4, -49.1, 24.9], [21.4, -6.4, -49.1, 24.9]]
