name :	sphere3D
data :	[10.3 3.0 -30.1; -17.316251184571374 6.9655184892958575 2.7314637690640637; -15.384365799572338 8.849367594259828 2.2287387778946446; -14.469218413559961 11.63078158644004 1.4004267904723484; -14.875 14.830350227276718 0.26070045455344015; -16.696086680499725 17.8839622106648 -1.170939196262669; -41.8 -13.669996410625014 -51.069996410625016; -23.84509859307253 21.396513470972074 -4.807399848528204; -28.330350227276718 21.075 -6.949999999999999; -32.66964520403231 19.16964520403231 -9.26113638240773; -18.279371183634815 -24.18563061105268 13.898735188519659; -38.6659452797682 11.355114802163646 -14.228634013264982; -39.5 6.3000000000000025 -16.8; -38.66594527976821 1.244885197836357 -19.371365986735018; -36.27937118363482 -3.2143693889473175 -21.89873518851966; -32.669645204032314 -6.569645204032306 -24.338863617592267; -28.330350227276732 -8.474999999999998 -26.65; -7.545098593072531 10.103486529027926 -5.592600151471796; -19.800000000000004 -7.630003589374987 -30.730003589374984; -16.69608668049973 -5.283962210664808 -32.42906080373733; -14.875 -2.230350227276719 -33.86070045455344; -14.469218413559961 0.9692184135599566 -35.000426790472346; -55.48436579957234 37.950632405740166 -85.22873877789465; -17.316251184571374 5.634481510704142 -36.331463769064065; -19.799999999999997 6.3 -36.5]
npts :	25
nout :	5
model :	(x,t) -> (x[1]-t[1])^2 + (x[2]-t[2])^2 +(x[3]-t[3])^2 - t[4]^2
dim :	4
cluster :	false
noise :	false
solution :	[-19.8, 6.3, -16.8, 19.7]
description :	[[-19.8, 6.3, -16.8, 19.7], [-19.8, 6.3, -16.8, 19.7]]
