name :	sphere3D
data :	[22.1 8.2 -31.6; -15.993536616837506 2.31388569902286 -68.72887356728738; 22.814610749337707 8.634564423400175 -31.714956409221823; 12.742982740022502 -39.89738588153158 -74.2566449653331; 22.841031469690414 9.630125817762297 -32.05129984590589; 22.4980357748183 10.115453309075136 -32.2952949988163; 11.545390569074291 -34.43969012741923 3.615914743977825; -11.248118338872796 -20.713623705332868 -43.61229100144391; 20.51271960537714 10.448664024839598 -33.27379838303343; 19.83414044816091 10.043413475912086 -33.661873202269945; 19.316116329926217 9.409211319509625 -34.06928635953684; 19.036033071847065 8.621132560946823 -34.48844851856952; 19.036033071847065 7.778867439053178 -34.911551481430486; 19.316116329926217 6.990788680490374 -35.330713640463166; 19.83414044816091 6.356586524087914 -35.73812679773006; 20.512719605377136 5.951335975160401 -36.126201616966576; 21.251881661127204 5.8136237053328665 -36.487708998556094; 21.94539056907429 5.939690127419235 -36.81591474397783; 22.4980357748183 6.284546690924862 -37.1047050011837; 22.841031469690414 6.7698741822377 -37.34870015409412; 22.9429827400225 7.297385881531576 -37.54335503466691; 22.814610749337707 7.765435576599824 -37.68504359077818; -6.093536616837508 -31.913885699022863 -80.57112643271262; 22.1 8.2 -37.800000000000004]
npts :	24
nout :	5
model :	(x,t) -> (x[1]-t[1])^2 + (x[2]-t[2])^2 +(x[3]-t[3])^2 - t[4]^2
dim :	4
cluster :	false
noise :	false
solution :	[22.1, 8.2, -34.7, 3.1]
description :	[[22.1, 8.2, -34.7, 3.1], [22.1, 8.2, -34.7, 3.1]]
