name :	sphere3D
data :	[10.2 6.5 108.4; 16.19151396144371 7.773535606842408 108.07898306858081; 21.33029535120911 11.455526766314545 107.11944940300101; 24.849999999999998 17.143848035278538 105.531911854896; 26.148572285327052 24.21268397374224 103.33376381785641; 24.85 31.87454433088405 100.54908866176811; 20.84384803527854 39.25839587037192 97.20839587037192; -20.90132883112859 82.19625127865712 82.2482867729753; 5.647964505681817 49.8097247015005 89.01105353262909; -15.449999999999998 61.58806381961747 93.54421578433893; 8.22545566911596 17.35 116.4; -25.621079844114167 46.283339569568945 73.63476728424189; -34.88806381961746 39.25839587037193 67.90839587037192; -42.16392263668645 29.813920433129823 61.9836250819207; -46.80544746173841 18.616881908928203 55.92536794748449; -64.60000000000001 -9.699999999999992 7.000000000000007; -46.805447461738424 -5.616881908928191 43.67463205251551; -42.163922636686465 -16.813920433129812 37.6163749180793; -34.88806381961747 -26.25839587037192 31.691604129628082; -25.62107984411419 -33.28333956956894 25.965232715758113; -15.174544330884078 -37.449999999999996 20.50000000000001; -4.45000000000001 -38.58806381961746 15.355784215661075; 5.6479645056818155 -36.80972470150051 10.588946467370903; 48.4986711688714 -17.696251278657126 50.5517132270247; 20.843848035278533 -26.258395870371928 2.391604129628085; 24.85 -18.87454433088405 -0.9490886617681156; 16.048572285327047 -44.612683973742264 9.366236182143593; 24.85 -4.143848035278543 -5.931911854896001; 21.330295351209113 1.5444732336854559 -7.519449403001019; 16.191513961443725 5.226464393157585 -8.478983068580817; 10.200000000000006 6.5 -8.800000000000004]
npts :	31
nout :	6
model :	(x,t) -> (x[1]-t[1])^2 + (x[2]-t[2])^2 +(x[3]-t[3])^2 - t[4]^2
dim :	4
cluster :	false
noise :	false
solution :	[10.2, 6.5, 49.8, 58.6]
description :	[[10.2, 6.5, 49.8, 58.6], [10.2, 6.5, 49.8, 58.6]]
