name :	sphere3D
data :	[-9.6 31.1 20.6; -6.498956860326622 31.631727246847465 20.466346824927733; -3.688224009227379 33.18876333780995 20.066350273899985; -1.4387270191605896 35.65916062275998 19.402892331232806; 15.616122312487757 -4.835523496683535 51.08075322660623; 0.4961247744870416 42.57142608951991 17.306576993399837; -0.11345538464607863 46.50712747985149 15.888823598280084; -1.8538826003728142 50.376954451893994 14.237707986946546; -4.689706281159667 53.883842708974896 12.365126485214109; -8.51049475709544 56.747801661742436 10.284571085712862; -13.137438979585642 58.72437011235928 8.011032237772024; 10.865596424158422 37.52082203374763 -16.739109159110964; -23.82271560593223 59.30907352245052 2.951800219973297; -29.2987398856448 57.73445460331783 0.20255893273568049; 6.046890388723689 36.61977615952465 0.6329753256494497; -38.99037387924727 50.96442564978707 -5.636275185639979; -85.54779645078632 7.03854587886525 -25.58379908315855; -45.21209453040241 40.37266821912934 -11.787638887390795; -46.533038897149005 34.24346487559316 -14.925431361422891; -46.533038897149005 27.956535124406848 -18.074568638577105; -45.21209453040241 21.827331780870676 -21.2123611126092; -42.64779645078633 16.161454121134764 -24.316200916841446; -38.99037387924727 11.23557435021294 -27.36372481436002; 11.546890388723682 11.480223840475361 -20.932975325649444; -29.298739885644792 4.465545396682163 -33.202558932735684; -23.82271560593224 2.8909264775494847 -35.95180021997329; -18.334403575841577 2.5791779662523737 -38.56089084088904; -13.137438979585655 3.4756298876407143 -41.011032237772014; -8.510494757095447 5.45219833825756 -43.284571085712855; -4.689706281159681 8.316157291025096 -45.3651264852141; -25.35388260037282 -35.076954451894 -0.937707986946549; -0.11345538464607863 15.692872520148516 -48.888823598280084; 34.896124774487035 28.728573910480087 -89.90657699339982; 0.01612231248775764 23.33552349668354 -51.480753226606225; -1.4387270191605843 26.54083937724002 -52.402892331232806; -39.188224009227376 25.11123666219005 -10.866350273899982; -6.4989568603266115 30.568272753152534 -53.46634682492773; -9.599999999999994 31.1 -53.6]
npts :	38
nout :	8
model :	(x,t) -> (x[1]-t[1])^2 + (x[2]-t[2])^2 +(x[3]-t[3])^2 - t[4]^2
dim :	4
cluster :	false
noise :	false
solution :	[-9.6, 31.1, -16.5, 37.1]
description :	[[-9.6, 31.1, -16.5, 37.1], [-9.6, 31.1, -16.5, 37.1]]
