name :	sphere3D
data :	[-27.1 10.3 66.4; -22.760199384317616 11.255262351715501 66.15907003904418; -19.081312424104674 14.009839919591304 65.43910483968456; -14.252637532170288 36.54187847460963 85.24854533561319; -15.927768690793405 23.45296751746268 62.60134974847634; -17.174770110347204 29.02096954167429 60.51682994048792; -20.445858529996812 34.26605159248622 58.019425000501954; -26.969793646564916 35.4229955112869 77.13841471804068; -32.167798467885135 41.212203122510516 51.90757630453312; -39.69136636578755 41.90194661303924 48.36478838639392; -47.47801834197777 40.35532847590278 44.55158691276138; -54.8191926292985 36.557013966473406 40.51267818447048; -61.033176225707884 30.716914715795827 36.295414713550976; -60.83545755159413 60.35041348554002 -14.650759941681365; -67.89914669286895 14.737174600589652 27.525109142860664; -67.89914669286895 5.862825399410359 23.07489085713934; -65.53545755159413 -2.6504134855400014 18.650759941681372; -61.03317622570789 -10.116914715795815 14.304585286449031; -17.819192629298513 12.8429860335266 49.487321815529526; -5.578018341977781 12.044671524097229 47.04841308723863; -39.69136636578756 -21.30194661303924 2.23521161360609; -32.167798467885135 -20.612203122510515 -1.307576304533118; -25.569793646564918 -17.9229955112869 -4.538414718040677; 29.55414147000319 17.633948407513785 -26.119425000501955; -17.1747701103472 -8.420969541674285 -9.916829940487919; -15.927768690793407 -2.8529675174626927 -12.001349748476326; -16.652637532170285 2.358121525390356 -13.648545335613175; -19.081312424104667 6.590160080408692 -14.839104839684563; -22.76019938431761 9.344737648284498 -15.559070039044183; -27.099999999999998 10.3 -15.8]
npts :	30
nout :	6
model :	(x,t) -> (x[1]-t[1])^2 + (x[2]-t[2])^2 +(x[3]-t[3])^2 - t[4]^2
dim :	4
cluster :	false
noise :	false
solution :	[-27.1, 10.3, 25.3, 41.1]
description :	[[-27.1, 10.3, 25.3, 41.1], [-27.1, 10.3, 25.3, 41.1]]
