name :	line2d
data :	[-15.0 424.5431937377968; -14.423076923076923 825.714656098981; -13.846153846153847 0.0; -13.26923076923077 379.21884838294375; -12.692307692307692 363.5241307487663; -12.115384615384615 0.0; -11.538461538461538 333.62136713426975; -10.961538461538462 632.6486987365179; -10.384615384615385 302.0523040789991; -9.807692307692308 286.20041597454343; -9.23076923076923 270.1738740404216; -8.653846153846153 251.24355748749247; -8.076923076923077 238.1965472698423; -7.5 221.9913317988585; -6.923076923076923 205.13548180686774; -6.346153846153846 379.07208190149385; -5.769230769230769 174.42067178188992; -5.1923076923076925 157.89025147953274; -4.615384615384615 0.0; -4.038461538461538 126.91238568183661; -3.4615384615384617 223.47765113786596; -2.8846153846153846 94.69497602023418; -2.3076923076923075 78.88417476774887; -1.7307692307692308 62.71249598360649; -1.1538461538461537 46.80408145187454; -0.5769230769230769 32.1941196057252; 0.0 14.043220055620685; 0.5769230769230769 -0.1142839936388571; 1.1538461538461537 -33.21620087748347; 1.7307692307692308 -68.32806982059587; 2.3076923076923075 -48.14976980570508; 2.8846153846153846 -64.00697010657314; 3.4615384615384617 -80.44653128732585; 4.038461538461538 -95.03680515689267; 4.615384615384615 -113.09274019721123; 5.1923076923076925 -127.00696982297023; 5.769230769230769 -142.40875815609346; 6.346153846153846 -320.17948421484886; 6.923076923076923 -174.11362695348527; 7.5 0.0; 8.076923076923077 -206.67233892528125; 8.653846153846153 -223.36395391006425; 9.23076923076923 -478.3419574303179; 9.807692307692308 -255.80322484117653; 10.384615384615385 -270.9642172721758; 10.961538461538462 -285.38833650315513; 11.538461538461538 -301.75800664616054; 12.115384615384615 -316.9264758231608; 12.692307692307692 -668.0804801579044; 13.26923076923077 -350.3597344432988; 13.846153846153847 -365.96723412676204; 14.423076923076923 -379.97974992960206; 15.0 0.0]
npts :	53
nout :	15
model :	(x,t) -> x[1]t + x[2]
dim :	2
cluster :	false
noise :	true
solution :	[-27.5, 15.3]
description :	type2: line model
