name :	line2d
data :	[-15.0 -421.62125901467994; -14.142857142857142 -398.3478492978942; -13.285714285714286 -372.4404067755149; -12.428571428571429 -347.8350310772888; -11.571428571428571 -322.43102276769207; -10.714285714285714 -300.22161844871715; -9.857142857142858 -272.1408210297982; -9.0 -249.78073364105293; -8.142857142857142 -449.0558733058664; -7.285714285714286 -200.12939405114386; -6.428571428571429 0.0; -5.571428571428571 -151.92376077466892; -4.714285714285714 -251.10405849188294; -3.857142857142857 -102.62617757155392; -3.0 -78.2093887499082; -2.142857142857143 0.0; -1.2857142857142858 0.0; -0.42857142857142855 0.0; 0.42857142857142855 38.049950914549555; 1.2857142857142858 44.73116761787748; 2.142857142857143 69.82763559245107; 3.0 0.0; 3.857142857142857 121.21662463348947; 4.714285714285714 145.54328572263012; 5.571428571428571 168.10104926909486; 6.428571428571429 192.90811217677012; 7.285714285714286 218.80902499089183; 8.142857142857142 243.53400157915914; 9.0 0.0; 9.857142857142858 292.63323607530884; 10.714285714285714 635.7979610478036; 11.571428571428571 339.9164694893056; 12.428571428571429 365.83157753076625; 13.285714285714286 388.9028510882994; 14.142857142857142 414.39206509951634; 15.0 441.1457647284703]
npts :	36
nout :	10
model :	(x,t) -> x[1]t + x[2]
dim :	2
cluster :	false
noise :	true
solution :	[28.7, 8.9]
description :	type2: line model
