name :	line2d
data :	[-15.0 0.0; -13.96551724137931 0.0; -12.931034482758621 0.0; -11.89655172413793 -230.12952185934492; -10.862068965517242 0.0; -9.827586206896552 -195.32509971611898; -8.793103448275861 0.0; -7.758620689655173 -157.0271866718747; -6.724137931034483 -139.04527339739658; -5.689655172413793 -121.46027323903067; -4.655172413793103 -103.0612577230019; -3.6206896551724137 -85.56053479901404; -2.586206896551724 -68.23094657706625; -1.5517241379310345 -51.489152965219965; -0.5172413793103449 -32.1137181539168; 0.5172413793103449 -13.156123188818599; 1.5517241379310345 2.395317882810032; 2.586206896551724 44.72462914559251; 3.6206896551724137 39.22894268692519; 4.655172413793103 114.45214473182013; 5.689655172413793 75.36456157743487; 6.724137931034483 94.5401616974172; 7.758620689655173 0.0; 8.793103448275861 261.61796423108063; 9.827586206896552 147.43151066849393; 10.862068965517242 165.81417758506225; 11.89655172413793 185.0950793435013; 12.931034482758621 201.99940029133356; 13.96551724137931 219.41033414251717; 15.0 236.74718160965787]
npts :	30
nout :	9
model :	(x,t) -> x[1]t + x[2]
dim :	2
cluster :	false
noise :	true
solution :	[17.4, -22.9]
description :	type2: line model
