name :	line2d
data :	[-15.0 -364.30341580773023; -14.375 -348.9913952958235; -13.75 -332.36198372966936; -13.125 -320.0945279872501; -12.5 -303.68168437623075; -11.875 -576.1446602562698; -11.25 -274.76585693984015; -10.625 -260.80470279800534; -10.0 -245.17874966331186; -9.375 -462.93163127934696; -8.75 -215.21811711018202; -8.125 -202.24618977126212; -7.5 -187.0286646812795; -6.875 -171.05636270173957; -6.25 -157.63690196456585; -5.625 -141.16750481258114; -5.0 -127.22382479880204; -4.375 0.0; -3.75 -194.69887055297227; -3.125 -82.6327904554092; -2.5 -68.85902965997988; -1.875 -53.214704302112416; -1.25 0.0; -0.625 -23.12805726250612; 0.0 -10.89181854771173; 0.625 4.240743134323708; 1.25 0.0; 1.875 69.48082759832899; 2.5 49.73735036293356; 3.125 63.07956491739016; 3.75 0.0; 4.375 93.77413583408998; 5.0 106.72624977540193; 5.625 248.1157874616789; 6.25 136.59633275744577; 6.875 153.99509491562551; 7.5 169.22496452256834; 8.125 182.6301576375957; 8.75 0.0; 9.375 0.0; 10.0 0.0; 10.625 242.2998458719828; 11.25 255.66339934426676; 11.875 0.0; 12.5 286.92305308196046; 13.125 299.1553935333313; 13.75 315.75860427196403; 14.375 658.994863774492; 15.0 343.5778452527555]
npts :	49
nout :	14
model :	(x,t) -> x[1]t + x[2]
dim :	2
cluster :	false
noise :	true
solution :	[23.6, -9.2]
description :	type2: line model
