name :	line2d
data :	[-15.0 0.0; -14.375 -207.42283964588592; -13.75 -196.93791941642053; -13.125 0.0; -12.5 -179.62071348642593; -11.875 -168.78572930332913; -11.25 -161.01834306613173; -10.625 -299.2076743237415; -10.0 -139.5256782599232; -9.375 -130.90062087643207; -8.75 -122.96306284431468; -8.125 -111.48324812766893; -7.5 -101.21403167598992; -6.875 -90.70708386502537; -6.25 -80.64307992168769; -5.625 -72.55832609612128; -5.0 -61.75641836627343; -4.375 -54.12266219970419; -3.75 -43.18496673567919; -3.125 -32.29939751057188; -2.5 -47.80608510641092; -1.875 -13.987241556409176; -1.25 -3.330379459863155; -0.625 10.27076762154254; 0.0 16.26842331587605; 0.625 50.654400441440224; 1.25 36.97809482223757; 1.875 0.0; 2.5 54.830888132925566; 3.125 67.04491676160201; 3.75 73.24430029718741; 4.375 84.11762510573391; 5.0 94.56792180438471; 5.625 103.9643381118827; 6.25 114.15365478386776; 6.875 247.54716007954028; 7.5 265.1296572305497; 8.125 143.49045123779558; 8.75 307.77332466954323; 9.375 0.0; 10.0 171.61594614953924; 10.625 181.8783673106993; 11.25 191.00516849132634; 11.875 201.65408218087993; 12.5 210.28275618575685; 13.125 0.0; 13.75 0.0; 14.375 475.82531565722076; 15.0 249.66206737441888]
npts :	49
nout :	14
model :	(x,t) -> x[1]t + x[2]
dim :	2
cluster :	false
noise :	true
solution :	[15.6, 15.9]
description :	type2: line model
