name :	line2d
data :	[-15.0 -290.51896698043385; -13.636363636363637 -532.7140094269233; -12.272727272727273 -242.2248655941027; -10.909090909090908 -216.24847918923587; -9.545454545454545 -193.8897161743109; -8.181818181818182 -169.73758455124408; -6.818181818181818 -288.90610856523153; -5.454545454545454 -119.2757224730885; -4.090909090909091 -94.4594413450817; -2.727272727272727 -71.10888062134343; -1.3636363636363635 0.0; 0.0 -20.161004189517023; 1.3636363636363635 0.0; 2.727272727272727 25.963034833800766; 4.090909090909091 51.7011558146063; 5.454545454545454 76.04778890915394; 6.818181818181818 101.2638792194786; 8.181818181818182 124.981460934855; 9.545454545454545 148.73870236166252; 10.909090909090908 346.2686160762651; 12.272727272727273 198.12621172381353; 13.636363636363637 444.4753907612671; 15.0 246.04805727441152]
npts :	23
nout :	6
model :	(x,t) -> x[1]t + x[2]
dim :	2
cluster :	false
noise :	true
solution :	[17.9, -22.3]
description :	type2: line model
