name :	line2d
data :	[-15.0 322.5766188619758; -12.272727272727273 261.4297303924499; -9.545454545454545 198.28820771794665; -6.818181818181818 138.096945279465; -4.090909090909091 77.11001445975526; -1.3636363636363635 28.05895119900683; 1.3636363636363635 -48.85195831785256; 4.090909090909091 0.0; 6.818181818181818 -171.62859875858456; 9.545454545454545 -233.24451781580834; 12.272727272727273 -589.8520555183233; 15.0 -358.1967272823638]
npts :	12
nout :	3
model :	(x,t) -> x[1]t + x[2]
dim :	2
cluster :	false
noise :	true
solution :	[-22.7, -17.0]
description :	type2: line model
