name :	line2d
data :	[-15.0 -651.8646577388437; -14.508196721311476 -315.58508363636633; -14.01639344262295 0.0; -13.524590163934427 -294.1540945686175; -13.032786885245901 -282.7639790521902; -12.540983606557377 -270.600820827702; -12.049180327868852 -261.4607532634161; -11.557377049180328 0.0; -11.065573770491802 -237.97214958597957; -10.573770491803279 -226.56151015009766; -10.081967213114755 -215.55253979131942; -9.59016393442623 -204.70368973276487; -9.098360655737705 -193.04937308187212; -8.60655737704918 -183.22973261928578; -8.114754098360656 -340.48512479627504; -7.622950819672131 -159.82579928291884; -7.131147540983607 -151.2793922346015; -6.639344262295082 -135.78316183118545; -6.147540983606557 -126.87807343076922; -5.655737704918033 -116.22711747654118; -5.163934426229508 -102.681056421462; -4.672131147540983 -92.47843351846103; -4.180327868852459 -83.46542082695052; -3.6885245901639343 -142.68969633379928; -3.19672131147541 -120.49446744780411; -2.7049180327868854 -50.62439522304976; -2.2131147540983607 -35.11084483106585; -1.721311475409836 -27.416135058405533; -1.2295081967213115 0.0; -0.7377049180327869 -4.450661745936151; -0.2459016393442623 8.211941227120533; 0.2459016393442623 16.40574387920216; 0.7377049180327869 29.542675229205656; 1.2295081967213115 38.64314791187755; 1.721311475409836 101.26716311055009; 2.2131147540983607 60.64180026013502; 2.7049180327868854 73.3242785029124; 3.19672131147541 170.53251314764594; 3.6885245901639343 96.1978816941732; 4.180327868852459 214.09953938666968; 4.672131147540983 115.43982409811352; 5.163934426229508 130.00699862853946; 5.655737704918033 139.5877016168811; 6.147540983606557 151.710330880362; 6.639344262295082 161.88429862042977; 7.131147540983607 346.5592988674518; 7.622950819672131 368.079014866573; 8.114754098360656 193.02375208782942; 8.60655737704918 204.62692258585693; 9.098360655737705 217.77452828736168; 9.59016393442623 229.81088306836676; 10.081967213114755 0.0; 10.573770491803279 0.0; 11.065573770491802 526.3546649373733; 11.557377049180328 274.5617520272098; 12.049180327868852 566.7677379511686; 12.540983606557377 589.1556130058641; 13.032786885245901 307.04491475799205; 13.524590163934427 318.30354774368607; 14.01639344262295 329.37733139017655; 14.508196721311476 340.91048241426193; 15.0 0.0]
npts :	62
nout :	18
model :	(x,t) -> x[1]t + x[2]
dim :	2
cluster :	false
noise :	true
solution :	[22.6, 12.2]
description :	type2: line model
