name :	line2d
data :	[-15.0 -118.54336801691714; -13.333333333333334 -108.31831635602195; -11.666666666666666 -100.60829916100961; -10.0 -177.6225382765441; -8.333333333333334 -80.79110388845282; -6.666666666666667 -138.3087386844328; -5.0 -57.30865371940462; -3.3333333333333335 -50.43740728311638; -1.6666666666666667 -36.43952976746163; 0.0 -28.273079339962226; 1.6666666666666667 -18.4788273177745; 3.3333333333333335 -9.521352790374744; 5.0 0.0; 6.666666666666667 12.835187724720093; 8.333333333333334 43.771631913358185; 10.0 30.86723869011115; 11.666666666666666 41.71272630673354; 13.333333333333334 52.205130544724184; 15.0 120.91365747025733]
npts :	19
nout :	5
model :	(x,t) -> x[1]t + x[2]
dim :	2
cluster :	false
noise :	true
solution :	[6.0, -28.2]
description :	type2: line model
