name :	line2d
data :	[-15.0 -405.32225817584595; -14.25 0.0; -13.5 -362.97335663683754; -12.75 -340.2625156100709; -12.0 -319.92707041775805; -11.25 0.0; -10.5 -276.7683956709154; -9.75 -255.4216453084619; -9.0 0.0; -8.25 -420.76489236683835; -7.5 -190.8322648912693; -6.75 -167.68253259372247; -6.0 -291.664635443128; -5.25 -123.89506765086954; -4.5 -102.97586664684852; -3.75 -81.82750357702764; -3.0 0.0; -2.25 -38.37248339513932; -1.5 0.0; -0.75 4.901445043346208; 0.0 26.745701871468786; 0.75 47.946005666522794; 1.5 136.788208399082; 2.25 182.41158549403391; 3.0 111.85781868071854; 3.75 269.99187335378656; 4.5 157.21120080044435; 5.25 178.02875565192835; 6.0 198.92845760949453; 6.75 221.78585199596637; 7.5 0.0; 8.25 264.17195766097467; 9.0 285.22592430915756; 9.75 307.2781559762056; 10.5 328.23349487850635; 11.25 700.0277640022737; 12.0 371.74914735521514; 12.75 396.2860733889463; 13.5 416.1479624178274; 14.25 436.56128575150274; 15.0 461.81367301281523]
npts :	41
nout :	12
model :	(x,t) -> x[1]t + x[2]
dim :	2
cluster :	false
noise :	true
solution :	[28.8, 26.5]
description :	type2: line model
