name :	line2d
data :	[-15.0 410.5014935191841; -14.625 399.93142451795654; -14.25 778.4461155931525; -13.875 378.3149050496534; -13.5 737.3644126925151; -13.125 356.08770530168965; -12.75 345.4173437465113; -12.375 336.2456965358374; -12.0 324.8639277953598; -11.625 629.2155868911192; -11.25 303.24329739733713; -10.875 292.14669994409957; -10.5 558.5068422262231; -10.125 269.6546520516651; -9.75 259.0532620218395; -9.375 248.11849370624833; -9.0 236.70512854906394; -8.625 0.0; -8.25 214.07074082168938; -7.875 205.0376010118311; -7.5 195.1572810086636; -7.125 183.67515579354085; -6.75 172.66345261704518; -6.375 0.0; -6.0 0.0; -5.625 0.0; -5.25 128.7627771017137; -4.875 117.62145101779528; -4.5 108.95290526433976; -4.125 96.3398828907689; -3.75 168.98878969981104; -3.375 74.69485486001548; -3.0 65.41838660246435; -2.625 0.0; -2.25 41.962655815286254; -1.875 33.257909489487105; -1.5 21.46123837211155; -1.125 9.028073773447343; -0.75 0.056866547547223756; -0.375 -11.254596618750973; 0.0 -21.353051539046568; 0.375 -34.26874373097094; 0.75 -42.151255350853944; 1.125 -54.813119262715105; 1.5 -65.20548059423892; 1.875 -76.65573919806232; 2.25 0.0; 2.625 -196.010944807747; 3.0 -109.80130953793581; 3.375 -119.9200788506089; 3.75 -259.2927370410264; 4.125 -141.97932422257026; 4.5 -152.38278451154412; 4.875 -328.20616929008844; 5.25 -173.3908102753468; 5.625 -373.30542341705734; 6.0 -195.03894515893455; 6.375 -207.46397098675118; 6.75 -216.487508661264; 7.125 -227.09128794611604; 7.5 -238.72767232421955; 7.875 -500.7696661630296; 8.25 -520.1778506533028; 8.625 -272.9275049448179; 9.0 -281.70026089983946; 9.375 -292.89750908344365; 9.75 -303.1322673953622; 10.125 0.0; 10.5 -652.3835954396146; 10.875 0.0; 11.25 -696.1053816473697; 11.625 -358.9365587937935; 12.0 -736.3829962016566; 12.375 -759.2317475550527; 12.75 -391.2430386157783; 13.125 -402.68606864193475; 13.5 -412.71129814332784; 13.875 -423.3634886531572; 14.25 -435.3606008884797; 14.625 -445.8159673620009; 15.0 0.0]
npts :	81
nout :	24
model :	(x,t) -> x[1]t + x[2]
dim :	2
cluster :	false
noise :	true
solution :	[-28.9, -22.4]
description :	type2: line model
