name :	line2d
data :	[-15.0 -281.55354823246995; -14.454545454545455 0.0; -13.909090909090908 -261.9590073814535; -13.363636363636363 -249.8907207326115; -12.818181818181818 -239.94181042484317; -12.272727272727273 -229.7527908626584; -11.727272727272727 -221.7192528978129; -11.181818181818182 -209.60306925410413; -10.636363636363637 0.0; -10.090909090909092 -379.44060221080554; -9.545454545454545 -179.63446865661902; -9.0 0.0; -8.454545454545455 -160.01782203756184; -7.909090909090909 -149.09658792304586; -7.363636363636363 -139.13063047817081; -6.818181818181818 -128.66203391154215; -6.2727272727272725 -117.89761769118854; -5.7272727272727275 -108.05022028767976; -5.181818181818182 -97.98240852004216; -4.636363636363637 0.0; -4.090909090909091 -78.96598487122618; -3.5454545454545454 -68.35193381519916; -3.0 -58.070304106469564; -2.4545454545454546 -48.31057410884603; -1.9090909090909092 -35.34811155270569; -1.3636363636363635 -28.28787296342346; -0.8181818181818182 -17.52177680982827; -0.2727272727272727 -15.69494908163306; 0.2727272727272727 4.755509517319734; 0.8181818181818182 11.519747365996142; 1.3636363636363635 21.5794561396538; 1.9090909090909092 32.5385007939292; 2.4545454545454546 91.20943152687484; 3.0 110.25043651629565; 3.5454545454545454 64.21528409341293; 4.090909090909091 74.1055225783933; 4.636363636363637 0.0; 5.181818181818182 0.0; 5.7272727272727275 207.16261170242467; 6.2727272727272725 0.0; 6.818181818181818 124.24414330278746; 7.363636363636363 134.88060480350163; 7.909090909090909 143.6832504957082; 8.454545454545455 155.3278144497021; 9.0 0.0; 9.545454545454545 175.67424533765342; 10.090909090909092 184.3733438765; 10.636363636363637 194.66394414619995; 11.181818181818182 204.8939659605727; 11.727272727272727 0.0; 12.272727272727273 449.11462611419455; 12.818181818181818 235.8237945480559; 13.363636363636363 246.69814680987773; 13.909090909090908 257.7202508786224; 14.454545454545455 266.34047084074894; 15.0 552.8928599802376]
npts :	56
nout :	16
model :	(x,t) -> x[1]t + x[2]
dim :	2
cluster :	false
noise :	true
solution :	[18.6, -2.2]
description :	type2: line model
