name :	line2d
data :	[-15.0 187.9933400708362; -13.571428571428571 170.8624077935063; -12.142857142857142 154.97068113318386; -10.714285714285714 138.25826489087908; -9.285714285714286 121.64488674459969; -7.857142857142857 106.65816387127948; -6.428571428571429 88.33521288562274; -5.0 70.72209754847155; -3.5714285714285716 55.94618161661137; -2.142857142857143 36.81907076826853; -0.7142857142857143 20.797959431581468; 0.7142857142857143 4.052990009134689; 2.142857142857143 -13.073769459925792; 3.5714285714285716 0.0; 5.0 0.0; 6.428571428571429 0.0; 7.857142857142857 0.0; 9.285714285714286 -97.85020164990674; 10.714285714285714 -111.74485906880986; 12.142857142857142 -130.81043513187248; 13.571428571428571 -289.4294220525302; 15.0 0.0]
npts :	22
nout :	6
model :	(x,t) -> x[1]t + x[2]
dim :	2
cluster :	false
noise :	true
solution :	[-11.7, 12.3]
description :	type2: line model
