name :	line2d
data :	[-15.0 -150.04574218470844; -14.433962264150944 -289.11409379542556; -13.867924528301886 0.0; -13.30188679245283 -270.1918719675062; -12.735849056603774 -130.5926446533984; -12.169811320754716 -124.76634822428731; -11.60377358490566 -120.46265709932602; -11.037735849056604 -229.89028000836677; -10.471698113207546 -111.0584642232816; -9.90566037735849 -103.78340196491729; -9.339622641509434 -99.02824608408815; -8.773584905660377 -93.92982063679476; -8.20754716981132 -90.90446126081027; -7.6415094339622645 -85.17475466823143; -7.0754716981132075 -78.37972186268334; -6.509433962264151 0.0; -5.943396226415095 -140.80536713175889; -5.377358490566038 -64.14293087349326; -4.811320754716981 -117.74548766275774; -4.245283018867925 -54.21254520433422; -3.6792452830188678 -51.45094336162765; -3.1132075471698113 -44.16361894737912; -2.547169811320755 0.0; -1.9811320754716981 -32.82681471702885; -1.4150943396226414 0.0; -0.8490566037735849 -23.709747668604308; -0.2830188679245283 -18.393710096019262; 0.2830188679245283 -16.019208835095476; 0.8490566037735849 -10.362834334382816; 1.4150943396226414 -2.172927480190153; 1.9811320754716981 2.4177305551686175; 2.547169811320755 5.489463973893262; 3.1132075471698113 9.84525065446988; 3.6792452830188678 17.004828145053132; 4.245283018867925 23.98400183358189; 4.811320754716981 27.060529517567; 5.377358490566038 32.90203929182789; 5.943396226415095 36.63812854583767; 6.509433962264151 42.402301606394815; 7.0754716981132075 0.0; 7.6415094339622645 0.0; 8.20754716981132 55.55731143369813; 8.773584905660377 0.0; 9.339622641509434 133.5280166869106; 9.90566037735849 70.42489619651704; 10.471698113207546 77.16611325621179; 11.037735849056604 82.21562385000546; 11.60377358490566 0.0; 12.169811320754716 92.02147159834615; 12.735849056603774 190.66281269223103; 13.30188679245283 0.0; 13.867924528301886 106.9469620190666; 14.433962264150944 112.91278665491522; 15.0 116.52500980265494]
npts :	54
nout :	16
model :	(x,t) -> x[1]t + x[2]
dim :	2
cluster :	false
noise :	true
solution :	[8.9, -16.4]
description :	type2: line model
