name :	line2d
data :	[-15.0 0.0; -13.571428571428571 288.07455897389235; -12.142857142857142 259.38666526692117; -10.714285714285714 229.61154932401254; -9.285714285714286 198.91578964520426; -7.857142857142857 339.3912462220138; -6.428571428571429 139.45640974005227; -5.0 0.0; -3.5714285714285716 78.59868696258158; -2.142857142857143 50.2311169134838; -0.7142857142857143 19.848223440723892; 0.7142857142857143 -10.939714724968423; 2.142857142857143 -80.35929559117062; 3.5714285714285716 0.0; 5.0 -100.25838185114672; 6.428571428571429 -129.85872012071917; 7.857142857142857 -157.24030506072097; 9.285714285714286 -379.7001847964787; 10.714285714285714 -218.0255756844529; 12.142857142857142 -250.2918190460715; 13.571428571428571 -278.7067735446218; 15.0 -310.01106930087036]
npts :	22
nout :	6
model :	(x,t) -> x[1]t + x[2]
dim :	2
cluster :	false
noise :	true
solution :	[-20.9, 4.9]
description :	type2: line model
