name :	line2d
data :	[-15.0 250.87854876368658; -14.473684210526315 241.62679661409254; -13.947368421052632 233.2107131131555; -13.421052631578947 226.3247931442945; -12.894736842105264 0.0; -12.368421052631579 209.70091920450488; -11.842105263157896 202.1687129356085; -11.31578947368421 384.10683465082064; -10.789473684210526 0.0; -10.263157894736842 353.2217176180009; -9.736842105263158 169.0374863894827; -9.210526315789474 0.0; -8.68421052631579 150.20509351008204; -8.157894736842104 287.3649784524047; -7.631578947368421 135.896812808592; -7.105263157894737 258.0129894330526; -6.578947368421052 119.45202875565262; -6.052631578947368 111.55558050171216; -5.526315789473684 103.53219273642581; -5.0 95.95267019997402; -4.473684210526316 170.00070970158174; -3.9473684210526314 76.30434775707799; -3.4210526315789473 72.26835184746317; -2.8947368421052633 125.61575394340579; -2.3684210526315788 107.58748218766601; -1.8421052631578947 45.146825231823385; -1.3157894736842106 38.940637967978; -0.7894736842105263 0.0; -0.2631578947368421 42.381894778757214; 0.2631578947368421 12.467964202967998; 0.7894736842105263 4.493964040620766; 1.3157894736842106 -6.940944475465154; 1.8421052631578947 -10.20890983096252; 2.3684210526315788 -18.315390911205018; 2.8947368421052633 -25.793787733290056; 3.4210526315789473 -36.365544495222984; 3.9473684210526314 0.0; 4.473684210526316 -53.08911250929139; 5.0 -60.29930289605197; 5.526315789473684 0.0; 6.052631578947368 -74.48852863870901; 6.578947368421052 -84.98317650791445; 7.105263157894737 -93.41703796367588; 7.631578947368421 -101.96014284760602; 8.157894736842104 -110.41592207301453; 8.68421052631579 -115.42519902125035; 9.210526315789474 -125.54041058434619; 9.736842105263158 -134.31357138690626; 10.263157894736842 0.0; 10.789473684210526 -300.61908890206183; 11.31578947368421 -157.65247936272092; 11.842105263157896 -165.9261637444674; 12.368421052631579 -174.38596853706025; 12.894736842105264 -182.46688021960068; 13.421052631578947 -189.99735940840068; 13.947368421052632 -196.88136322638022; 14.473684210526315 -207.42158949816263; 15.0 -217.6370155886956]
npts :	58
nout :	17
model :	(x,t) -> x[1]t + x[2]
dim :	2
cluster :	false
noise :	true
solution :	[-15.5, 17.5]
description :	type2: line model
