name :	line2d
data :	[-15.0 0.0; -14.03225806451613 -101.91258408342229; -13.064516129032258 -95.39649448272262; -12.096774193548388 -89.33907296161341; -11.129032258064516 -161.15646170976967; -10.161290322580646 -72.57109727657888; -9.193548387096774 -66.91678260335594; -8.225806451612904 0.0; -7.258064516129032 -52.51481602980723; -6.290322580645161 -44.519408702776566; -5.32258064516129 -77.54007226816515; -4.354838709677419 -31.65274042462819; -3.3870967741935485 -22.297251544116676; -2.4193548387096775 -15.725613084671595; -1.4516129032258065 -10.150713581039273; -0.4838709677419355 -3.7356435210335732; 0.4838709677419355 0.0; 1.4516129032258065 12.467335634925766; 2.4193548387096775 19.1371329743759; 3.3870967741935485 26.993571833218137; 4.354838709677419 33.051945373322845; 5.32258064516129 0.0; 6.290322580645161 47.90874126431728; 7.258064516129032 0.0; 8.225806451612904 0.0; 9.193548387096774 68.86517292433807; 10.161290322580646 152.6359124450102; 11.129032258064516 82.49983427285983; 12.096774193548388 89.94039413590261; 13.064516129032258 98.88441069649497; 14.03225806451613 106.38710568978566; 15.0 111.206234631123]
npts :	32
nout :	9
model :	(x,t) -> x[1]t + x[2]
dim :	2
cluster :	false
noise :	true
solution :	[7.4, 1.2]
description :	type2: line model
