name :	line2d
data :	[-15.0 -436.1773792623828; -14.433962264150944 -419.1782258655241; -13.867924528301886 0.0; -13.30188679245283 -387.97175200697296; -12.735849056603774 -372.43030905349354; -12.169811320754716 -354.09367815335884; -11.60377358490566 -338.8324076781; -11.037735849056604 -326.8016635701593; -10.471698113207546 -308.4859877267776; -9.90566037735849 -295.81852064067635; -9.339622641509434 -277.4296193265571; -8.773584905660377 0.0; -8.20754716981132 -492.2828436704686; -7.6415094339622645 0.0; -7.0754716981132075 -217.87775974162238; -6.509433962264151 -404.99867811120765; -5.943396226415095 0.0; -5.377358490566038 -167.5773243006666; -4.811320754716981 -154.701232506535; -4.245283018867925 0.0; -3.6792452830188678 -121.87988063410283; -3.1132075471698113 -107.45169540610586; -2.547169811320755 -90.54955010293052; -1.9811320754716981 -75.73130255775544; -1.4150943396226414 -59.46249950902515; -0.8490566037735849 -44.114958905217634; -0.2830188679245283 -59.644994861390614; 0.2830188679245283 -12.441429704162577; 0.8490566037735849 1.5946237109913612; 1.4150943396226414 18.653208201685462; 1.9811320754716981 67.02845515789194; 2.547169811320755 49.588831025170826; 3.1132075471698113 130.25711085299162; 3.6792452830188678 81.72537843252472; 4.245283018867925 193.64506546851035; 4.811320754716981 112.0246791415185; 5.377358490566038 126.74924614011188; 5.943396226415095 143.5889971546831; 6.509433962264151 160.58401213168628; 7.0754716981132075 173.35933746605917; 7.6415094339622645 379.2875249296652; 8.20754716981132 204.24099021229884; 8.773584905660377 443.08931261041323; 9.339622641509434 237.05916178892411; 9.90566037735849 251.9178009010455; 10.471698113207546 0.0; 11.037735849056604 285.338065620352; 11.60377358490566 297.6208500573302; 12.169811320754716 629.5640917271991; 12.735849056603774 330.2351561115095; 13.30188679245283 344.80377364524895; 13.867924528301886 363.6783558473965; 14.433962264150944 377.2246509871416; 15.0 0.0]
npts :	54
nout :	16
model :	(x,t) -> x[1]t + x[2]
dim :	2
cluster :	false
noise :	true
solution :	[27.6, -20.8]
description :	type2: line model
