name :	line2d
data :	[-15.0 -2.396620679353438; -13.421052631578947 0.14603365896760012; -11.842105263157896 0.0; -10.263157894736842 6.683362082520621; -8.68421052631579 7.0515914965576005; -7.105263157894737 0.0; -5.526315789473684 14.814341069809284; -3.9473684210526314 18.946456675133916; -2.3684210526315788 0.0; -0.7894736842105263 26.270480720916087; 0.7894736842105263 28.302654438511382; 2.3684210526315788 32.76999963582296; 3.9473684210526314 0.0; 5.526315789473684 40.6889883169495; 7.105263157894737 43.15916249352088; 8.68421052631579 90.4131933158081; 10.263157894736842 51.05253975590068; 11.842105263157896 51.68932796360098; 13.421052631578947 54.739252397127025; 15.0 117.48849990344675]
npts :	20
nout :	6
model :	(x,t) -> x[1]t + x[2]
dim :	2
cluster :	false
noise :	true
solution :	[2.1, 27.8]
description :	type2: line model
