name :	line2d
data :	[-15.0 534.9514042037715; -12.5 224.29264250191846; -10.0 175.26511312520458; -7.5 130.57304296082663; -5.0 87.24982000148127; -2.5 39.478825472742145; 0.0 -8.095749545536549; 2.5 -52.7836115349143; 5.0 -194.28793243804398; 7.5 -145.06852910768393; 10.0 -378.47877035760763; 12.5 -236.38987479823305; 15.0 -282.60741474950646]
npts :	13
nout :	3
model :	(x,t) -> x[1]t + x[2]
dim :	2
cluster :	false
noise :	true
solution :	[-18.4, -6.7]
description :	type2: line model
