name :	line2d
data :	[-15.0 -16.755957739668577; -11.25 -6.149860908695019; -7.5 4.997641182325422; -3.75 0.0; 0.0 26.644467147035762; 3.75 36.770337209694596; 7.5 0.0; 11.25 58.6642157029866; 15.0 69.33694889826826]
npts :	9
nout :	2
model :	(x,t) -> x[1]t + x[2]
dim :	2
cluster :	false
noise :	true
solution :	[2.9, 26.8]
description :	type2: line model
