name :	line2d
data :	[-15.0 -494.91993788762466; -13.125 -211.6022888321889; -11.25 -356.0635635171128; -9.375 -289.4651589700923; -7.5 -109.65595546243557; -5.625 -75.77525297755658; -3.75 -39.86937806997748; -1.875 -4.9884880287249755; 0.0 57.920101769879096; 1.875 63.77067311198048; 3.75 99.05552800427343; 5.625 134.02705979881256; 7.5 167.3997515353489; 9.375 0.0; 11.25 238.0643071066452; 13.125 272.37248393711934; 15.0 307.7634585325029]
npts :	17
nout :	5
model :	(x,t) -> x[1]t + x[2]
dim :	2
cluster :	false
noise :	true
solution :	[18.5, 29.5]
description :	type2: line model
