name :	line2d
data :	[-15.0 368.25022994940593; -14.473684210526315 353.2117747407935; -13.947368421052632 683.3144318555497; -13.421052631578947 327.06958134388935; -12.894736842105264 316.8233280790663; -12.368421052631579 605.0377367695341; -11.842105263157896 290.3371148665277; -11.31578947368421 551.3097937642051; -10.789473684210526 264.06597048439374; -10.263157894736842 0.0; -9.736842105263158 237.93413624055356; -9.210526315789474 226.2091572352182; -8.68421052631579 213.1807802298891; -8.157894736842104 197.92390884120243; -7.631578947368421 186.0602130986542; -7.105263157894737 347.2608461955183; -6.578947368421052 160.9581456960157; -6.052631578947368 148.10013488667732; -5.526315789473684 270.6871790227242; -5.0 121.91749941453304; -4.473684210526316 108.46211208433681; -3.9473684210526314 192.1450830459006; -3.4210526315789473 82.25583453883416; -2.8947368421052633 0.0; -2.3684210526315788 57.90239807005504; -1.8421052631578947 45.04668907522106; -1.3157894736842106 67.83789069186301; -0.7894736842105263 21.72371706665551; -0.2631578947368421 7.004733561932478; 0.2631578947368421 -5.927657915774273; 0.7894736842105263 -19.073127899706325; 1.3157894736842106 -63.49457315411492; 1.8421052631578947 -45.45819276436975; 2.3684210526315788 -56.98623218204018; 2.8947368421052633 -71.78051812962688; 3.4210526315789473 -81.20202342713642; 3.9473684210526314 -193.24603401749485; 4.473684210526316 -218.1090325701137; 5.0 -119.96423850010933; 5.526315789473684 -135.0663644963233; 6.052631578947368 -147.31965217269; 6.578947368421052 -160.39834310659856; 7.105263157894737 -348.2113746112665; 7.631578947368421 -186.04258480041898; 8.157894736842104 -199.10228661969606; 8.68421052631579 0.0; 9.210526315789474 -224.3167136124026; 9.736842105263158 -237.76556152729802; 10.263157894736842 -248.82454829531568; 10.789473684210526 -527.7387692159881; 11.31578947368421 -278.1885191120207; 11.842105263157896 -288.51074418931705; 12.368421052631579 -603.3709020843894; 12.894736842105264 -313.49068180277186; 13.421052631578947 -328.6693711935612; 13.947368421052632 0.0; 14.473684210526315 -352.621922308679; 15.0 -365.5092285328424]
npts :	58
nout :	17
model :	(x,t) -> x[1]t + x[2]
dim :	2
cluster :	false
noise :	true
solution :	[-24.4, 0.4]
description :	type2: line model
