name :	line2d
data :	[-15.0 128.69283857577045; -12.857142857142858 105.83595955760899; -10.714285714285714 83.93331537706156; -8.571428571428571 0.0; -6.428571428571429 43.99441955778345; -4.285714285714286 22.509300772375912; -2.142857142857143 1.4556882280077954; 0.0 -19.60217363375; 2.142857142857143 -39.00183931959495; 4.285714285714286 -60.70451101654982; 6.428571428571429 -162.10713195702547; 8.571428571428571 -102.18106281635828; 10.714285714285714 0.0; 12.857142857142858 0.0; 15.0 -162.12051988753728]
npts :	15
nout :	4
model :	(x,t) -> x[1]t + x[2]
dim :	2
cluster :	false
noise :	true
solution :	[-9.7, -18.5]
description :	type2: line model
