name :	line2d
data :	[-15.0 44.748979357604426; -14.4 44.38020370235036; -13.8 0.0; -13.2 39.04750712304047; -12.6 0.0; -12.0 35.50617465986106; -11.4 0.0; -10.8 33.506829941211535; -10.2 62.54153647839931; -9.6 57.08570713861989; -9.0 24.960980326169448; -8.4 24.50415044929265; -7.8 24.94313695965713; -7.2 44.47791965029995; -6.6 17.417105067158367; -6.0 19.376401515371725; -5.4 16.275595985525854; -4.8 13.607290752058733; -4.2 10.173164059578824; -3.6 0.0; -3.0 8.878641499405708; -2.4 6.522378997372353; -1.8 4.3634493511531955; -1.2 3.273284244703298; -0.6 0.8682176698570682; 0.0 -0.15680821131595202; 0.6 -3.0883915773945283; 1.2 -5.753765232717758; 1.8 -5.781740958512309; 2.4 -7.2523267642938345; 3.0 0.0; 3.6 -14.599297767956894; 4.2 -13.68928027178353; 4.8 0.0; 5.4 -19.29247845426261; 6.0 0.0; 6.6 -45.468896149301585; 7.2 0.0; 7.8 -24.24293211807179; 8.4 0.0; 9.0 0.0; 9.6 -31.323551747404544; 10.2 -34.76923154009446; 10.8 -33.47721929250545; 11.4 -37.553581996751745; 12.0 -39.140381159702535; 12.6 -40.68819571674304; 13.2 0.0; 13.8 -42.05273201581493; 14.4 -45.486975273208074; 15.0 -46.318300228841245]
npts :	51
nout :	15
model :	(x,t) -> x[1]t + x[2]
dim :	2
cluster :	false
noise :	true
solution :	[-3.1, -1.0]
description :	type2: line model
