name :	line2d
data :	[-15.0 0.0; -13.695652173913043 104.18166220292728; -12.391304347826088 0.0; -11.08695652173913 91.1292615235076; -9.782608695652174 83.53623704429717; -8.478260869565217 76.00999048537743; -7.173913043478261 68.89408698588936; -5.869565217391305 126.14521651266395; -4.565217391304348 54.743519138199886; -3.260869565217391 48.04274203741468; -1.9565217391304348 82.37419864371525; -0.6521739130434783 33.75376140810549; 0.6521739130434783 25.662812082948832; 1.9565217391304348 20.086714489472378; 3.260869565217391 12.243643663275048; 4.565217391304348 5.803964186307325; 5.869565217391305 0.0; 7.173913043478261 -9.610920327335837; 8.478260869565217 -16.539076056778857; 9.782608695652174 -23.72046168115817; 11.08695652173913 -29.842901652611406; 12.391304347826088 -38.40781667503566; 13.695652173913043 0.0; 15.0 -104.47884138673619]
npts :	24
nout :	7
model :	(x,t) -> x[1]t + x[2]
dim :	2
cluster :	false
noise :	true
solution :	[-5.5, 29.9]
description :	type2: line model
