name :	line2d
data :	[-15.0 -32.38920622152591; -14.30232558139535 -30.692961118727634; -13.604651162790697 -58.91506735230384; -12.906976744186046 -27.022792345983063; -12.209302325581396 -27.08247536564373; -11.511627906976743 -24.507692467049903; -10.813953488372093 -24.276476303084227; -10.116279069767442 -22.63152288179523; -9.418604651162791 -18.78977267023873; -8.720930232558139 -39.58605545882946; -8.023255813953488 -20.961087034457766; -7.325581395348837 -15.869767668212827; -6.627906976744186 0.0; -5.930232558139535 -15.650639696178748; -5.232558139534884 -12.808564183376564; -4.534883720930233 -10.971376345177784; -3.8372093023255816 -18.709845623094722; -3.13953488372093 -16.49632814852235; -2.441860465116279 0.0; -1.744186046511628 -5.484997047337792; -1.0465116279069768 -3.2431241963035013; -0.3488372093023256 -3.082528417977639; 0.3488372093023256 -3.9991195120617986; 1.0465116279069768 -0.34490334363165004; 1.744186046511628 1.187642906805232; 2.441860465116279 3.0864816574397436; 3.13953488372093 6.057988210881619; 3.8372093023255816 4.894728850375715; 4.534883720930233 0.0; 5.232558139534884 8.557790703749284; 5.930232558139535 7.076863979101807; 6.627906976744186 10.577825384087873; 7.325581395348837 10.444405506377766; 8.023255813953488 9.407474293251802; 8.720930232558139 0.0; 9.418604651162791 14.54259687123963; 10.116279069767442 32.43576479695541; 10.813953488372093 0.0; 11.511627906976743 18.934222494838505; 12.209302325581396 20.24312975977103; 12.906976744186046 47.13880857569495; 13.604651162790697 24.73402762718711; 14.30232558139535 24.02757385180256; 15.0 26.71341411133455]
npts :	44
nout :	13
model :	(x,t) -> x[1]t + x[2]
dim :	2
cluster :	false
noise :	true
solution :	[1.9, -2.8]
description :	type2: line model
