name :	line2d
data :	[-15.0 -0.01872010010830083; -14.516129032258064 -2.628348254011847; -14.03225806451613 -0.9286604853834225; -13.548387096774194 -0.18655897430883406; -13.064516129032258 0.14555368145982117; -12.580645161290322 -0.5480397080595923; -12.096774193548388 0.5700885516841966; -11.612903225806452 -0.05611764662966999; -11.129032258064516 -1.4015372816084182; -10.64516129032258 0.06999910602210929; -10.161290322580646 0.11533402236712109; -9.67741935483871 1.2723723566493736; -9.193548387096774 0.5449039720368329; -8.709677419354838 0.6954359795683812; -8.225806451612904 2.836343887070294; -7.741935483870968 0.0; -7.258064516129032 -0.04520581673887003; -6.774193548387097 0.5422081776624079; -6.290322580645161 5.753771475889861; -5.806451612903226 3.3697341090362; -5.32258064516129 3.2032243958708646; -4.838709677419355 2.8884428976260943; -4.354838709677419 2.836458726347022; -3.870967741935484 1.9671861723469821; -3.3870967741935485 0.0; -2.903225806451613 3.331428323402769; -2.4193548387096775 6.827603612102864; -1.935483870967742 4.2921487459860295; -1.4516129032258065 4.658584458268215; -0.967741935483871 0.0; -0.4838709677419355 5.600339630681146; 0.0 4.392888291393483; 0.4838709677419355 0.0; 0.967741935483871 6.036179172045082; 1.4516129032258065 4.812317507278246; 1.935483870967742 11.722824144527964; 2.4193548387096775 0.0; 2.903225806451613 4.031989063324643; 3.3870967741935485 6.592910425116065; 3.870967741935484 4.94434329753701; 4.354838709677419 5.639899370458966; 4.838709677419355 11.415958785207094; 5.32258064516129 0.0; 5.806451612903226 16.04317006977709; 6.290322580645161 6.08860591740909; 6.774193548387097 0.0; 7.258064516129032 8.006549044570802; 7.741935483870968 7.83651116940359; 8.225806451612904 9.078565972414916; 8.709677419354838 8.238707154253063; 9.193548387096774 9.382076521224363; 9.67741935483871 9.634393147013407; 10.161290322580646 10.914367356819664; 10.64516129032258 0.0; 11.129032258064516 12.274498125585103; 11.612903225806452 19.05320222245656; 12.096774193548388 8.08546358808777; 12.580645161290322 9.487357802855849; 13.064516129032258 17.90034125021201; 13.548387096774194 10.100716419082438; 14.03225806451613 9.875287914365742; 14.516129032258064 0.0; 15.0 10.444769448517189]
npts :	63
nout :	18
model :	(x,t) -> x[1]t + x[2]
dim :	2
cluster :	false
noise :	true
solution :	[0.4, 4.7]
description :	type2: line model
