name :	line2d
data :	[-15.0 374.0455196749965; -13.333333333333334 333.43339854544183; -11.666666666666666 584.6392497154512; -10.0 504.6462060989527; -8.333333333333334 213.46571424072494; -6.666666666666667 173.32677564091227; -5.0 132.58872642396946; -3.3333333333333335 181.17539857421121; -1.6666666666666667 53.62371866011365; 0.0 12.090997692824976; 1.6666666666666667 -29.09652917117143; 3.3333333333333335 -65.76821711414098; 5.0 -108.46512879540371; 6.666666666666667 -294.7004541717464; 8.333333333333334 -185.18205157106863; 10.0 0.0; 11.666666666666666 -269.2258928802117; 13.333333333333334 -308.057605269263; 15.0 -347.3720194927145]
npts :	19
nout :	5
model :	(x,t) -> x[1]t + x[2]
dim :	2
cluster :	false
noise :	true
solution :	[-24.0, 12.8]
description :	type2: line model
