name :	line2d
data :	[-15.0 -731.8870402170685; -13.0 -317.6982510233612; -11.0 -269.17793012076504; -9.0 -221.88661474594846; -7.0 -174.13454943941218; -5.0 0.0; -3.0 -78.04317806425985; -1.0 0.0; 1.0 17.237779619803394; 3.0 62.952796160109635; 5.0 224.33059724254267; 7.0 160.39509496163186; 9.0 207.20949391693142; 11.0 259.16730268837193; 13.0 304.99502396645903; 15.0 351.87227040172974]
npts :	16
nout :	4
model :	(x,t) -> x[1]t + x[2]
dim :	2
cluster :	false
noise :	true
solution :	[23.9, -6.8]
description :	type2: line model
