name :	line2d
data :	[-15.0 0.0; -14.30232558139535 363.02532989741775; -13.604651162790697 346.7721495904631; -12.906976744186046 328.98715037587135; -12.209302325581396 311.7048219239935; -11.511627906976743 294.35961932532916; -10.813953488372093 277.1891425259974; -10.116279069767442 260.05489903546305; -9.418604651162791 0.0; -8.720930232558139 225.59927038710535; -8.023255813953488 208.13523315959267; -7.325581395348837 190.30080362630002; -6.627906976744186 175.13497682475804; -5.930232558139535 158.9870813473121; -5.232558139534884 0.0; -4.534883720930233 0.0; -3.8372093023255816 106.55894787526344; -3.13953488372093 0.0; -2.441860465116279 0.0; -1.744186046511628 54.46916796342465; -1.0465116279069768 37.595100984247; -0.3488372093023256 18.715019759992433; 0.3488372093023256 3.0128880194249503; 1.0465116279069768 -15.448948685267155; 1.744186046511628 -31.23955398585854; 2.441860465116279 -94.69308818456727; 3.13953488372093 0.0; 3.8372093023255816 -166.57621988652323; 4.534883720930233 -100.59350939645283; 5.232558139534884 -118.4536909859983; 5.930232558139535 -134.46469201243582; 6.627906976744186 -148.69455387208978; 7.325581395348837 -166.1666056441874; 8.023255813953488 0.0; 8.720930232558139 -201.9323442847987; 9.418604651162791 -218.7498608517742; 10.116279069767442 -471.56225956664093; 10.813953488372093 0.0; 11.511627906976743 -269.419703050792; 12.209302325581396 -287.87264743541743; 12.906976744186046 -305.0924581213937; 13.604651162790697 -322.2583028806911; 14.30232558139535 0.0; 15.0 -355.35497839997686]
npts :	44
nout :	13
model :	(x,t) -> x[1]t + x[2]
dim :	2
cluster :	false
noise :	true
solution :	[-24.5, 12.1]
description :	type2: line model
