name :	line2d
data :	[-15.0 342.36581181212244; -14.03225806451613 319.5956107487347; -13.064516129032258 296.3070990930585; -12.096774193548388 274.91533152652113; -11.129032258064516 252.33780324435986; -10.161290322580646 0.0; -9.193548387096774 207.45284353296265; -8.225806451612904 185.85954510147823; -7.258064516129032 0.0; -6.290322580645161 0.0; -5.32258064516129 117.29598993233297; -4.354838709677419 95.25223943840864; -3.3870967741935485 72.24976262669563; -2.4193548387096775 52.08801325807416; -1.4516129032258065 57.35621528169428; -0.4838709677419355 6.675105907485181; 0.4838709677419355 -15.916922239706834; 1.4516129032258065 -38.90414832980824; 2.4193548387096775 -61.467641220992355; 3.3870967741935485 -82.99663581242545; 4.354838709677419 -212.7344624719257; 5.32258064516129 -127.8890212086664; 6.290322580645161 -152.18653681914438; 7.258064516129032 -172.32668838689457; 8.225806451612904 0.0; 9.193548387096774 -434.72698468121916; 10.161290322580646 0.0; 11.129032258064516 -260.66478275524184; 12.096774193548388 0.0; 13.064516129032258 -305.3437415289499; 14.03225806451613 -329.18680323028354; 15.0 -351.16515191721555]
npts :	32
nout :	9
model :	(x,t) -> x[1]t + x[2]
dim :	2
cluster :	false
noise :	true
solution :	[-23.1, -5.3]
description :	type2: line model
