name :	line2d
data :	[-15.0 77.56874090421884; -14.508196721311476 73.43476700023326; -14.01639344262295 71.00901223200079; -13.524590163934427 69.64203466008382; -13.032786885245901 136.0915321173774; -12.540983606557377 62.54369499219103; -12.049180327868852 61.9958862442415; -11.557377049180328 0.0; -11.065573770491802 56.99171064952219; -10.573770491803279 55.40150184949006; -10.081967213114755 51.18673794384205; -9.59016393442623 48.0783756062062; -9.098360655737705 0.0; -8.60655737704918 44.742367499247464; -8.114754098360656 82.53253254800102; -7.622950819672131 39.34496886452787; -7.131147540983607 34.68783364935895; -6.639344262295082 32.68736929183875; -6.147540983606557 30.93691592325667; -5.655737704918033 0.0; -5.163934426229508 24.783968760129387; -4.672131147540983 45.94151206051251; -4.180327868852459 20.26767941735759; -3.6885245901639343 18.397155814816514; -3.19672131147541 26.803055897306006; -2.7049180327868854 11.216453574704088; -2.2131147540983607 0.0; -1.721311475409836 0.0; -1.2295081967213115 5.762544114871353; -0.7377049180327869 2.9543615137977475; -0.2459016393442623 -0.9858703269523927; 0.2459016393442623 0.0; 0.7377049180327869 0.0; 1.2295081967213115 -7.003368491271068; 1.721311475409836 -11.707268999779323; 2.2131147540983607 -13.850044622086685; 2.7049180327868854 -16.59444060483636; 3.19672131147541 0.0; 3.6885245901639343 -20.445036999895237; 4.180327868852459 -22.83430618675634; 4.672131147540983 -53.19033691923379; 5.163934426229508 -58.18817887851128; 5.655737704918033 -30.997434459414368; 6.147540983606557 -35.252160970943294; 6.639344262295082 -36.9190685375424; 7.131147540983607 -39.67693662573191; 7.622950819672131 -42.939855363759804; 8.114754098360656 -45.82992499338535; 8.60655737704918 -47.35475288188; 9.098360655737705 -49.77993421117206; 9.59016393442623 -53.50921015273541; 10.081967213114755 -54.59869593477921; 10.573770491803279 -115.83392602366483; 11.065573770491802 -60.712232856109665; 11.557377049180328 -62.93624721280268; 12.049180327868852 -129.87395858692616; 12.540983606557377 -70.59688736406972; 13.032786885245901 -72.31720238126537; 13.524590163934427 -75.61612554902031; 14.01639344262295 -149.15361837883978; 14.508196721311476 -158.63034634067185; 15.0 -82.76276133563564]
npts :	62
nout :	18
model :	(x,t) -> x[1]t + x[2]
dim :	2
cluster :	false
noise :	true
solution :	[-5.3, -2.1]
description :	type2: line model
