name :	line2d
data :	[-15.0 307.6732450752073; -10.714285714285714 214.04412123229454; -6.428571428571429 123.38974789728965; -2.142857142857143 31.380962159842195; 2.142857142857143 -59.931243255236396; 6.428571428571429 -307.0383651875766; 10.714285714285714 -244.71188149809467; 15.0 0.0]
npts :	8
nout :	2
model :	(x,t) -> x[1]t + x[2]
dim :	2
cluster :	false
noise :	true
solution :	[-21.5, -14.8]
description :	type2: line model
