name :	line2d
data :	[-15.0 -92.21220248794387; -13.0 -79.67944269922897; -11.0 -130.57609054851284; -9.0 -51.08091862067009; -7.0 0.0; -5.0 -24.34187223922363; -3.0 -9.398242677302479; -1.0 3.544657869245944; 1.0 18.329821722898423; 3.0 31.361889599647476; 5.0 0.0; 7.0 57.55859453073608; 9.0 145.79195809134757; 11.0 87.54877447694057; 13.0 99.82944856906175; 15.0 113.1946927670162]
npts :	16
nout :	4
model :	(x,t) -> x[1]t + x[2]
dim :	2
cluster :	false
noise :	true
solution :	[6.9, 10.6]
description :	type2: line model
