name :	line2d
data :	[-15.0 -334.16341353183606; -13.5 -604.0951627406611; -12.0 -267.67744272440177; -10.5 -237.89146404402013; -9.0 -410.7005755988411; -7.5 -175.04074605318658; -6.0 -281.3169119055884; -4.5 -109.4452862710346; -3.0 -77.46365602700024; -1.5 -45.02866227628317; 0.0 -13.913315703714105; 1.5 19.648766085719647; 3.0 50.192262544213804; 4.5 84.37289248820663; 6.0 0.0; 7.5 147.36116542221686; 9.0 176.99058640185035; 10.5 209.6466227358267; 12.0 243.96405715658827; 13.5 549.5778713636404; 15.0 0.0]
npts :	21
nout :	6
model :	(x,t) -> x[1]t + x[2]
dim :	2
cluster :	false
noise :	true
solution :	[21.4, -13.2]
description :	type2: line model
