name :	line2d
data :	[-15.0 0.0; -14.454545454545455 311.7889638070943; -13.909090909090908 599.2852015119686; -13.363636363636363 287.4874107448581; -12.818181818181818 275.2816127596877; -12.272727272727273 260.4677199549341; -11.727272727272727 249.99786606793424; -11.181818181818182 234.6178671523213; -10.636363636363637 224.4084671645615; -10.090909090909092 210.2845941320516; -9.545454545454545 198.90700041195626; -9.0 186.37523922122108; -8.454545454545455 0.0; -7.909090909090909 322.6219490602914; -7.363636363636363 148.0381615569499; -6.818181818181818 137.39120364660462; -6.2727272727272725 123.91490816992271; -5.7272727272727275 112.0642186982842; -5.181818181818182 0.0; -4.636363636363637 88.0834171859115; -4.090909090909091 73.39062263715738; -3.5454545454545454 61.08789515964501; -3.0 49.00814642482054; -2.4545454545454546 35.30660842733559; -1.9090909090909092 0.0; -1.3636363636363635 0.0; -0.8181818181818182 -3.2826071226012554; -0.2727272727272727 -15.9840038890339; 0.2727272727272727 0.0; 0.8181818181818182 -39.651327870315086; 1.3636363636363635 -52.39267860144475; 1.9090909090909092 -124.91972052507774; 2.4545454545454546 -77.9810785827343; 3.0 -90.26712871816255; 3.5454545454545454 -103.5569271980294; 4.090909090909091 0.0; 4.636363636363637 -124.86379122124478; 5.181818181818182 -138.894751722273; 5.7272727272727275 -152.28289447836715; 6.2727272727272725 -162.36205209330046; 6.818181818181818 -178.52782319399606; 7.363636363636363 -378.1009465718464; 7.909090909090909 -203.80911520734193; 8.454545454545455 -215.4855638903382; 9.0 0.0; 9.545454545454545 -241.05455773556636; 10.090909090909092 -251.27724077111796; 10.636363636363637 0.0; 11.181818181818182 -554.5064638466524; 11.727272727272727 -290.98861029771894; 12.272727272727273 -302.4245543093515; 12.818181818181818 -315.0259131195555; 13.363636363636363 -654.2973992154378; 13.909090909090908 -339.2258688578016; 14.454545454545455 -354.9049019892245; 15.0 -364.53739673072704]
npts :	56
nout :	16
model :	(x,t) -> x[1]t + x[2]
dim :	2
cluster :	false
noise :	true
solution :	[-23.0, -20.4]
description :	type2: line model
