name :	line2d
data :	[-15.0 0.0; -10.714285714285714 -260.5269697421183; -6.428571428571429 -149.54426175800248; -2.142857142857143 -39.86557877944217; 2.142857142857143 70.84782574375093; 6.428571428571429 0.0; 10.714285714285714 290.18468754152724; 15.0 400.15158855794783]
npts :	8
nout :	2
model :	(x,t) -> x[1]t + x[2]
dim :	2
cluster :	false
noise :	true
solution :	[25.7, 15.3]
description :	type2: line model
