name :	line2d
data :	[-15.0 236.02057265105591; -14.523809523809524 225.22608573546466; -14.047619047619047 217.37952946936085; -13.571428571428571 212.19665746046627; -13.095238095238095 0.0; -12.619047619047619 387.69790202508676; -12.142857142857142 188.25973428982533; -11.666666666666666 179.7583085482643; -11.19047619047619 174.41807343864164; -10.714285714285714 164.50545256771275; -10.238095238095237 158.91771166267878; -9.761904761904763 150.61607487599196; -9.285714285714286 140.90715657376867; -8.80952380952381 134.97844923706594; -8.333333333333334 0.0; -7.857142857142857 118.33221378386543; -7.380952380952381 111.77058813277816; -6.904761904761905 104.00565886848756; -6.428571428571429 0.0; -5.9523809523809526 0.0; -5.476190476190476 80.43195123966461; -5.0 146.81688863879458; -4.523809523809524 65.28310163190734; -4.0476190476190474 57.03043339928558; -3.5714285714285716 48.17438985611587; -3.0952380952380953 0.0; -2.619047619047619 0.0; -2.142857142857143 53.380794936320974; -1.6666666666666667 17.659589533434396; -1.1904761904761905 12.044442064969394; -0.7142857142857143 0.0; -0.23809523809523808 -2.925540935144498; 0.23809523809523808 -10.681063468550663; 0.7142857142857143 -19.38017340145826; 1.1904761904761905 -27.231756153927364; 1.6666666666666667 -34.55659906546985; 2.142857142857143 -42.392202333074; 2.619047619047619 -102.19057577482776; 3.0952380952380953 -114.23086232335898; 3.5714285714285716 -65.26813205256352; 4.0476190476190474 -72.74668605385477; 4.523809523809524 -81.40397753275943; 5.0 -176.1093600525703; 5.476190476190476 -189.12329120420014; 5.9523809523809526 -105.07137522545247; 6.428571428571429 -110.23804393147904; 6.904761904761905 -238.2497283172944; 7.380952380952381 0.0; 7.857142857142857 -265.5682943580069; 8.333333333333334 -142.17318013508165; 8.80952380952381 0.0; 9.285714285714286 -157.46263143465904; 9.761904761904763 -166.16426263375547; 10.238095238095237 -172.4991663782216; 10.714285714285714 -178.42204981290814; 11.19047619047619 0.0; 11.666666666666666 -194.66672852933024; 12.142857142857142 -204.51502252289163; 12.619047619047619 -211.8743498711845; 13.095238095238095 -218.28137254500643; 13.571428571428571 -225.79391900461457; 14.047619047619047 -232.15397315622076; 14.523809523809524 -242.13539329776663; 15.0 -249.9771168406466]
npts :	64
nout :	19
model :	(x,t) -> x[1]t + x[2]
dim :	2
cluster :	false
noise :	true
solution :	[-16.1, -7.9]
description :	type2: line model
