name :	line2d
data :	[-15.0 167.09721025106924; -11.25 129.18436269526737; -7.5 90.04395411072494; -3.75 50.340843310179714; 0.0 14.501237833226103; 3.75 -47.6158305390965; 7.5 -60.091569814437456; 11.25 -98.19364809182238; 15.0 -273.5343521074154]
npts :	9
nout :	2
model :	(x,t) -> x[1]t + x[2]
dim :	2
cluster :	false
noise :	true
solution :	[-10.1, 15.2]
description :	type2: line model
