name :	line2d
data :	[-15.0 118.9520954947175; -14.625 115.0517779402475; -14.25 0.0; -13.875 107.45133145371203; -13.5 106.5587106085249; -13.125 0.0; -12.75 0.0; -12.375 93.9753838708016; -12.0 0.0; -11.625 173.64513291332636; -11.25 169.8396779796742; -10.875 79.9140979153016; -10.5 76.98571498996101; -10.125 73.50491748346988; -9.75 69.86332680857775; -9.375 130.09943227952135; -9.0 61.012423913024115; -8.625 57.94416720860403; -8.25 53.00985292885956; -7.875 50.87584002661618; -7.5 0.0; -7.125 43.72632692699448; -6.75 40.564156901601464; -6.375 0.0; -6.0 63.53415410139197; -5.625 0.0; -5.25 47.73154271292264; -4.875 20.614778923070677; -4.5 16.522259621554742; -4.125 0.0; -3.75 10.763808228796004; -3.375 8.098698233494659; -3.0 3.817314834097108; -2.625 -2.0470183554162835; -2.25 -3.482944612422188; -1.875 0.0; -1.5 -12.338366459708487; -1.125 0.0; -0.75 -17.16550754062459; -0.375 -44.55153529315449; 0.0 -55.17347214860857; 0.375 -27.911157240721167; 0.75 -34.56703639749102; 1.125 -36.642191994343534; 1.5 -41.13708983359222; 1.875 -43.96029731831005; 2.25 0.0; 2.625 -104.31307522941826; 3.0 -55.08528288086107; 3.375 -57.88000755126567; 3.75 -62.81969800781294; 4.125 -65.76553570334332; 4.5 -69.87788413115956; 4.875 -145.9094579146342; 5.25 -77.74734879942625; 5.625 -80.29796181813127; 6.0 -81.26183123901494; 6.375 -86.91972456475527; 6.75 -90.16040592340309; 7.125 -95.19049562282626; 7.5 -96.56858180126629; 7.875 -101.55875183784556; 8.25 -104.27956924778371; 8.625 -108.60496065735686; 9.0 -114.39758344985442; 9.375 -117.46676558899036; 9.75 -121.17977258993922; 10.125 -124.57140271425261; 10.5 0.0; 10.875 -132.68865346522432; 11.25 -135.36362593287828; 11.625 -139.89424932448847; 12.0 -279.0874242463125; 12.375 -146.81455480784157; 12.75 0.0; 13.125 -153.13959064657683; 13.5 0.0; 13.875 -160.8840886198505; 14.25 -165.41252932284686; 14.625 -167.5694111970209; 15.0 -170.72387513932256]
npts :	81
nout :	24
model :	(x,t) -> x[1]t + x[2]
dim :	2
cluster :	false
noise :	true
solution :	[-9.7, -25.9]
description :	type2: line model
