name :	line2d
data :	[-15.0 -366.38693398070194; -13.695652173913043 0.0; -12.391304347826088 -300.8501378602271; -11.08695652173913 -264.46720242075924; -9.782608695652174 -230.28095073102958; -8.478260869565217 -195.9214220643293; -7.173913043478261 -323.29971668262135; -5.869565217391305 -255.1291139229062; -4.565217391304348 -186.42568252705468; -3.260869565217391 -57.49738532553276; -1.9565217391304348 -24.128096032583283; -0.6521739130434783 11.481665684671059; 0.6521739130434783 45.44169490132187; 1.9565217391304348 77.715805656334; 3.260869565217391 115.64567415875997; 4.565217391304348 149.6940341221405; 5.869565217391305 0.0; 7.173913043478261 436.5299697549396; 8.478260869565217 252.93462772173973; 9.782608695652174 286.3410104947964; 11.08695652173913 319.08703783915024; 12.391304347826088 354.3520248183684; 13.695652173913043 390.6850902401539; 15.0 0.0]
npts :	24
nout :	7
model :	(x,t) -> x[1]t + x[2]
dim :	2
cluster :	false
noise :	true
solution :	[26.4, 28.4]
description :	type2: line model
