name :	line2d
data :	[-15.0 775.9105308866724; -12.0 314.1441353871418; -9.0 241.29140492846474; -6.0 166.69657508994638; -3.0 0.0; 0.0 20.87251116167624; 3.0 -104.52727944787182; 6.0 -126.07765287292285; 9.0 -197.96747444870132; 12.0 -273.4366476600947; 15.0 -347.46765842379455]
npts :	11
nout :	3
model :	(x,t) -> x[1]t + x[2]
dim :	2
cluster :	false
noise :	true
solution :	[-24.5, 21.5]
description :	type2: line model
