name :	line2d
data :	[-15.0 64.11241227042207; -14.411764705882353 31.2929752139202; -13.823529411764707 29.80772885988801; -13.235294117647058 30.548799905468556; -12.647058823529411 28.61475588327682; -12.058823529411764 30.136598690480778; -11.470588235294118 31.08213955716396; -10.882352941176471 28.449277456378372; -10.294117647058824 30.403332941280798; -9.705882352941176 59.670971338061776; -9.117647058823529 28.312279208985736; -8.529411764705882 59.486246197491006; -7.9411764705882355 29.312973665212642; -7.352941176470588 28.698387963604088; -6.764705882352941 0.0; -6.176470588235294 29.19634422170223; -5.588235294117647 54.46264909396896; -5.0 27.79521910755487; -4.411764705882353 27.68292896319685; -3.823529411764706 0.0; -3.235294117647059 56.23481136308466; -2.6470588235294117 25.285680983419784; -2.0588235294117645 0.0; -1.4705882352941178 27.27780002899281; -0.8823529411764706 27.37800327211497; -0.29411764705882354 27.48137272586382; 0.29411764705882354 25.500750912928588; 0.8823529411764706 26.62553267698697; 1.4705882352941178 0.0; 2.0588235294117645 25.852401052456045; 2.6470588235294117 26.209935505758672; 3.235294117647059 51.04669148193405; 3.823529411764706 25.826085119289534; 4.411764705882353 24.228259417683695; 5.0 23.581876279937322; 5.588235294117647 48.626890052856425; 6.176470588235294 51.95202440337904; 6.764705882352941 24.51210638464354; 7.352941176470588 24.153271492539957; 7.9411764705882355 24.90333199066395; 8.529411764705882 24.92352245139344; 9.117647058823529 49.55380412575632; 9.705882352941176 24.60470464506676; 10.294117647058824 26.323995921403426; 10.882352941176471 24.01240621629783; 11.470588235294118 44.530455150490056; 12.058823529411764 44.04204167219002; 12.647058823529411 23.72000180513274; 13.235294117647058 22.341547473407328; 13.823529411764707 23.208463067188983; 14.411764705882353 20.718175724402755; 15.0 22.085407032874148]
npts :	52
nout :	15
model :	(x,t) -> x[1]t + x[2]
dim :	2
cluster :	false
noise :	true
solution :	[-0.3, 26.8]
description :	type2: line model
