name :	line2d
data :	[-15.0 423.72927756005123; -14.482758620689655 408.619974369022; -13.96551724137931 393.83454439679105; -13.448275862068966 379.4130322512135; -12.931034482758621 364.37964868949206; -12.413793103448276 351.52292402061795; -11.89655172413793 336.6032051846244; -11.379310344827585 0.0; -10.862068965517242 0.0; -10.344827586206897 296.5580808698398; -9.827586206896552 280.91133034264215; -9.310344827586206 267.7779053592485; -8.793103448275861 251.99088494792073; -8.275862068965518 0.0; -7.758620689655173 224.1733291066313; -7.241379310344827 211.45314165799397; -6.724137931034483 196.47182340614214; -6.206896551724138 183.0049033324845; -5.689655172413793 165.8446700195849; -5.172413793103448 0.0; -4.655172413793103 278.1323034207988; -4.137931034482759 124.76503821546383; -3.6206896551724137 109.59409924323452; -3.103448275862069 192.9623079222404; -2.586206896551724 83.666922045233; -2.0689655172413794 69.47309131062116; -1.5517241379310345 54.92302977785616; -1.0344827586206897 38.39446463817756; -0.5172413793103449 27.00937197395579; 0.0 11.868661211174057; 0.5172413793103449 0.0; 1.0344827586206897 0.0; 1.5517241379310345 -29.886116944367092; 2.0689655172413794 -46.126035188169425; 2.586206896551724 -122.20623506061185; 3.103448275862069 -149.277486717578; 3.6206896551724137 0.0; 4.137931034482759 -203.31028466436845; 4.655172413793103 -116.7425366446313; 5.172413793103448 -130.0750469329066; 5.689655172413793 -143.4323934900139; 6.206896551724138 -159.16445148667674; 6.724137931034483 0.0; 7.241379310344827 -185.88294395657744; 7.758620689655173 0.0; 8.275862068965518 -215.89502303749066; 8.793103448275861 -227.19616912621626; 9.310344827586206 -243.64352678258356; 9.827586206896552 -257.92396923195406; 10.344827586206897 -270.81123324907054; 10.862068965517242 -572.9133135010542; 11.379310344827585 -597.9303854957333; 11.89655172413793 -314.5429153938903; 12.413793103448276 -328.04166078119016; 12.931034482758621 -344.0139256817293; 13.448275862068966 -357.0156015688584; 13.96551724137931 -743.0187754636748; 14.482758620689655 -386.3254356743765; 15.0 -400.9918588913862]
npts :	59
nout :	17
model :	(x,t) -> x[1]t + x[2]
dim :	2
cluster :	false
noise :	true
solution :	[-27.4, 11.7]
description :	type2: line model
