name :	line2d
data :	[-15.0 0.0; -14.508196721311476 0.0; -14.01639344262295 93.77145480461203; -13.524590163934427 87.39402631925569; -13.032786885245901 86.47377436272002; -12.540983606557377 80.38265579333665; -12.049180327868852 154.14438136326658; -11.557377049180328 72.71287739742723; -11.065573770491802 68.78274027849024; -10.573770491803279 64.23268171313926; -10.081967213114755 60.809339761353435; -9.59016393442623 0.0; -9.098360655737705 52.50506939364465; -8.60655737704918 49.10943639375385; -8.114754098360656 42.503057659566934; -7.622950819672131 40.12261722258047; -7.131147540983607 34.174320410772125; -6.639344262295082 31.22334528371593; -6.147540983606557 0.0; -5.655737704918033 23.43270881361413; -5.163934426229508 19.197110920711122; -4.672131147540983 15.424011444019097; -4.180327868852459 20.976119538017823; -3.6885245901639343 8.169455119635165; -3.19672131147541 3.9684238531021716; -2.7049180327868854 -1.8415728180907087; -2.2131147540983607 0.0; -1.721311475409836 -10.724828871581057; -1.2295081967213115 -13.605123993002952; -0.7377049180327869 -18.673210594616087; -0.2459016393442623 -23.244337244972154; 0.2459016393442623 -26.04585720946498; 0.7377049180327869 -29.05178011498842; 1.2295081967213115 -33.509075377338974; 1.721311475409836 -38.64574345127692; 2.2131147540983607 0.0; 2.7049180327868854 -94.9898343465337; 3.19672131147541 -50.501004626882825; 3.6885245901639343 -112.15271018999336; 4.180327868852459 -60.61150769040435; 4.672131147540983 -64.87559731990142; 5.163934426229508 0.0; 5.655737704918033 -72.38868291291568; 6.147540983606557 -75.98218606888756; 6.639344262295082 -79.8126238532589; 7.131147540983607 -166.56131139362415; 7.622950819672131 0.0; 8.114754098360656 -92.80211870074409; 8.60655737704918 -193.16653074767908; 9.098360655737705 -101.14671708235831; 9.59016393442623 0.0; 10.081967213114755 0.0; 10.573770491803279 -113.21797846499776; 11.065573770491802 -118.09300837656002; 11.557377049180328 -122.34243807179031; 12.049180327868852 -127.51541528326571; 12.540983606557377 -131.1117658892144; 13.032786885245901 -133.19432437814604; 13.524590163934427 -273.89133284860503; 14.01639344262295 -140.59197384684975; 14.508196721311476 -291.259741742405; 15.0 -149.14519735835339]
npts :	62
nout :	18
model :	(x,t) -> x[1]t + x[2]
dim :	2
cluster :	false
noise :	true
solution :	[-8.4, -24.2]
description :	type2: line model
