name :	line2d
data :	[-15.0 105.17406372398297; -13.88888888888889 97.68022350068546; -12.777777777777779 88.91536657445266; -11.666666666666666 82.13698245283355; -10.555555555555555 142.9487602186774; -9.444444444444445 59.66329711220748; -8.333333333333334 53.398396926926885; -7.222222222222222 87.26451872762009; -6.111111111111111 33.190705892474654; -5.0 25.303737407343903; -3.888888888888889 29.04273551480133; -2.7777777777777777 7.083180800134818; -1.6666666666666667 0.0; -0.5555555555555556 -10.389429441574206; 0.5555555555555556 0.0; 1.6666666666666667 -29.917595544964975; 2.7777777777777777 0.0; 3.888888888888889 -48.206580141817724; 5.0 -55.78380665415952; 6.111111111111111 -63.94541492786825; 7.222222222222222 -74.71856837180484; 8.333333333333334 -166.1573869314513; 9.444444444444445 -185.28363275161675; 10.555555555555555 -103.99989571150103; 11.666666666666666 -109.27549390310193; 12.777777777777779 -119.8510139418241; 13.88888888888889 -129.24557801674615; 15.0 -137.74200724768036]
npts :	28
nout :	8
model :	(x,t) -> x[1]t + x[2]
dim :	2
cluster :	false
noise :	true
solution :	[-8.2, -15.6]
description :	type2: line model
