name :	line2d
data :	[-15.0 -270.2848654904945; -14.18918918918919 -254.47013326998413; -13.378378378378379 -242.18418228109445; -12.567567567567568 -228.73178637021206; -11.756756756756756 -214.02164794943192; -10.945945945945946 0.0; -10.135135135135135 -185.16961663535565; -9.324324324324325 -339.32229157794876; -8.513513513513514 -155.4582528770675; -7.702702702702703 0.0; -6.891891891891892 -127.29323127260928; -6.081081081081081 -112.05165151144548; -5.27027027027027 -98.52826389156454; -4.45945945945946 -85.8063577634629; -3.6486486486486487 -69.77790705554841; -2.8378378378378377 0.0; -2.027027027027027 -83.7038956901162; -1.2162162162162162 -28.1771742151523; -0.40540540540540543 -11.474857397313437; 0.40540540540540543 2.28373481756727; 1.2162162162162162 0.0; 2.027027027027027 29.90460949910563; 2.8378378378378377 84.71502193534083; 3.6486486486486487 115.95233650432628; 4.45945945945946 72.65333875445835; 5.27027027027027 85.46339885130033; 6.081081081081081 99.93059811425643; 6.891891891891892 0.0; 7.702702702702703 129.6382782620128; 8.513513513513514 142.76945285077045; 9.324324324324325 160.2410152477032; 10.135135135135135 172.14781592487557; 10.945945945945946 186.8022298129673; 11.756756756756756 199.74590593004487; 12.567567567567568 213.54637476138635; 13.378378378378379 457.9623721333867; 14.18918918918919 244.3860324211432; 15.0 0.0]
npts :	38
nout :	11
model :	(x,t) -> x[1]t + x[2]
dim :	2
cluster :	false
noise :	true
solution :	[17.6, -6.0]
description :	type2: line model
