name :	line2d
data :	[-15.0 122.21168798835905; -14.268292682926829 116.07716312864619; -13.536585365853659 0.0; -12.804878048780488 105.52145243389155; -12.073170731707316 97.43489015446953; -11.341463414634147 93.91105489893965; -10.609756097560975 0.0; -9.878048780487806 83.64975697241599; -9.146341463414634 0.0; -8.414634146341463 71.67867477024886; -7.682926829268292 66.59388419276146; -6.951219512195122 61.30265209171777; -6.219512195121951 55.03560505835189; -5.487804878048781 100.91701450429183; -4.7560975609756095 44.01638391657853; -4.024390243902439 40.71051189996074; -3.292682926829268 34.52243067457943; -2.5609756097560976 28.285478271366827; -1.829268292682927 22.659771824464578; -1.0975609756097562 32.38641226034102; -0.36585365853658536 9.992957949004406; 0.36585365853658536 5.82390749682408; 1.0975609756097562 1.3945095139256716; 1.829268292682927 -4.115082286992328; 2.5609756097560976 -11.55223754857925; 3.292682926829268 -24.890305195204835; 4.024390243902439 0.0; 4.7560975609756095 -27.6886293807365; 5.487804878048781 -62.0478522573513; 6.219512195121951 -37.63848849332008; 6.951219512195122 -88.2415860237629; 7.682926829268292 -96.84598184995114; 8.414634146341463 -55.71653019123066; 9.146341463414634 -59.08395730795361; 9.878048780487806 -126.91908556372594; 10.609756097560975 -69.8389212672732; 11.341463414634147 -74.6152705125404; 12.073170731707316 -81.82236202264359; 12.804878048780488 0.0; 13.536585365853659 -91.97717112491044; 14.268292682926829 -98.0122273112558; 15.0 -102.40192245285998]
npts :	42
nout :	12
model :	(x,t) -> x[1]t + x[2]
dim :	2
cluster :	false
noise :	true
solution :	[-7.5, 9.2]
description :	type2: line model
