name :	line2d
data :	[-15.0 -302.96767272978343; -14.482758620689655 -147.12813027417758; -13.96551724137931 -139.37187960261662; -13.448275862068966 -134.02733534154257; -12.931034482758621 -128.57558186564194; -12.413793103448276 -248.56789353829927; -11.89655172413793 -115.66054190356824; -11.379310344827585 -225.76597635998098; -10.862068965517242 0.0; -10.344827586206897 -101.88336044119744; -9.827586206896552 -187.72765151556987; -9.310344827586206 0.0; -8.793103448275861 -81.98323303186535; -8.275862068965518 -75.8817100119113; -7.758620689655173 -69.82917576767069; -7.241379310344827 -64.53175736757888; -6.724137931034483 -58.5487844106984; -6.206896551724138 -53.079034591345675; -5.689655172413793 0.0; -5.172413793103448 -40.82281918472138; -4.655172413793103 0.0; -4.137931034482759 -28.357936777127335; -3.6206896551724137 -23.896568867361164; -3.103448275862069 -17.906334694976564; -2.586206896551724 -10.810225928818813; -2.0689655172413794 -4.064953793256929; -1.5517241379310345 -2.095538076212928; -1.0344827586206897 5.4806144551233915; -0.5172413793103449 0.0; 0.0 17.10246084825477; 0.5172413793103449 25.009744735054614; 1.0344827586206897 57.35486339395708; 1.5517241379310345 36.48160357387172; 2.0689655172413794 41.04012493147197; 2.586206896551724 45.78962281736798; 3.103448275862069 0.0; 3.6206896551724137 58.01523228798668; 4.137931034482759 63.74201580526992; 4.655172413793103 0.0; 5.172413793103448 74.74826956822282; 5.689655172413793 81.4988996048837; 6.206896551724138 87.7562909883404; 6.724137931034483 188.82906420762885; 7.241379310344827 97.33239039769637; 7.758620689655173 0.0; 8.275862068965518 112.6205986103836; 8.793103448275861 115.37424907885443; 9.310344827586206 124.29556443427555; 9.827586206896552 129.60204291961512; 10.344827586206897 0.0; 10.862068965517242 140.7401655135394; 11.379310344827585 145.51526362813485; 11.89655172413793 152.93594118924042; 12.413793103448276 157.66383596534382; 12.931034482758621 162.71952928565622; 13.448275862068966 343.1260830322387; 13.96551724137931 174.6036853256521; 14.482758620689655 179.87509549976804; 15.0 187.3714435575443]
npts :	59
nout :	17
model :	(x,t) -> x[1]t + x[2]
dim :	2
cluster :	false
noise :	true
solution :	[11.3, 17.5]
description :	type2: line model
