name :	line2d
data :	[-15.0 -252.8599351902577; -12.5 -212.24458941596285; -10.0 -172.47491523899762; -7.5 -261.9762357770891; -5.0 -92.88131350604489; -2.5 -50.82092816389797; 0.0 -9.551546171929806; 2.5 29.756810039157454; 5.0 69.02807132845625; 7.5 109.38984189633842; 10.0 0.0; 12.5 192.14914269849524; 15.0 0.0]
npts :	13
nout :	3
model :	(x,t) -> x[1]t + x[2]
dim :	2
cluster :	false
noise :	true
solution :	[16.1, -11.1]
description :	type2: line model
