name :	line2d
data :	[-15.0 -442.65822637075195; -14.423076923076923 -212.16844335219636; -13.846153846153847 -205.87799407054703; -13.26923076923077 -196.02091212526628; -12.692307692307692 -377.7718328073382; -12.115384615384615 -366.7611172350937; -11.538461538461538 -174.3582446003105; -10.961538461538462 -165.63068525809277; -10.384615384615385 -160.66010659148213; -9.807692307692308 0.0; -9.23076923076923 -142.78031359985886; -8.653846153846153 -136.12482944447092; -8.076923076923077 -127.72244036947858; -7.5 -120.02357851440523; -6.923076923076923 -114.43982824250993; -6.346153846153846 -215.3728624144083; -5.769230769230769 -97.63572306786003; -5.1923076923076925 -90.48524272716082; -4.615384615384615 -164.29676200956632; -4.038461538461538 -73.27251922320882; -3.4615384615384617 -65.85385681443675; -2.8846153846153846 -58.70944084168121; -2.3076923076923075 -51.930251553514545; -1.7307692307692308 0.0; -1.1538461538461537 -35.826229622437; -0.5769230769230769 -29.76922520969149; 0.0 -21.135524748460053; 0.5769230769230769 -13.789245367657854; 1.1538461538461537 -6.559821530777754; 1.7307692307692308 0.890490624177947; 2.3076923076923075 0.0; 2.8846153846153846 18.412319380012242; 3.4615384615384617 23.591946129324228; 4.038461538461538 33.71367220854365; 4.615384615384615 81.4457284184545; 5.1923076923076925 93.8666695566625; 5.769230769230769 55.570529785976035; 6.346153846153846 63.547766312402196; 6.923076923076923 139.65492296119297; 7.5 78.95535929400934; 8.076923076923077 0.0; 8.653846153846153 95.16865082696586; 9.23076923076923 99.69169694549687; 9.807692307692308 217.64131401427403; 10.384615384615385 229.8793708338324; 10.961538461538462 125.06105994188093; 11.538461538461538 131.9654610744976; 12.115384615384615 138.7191630945393; 12.692307692307692 146.99160708624552; 13.26923076923077 153.77344035803145; 13.846153846153847 164.10650336801328; 14.423076923076923 168.94458971743856; 15.0 0.0]
npts :	53
nout :	15
model :	(x,t) -> x[1]t + x[2]
dim :	2
cluster :	false
noise :	true
solution :	[13.3, -21.4]
description :	type2: line model
