name :	line2d
data :	[-15.0 -242.09783080197963; -14.482758620689655 -234.32696585041688; -13.96551724137931 0.0; -13.448275862068966 -216.58698059699387; -12.931034482758621 -208.52236332240147; -12.413793103448276 -394.92741858392344; -11.89655172413793 -189.01186327709618; -11.379310344827585 -181.2459949894766; -10.862068965517242 -170.79268023857438; -10.344827586206897 -320.56402776945015; -9.827586206896552 -153.56471330605007; -9.310344827586206 -143.18546870634503; -8.793103448275861 -134.25788248966305; -8.275862068965518 -126.48398822142174; -7.758620689655173 -116.736141246474; -7.241379310344827 -107.95347766446778; -6.724137931034483 -98.65130546977748; -6.206896551724138 -89.602423211035; -5.689655172413793 -80.00589390972229; -5.172413793103448 -71.01382018092278; -4.655172413793103 -62.87656489867107; -4.137931034482759 -53.69066868981142; -3.6206896551724137 -41.99886582501364; -3.103448275862069 0.0; -2.586206896551724 -26.14308568676482; -2.0689655172413794 -18.422331693875257; -1.5517241379310345 -9.118114372420393; -1.0344827586206897 1.5812358494099046; -0.5172413793103449 9.576084311766223; 0.0 20.071334297878504; 0.5172413793103449 29.04198578014123; 1.0344827586206897 0.0; 1.5517241379310345 45.414218694814735; 2.0689655172413794 55.32562490795254; 2.586206896551724 64.02869625489491; 3.103448275862069 74.45977343194755; 3.6206896551724137 163.2288021383928; 4.137931034482759 90.62097777667017; 4.655172413793103 198.51497182546223; 5.172413793103448 109.0050602470852; 5.689655172413793 235.54206168369166; 6.206896551724138 0.0; 6.724137931034483 135.84935731409178; 7.241379310344827 286.2845746479563; 7.758620689655173 306.076948510023; 8.275862068965518 330.2296673296758; 8.793103448275861 344.63309056367535; 9.310344827586206 0.0; 9.827586206896552 188.90119684443923; 10.344827586206897 399.3942491466136; 10.862068965517242 0.0; 11.379310344827585 217.94419002177645; 11.89655172413793 226.36537147316363; 12.413793103448276 236.2319095770872; 12.931034482758621 245.03785843080888; 13.448275862068966 253.93029059996869; 13.96551724137931 263.126927881039; 14.482758620689655 0.0; 15.0 281.6772375405522]
npts :	59
nout :	17
model :	(x,t) -> x[1]t + x[2]
dim :	2
cluster :	false
noise :	true
solution :	[17.5, 19.0]
description :	type2: line model
