name :	line2d
data :	[-15.0 -174.52318091882125; -13.571428571428571 0.0; -12.142857142857142 -143.15101726038125; -10.714285714285714 -250.4920395604519; -9.285714285714286 -109.38673187747393; -7.857142857142857 -182.6909482349306; -6.428571428571429 -74.98261598884179; -5.0 0.0; -3.5714285714285716 -40.72238813259322; -2.142857142857143 -23.550572254658714; -0.7142857142857143 -16.145870609697823; 0.7142857142857143 9.21683981264329; 2.142857142857143 26.867225533300477; 3.5714285714285716 44.49403992238907; 5.0 58.80735972718621; 6.428571428571429 79.95869124970224; 7.857142857142857 93.49073660490001; 9.285714285714286 110.09997499017277; 10.714285714285714 255.1901146930178; 12.142857142857142 144.80248412744487; 13.571428571428571 159.66807941705312; 15.0 178.6255140346558]
npts :	22
nout :	6
model :	(x,t) -> x[1]t + x[2]
dim :	2
cluster :	false
noise :	true
solution :	[11.8, 1.2]
description :	type2: line model
