name :	line2d
data :	[-15.0 0.0; -14.0 -183.15359730179244; -13.0 -169.58793019177642; -12.0 -155.83058457151972; -11.0 -142.1941421213661; -10.0 -130.1169406565391; -9.0 -117.05223831691187; -8.0 -103.70214635182984; -7.0 -89.9859040728384; -6.0 -77.80482359393044; -5.0 -65.13893657744862; -4.0 -103.57050110913414; -3.0 -77.97537237048714; -2.0 -26.836387338747954; -1.0 -10.976581623889931; 0.0 1.0848832215289266; 1.0 15.257403406728965; 2.0 28.292760296987375; 3.0 86.99612172440348; 4.0 53.92105612231487; 5.0 0.0; 6.0 0.0; 7.0 96.49321411739665; 8.0 106.87017103504965; 9.0 120.54519508640246; 10.0 267.06105567450044; 11.0 294.95058335291804; 12.0 160.7155507961733; 13.0 345.551620663954; 14.0 187.46061092222217; 15.0 198.48271551016137]
npts :	31
nout :	9
model :	(x,t) -> x[1]t + x[2]
dim :	2
cluster :	false
noise :	true
solution :	[13.2, 1.8]
description :	type2: line model
