name :	line2d
data :	[-15.0 269.491450532016; -14.53125 261.8035324841514; -14.0625 0.0; -13.59375 242.97190053838767; -13.125 235.58989658391732; -12.65625 226.1945594497428; -12.1875 216.6648113280399; -11.71875 208.05224435416275; -11.25 201.0063939199372; -10.78125 0.0; -10.3125 182.36760464450862; -9.84375 173.83046524526821; -9.375 328.355661403019; -8.90625 154.0449948352732; -8.4375 293.1389555765184; -7.96875 138.41347185108341; -7.5 131.7027931346499; -7.03125 122.0255835575537; -6.5625 0.0; -6.09375 103.72252810230758; -5.625 94.46369726157884; -5.15625 86.67703777321952; -4.6875 154.06304638175678; -4.21875 70.36302202044293; -3.75 60.84596864129103; -3.28125 51.4303715672658; -2.8125 83.89477127248631; -2.34375 33.83198965067469; -1.875 24.00195439041622; -1.40625 0.0; -0.9375 7.38006061713091; -0.46875 -1.9999246151490426; 0.0 0.0; 0.46875 -17.794847642488907; 0.9375 -27.701994970373637; 1.40625 -37.31737426370463; 1.875 0.0; 2.34375 -54.929549891268486; 2.8125 -62.39763433607635; 3.28125 -71.13141906606187; 3.75 0.0; 4.21875 -178.13511753202908; 4.6875 -99.14266061794586; 5.15625 0.0; 5.625 0.0; 6.09375 0.0; 6.5625 -133.41720598187064; 7.03125 -141.2738162029649; 7.5 -151.0353654380282; 7.96875 -159.08352490868134; 8.4375 -167.38967441329586; 8.90625 -176.63372511049425; 9.375 0.0; 9.84375 0.0; 10.3125 -203.3606593371403; 10.78125 0.0; 11.25 -219.6915325884541; 11.71875 -230.9821382829114; 12.1875 -237.8492775133781; 12.65625 -245.9652276173313; 13.125 -255.43619951264608; 13.59375 -264.79984331336294; 14.0625 -550.2550530251751; 14.53125 -281.38144707209926; 15.0 -291.09534949420316]
npts :	65
nout :	19
model :	(x,t) -> x[1]t + x[2]
dim :	2
cluster :	false
noise :	true
solution :	[-18.7, -10.4]
description :	type2: line model
