name :	line2d
data :	[-15.0 0.0; -14.03225806451613 -353.59706085664055; -13.064516129032258 -326.0735299074499; -12.096774193548388 -304.3360073389562; -11.129032258064516 -278.6859731359217; -10.161290322580646 -255.90493186285258; -9.193548387096774 0.0; -8.225806451612904 0.0; -7.258064516129032 0.0; -6.290322580645161 -153.49418100741659; -5.32258064516129 -128.71925715973472; -4.354838709677419 0.0; -3.3870967741935485 -78.8121163488248; -2.4193548387096775 -106.6500314598408; -1.4516129032258065 -32.04753531715848; -0.4838709677419355 -5.209386107820693; 0.4838709677419355 0.0; 1.4516129032258065 45.811049442657435; 2.4193548387096775 68.29165034830719; 3.3870967741935485 94.26547710771926; 4.354838709677419 120.85124230393157; 5.32258064516129 143.85211496681342; 6.290322580645161 167.5573719075934; 7.258064516129032 192.29454731438372; 8.225806451612904 218.96237155150862; 9.193548387096774 484.27040607209676; 10.161290322580646 268.71278825123545; 11.129032258064516 294.8595766852751; 12.096774193548388 318.3693637250743; 13.064516129032258 686.9853580540514; 14.03225806451613 368.508960377958; 15.0 392.65910389242686]
npts :	32
nout :	9
model :	(x,t) -> x[1]t + x[2]
dim :	2
cluster :	false
noise :	true
solution :	[25.7, 7.5]
description :	type2: line model
