name :	line2d
data :	[-15.0 9.849340222324784; -13.636363636363637 0.0; -12.272727272727273 5.7784380059386; -10.909090909090908 4.1922463497429705; -9.545454545454545 0.40293604313571496; -8.181818181818182 1.8074536450372214; -6.818181818181818 2.1496190391224035; -5.454545454545454 -0.913286187647376; -4.090909090909091 -2.5844700247931582; -2.727272727272727 -3.178224366192063; -1.3636363636363635 -4.200872024156471; 0.0 -4.554506957930929; 1.3636363636363635 -7.31986686055918; 2.727272727272727 -6.765110099097998; 4.090909090909091 -8.811792546368189; 5.454545454545454 -10.913961299178323; 6.818181818181818 -11.564235318144112; 8.181818181818182 -26.620710340085633; 9.545454545454545 -28.904011950482428; 10.909090909090908 -32.00755949953261; 12.272727272727273 -32.93338059018739; 13.636363636363637 -16.227307283518854; 15.0 -41.32411806461494]
npts :	23
nout :	6
model :	(x,t) -> x[1]t + x[2]
dim :	2
cluster :	false
noise :	true
solution :	[-0.9, -5.6]
description :	type2: line model
