name :	line2d
data :	[-15.0 -444.20148151784304; -14.423076923076923 -853.3593899916194; -13.846153846153847 -411.70639890426827; -13.26923076923077 -787.9682674777463; -12.692307692307692 -750.6204732705324; -12.115384615384615 -360.9948519111651; -11.538461538461538 -342.37137616972865; -10.961538461538462 -325.31670703713695; -10.384615384615385 -619.3894722292215; -9.807692307692308 0.0; -9.23076923076923 -277.64857626002146; -8.653846153846153 -260.80700739907087; -8.076923076923077 -484.70076049099237; -7.5 -227.9788424634575; -6.923076923076923 0.0; -6.346153846153846 -194.15694322196003; -5.769230769230769 -356.1043365139904; -5.1923076923076925 -161.31038149612598; -4.615384615384615 -145.05248166017628; -4.038461538461538 -254.98101743918517; -3.4615384615384617 -109.91076323069827; -2.8846153846153846 -96.37000643147796; -2.3076923076923075 -77.71549848905221; -1.7307692307692308 -62.088897533833084; -1.1538461538461537 -44.71076009861901; -0.5769230769230769 -29.15481189946849; 0.0 0.0; 0.5769230769230769 6.157593337630886; 1.1538461538461537 20.81910051606299; 1.7307692307692308 37.12446481540396; 2.3076923076923075 0.0; 2.8846153846153846 70.3581694480969; 3.4615384615384617 86.3625624834898; 4.038461538461538 0.0; 4.615384615384615 120.55950694727272; 5.1923076923076925 137.07728589836785; 5.769230769230769 153.0762869264041; 6.346153846153846 170.28100014770638; 6.923076923076923 186.49296551712973; 7.5 203.58270307533772; 8.076923076923077 437.587385587282; 8.653846153846153 235.37697064763287; 9.23076923076923 252.35435788389574; 9.807692307692308 536.0914728334959; 10.384615384615385 287.55858505222545; 10.961538461538462 301.42054077785383; 11.538461538461538 319.2031680634409; 12.115384615384615 335.8086673655034; 12.692307692307692 352.2225877603165; 13.26923076923077 368.5221505631403; 13.846153846153847 0.0; 14.423076923076923 402.61398808586057; 15.0 417.2600991542872]
npts :	53
nout :	15
model :	(x,t) -> x[1]t + x[2]
dim :	2
cluster :	false
noise :	true
solution :	[28.7, -12.7]
description :	type2: line model
