name :	line2d
data :	[-15.0 0.0; -14.433962264150944 -313.3739997717569; -13.867924528301886 -298.1716541093639; -13.30188679245283 -284.5450569916313; -12.735849056603774 -543.8170968827795; -12.169811320754716 -257.6966459648922; -11.60377358490566 0.0; -11.037735849056604 -231.54380378202276; -10.471698113207546 -218.1205291189011; -9.90566037735849 -410.8019974562802; -9.339622641509434 0.0; -8.773584905660377 -178.60570914525664; -8.20754716981132 -164.33322563323338; -7.6415094339622645 -302.5140652602498; -7.0754716981132075 -279.68016037611767; -6.509433962264151 -123.84565985735027; -5.943396226415095 -112.64445099090224; -5.377358490566038 -193.95029170819126; -4.811320754716981 0.0; -4.245283018867925 -71.38809341564371; -3.6792452830188678 -56.061047729062565; -3.1132075471698113 -45.225469539924724; -2.547169811320755 0.0; -1.9811320754716981 -35.54518794665781; -1.4150943396226414 -4.657063097300439; -0.8490566037735849 0.0; -0.2830188679245283 23.81426621404044; 0.2830188679245283 36.02592310177396; 0.8490566037735849 48.96860203217509; 1.4150943396226414 65.49886529520066; 1.9811320754716981 75.54870251493413; 2.547169811320755 90.04419926748662; 3.1132075471698113 103.72097081502494; 3.6792452830188678 115.07005153825332; 4.245283018867925 0.0; 4.811320754716981 144.5339994048836; 5.377358490566038 156.39406190735713; 5.943396226415095 171.70982755487242; 6.509433962264151 364.09136705692623; 7.0754716981132075 196.4575171423739; 7.6415094339622645 208.5045882863305; 8.20754716981132 222.4091888197558; 8.773584905660377 235.83725174943197; 9.339622641509434 0.0; 9.90566037735849 263.200984263582; 10.471698113207546 277.0115640921823; 11.037735849056604 288.67117439903643; 11.60377358490566 303.7717542995452; 12.169811320754716 316.3384761145469; 12.735849056603774 330.666513404218; 13.30188679245283 344.35959898247626; 13.867924528301886 356.42627002470954; 14.433962264150944 370.9570987488375; 15.0 382.94192954018325]
npts :	54
nout :	16
model :	(x,t) -> x[1]t + x[2]
dim :	2
cluster :	false
noise :	true
solution :	[23.6, 29.2]
description :	type2: line model
