name :	line2d
data :	[-15.0 -190.56659741130488; -13.5 0.0; -12.0 -152.65096348915228; -10.5 -131.6153394805372; -9.0 -112.36053783020813; -7.5 0.0; -6.0 -70.21968816766704; -4.5 -52.06469162769898; -3.0 -31.727866008908297; -1.5 -10.869444812885595; 0.0 0.0; 1.5 0.0; 3.0 47.363443916575335; 4.5 0.0; 6.0 88.83023083871453; 7.5 0.0; 9.0 129.13194032151574; 10.5 150.23449532332938; 12.0 169.46106051723982; 13.5 190.4624502736132; 15.0 208.36405447013664]
npts :	21
nout :	6
model :	(x,t) -> x[1]t + x[2]
dim :	2
cluster :	false
noise :	true
solution :	[13.4, 8.3]
description :	type2: line model
