name :	line2d
data :	[-15.0 -192.77643718074364; -13.0 0.0; -11.0 -135.06625655647275; -9.0 -108.27812963165604; -7.0 -77.89637752775697; -5.0 -102.53747847627392; -3.0 0.0; -1.0 7.525180556545202; 1.0 34.155110829231745; 3.0 64.25604721323829; 5.0 93.61801690456625; 7.0 120.55451745116925; 9.0 0.0; 11.0 178.75501150981603; 13.0 205.02287050920992; 15.0 234.9223140689684]
npts :	16
nout :	4
model :	(x,t) -> x[1]t + x[2]
dim :	2
cluster :	false
noise :	true
solution :	[14.3, 20.6]
description :	type2: line model
