name :	line2d
data :	[-15.0 -67.50753161514004; -14.625 -67.7147335348905; -14.25 0.0; -13.875 -61.21719549821647; -13.5 -57.608043245184895; -13.125 -55.3912418899997; -12.75 -54.300038447648554; -12.375 -105.03902903282838; -12.0 -49.46850972300582; -11.625 -45.609533960584635; -11.25 0.0; -10.875 -42.97113036714856; -10.5 -81.7249555271317; -10.125 -36.587764738084914; -9.75 -34.583778693764; -9.375 -32.052693588340404; -9.0 -30.083428464731487; -8.625 -26.257361725851634; -8.25 0.0; -7.875 -45.62453908617972; -7.5 -21.326315746728902; -7.125 -19.68252823564532; -6.75 -32.01951098263809; -6.375 -13.21697071941677; -6.0 -11.265457021833578; -5.625 -10.082623142018967; -5.25 -4.143977400502479; -4.875 -4.211777668311888; -4.5 -3.8827325129899224; -4.125 1.920313585252213; -3.75 2.555258039535622; -3.375 5.147993709980257; -3.0 8.587908036729067; -2.625 20.75737604342695; -2.25 26.876837127263833; -1.875 15.411979562164463; -1.5 18.619058736913274; -1.125 0.0; -0.75 22.481668771420434; -0.375 24.167364650957868; 0.0 26.717856577063902; 0.375 29.096919553098466; 0.75 0.0; 1.125 69.86488862250698; 1.5 37.59378155088772; 1.875 37.366094889297116; 2.25 40.40439578078087; 2.625 43.86663867522507; 3.0 45.57118537579961; 3.375 46.7520663918552; 3.75 51.09125893132465; 4.125 52.677941855833055; 4.5 57.29553657148257; 4.875 56.060383437026175; 5.25 0.0; 5.625 62.169491754514105; 6.0 127.3559671925951; 6.375 0.0; 6.75 0.0; 7.125 71.22410419033675; 7.5 0.0; 7.875 0.0; 8.25 157.69651799181142; 8.625 0.0; 9.0 82.03328408396551; 9.375 83.59795132395699; 9.75 86.00474150329822; 10.125 0.0; 10.5 92.42932271557108; 10.875 93.88214035594697; 11.25 0.0; 11.625 101.57349576113901; 12.0 101.31134829763468; 12.375 104.7184390259017; 12.75 108.65122429600142; 13.125 109.79529345217531; 13.5 111.09399925888304; 13.875 114.11554825949044; 14.25 236.65970280700495; 14.625 117.71705633014825; 15.0 121.13485032724113]
npts :	81
nout :	24
model :	(x,t) -> x[1]t + x[2]
dim :	2
cluster :	false
noise :	true
solution :	[6.3, 26.7]
description :	type2: line model
