name :	circle3d
data :	[5.140806303599618 7.713602101199873 4.713602101199873; 4.612742981481422 8.618223850513983 5.1550911976481935; 3.7858223936618147 9.663242877160963 5.634113414615095; 2.5619494892533963 10.771834375640317 6.092755284544952; -0.47884851124548344 11.179560985229768 4.334199347096227; -0.9904431054987941 12.490166606777223 6.567174760230014; -2.8959033122460767 12.807251581544243 6.476157573418699; -4.558051005512919 12.79025502756459 6.228995586392207; -5.886150622646652 12.572573415855079 5.91487757725338; 5.140806303599618 7.713602101199873 4.713602101199873; 5.539008287213003 6.765693239050824 4.228825891916614; 2.8440813187535507 3.1467250269774927 2.37585448952336; 5.920107671444125 4.055518011258857 2.734597102354222; 5.611874765021598 2.3981144326956025 1.7434760708291441; 4.855540587595622 0.7981992205883888 0.7211910671355968; 2.1662847040050113 3.7828755490420676 0.2139695571676118; 2.564467876831851 -1.4547827371249493 -0.893523295952563; 1.4292410545567442 -2.0582099385517143 -1.4005140999500156; -11.140806303599618 2.2863978988001272 -0.7136021011998728; -11.539008287213003 3.234306760949176 -0.22882589191661395; -11.84408131875355 4.453274973022507 0.42414551047663984; -11.920107671444125 5.944481988741143 1.265402897645778; -11.611874765021598 7.6018855673043975 2.256523929170856; -10.855540587595623 9.201800779411611 3.2788089328644032; -9.766284704005011 10.517124450957933 4.186030442832388; -8.564467876831852 11.45478273712495 4.893523295952563; -9.340806303599617 -2.2136021011998728 2.2863978988001272; -10.612742981481421 1.3817761494860168 -1.1550911976481935; -9.785822393661814 0.33675712283903714 -1.6341134146150949; -8.561949489253397 -0.7718343756403172 -2.0927552845449524; -5.521151488754516 -1.9795609852297689 -4.034199347096228; -5.0095568945012054 -2.4901666067772226 -2.5671747602300137; -3.1040966877539233 -2.807251581544243 -2.476157573418699; -1.4419489944870807 -2.7902550275645916 -2.228995586392207; -0.11384937735334777 -2.5725734158550777 -1.9148775772533804]
npts :	35
nout :	5
model :	(x,t) -> ( (x[1] - t[4])*t[1] +(x[2]-t[5])*t[2] +(x[3]-t[6])*t[3])^2 + ((x[1]-t[4])^2 + (x[2]-t[5])^2 + (x[3]-t[6])^2 - t[7]^2)^2
dim :	7
cluster :	false
noise :	false
solution :	[0.12309149097933272, 0.49236596391733095, -0.8616404368553291, -3.0, 5.0, 2.0, 9.0]
description :	[[-0.4, 0.8, 0.4], [0.9, 0.3, 0.3]]
