name :	circle3d
data :	[3.825226081218281 9.94174202707276 13.76696810829104; 1.9581469034220191 10.591301627572655 14.794012048227584; -0.6860140125202401 11.31398598747976 15.703249607288651; -4.169226836567435 11.9846389805954 16.123143778353636; -8.126031775111914 12.399509429738758 15.640865927761071; -11.790180953188889 12.432144762551111 14.222325715740002; -14.583727150068315 12.160468465421399 12.320936930842798; -13.558138980613057 4.4562086334620234 15.631460759319044; 3.825226081218281 9.94174202707276 13.76696810829104; 5.488563302920117 9.231609213387259 12.488563302920117; 7.280740324368594 8.253136767792714 10.521330020990456; 8.870171477120739 7.0 7.711247078814421; 4.867872633246849 8.006804468561619 -2.5708871496985877; 9.699368305183341 4.327387580875757 0.6636937904378795; 8.87358293007021 3.3490571236657347 -2.38113145160112; -13.82522608121828 4.05825797292724 -9.76696810829104; -20.788563302920117 -1.4316092133872589 -15.688563302920116; -17.280740324368594 5.746863232207286 -6.521330020990456; -18.87017147712074 7.0 -3.711247078814421; -19.76787263324685 8.393195531438382 -0.2291128503014117; -19.69936830518334 9.672612419124242 3.3363062095621205; -18.87358293007021 10.650942876334266 6.38113145160112; -13.82522608121828 4.05825797292724 -9.76696810829104; -11.95814690342202 3.4086983724273447 -10.794012048227584; -6.013985987479761 8.48601401252024 -12.103249607288651; -6.830773163432565 8.9153610194046 -12.623143778353636; -1.8739682248880865 1.6004905702612415 -11.640865927761071; 1.790180953188889 1.5678552374488888 -10.222325715740002; -1.216272849931685 -5.660468465421399 -8.120936930842799; 6.458138980613057 2.2437913665379767 -6.431460759319043]
npts :	30
nout :	6
model :	(x,t) -> ( (x[1] - t[4])*t[1] +(x[2]-t[5])*t[2] +(x[3]-t[6])*t[3])^2 + ((x[1]-t[4])^2 + (x[2]-t[5])^2 + (x[3]-t[6])^2 - t[7]^2)^2
dim :	7
cluster :	false
noise :	false
solution :	[0.1387022695981449, 0.9312866673018304, -0.3368483690240663, -5.0, 7.0, 2.0, 15.0]
description :	[[-0.8, 0.3, 0.5], [0.6, 0.2, 0.8]]
