name :	circle3d
data :	[1.3317382361330363 8.331738236133036 3.9045340337332908; 0.37849796349758247 9.012472028357607 4.702056317562526; -1.0020289655887238 9.618774990104509 5.640169551026315; -2.831307811963253 9.951871356134738 6.614486980061245; -4.919291437039788 9.828730607140582 7.43897096281167; -6.9101436199010395 9.258545755623953 7.966373411742704; -7.833383647440509 7.343229004156223 4.696152422706632; -9.7333812999209 7.5939960817247 8.225161175237357; 1.3317382361330363 8.331738236133036 3.9045340337332908; 2.1411292703985296 7.477176819043533 3.0693313521397916; 2.9181304831558164 6.155058570368893 1.9808346902868752; 3.3970704038317123 4.290110110135922 0.709889889864078; 3.2895105968049467 2.0854588721320098 -0.5038137574123995; 2.594376617802001 0.0014798374205264864 -1.3967443576748426; 1.614792559641053 -1.6274668875450944 -1.9077493184433623; -11.331738236133036 -4.331738236133036 2.0954659662667092; -12.14112927039853 -3.4771768190435326 2.9306686478602084; -12.918130483155817 -2.155058570368893 4.019165309713125; -9.597070403831712 4.009889889864078 1.3901101101359221; -13.289510596804947 1.9145411278679905 6.5038137574123995; -12.594376617802002 3.9985201625794735 7.396744357674843; -11.614792559641053 5.627466887545094 7.907749318443362; -11.331738236133036 -4.331738236133036 2.0954659662667092; -10.378497963497583 -5.012472028357607 1.297943682437474; -5.397971034411276 -5.618774990104509 2.1598304489736853; -7.168692188036747 -5.951871356134739 -0.6144869800612449; -5.080708562960212 -5.8287306071405816 -1.4389709628116698; -3.0898563800989605 -5.2585457556239525 -1.9663734117427039; -5.76661635255949 -0.7432290041562224 -4.496152422706633; -0.2666187000790998 -3.5939960817246996 -2.225161175237357]
npts :	30
nout :	4
model :	(x,t) -> ( (x[1] - t[4])*t[1] +(x[2]-t[5])*t[2] +(x[3]-t[6])*t[3])^2 + ((x[1]-t[4])^2 + (x[2]-t[5])^2 + (x[3]-t[6])^2 - t[7]^2)^2
dim :	7
cluster :	false
noise :	false
solution :	[-0.34874291623145787, 0.46499055497527714, -0.813733471206735, -5.0, 2.0, 3.0, 9.0]
description :	[[-0.6, 0.6, 0.6], [0.7, 0.7, 0.1]]
