name :	line2d
data :	[-15.0 -33.0; -13.421052631578947 -29.842105263157894; -11.842105263157896 -13.70699907529331; -10.263157894736842 21.013057564586745; -8.68421052631579 -20.36842105263158; -7.105263157894737 -2.1892848936290026; -5.526315789473684 -14.052631578947368; -3.9473684210526314 -10.894736842105264; -2.3684210526315788 14.351148238637482; -0.7894736842105263 -4.578947368421053; 0.7894736842105263 -1.4210526315789473; 2.3684210526315788 1.7368421052631575; 3.9473684210526314 4.894736842105263; 5.526315789473684 8.052631578947368; 7.105263157894737 11.210526315789474; 8.68421052631579 14.368421052631579; 10.263157894736842 17.526315789473685; 11.842105263157896 20.68421052631579; 13.421052631578947 23.842105263157894; 15.0 27.0]
npts :	20
nout :	4
model :	(x,t) -> t[1]*x + t[2]
dim :	2
cluster :	false
noise :	false
solution :	[2.0, -3.0]
description :	type2: line model
