name :	sphere3D
data :	[-5.147320379681783 46.99091172292597 37.10034083167373; -1.8874763202228995 48.56103866828133 37.0329325916336; -30.367816754070645 9.530620333297989 -10.027814924040918; 1.4647348431499214 50.716959067232104 35.59242951925847; 50.1661527177781 11.50824873314496 46.66580611654732; 0.9695285462525288 57.97104321338764 32.89489767022797; -16.883839557886816 73.39703313943714 20.288172360009888; 10.709833463881344 67.71656768319639 40.396666613938095; -6.055811994132166 64.96328654127537 28.127262350633675; -8.350037118719664 66.53169253940952 25.524108622801883; -28.001364612146318 102.1919582891808 -25.008738244641734; 0.3300956072528827 23.877638044402346 70.60467688505072; -23.438568976842507 62.865053118305084 20.535924019516898; -71.19388024153544 35.00828124131301 4.566064076013742; -28.869018490938778 56.183521144268866 17.000110998297806; -30.039597104264242 51.29649026530824 11.791211503825048; -30.8947582416658 47.53495397125293 12.484632470472594; -28.616475024842657 42.15440650887584 9.22932077235769; -27.46354165148601 37.69314521901506 7.675600406931; -25.43946495650808 32.95641903778104 5.258534858871535; -23.146709302133043 31.461378801228687 0.5240272025998656; -18.92168191492653 29.899999255406847 -1.0160077199075772; -11.274331840549113 27.164077552951163 -3.1939277444275174; -8.460187953693895 28.07438072131346 -5.2528442292403605; -6.56684377765815 29.28141882363912 -8.358545443620976; -1.6333524921612996 31.334605292721026 -8.477646099755598; 0.5672309298715021 33.00428362626821 -9.95392129585895; 1.8800508134828706 37.73696300851003 -12.03633801935802; 0.30715779865462256 40.37056221123289 -12.266490776410748; 0.20953632593479332 43.09003682337014 -11.818414907288522; -0.2356925900121946 46.20970917839891 -14.16473612733671; -2.593532986214441 45.74333064448399 -15.606390308937158; -3.8062219739149086 47.038686647556254 -14.42542437092218]
npts :	33
nout :	7
model :	(x,t) -> (x[1]-t[1])^2 + (x[2]-t[2])^2 +(x[3]-t[3])^2 - t[4]^2
dim :	4
cluster :	false
noise :	true
solution :	[-5.2, 47.1, 11.3, 25.5]
description :	[[-5.2, 47.1, 11.3, 25.5], [-5.2, 47.1, 11.3, 25.5]]
