name :	sphere3D
data :	[7.67992966697221 40.84251450388307 43.79414069109108; 14.56554068604884 40.79404198871823 45.575749653584715; 16.115314897592917 44.125581501833885 44.34934216978753; 19.517973867857876 48.60004401467269 44.01052490009396; 19.558139347691096 53.41759867065008 42.17769541360771; 19.726978052198604 59.56309529048465 39.34537275049269; 14.482658675039207 65.03952931045775 36.132739345412126; 9.01854111927528 71.53461532017707 35.932187096777845; 2.439819264579814 72.0396657659458 30.18504051310503; -5.53348776401609 72.57905297946945 25.874535430476094; -27.94633794761289 64.23266912941567 -8.174880389823812; -20.808195768222383 67.26131324897406 18.962339608564353; -26.47734019738575 61.22234169045724 13.896473371057029; -31.89820487221537 53.30559286377612 9.745816529216391; -34.1840484722714 45.14103808142633 4.6327080981996955; -35.71426297510246 34.826960834026835 -0.8949603768055403; -10.51524982820721 -18.886726431512184 -53.48495493745042; -26.439543229258774 19.11523974589027 -8.407961475621386; -21.666108192607883 13.160268774451854 -14.150718295184333; -36.571250997459984 29.642866902204705 18.34771862151238; -5.865213771153561 6.670835556069143 -20.824260120861837; 43.24100234190722 48.85334589172547 -31.698114247507824; 10.465571766710314 9.432635278096763 -27.886261359546445; 13.432630379178459 16.154800057217166 -29.898643576179463; 19.133188329321328 20.83528306887472 -34.04334758120766; 20.32657513829817 25.486674353378305 -35.71572243289299; 18.708288785488545 32.76586586032395 -39.02960306020763; 50.86886139713823 48.1717563252289 -7.88340464585653; 12.738807438736412 40.295583420211734 -39.793449826365276; 14.475579100287007 43.916344277503946 -52.60624475387244]
npts :	30
nout :	6
model :	(x,t) -> (x[1]-t[1])^2 + (x[2]-t[2])^2 +(x[3]-t[3])^2 - t[4]^2
dim :	4
cluster :	false
noise :	true
solution :	[8.2, 40.5, 2.8, 42.7]
description :	[[8.2, 40.5, 2.8, 42.7], [8.2, 40.5, 2.8, 42.7]]
