name :	sphere3D
data :	[25.740624864543605 47.413426183248625 75.19308639047144; 28.28272642337832 50.932699206292256 76.80833594143297; 33.66446987873943 51.410674013786476 76.32704277842102; 34.17524707511891 56.90727391993116 73.65063862545594; 34.08778508357476 62.52418594045691 73.11715833417868; 32.861750966910854 66.37987170590162 68.73498722734335; 28.347294044278165 70.37585516296635 68.30593099794409; 23.780082207498378 73.58603371102804 64.22839047111876; 16.160544684816966 76.71999668517758 60.75592098240457; -6.70774973210261 109.47924124566016 104.05505589358756; 0.7521268701444775 69.82731924432845 53.6724645206217; -5.282445100198807 63.01606454902701 48.40696189271909; -9.225888993392955 56.17083463584911 43.320801413596605; -12.225673208551251 49.58387782471704 40.31048119678941; -8.808795357532185 39.772700873522716 37.05233885957069; -4.28969869884044 31.14564273955121 32.34393486696551; 0.2185548599227024 26.94016665621995 28.9258369073316; 17.669093132371405 4.554373601860906 15.788511659785778; 25.319939940736834 68.90400904810977 64.84882978159818; 2.180549904412686 41.7964154297878 59.82508223074575; 30.186890159942653 23.025966156579926 13.198671351584501; 33.041451831503196 29.577482692674742 11.78563845953521; 35.379692224841904 35.84755424804292 9.025951034926495; 54.27292297584977 2.743348691508338 41.78804342217501; 32.22423856725444 42.027769534925 5.032453972405938; 27.70478816527198 46.138895475123896 3.071062590626883; 27.646178513245708 49.192078517702136 3.0213893129196077]
npts :	27
nout :	5
model :	(x,t) -> (x[1]-t[1])^2 + (x[2]-t[2])^2 +(x[3]-t[3])^2 - t[4]^2
dim :	4
cluster :	false
noise :	true
solution :	[25.7, 47.9, 40.5, 35.7]
description :	[[25.7, 47.9, 40.5, 35.7], [25.7, 47.9, 40.5, 35.7]]
