name :	sphere3D
data :	[-16.104119902408073 7.012455553489418 49.72257110452892; -10.174539622829823 6.876523196239588 46.671656941935645; -4.809176530836512 9.445398808084658 46.65424832350429; -2.498676022573818 16.712606194237182 44.944140177998364; -0.7543079399969284 24.89450578077947 42.96330253827203; -1.2328220774508942 30.119532597715317 40.760569483601444; -11.731828536470733 -5.061124158174685 25.31958181852049; -10.514177474091053 42.98129429591643 33.42352589385719; -16.431489496893803 48.1104751546617 30.78933399906936; -27.232161947942274 50.30161177650719 25.766053874327465; -37.8289415431045 48.82659436767622 20.864103911747073; -2.093129364273665 93.33356036433517 -2.071225468784256; -9.552381066604632 32.24180590006969 56.13520746451555; -62.52561201790046 33.40966302983228 4.500110373535723; -69.2139837797775 23.494142092858628 0.45012768591614355; -69.90203807554069 13.988463342418289 -5.789990963633183; -72.14982977832177 1.264205386796352 -10.37525204015707; -67.89498425481575 -7.613925696398266 -16.883192456708812; -91.50622903080662 -54.305706314495495 -17.822374488541882; -54.02361907397541 -27.554437876507862 -29.24949838857516; -46.62815838798778 -32.98429334564325 -32.42761490168957; -38.2501399745727 -35.533784791047005 -39.01141917710427; 11.629856836657776 -35.19166056404222 5.840379570419309; -17.278599428883794 -33.081369021127415 -47.58166008307239; -10.25314411346507 -30.33196149077237 -51.20040743647671; -5.191844059497504 -23.179127822893488 -55.210365271549726; -0.7944236842089215 -16.13134155533831 -57.32942690718088; -16.481383087343804 39.19539236610126 -92.77694799621919; -1.085011337873698 -4.121421943594228 -61.92182885260111; -7.1250313612040905 3.5027142527332904 -62.91225322060462; -11.653071235145518 6.234585996909778 -63.43137356481504; -15.950878585929546 7.312426093295406 -66.0694067980715]
npts :	32
nout :	6
model :	(x,t) -> (x[1]-t[1])^2 + (x[2]-t[2])^2 +(x[3]-t[3])^2 - t[4]^2
dim :	4
cluster :	false
noise :	true
solution :	[-15.5, 7.1, -8.5, 56.2]
description :	[[-15.5, 7.1, -8.5, 56.2], [-15.5, 7.1, -8.5, 56.2]]
