name :	sphere3D
data :	[31.227103002099387 27.57609429068916 7.681555873443102; 34.41347661003914 31.18027004414026 6.98055814134918; 42.32965088096295 35.1273209064848 6.780317699728428; 21.428495357512997 4.861280759124675 26.94192526820799; 44.4212148565325 47.529030603022846 2.4690492620492708; 45.56719826821823 52.363250067515 -1.111145308555064; 40.13624474412753 60.007819991239856 -5.540220810453214; 34.63904849529633 67.13466018034507 -7.80432885951149; 26.28036746705638 69.37981364467902 -12.553236956767007; 14.648225534586 72.2747428069628 -15.6847087188673; 6.2097155730333755 71.23701556347739 -21.84344913521048; -3.7863796841630775 68.99160464637099 -26.11614026656478; -27.91390248044153 73.41142899973704 -28.870271226872198; -19.865382287862094 51.40904221335893 -38.65026636406075; -23.883771672910385 39.218816994239255 -43.45352357263935; -25.971472890479916 30.068851337260917 -50.291377779198754; -22.799754772109242 16.21324353417095 -54.65952629306764; -20.167320373976807 6.401227439675765 -62.35364738248727; 25.138286388057644 -47.419087709150716 -88.21814412750089; -4.766738368585489 -8.505709309261512 -71.94474479250393; 24.832830569735396 -2.9034832957606582 -29.847131110259724; 27.077404083293743 -44.213044582769356 -130.3442552944091; 26.167361647373674 -13.224100179845086 -86.22185807915247; 34.79230367702262 -8.142500783034588 -90.97237785642642; 55.77032732822584 -50.839582208313345 -82.48636401274064; 43.06500507505473 4.719899350998784 -99.26774361679942; 47.11071211676638 11.870862388283669 -102.2434562665003; 45.542631574238854 19.140881288536594 -104.6481459145288; 40.32004868597035 24.327881309163484 -102.5273327780355; 34.528435074700596 27.42905114664583 -106.85380483137463; 30.04554972140221 27.082785158602032 -105.44615163771061]
npts :	31
nout :	6
model :	(x,t) -> (x[1]-t[1])^2 + (x[2]-t[2])^2 +(x[3]-t[3])^2 - t[4]^2
dim :	4
cluster :	false
noise :	true
solution :	[30.2, 29.0, -49.9, 56.6]
description :	[[30.2, 29.0, -49.9, 56.6], [30.2, 29.0, -49.9, 56.6]]
