name :	plane
data :	[56.2714662560708 19.87092020983416 -42.18968340772743; -41.69106027656644 -11.237230983017682 31.324632257332343; 101.08166906748228 34.12873915226299 -86.42416897386798; 68.20811561256158 23.223253991335763 -60.578719437449834; -65.56364467421037 -20.725667175006016 87.4883678207051; 27.10180961769176 8.569189724012109 -4.058328972548088; 40.50745858775088 13.731595154976313 -10.837483779978722; 42.553979148340254 15.109474361400736 0.28860900510192505; -25.642231427434975 -8.417037699150772 47.671147970777135; -19.885748971710672 -3.557881505675215 27.110487805714754; -17.01785860879936 -4.342627786259632 26.43137910252771; 13.044275852331438 6.685379923353871 12.671068186345018; 59.127977559134564 21.86390666721843 -52.991254128287686; 43.27285304244078 15.551399457286426 -28.636344615250533; 46.55012437182446 15.528462503931715 -53.51005525315447; -46.66323766412757 -12.154937748535447 55.81260886573092; -8.038133762551317 -0.21472461023647027 19.69807573201715; 65.5547401990372 24.030164699246285 -53.67984669948808; -0.7548768097095778 2.683129397489942 -40.46498459773308; 9.300313262351414 4.113584392812244 -21.169223772017904; 86.82777096709201 29.268100947242182 -82.36923197275738; -17.626941430508158 -3.4025386199267476 4.849090927823474; 67.27624311349315 23.91529874039093 -56.50054776560082; 13.437211777065352 4.94767248572336 22.61480438723944; -22.751316692223757 -7.754144655980567 51.55989057199741; 33.909676921347284 13.05938132788184 -39.12686203282046; 9.735812295683544 4.587603337035378 26.570314098918157; -25.11596631839344 -8.599671765439078 26.079356898740553; 27.095010743263636 10.615902166137499 -39.9213064627882; -29.424773345881288 -7.078709849732281 -14.182655372689638; -18.23325404516011 -3.9697720708965125 55.15632700086244; 10.408241487278968 5.251008216284963 -17.67504088150248; -21.72696395148899 -6.827223718779922 56.68620609797364; -6.228519133021665 -1.2771017792670256 28.424458315165584; 16.324102891558727 5.72280647715952 -14.683649172228778; 25.54589428928733 12.065531343758884 -46.357474309285564; -50.83126536091109 -16.092651277418007 40.588959431303174; -16.44842840934911 -6.039375026231911 42.50318820958379]
npts :	38
nout :	0
model :	(x,t) -> x[1]*t[1] + x[2]*t[2] + x[3]*t[3] + t[4]
dim :	4
cluster :	false
noise :	false
solution :	[-0.291321949014215, 0.9564256910839127, 0.019529963062405446, 1.5219266215353422]
description :	[[-3.1, 0.5, 7.2], [-3.1, 0.5, 7.2]]
