name :	plane
data :	[-1.8392381305151342 -1.6040009662109775 -58.88851928286727; 24.499365779607302 29.763278496207658 51.353830919852285; -47.84312652017867 -20.992956649382712 -61.152518773156224; 5.877366865602987 7.864578075929659 -27.25713113455476; -82.09901496073243 -30.824462599707473 -32.06605326119662; 59.12114803929096 32.83605141755067 -16.726972326140434; 16.966300629412093 12.657847078714045 -16.4695960255256; 17.911017340538958 11.25909760666377 -41.93377710436808; 26.05568201365365 19.801281759963885 -6.928438077970942; 76.16667471735992 50.924294845972746 54.441211519938996; -5.676883619500175 10.688820087807175 20.276022675690303; 47.77854326915833 22.905888824750402 -46.741548735450834; 7.477511104153107 2.264188615696994 -53.66870701862443; 31.868962321216745 17.154549139329564 -34.52815888236581; -3.6502699146741193 9.798318832808032 25.25313647761735; -26.65890856365103 -1.6073163253628273 -1.382923333086708; 30.724445402061626 17.40377718224108 -17.883292559641976; 1.787525795819351 17.811520674745097 47.20912168540212; 6.7415104043750675 7.141488144214246 -43.51372390360693; -50.11749771284696 -14.722344004178115 -6.218331754031016; -76.46630768675976 -34.62573258444096 -61.25554093492184; 15.021156137673454 20.641021155669808 37.117153557340565; 43.04025554776481 21.8862636891706 -35.99495201045228; 64.37077417670979 45.26569067526331 52.39127959457804; -78.72623581055657 -22.6738875241223 -1.7286478953909168; 40.882772284018614 33.933584511552255 52.847701539217525]
npts :	26
nout :	0
model :	(x,t) -> x[1]*t[1] + x[2]*t[2] + x[3]*t[3] + t[4]
dim :	4
cluster :	false
noise :	false
solution :	[0.3912452629653738, -0.9077063409883256, 0.15164545076177277, -8.521174514662244]
description :	[[-7.0, 4.8, -9.4], [-7.0, 4.8, -9.4]]
