name :	plane
data :	[-78.4974827914023 18.666538141946365 -24.934676360108874; -83.18025325793324 8.292340601285755 -41.42545141816516; 94.55283034185794 -8.409446446352954 24.59657117411554; 45.87856891703879 8.601645452055173 21.651587671760865; 55.20116027471962 74.45992569456708 134.60733371231137; 33.96557547745197 -42.52281054418882 -63.681746233255645; 14.826014996995701 -38.3595974503186 -69.94112260455054; 69.21283459432333 9.294086570875304 39.15456398644216; 46.02935179725801 50.716965637112374 92.98061572908665; -55.42910417969095 76.83039861526579 82.49087967101634; -57.49254312352406 68.8179606402096 70.26043623664995; 54.80633807720285 -46.22645708921094 -57.039957843007244; -10.894678039132007 62.716422697003026 78.96511108668923; 17.245637558989518 73.54550994702413 116.9471669816484; 19.947459395481438 31.610940686422467 49.22081055916601; -18.158939253317445 34.04367201014735 30.58281812408245; 16.749636528665253 -44.88910349140303 -77.19074834450592; -25.04510647955122 36.20888601526232 33.424250616133435; -62.041997351124024 -4.569120353254965 -54.35877719671194; -0.1573925367672316 17.27136510965774 13.15934449164118; 50.83208814146986 70.51373276914809 129.5453431328768; -2.1012590502830673 27.516828418806757 31.99546438321425; 41.1474525473655 22.311632652030696 45.627971882498585; 90.78872527995085 -10.760133839790846 14.732945293128651; -33.508334600700316 -25.09116278654775 -70.08841864997497; -17.660907566683825 96.39561444156344 129.74313060683346; 30.885170136859074 -19.104066827128374 -26.642823809702918; -38.445624610085574 15.666350745748534 -4.417596096854336; 51.06517327896901 -9.119110274601612 -4.605326235711489; 15.923240643627455 11.009469108394743 13.697898440426744; -15.566466230078586 83.96351565557168 115.4829310585415; 57.993786632084635 -18.737038148215763 -14.452122623262133; -26.98682113794359 8.03322010771257 -11.377145490034229]
npts :	33
nout :	0
model :	(x,t) -> x[1]*t[1] + x[2]*t[2] + x[3]*t[3] + t[4]
dim :	4
cluster :	false
noise :	false
solution :	[0.2619021502570786, 0.8209701290963192, -0.5073611246659442, 6.746793538963686]
description :	[[-1.5, 9.5, 1.3], [-1.5, 9.5, 1.3]]
