name :	plane
data :	[-61.432518853727 8.460456652551015 -27.51176687221927; 28.721484569902493 -54.64255690616191 -6.888248669361403; -53.318201047072954 -39.53361686402413 -34.35997958709446; 44.1596041709495 34.392745185065834 18.413374548555936; 99.38523885374161 -68.99006973370608 18.0042483943798; -54.74809852185628 81.72471099590328 -11.538555440446517; 61.78815458261027 8.52417398031028 21.11257389976517; 13.02960002726653 -24.205053632754257 -5.431386162885855; 23.31520973021289 -29.357307767030527 -4.7382653822691605; 62.91276799039833 -8.441967929977745 17.638128258155902; -24.582403156329683 58.230428679868595 -3.3869561852772048; -65.56909269781895 2.0396231524267643 -31.020107402016396; -34.79455977595846 -0.19436475410760828 -19.87407827144445; -8.790259204900611 31.54095084290665 -3.0951805380885977; 34.28284649577281 -74.14768163224971 -10.416167146225366; 104.09033293296918 -69.09921777023372 21.33227412862492; -86.44579483479335 30.88620690138247 -32.197665079259885; 68.4691099525841 -2.818725638658118 18.270906371539848; -23.5150754958201 8.525097882113487 -14.296848874443928; -25.397239270232035 -22.63576050732756 -21.259157948766404; -90.12774178709155 43.201603994140676 -29.615688055396102; -32.64633013718978 10.241808028527519 -17.357477486791684; -66.10003436557969 -24.403199079332232 -37.351675938331994; -36.23746605997192 -28.571119506150207 -26.389059346246214; -67.84163150760803 17.852817114394544 -29.007036768375105; -78.11658723108759 23.463447699256534 -30.441134889595688; -54.53808940309914 35.56271925103558 -19.866206879438003; -103.1268218041584 19.44651694985282 -43.893546614534465; -123.34151006042978 42.32153973727051 -45.31203661443506; 44.36082767424896 -53.745205916875015 -0.6159554335394101; -76.57217845671339 15.736136545542083 -32.7585321664596; 26.98583813141978 -20.927365609001118 3.054118381503799; -105.07497669770116 52.179102368606394 -35.96363822440994; 18.151850753969025 36.68818026208511 7.880793266786542; -7.673652601750657 -25.64614176604202 -15.179967313460136; 62.39669595163425 -69.17600607535356 2.743211213764991]
npts :	36
nout :	0
model :	(x,t) -> x[1]*t[1] + x[2]*t[2] + x[3]*t[3] + t[4]
dim :	4
cluster :	false
noise :	false
solution :	[0.3604450461392796, 0.19468482430362327, -0.9122374624512632, 5.366737490989194]
description :	[[-5.1, -6.1, -9.2], [-5.1, -6.1, -9.2]]
