name :	plane
data :	[-55.66167598732674 -6.052945786395221 -47.86596786413842; -15.677395724157082 -17.288022661787828 -36.026142338279755; 44.34821116766636 10.672534042193334 68.36320433210358; -45.79459277582979 22.584679428376372 11.874296238848979; -91.56171255128189 -31.144179228044194 -127.09768495057375; -99.64141064695445 -42.232749781795206 -150.77575768617407; -40.36173064223447 -13.815708663263354 -50.42925653633197; -71.55492376968814 14.763666882919424 -28.76342302486701; 20.645183182298553 -1.1714586708924872 25.899708313046396; 34.10363922395855 -22.068384273775617 0.18769006391888646; -38.67996947487344 31.460828309595367 32.71663578476903; 59.195930230902206 33.276815529885184 120.96846346134998; -49.29003177730059 -8.909752801456795 -48.18034518333633; -66.66240886841142 -4.1044851856395805 -54.388416334354; -13.683992959296758 -20.192498485704984 -37.29536584747179; 9.335209350563098 -8.884773059536787 0.5210264703761591; 56.51399077842203 24.719108616952358 104.59787833279947; 15.972448057576992 -2.966848476868623 16.617861510325312; 52.511100889221154 28.113647325257084 105.32587926228396; -94.29420850992769 -43.98582412899259 -152.6311052782166; 56.44692146759283 -10.008914224577206 41.434879724168326; -90.94336889398461 -37.185769687244125 -135.4519589454696; -50.97299736126453 -41.12562465434037 -104.38160777022583; 19.556676132030276 0.1956187242671925 28.21245311730127; -42.35927585796091 -8.020234508130926 -45.16876382783727; -22.90820446114467 24.301153203634197 31.19105766758546; -13.370788575907248 -23.88021101991283 -42.59948064044006; -22.90578284540983 -17.240933530082117 -47.286763083377416; -19.81808613844823 5.451409691859552 1.7647101177313242; 3.508444108304254 -4.310213836129031 9.847120030982477; 7.724501879936301 30.44947416584793 73.15892299694082; -71.52824113399241 -38.76385553456129 -126.2941965369315; -119.69811604210481 -45.801737122508435 -175.60792473761978; 5.054505454829232 -27.449209816095898 -35.8901591009774; 11.643040305009148 33.59997983418046 79.09547055863379; -61.44565095511686 -45.620326510936664 -122.50310309643086; -23.78336686492563 -22.642239680785313 -51.08076660419415; -58.343632065311944 -22.33556750134794 -79.00235158017331]
npts :	38
nout :	0
model :	(x,t) -> x[1]*t[1] + x[2]*t[2] + x[3]*t[3] + t[4]
dim :	4
cluster :	false
noise :	false
solution :	[0.39814023853135744, 0.7973107845191731, -0.4536296544006076, -4.459200108907103]
description :	[[-8.6, -4.2, -5.1], [-8.6, -4.2, -5.1]]
