name :	plane
data :	[77.89246287633513 45.461820503820185 29.693035066873897; 42.49170902621984 36.56584886097114 10.440565649020364; -22.887421449991475 8.397463928655371 -11.712353827705597; -93.25523206395033 -52.31174766721534 -25.40793162373757; -65.74178316213685 -27.958608628095675 -20.16480427366233; -42.229902183704674 -27.700693451899586 -4.697642652226877; 33.341199107230665 -28.22816011421555 42.61472673898956; -8.896335634556612 -35.52858403529355 20.317431655507864; 23.520239329384857 20.051751957015792 10.15216394777035; 61.78645949926954 6.6873765148624145 41.99105116078736; -10.490024459189396 -6.907532742032169 3.159419196935451; 74.50480159190454 45.87557828961086 26.764945933201552; -81.93461598129505 -27.65124697149731 -31.263890843153685; 108.29008204649828 40.739898071152815 52.339100029347826; -17.935622085304534 0.788496802415007 -4.127370096428736; -76.47872973890463 -42.331489752066126 -21.111123757408762; -52.37993227412128 22.84249969015122 -40.09268456266268; -34.51070582834394 -45.750633439433926 5.577320496655745; -44.92103713138078 -42.17433380606001 0.7664468852132157; 8.114219844733489 -28.046906895203783 26.814823940729987; -66.48935553453433 -27.608273801195537 -18.752773857843035; 53.028383625981625 16.021180979555982 32.44209131687968; -110.7573446710415 -52.427827984038245 -33.88619256351815; 6.218015904233832 22.63656645201318 -4.69952600681938; -50.10827092825517 -27.349680570623292 -11.555338920174748; -94.33524194333233 -24.21788256738111 -39.370418472478505]
npts :	26
nout :	0
model :	(x,t) -> x[1]*t[1] + x[2]*t[2] + x[3]*t[3] + t[4]
dim :	4
cluster :	false
noise :	false
solution :	[-0.4832813366927022, 0.41311165386001947, 0.7718665111595102, 4.455280707179349]
description :	[[-6.2, -1.7, 2.8], [-6.2, -1.7, 2.8]]
