name :	plane
data :	[-18.571749003455714 25.687731332612685 -15.165887592201756; 8.112099691203728 -5.195964532413481 -14.25472531099743; -52.15720794512102 37.12590709359591 12.365684426316978; -44.464485791627794 -1.3467935058142988 52.259246699025134; 5.243756590018715 -2.390920028672206 -6.94248300437885; 80.5560097040132 -32.12199241299545 -68.6183273945327; -23.769923384416455 -0.7536839103562283 21.078866051867404; -63.19487010223424 49.216698234265664 12.788961832502938; -40.53383576289648 6.573687184776183 35.56404212589955; -17.52050505098995 58.716281166176216 -53.77193327555207; -94.6643410488566 65.94598067264633 30.15041660957856; 44.43427084290676 4.003607824080216 -68.74961990425345; -22.235955279935848 0.5771587713811522 18.261471925179425; -80.00144525570238 40.946008365823545 41.06137548028454; -14.503226683625618 52.64733918666249 -50.63669170434101; 23.505409961320197 10.468960572618647 -46.538784884617904; 16.974555738435896 -17.382097509439046 -4.8956534622050345; 66.8390514200374 -45.163934619703525 -40.85393147397013; -2.252734379729674 20.63206115401191 -30.94223674454919; 94.9157059508375 -50.0552149948313 -68.1379389193542; -14.244114758574103 -15.875278922236918 33.45662062172954; -74.27589286905109 46.64995202293675 24.904918512148342; -32.98891039973275 -31.696207542364142 70.33704266830149; 86.97205021411544 -84.27870594123605 -14.589702991337107; 19.98760914807366 28.272505514304655 -66.86120841268053; -52.078636488030355 60.60179265463361 -16.445481174562968; 53.108074910311935 -78.03750317841327 18.332249533829305]
npts :	27
nout :	0
model :	(x,t) -> x[1]*t[1] + x[2]*t[2] + x[3]*t[3] + t[4]
dim :	4
cluster :	false
noise :	false
solution :	[0.6242811393617607, 0.605049961182829, 0.4941534210241178, -3.91083091802487]
description :	[[-0.9, -4.8, -0.9], [-0.9, -4.8, -0.9]]
