name :	plane
data :	[13.265389962077478 -55.889314972341126 52.909984419015686; 43.776656142401514 -34.11734676890965 49.29154698499098; -75.41029768968691 -35.826272311408445 9.046789918633616; 138.17325266742316 58.69390800882459 17.389422454379236; -45.87777802904781 -58.83943379525898 33.21624304022806; 25.570452704893434 -45.66314189447379 49.479651387809454; -28.589144194847915 29.087944955832103 -20.989827865550573; 27.315104304204862 -39.22691905799305 45.829029748227; -18.437483654519205 59.872270905116636 -36.16796786644153; 19.68009693519718 -43.08581281930976 47.1343227223866; 166.37891368821144 97.8873529323387 1.7333569622374276; -33.0383134258852 -93.3994147522872 60.335624006702155; 33.82910736259532 67.24587971384676 -25.24260540258055; 69.04573075137054 26.38034072496502 17.001027918153447; 95.11100660687838 37.37768134991612 17.937515389018596; -81.72173166841159 -68.35555911935751 26.45751649560685; 32.52452477286334 19.815319811410397 7.558113532093179; 99.34891782153662 11.834875303498201 38.359016726123315; -26.400820725093947 -0.8958115662488884 0.7979587843365793; 15.546095849382045 -50.263510320826114 50.53887862945786; 110.17598464165903 38.165005403794815 22.264112635761833; 39.94749808781823 -35.951197090326175 46.31707127045052; 68.9912430587397 -20.237024548850528 48.2523526197147; 102.79306640137078 53.337859165355 9.532764634562058; 150.17879955397342 63.53809402121366 20.849610545310384; -1.266872141780274 18.30413315524601 -2.904815421409486; 19.30460502157899 20.832116184193417 1.0159250572754224; -85.86556135766556 -89.66783215810996 42.97616639588978; -3.4176540752490863 79.25659578871904 -46.346559448520146; 34.38092825031447 -10.886375674306663 28.111483764914045; -103.57126634845142 -13.150301538675473 -15.978114273001914; 111.44198570808018 92.52438233704324 -12.764463733145623; 93.3031190124811 27.581700425967615 23.553057245114946; -23.42455204109233 -14.485609911795926 10.867925460136275; -1.7010664052513367 -5.591351099746694 14.414746887360664; 17.42813312624031 -52.98550699451585 50.51394079893273; -93.55754031947615 -88.8656365730668 36.9864271205659; 134.35553338098447 85.39039518964515 -1.856004672916386]
npts :	38
nout :	0
model :	(x,t) -> x[1]*t[1] + x[2]*t[2] + x[3]*t[3] + t[4]
dim :	4
cluster :	false
noise :	false
solution :	[-0.27763633940389887, 0.5376113340620027, 0.7961734211404429, 7.76096004433423]
description :	[[6.3, 9.1, 5.8], [6.3, 9.1, 5.8]]
