name :	plane
data :	[19.668019207183622 -4.691024605811233 4.236586616278389; 0.08557317547697618 10.496748371608879 52.034556272844355; -7.157211692270313 12.743963994456786 39.28520744602583; -57.02210497656915 37.5495594672171 48.93175487546389; 29.0132082527552 -11.095675815571576 -10.218966130181585; -18.028118335690863 10.912833072713324 -10.278530509060815; 62.12562950266335 -26.895432213668375 -27.59910850274524; -49.68876760676114 33.68535242736949 49.66961167345384; -26.802318015662728 19.72711345943204 47.92682233456109; 46.28991151691212 -20.481110077924395 -28.79765576159423; -64.79404377537298 43.79532677432426 67.39285494057917; -0.2497929073541787 2.7211717266854247 -27.63221354314372; -25.203199669968107 16.931078400403027 6.260657367044291; -78.93844102896381 50.05581557065472 62.04926203870676; -60.79489893137921 38.915589947857335 70.9157589809976; -24.4574966082777 14.582221898268514 -4.308680210989632; 32.2096437062124 -12.151991757953175 -13.709248195187419; -45.374016452474265 31.801171871477848 62.692409889823516; 12.117040554849234 1.377991310845582 16.094336970131717; 53.93251110444758 -18.451385435232485 8.605278478553151; -42.57200413372834 25.822529183000245 5.94134907662327; 52.85213803230988 -23.65052011040725 -43.995915466121104; -16.847576441141918 15.529527666512426 37.48418716914973; -0.5846934231843719 6.5686290982148074 14.39831880662117; 7.7571413096729485 2.8630572103691683 18.259157625008783; 72.76250960685738 -31.83644935843042 -55.06998656356605]
npts :	26
nout :	0
model :	(x,t) -> x[1]*t[1] + x[2]*t[2] + x[3]*t[3] + t[4]
dim :	4
cluster :	false
noise :	false
solution :	[0.42636345670016584, 0.9007463271032914, -0.08288701346179687, 4.284249270718725]
description :	[[-0.8, 6.0, 9.4], [-0.8, 6.0, 9.4]]
