name :	sphere2D
data :	[126.76027419335243 -60.16820901157476; 129.34293035031655 -56.11406771021278; 127.74165836620529 -48.35453330757363; 125.04247314437752 -45.42386600673918; 122.75528621794082 -41.91882573699; 118.84259811151085 -43.334002684311216; 114.63728516202633 -32.44541733613469; 113.47664080542252 -30.33132380006516; 109.15119021010412 -26.11690014504877; 102.704284847693 -22.90254703062712; 98.0303853672364 -21.60714256687738; 93.7866413604293 -21.22079083316731; 85.50691923059563 -21.96116543863198; 80.46983654025061 -26.993391069614013; 78.00188428402863 -22.512205428646144; 71.07516660314755 -25.791630091228548; 72.5843491359843 -28.583819350691154; 62.3424809724244 -31.039172278350925; 60.88329375429836 -35.94531119183989; 57.839082229468815 -41.46253603557996; 54.49734974609872 -46.00116171878643; 59.64729385762489 -53.884437099380506; 52.29512199772479 -46.38740683860859; 53.08031663532244 -54.06824630796391; 51.95973167925089 -65.36974529536865; 53.747904813304814 -69.60670469720412; 48.59646440816378 -79.53022684366154; 57.76053825174298 -80.05687257107242; 59.92539401000018 -81.95682082677834; 63.60790986508126 -89.0764913974174; 68.10860113844866 -93.13218603187093; 68.44424497635545 -89.8906115573815; 78.01488659435435 -97.57163572493832; 88.49503556532925 -91.22845502861391; 82.356439810673 -94.64328303600418; 85.32857720920906 -92.11662522827778; 98.77381581737059 -98.37174132543083; 109.87881023213505 -101.77892023611881; 108.77653327713058 -95.63524801631556; 112.09105802603908 -90.95072708195488; 114.39186774572642 -83.25514079620874; 117.04343444332254 -79.71636322544231; 127.96652885944673 -78.79871516482925; 125.19304198769768 -79.65353119185488; 128.0790046798148 -72.05561147358199; 129.15899540969116 -65.13686994258512; 128.6421699224584 -59.84640150339624]
npts :	47
nout :	18
model :	(x,t) -> (x[1]-t[1])^2 + (x[2]-t[2])^2 - t[3]^2
dim :	3
cluster :	false
noise :	true
solution :	[90.2, -60.1, 39.0]
description :	type3: test sphere2d with noise and outliers
