name :	sphere3D
data :	[-41.95888738370706 -76.78439970804503 160.5138620910811; -31.34879031771211 -73.02934718594209 161.64454131109648; -21.201466868797265 -67.60931525340791 158.67379759697226; -11.246062551399648 -57.33538408557355 155.78283785251864; -8.948794576671288 -46.05782097894079 152.45273038598543; -9.7672745936506 -30.86382083762156 147.75960458379728; -12.992639898908564 -16.981656920011343 142.33690854589415; -20.6688153276835 -3.327802505110858 133.95253627425092; -32.55843030848253 8.775442092996421 129.74288214731428; -50.639142820121705 14.463172721795445 119.90606735032371; -69.01285856538652 20.461532679196242 113.2192093698892; -89.40790376832207 18.504363956251627 101.32387731092402; -108.85165088186388 14.436309805003456 93.16485830283285; -129.51031579694993 1.636510897088474 81.52296404801807; -144.21392101212987 -14.840763161756362 69.71159662242577; -158.0763172066547 -33.36045369078149 59.10931010658973; -164.46655234829475 -53.978078802982964 48.369932112785044; -167.0075938349247 -75.00639402425689 36.02947415868714; -164.24641350786234 -98.81817149058763 22.9586309262772; -157.65067631394732 -120.19683040872653 13.479118480139498; -144.43947562024425 -140.6807550048141 2.9774994965733446; -126.4864755437492 -154.48355939773225 -8.48493411904724; -109.98532053468244 -164.72720813887727 -20.218795790138785; -89.93943714305753 -170.49864408149938 -29.76704398773915; -69.46489433014197 -172.03969849499074 -39.36981022531236; -52.14808901803714 -168.30721962313422 -48.15011678828796; -33.22934992562128 -161.12622647543432 -56.57433048930077; -21.904590284764307 -149.07515853812785 -64.0909625516166; -13.962672777286567 -135.52885126430866 -71.98968667287313; -9.198895418817166 -121.08508141637236 -75.94433539894844; -10.477271265037526 -105.64765722007148 -81.30984517521308; -13.075010686271108 -95.5531327386975 -82.99902443959215; -21.525429889768926 -84.57759988990432 -85.94568745810679; -31.72085869039825 -78.80878308302495 -88.45101736309802; -43.12218662347032 -75.38826189355102 -88.81577153000858]
npts :	35
nout :	0
model :	(x,t) -> (x[1]-t[1])^2 + (x[2]-t[2])^2 +(x[3]-t[3])^2 - t[4]^2
dim :	4
cluster :	false
noise :	true
solution :	[-42.5, -76.2, 36.2, 125.0]
description :	[[-42.5, -76.2, 36.2, 125.0], [-42.5, -76.2, 36.2, 125.0]]
