name :	sphere3D
data :	[-47.672684938993584 74.18332690280431 199.51036383483864; -17.800053464161472 86.58221350441029 196.10330755091894; -12.019415378519497 123.18762991862808 184.21400057979986; -36.036210101090745 160.30411180566776 166.9530334721766; -83.95665117929386 177.6670205976873 142.20935907394033; -136.7235921827122 154.3918132804207 115.12182379191596; -171.31748930045794 105.38412808951327 85.14063228426284; -173.8137703317708 42.072621058723854 53.72379132514503; -139.06829958996167 -5.340255346024771 21.75464093784252; -83.96922027592572 -26.969793994688008 -3.9412567633495637; -36.40466991916085 -11.897240613059788 -30.396334073901794; -12.342177899311881 24.047219103677534 -47.05313513446367; -18.44853477224639 58.46775592978901 -60.476054860787; -47.430410462151436 72.41465889759402 -62.194671680251055]
npts :	14
nout :	0
model :	(x,t) -> (x[1]-t[1])^2 + (x[2]-t[2])^2 +(x[3]-t[3])^2 - t[4]^2
dim :	4
cluster :	false
noise :	true
solution :	[-46.2, 73.9, 68.3, 131.0]
description :	[[-46.2, 73.9, 68.3, 131.0], [-46.2, 73.9, 68.3, 131.0]]
