name :	sphere3D
data :	[-42.32965357484485 52.5987867413559 125.53792263663591; -33.964074938354955 52.95804912723147 125.81923232481296; -24.004910762126627 58.09540095525804 124.18514726061044; -16.572906900576648 70.56268163668959 121.22053858514583; -13.098489330472717 78.31040383730954 119.22563268190034; -13.350213342760476 93.31707796153603 112.93125781832681; -16.71994708832152 107.64266105404658 108.887967729002; -24.110036304797717 118.64441869813002 102.7787682386677; -37.036751589423424 130.71418896920179 96.1578826001082; -51.68376276387957 137.51196268491495 88.37073874457529; -68.16424125201426 141.50800231072063 80.09769768433688; -87.19887394506772 140.93067944695792 69.72537581744133; -107.26745531206227 135.148306343073 61.74698752587392; -123.2108702653621 125.86086742574498 53.34620897014883; -138.91996752787642 113.13930780448 41.89649925705161; -149.8823752991496 93.26035580184754 30.7655545281335; -156.67928618716613 73.08921975953668 19.361290516271282; -159.76533143418735 48.68557847814021 8.656432680064881; -159.39528434248737 32.0958679162805 -1.311028003449122; -152.0707534842511 8.464485174364551 -13.360796530865155; -140.61154765257083 -8.404574285365305 -22.491283499367764; -124.51847510816367 -24.101389308141943 -34.082564564481125; -105.27997040581256 -30.851054562156353 -42.47112637027186; -87.23013262475716 -36.16416781658397 -51.48893773954357; -70.08056895645805 -36.27192002111514 -61.35474870244192; -52.224691293570835 -34.27529280662078 -69.00383431341606; -35.97202767760572 -26.609616265323098 -76.888543802405; -25.16789585285515 -16.148010206947813 -87.98990187369155; -16.80219906190368 -2.8254982073496597 -90.72295540711238; -13.27887031416494 10.507348008748592 -94.51324790085188; -12.725429574362723 23.14496937793836 -101.764436196429; -17.552169062979914 35.08614237221991 -103.45194777890514; -24.13160694932925 44.44308003544805 -106.5023405187432; -33.80896521831218 51.17327760801433 -108.67154527047927; -43.60588502438552 52.93997916275936 -108.1021051097648]
npts :	35
nout :	0
model :	(x,t) -> (x[1]-t[1])^2 + (x[2]-t[2])^2 +(x[3]-t[3])^2 - t[4]^2
dim :	4
cluster :	false
noise :	true
solution :	[-43.6, 52.0, 8.9, 117.0]
description :	[[-43.6, 52.0, 8.9, 117.0], [-43.6, 52.0, 8.9, 117.0]]
