name :	sphere3D
data :	[67.4898533697174 79.71938801341501 143.74197239407738; 81.55177035451483 82.35965943333476 141.0957917108413; 91.63503673712371 90.49807152563838 140.10803492517576; 101.4850640464056 103.3538272941441 135.48985878153022; 104.55917792292384 119.60379818025098 131.05812274549396; 104.68913989707671 134.24456917206547 124.69896591541412; 96.60205640228959 154.3921544972985 117.78377666263877; 84.3170666247288 168.92626560060944 108.57793474540718; 66.06853751931774 180.11214969801395 100.48331518234016; 45.23212696758765 188.40598789178543 90.33281064373286; 19.96935569434187 189.2533479180633 76.31507431551734; -3.2515244699418173 181.02037051124398 68.10379743739152; -28.194326261567728 173.55432456094104 52.4897334404989; -46.68925586368041 154.97853547776475 40.54375230970612; -63.43933824120021 131.8606318707495 25.572254805717108; -75.05957395207072 108.10947894757233 11.120786050113987; -77.07483837234756 78.51723426577941 -4.113732776941003; -72.1098414583228 53.350625942954515 -18.343669928982823; -65.13733960904466 26.382547247401405 -31.471285854345638; -45.65633333711432 1.2269327129103842 -44.183842161841646; -28.447552319993445 -15.621702515478995 -57.785584724059845; -3.7426400145268808 -26.661827492382496 -68.6711939556266; 20.438475775354263 -32.30787270488048 -83.028002294374; 46.822710994219484 -30.345458126363685 -94.66015492392799; 70.02184112898273 -23.492734291472424 -103.92257219214183; 84.6539775050062 -9.983456025613123 -113.07134492247502; 97.26378155715832 3.1928037843822903 -119.91629564206949; 105.36855983892282 21.496639732431458 -128.10754803639094; 105.32713046927245 38.62406262738041 -135.8240159389836; 100.38098915892934 54.502312192309205 -139.44283612397453; 92.91478018030571 70.12787647553817 -142.0200956588622; 80.7172503952102 76.59159558008565 -146.16064566077765; 67.05053522399895 79.92933081764167 -145.24095688365702]
npts :	33
nout :	0
model :	(x,t) -> (x[1]-t[1])^2 + (x[2]-t[2])^2 +(x[3]-t[3])^2 - t[4]^2
dim :	4
cluster :	false
noise :	true
solution :	[66.7, 78.7, -1.8, 144.0]
description :	[[66.7, 78.7, -1.8, 144.0], [66.7, 78.7, -1.8, 144.0]]
