name :	sphere3D
data :	[-67.5776028906321 -51.146142847476305 47.66716598456817; -45.17600100597137 -38.6941773826823 45.197804538204885; -36.487527944634294 -7.363601766382091 34.74785313116984; -57.551147649875595 23.852824244263818 18.56980955279643; -102.34648027525543 36.30151949181732 -3.243176410225663; -148.79303563908854 20.350866708341922 -27.4414462403866; -179.32600356168996 -22.92823523672152 -52.54094435599648; -179.3009376925398 -77.97354574768792 -82.40544142558363; -148.46251042382224 -121.39169217845725 -106.75799747900888; -101.16349316588277 -137.06299970845407 -133.98006934665656; -60.9531522770669 -126.65338986375205 -154.8384534420225; -36.689372674304714 -94.97959361981451 -168.94098307883624; -41.10366613246706 -63.4906554940005 -180.10677897660673; -67.53593649164416 -49.999159583391034 -180.9999567378508]
npts :	14
nout :	0
model :	(x,t) -> (x[1]-t[1])^2 + (x[2]-t[2])^2 +(x[3]-t[3])^2 - t[4]^2
dim :	4
cluster :	false
noise :	true
solution :	[-68.0, -50.9, -67.6, 115.0]
description :	[[-68.0, -50.9, -67.6, 115.0], [-68.0, -50.9, -67.6, 115.0]]
