name :	sphere3D
data :	[-27.60540771969887 114.93105852564169 76.14469066461035; -3.140286759052176 123.86747232285832 73.93474668620601; 7.793758247052325 151.63147424055734 64.34617082143723; -18.879239297461282 190.90590988309162 91.72312878651098; -37.67064305297777 205.1947931407606 34.368659152697106; -80.68175860093693 209.39531248848846 15.283708408429026; -123.08896447931741 184.5996005751342 -8.789613940778278; -146.66920294185016 167.03551662956744 -29.127171203985327; -147.62347208823726 89.84724790423328 -60.60063956262723; -120.53692699152073 45.89189638382536 -84.56022332024068; -81.61463694859039 22.496855963246716 -111.16537420886671; -36.72313254874858 22.982906701471407 -130.3794643443476; -4.763777589969891 44.735974194762846 -147.09698754341082; 5.330714177053599 63.64596893521198 -142.843675569479; -5.1756438382278835 104.0734378265691 -168.46054006693095; -26.055966221103095 115.05170303162733 -171.4193832847577]
npts :	16
nout :	3
model :	(x,t) -> (x[1]-t[1])^2 + (x[2]-t[2])^2 +(x[3]-t[3])^2 - t[4]^2
dim :	4
cluster :	false
noise :	true
solution :	[-26.8, 114.9, -47.6, 124.0]
description :	[[-26.8, 114.9, -47.6, 124.0], [-26.8, 114.9, -47.6, 124.0]]
