name :	sphere3D
data :	[26.24060022718016 -10.592425699907245 57.16462869193029; 23.750697079100554 -20.039267388854935 43.61895206741391; 45.93511305306917 8.284936160065342 53.972459754633825; 51.353475908290406 -5.332797728244215 53.109815001483625; 37.574247936286476 15.38993625223793 36.73744959979412; 63.74321323011565 36.89889030892383 14.125745482636525; 40.51360551506216 -5.083316618039433 23.77070694916231; 16.46989656722587 7.729377748267555 92.13762490448639; 26.294791077363953 -19.773413901862906 44.56951759002998; 35.33918846846463 14.317734780713556 33.55507761393194; 52.53506851931844 1.6688581090665475 49.10483999730214; 27.287534084678498 6.889053952159155 28.55043674653881; 26.261634111717132 -19.239637769782835 46.7985055472822; 58.46998086367029 5.16573935357474 68.39400268687176; -8.679659751579404 2.739520132434575 64.23432818932378; 55.30852920883194 -0.03238002603562751 39.83655242105796; 29.399601032041563 -20.09246582130793 29.41192699096586; 49.330548920589756 -10.250710245948095 75.56839720625028; 26.406719616669076 12.671814022806005 41.74471677879895; 49.00225154874545 2.518537356950854 29.6233474034799; 39.34194795935142 2.8565267690213765 62.3397865355496; 26.530120871260905 8.564200236008947 26.793737510234774; 35.59033943037326 4.961464489543868 23.071876911722683; 83.29774174183738 22.915832969339867 23.319087168397754; 24.342349503637582 10.580615045573213 47.81133301650562; 35.02854847277058 -3.4218489377225687 61.18515687772982; 40.43022336304137 -15.479130302791175 25.433391752546832; 49.70170327438381 8.321291376209436 48.54905164168942; 41.3661002173689 -16.409352628240175 56.240762952153; 40.73335192739986 11.350922745498735 32.07279245556947; 41.13504976458719 -1.437763424801975 59.95962857631831; 48.44991861571052 -16.289886269552206 41.86935263891017]
npts :	32
nout :	6
model :	(x,t) -> (x[1]-t[1])^2 + (x[2]-t[2])^2 +(x[3]-t[3])^2 - t[4]^2
dim :	4
cluster :	false
noise :	true
solution :	[35.5, -3.4, 41.7, 19.1]
description :	[[35.5, -3.4, 41.7, 19.1], [35.5, -3.4, 41.7, 19.1]]
