name :	line3d
data :	[-131.10406946982457 53.25720206760802 51.453126230032666; -364.61209486006277 93.65408417758383 102.35279907155015; 188.31132119272309 -68.15302036032851 -64.65401575161071; -53.778502987596575 17.254680954270867 20.78148816847555; -157.90682731372257 57.12181769088398 58.459995494764975; -105.31662255321044 36.82729134303206 39.050472953444604; 1.2615594276570312 -1.3551857041278441 2.0846068588155617; -237.39354514344424 85.2278707321123 88.39786304628171; 27.208472723986407 -11.356529270839225 -9.117247517071503; 186.705670973149 -70.08466647961232 -65.28292247078197; -27.96702266679293 7.128859729523103 10.315146225988542; 7.457278692506378 -26.509580185374755 -29.4837695863269; 80.3737195240095 -30.019059036689622 -28.466869466827895; 295.8175743663497 -107.06907225566798 -104.47743897659596; -24.89846379420884 8.702504323564805 10.07837814093209; 240.07308921613892 -85.98151187334224 -85.44047593881209; 54.59908232428266 -20.61468913262472 -18.37927991091186; -186.44826541652273 66.8094751115056 67.12914760822589; -53.89643776263568 18.068044453090017 21.89503288514654; 240.13117412679784 -86.50938895213508 -84.50685386486546; 269.30486802821355 -95.89208111981881 -96.09004790149419; 241.26404097368697 -87.30999185376761 -86.61004195071166; 294.60887638257697 -108.12989112575373 -104.32557249386974; 235.03805337963274 -61.197295907831965 -49.99409376205692; 209.09370181426698 -35.607288476593055 -24.206832332647544]
npts :	25
nout :	5
model :	(x,t) -> (x[1]-t[1])^2 + (x[2]-t[2])^2 +(x[3]-t[3])^2 - t[4]^2
dim :	3
cluster :	false
noise :	true
solution :	[-6.4, 2.3, 2.3, 50.0]
description :	[[1.1, -1.3, 1.0]]
