name :	line3d
data :	[78.28498592523279 -78.65904749063014 25.276386468494266; 78.78531031083797 -78.58763670223938 25.535846242953944; 271.8173006315561 -292.81054225054123 93.32946817570365; 45.435901932197 -42.08240976062042 12.883915476769795; 351.2863849850717 -437.8470707998441 143.56895865911216; -84.38078879831224 99.21237621871335 -32.9974701933717; -435.61385461617766 491.03598267795144 -156.95039533136526; -83.34370706518479 99.21264901344382 -32.32706213033878; -31.89607796474325 67.49224233391543 11.032270012520037; 241.1021078656961 -257.36565412416564 82.45241851676296; 368.90937733713275 -400.2624893588882 126.5177111243888; 371.2979204177759 -400.22355469131514 127.80055223843415; 81.59768610258311 -120.54076272116379 16.848751232167572; -241.0843321912769 276.88050856062017 -91.25002807550432; 435.6293992792642 -469.8720078597163 151.75645921195104; 175.0523829827016 -184.9596421147786 57.64267355915651; 337.76395378999683 -362.48020211341924 116.58157514929265; -177.62772530598525 205.0294105184007 -67.84842013246832; 273.76538560926826 -291.2550603498387 93.38371630849468; 78.42598636917165 -78.9078328200462 25.52681801743629; -17.12860456879129 28.902750700167573 -9.349538917350928; -373.05859926132325 419.4421122764443 -137.4793458177556; -465.84568783421213 488.84496462406287 -195.8229741052686; 177.44631410612345 -213.25964156240983 43.019879805398176; -403.1445408145679 454.48396948222944 -148.31953848022286; -114.1203701238653 134.32394783306825 -43.12552941171008; -340.35140228871376 383.8389184918605 -126.42201682329063; 233.39953209828093 -292.02652768769474 65.90449396737301]
npts :	28
nout :	6
model :	(x,t) -> (x[1]-t[1])^2 + (x[2]-t[2])^2 +(x[3]-t[3])^2 - t[4]^2
dim :	3
cluster :	false
noise :	true
solution :	[-8.7, 9.6, -3.1, 50.0]
description :	[[-1.3, 9.8, -4.4]]
