name :	line3d
data :	[87.70347926432704 124.25826111470097 139.22834809475995; 106.75556627012163 151.2434753829053 170.5630807170057; -172.3971091787633 -290.80490277875435 -265.65187344018733; -130.52130292073025 -164.97888902550957 -183.04809928693368; -217.55426715437451 -287.8035843195765 -290.9431995854892; 167.5761755971502 228.03147032301888 262.0115611659283; -70.73131813280472 -84.54357285858516 -95.76690340924529; 179.169399546332 163.99485442447485 279.50880823915963; -70.97446278554521 -84.72005602483979 -94.44273057014964; 125.99196759877826 173.92538031474263 200.1858841842371; -127.36180943555583 -164.2008713012367 -183.2503166472142; -11.56261512251463 -6.058160100628024 -6.747996187223544; 86.69825466168822 122.3182377966308 142.6225303275974; -31.17627102631011 -32.302951575816664 -37.19014013303062; -90.34380697899684 -111.92783986083954 -124.11769546991088; -140.60708079518068 -130.77575959388545 -137.64154180839844; 178.1845686954902 168.02890196031518 260.97121456359133; -127.87153578268979 -164.11559647038231 -182.161878196864; -88.7379275636147 -110.59385036079017 -125.68792200426553; 125.44054697554806 175.89349207345938 201.50148041879706; 164.48952812932993 227.64628257440816 260.01381855678176; -186.837081159447 -242.22404501296714 -272.416430880329; 47.831951394649955 70.40507729541804 83.23617667034438; -167.290820936485 -215.13925145800422 -242.9885963575021]
npts :	24
nout :	5
model :	(x,t) -> (x[1]-t[1])^2 + (x[2]-t[2])^2 +(x[3]-t[3])^2 - t[4]^2
dim :	3
cluster :	false
noise :	true
solution :	[4.5, 6.0, 6.8, 50.0]
description :	[[-1.1, 6.4, 8.6]]
