name :	line3d
data :	[-116.97780779001535 18.843454077927937 89.75197419011162; -285.7735658635532 37.20784694311004 235.46693083486812; -285.6765184451346 36.6445835831311 235.69998649968224; 19.391020144890156 8.43031718192108 -23.034938121973944; 120.56019632650134 -8.368247091335345 -114.32813654861458; 171.11101568483627 -13.962431348203054 -158.73495070930662; -113.518263544272 -4.349850664909379 48.546507324877766; 273.3313978597446 -24.00635421826795 -244.58390143518977; 222.43777693049705 -19.640443255794814 -202.12116960582347; 189.7834808641804 -14.950950162809415 -170.5079879595779; 13.425176394074798 19.289685915116277 -10.706080239823272; 51.41070198901109 44.78244121645378 -91.72550509388927; 147.80804325197093 36.46902109071002 -115.55673079127679; -234.0170493447923 31.72646310485319 191.7567369864312; 137.43937190482782 -6.776541561966701 -128.9190615083152; -50.573128425476426 9.087941149945644 32.58033690729986; -134.135316501617 21.225935501764308 106.08609998496094; 187.50024688305325 -16.49578399051742 -171.64311022633618; 120.19272616831938 -6.897555876407154 -112.72224308471799; -252.64524780328233 32.51393397442671 205.48066515158774; -117.78016606210691 18.919912359224096 90.02211347757394; 71.26163623984952 -2.117877812529244 -70.1816834957756; -48.415365089017456 12.068233085596155 32.92815839239859; -15.413499768662472 6.1629112044875 2.16230745564822; -66.11123449538073 12.605084049993604 44.904931267191245; -83.47520324054737 31.115720456157355 40.57203816462358; -219.88465616999378 28.916256217969035 177.17189506200546; 50.80530142664887 -46.92625253700624 -44.65026793253295; -85.22677812106038 14.008939589777157 61.03162416442914; -285.1110851515147 36.67249942465933 235.68764116466414; 222.01137558979332 -20.00459721253062 -200.3244492066017; 190.06471549871335 -13.69624596586824 -172.2604439339873; 221.7225127590087 -17.416872964728935 -201.874196523764; 206.05585740397905 -17.693300608389656 -185.88039832452418]
npts :	34
nout :	7
model :	(x,t) -> (x[1]-t[1])^2 + (x[2]-t[2])^2 +(x[3]-t[3])^2 - t[4]^2
dim :	3
cluster :	false
noise :	true
solution :	[5.6, -0.6, -4.8, 50.0]
description :	[[-6.8, 6.4, -4.9]]
