name :	line3d
data :	[-244.20420595315053 -150.26189360868688 174.7690649626566; -222.98794147710115 -104.24288617056386 139.25304374653783; 179.5197291763524 79.30772076069229 -117.31623953527922; -58.180974635790825 -30.53358774774936 34.05928237380104; 52.64259612053671 20.256426680774393 -34.381590460665244; 180.33823731480157 80.15573495034987 -116.95323913035517; 124.88288576120407 54.27971626760766 -82.5413576557957; 68.49699002270353 28.030857798938193 -46.78189997968092; -205.3823571836961 -94.1574764237746 127.25059472507857; 125.87176450599885 51.82699015312788 -82.05069179583401; 70.3535086799349 27.81292173320147 -46.50621498772468; -153.28492107697946 -133.44274715829056 110.50032246737888; -95.47951910404936 -47.026043090481124 56.93672415925388; 124.60855674439317 53.434943796665884 -83.24265237350741; 14.88615723283903 2.8138643200100404 -11.625272567805624; 125.13650102870828 53.99594558443367 -81.8441241712687; 125.6676692138269 53.57223587761752 -81.35231040200166; -59.88723467936868 -29.810729548547314 33.66451015496523; -176.7926340754959 -61.88541664940065 143.24659973809162; 238.72308242783032 52.59836276419244 -134.5145045565304; 105.59107995235297 46.141316968187645 -69.17864646280515; -3.937018967964337 -4.041899589835749 -1.7788394798776679; -59.384515136734066 -30.759492062617056 35.30519712135296; 14.591755104936553 2.853416379245535 -12.6624146424735; 146.13315937384579 2.6373587020172096 -22.98432047063809]
npts :	25
nout :	5
model :	(x,t) -> (x[1]-t[1])^2 + (x[2]-t[2])^2 +(x[3]-t[3])^2 - t[4]^2
dim :	3
cluster :	false
noise :	true
solution :	[-4.4, -2.0, 2.8, 50.0]
description :	[[-3.6, -4.9, -0.4]]
