name :	plane
data :	[-45.63338735637529 -268.7894796911471 -173.18048938026408; -238.54570823602057 516.4239064270766 -163.3568406249713; -90.20231234440153 -401.3883410038935 -358.46367599461547; -223.28002884550958 -59.652893387582964 -63.95095492361483; 7.031883378964535 -69.43030383911885 50.97244920900312; 109.9783541263824 -177.8874643279563 -268.025881654888; 64.71122472035859 229.66359163977918 258.74286952179193; -79.06493072055333 -436.6810183530668 -272.0993165872442; 73.79843744505904 341.03386473336195 230.80610610133047; 80.65471775170197 283.42363769018215 324.95153903430753; 13.087130069577015 6.079104650242568 43.75400324723619; -34.30786431874279 -227.5236653897254 -110.20370209978047; -71.1962947421715 -286.53689796776956 -322.3392656057276; 62.206489902777 227.95506000190255 226.19888627166458; -111.1021393431715 -581.6110238168484 -399.195665676645; -97.22421558475108 -451.6763795781763 -375.40230790683023; 467.9002826605763 609.4676808923446 -34.60014499669634; -20.81134645069411 -152.567173728917 -70.7627615002954; -84.23578642591252 -437.0488346476191 -305.97103891397717; 20.65369324485421 44.339322753631166 72.50830465005083; -22.925653006664703 -66.6146556173093 -155.6382080369691; -97.62261328661 780.8992339689908 -202.37927477640272; 5.824575511332668 241.90063856794328 140.80115412081813; 113.81213773863166 499.9731570330928 394.1493084232017; 38.70012323870827 87.06157049890943 165.99584209221356; 379.7810680803718 538.3796924413847 310.9987997453731; 115.49132065887903 525.0413582912767 385.1186241645717; -2.7822858977526 -33.38896630384252 -16.29134505772999; 64.91051899869217 217.84182511423714 255.5870148395745; -14.654324559980273 -136.78733562017763 -51.34377733077049; -93.81576806536187 -428.8841909769093 -383.3270302550712; 118.58882184625293 501.579635767912 424.87992631306497; 27.807496943297938 46.674290208387184 120.71611383630975]
npts :	33
nout :	7
model :	(x,t) -> x[1]*t[1] + x[2]*t[2] + x[3]*t[3] + t[4]
dim :	4
cluster :	false
noise :	true
solution :	[-0.9842458386085555, 0.09720946554158573, 0.14768361111125525, -4.960019508619468]
description :	[[5.3, -8.3, 7.2], [5.3, -8.3, 7.2]]
