name :	plane
data :	[-22.789929976190663 -128.51686190758448 106.85372013806608; 23.950261136455723 246.1701468618101 11.547386328823755; 13.13594106866905 188.7804140200429 -216.85384971850743; -57.64098949113252 -411.6267329687302 140.2801698115001; 140.0408677724984 -219.02792847664625 -112.40253361468662; 186.3017188489372 131.07824425239693 -146.66478935276405; -163.66343169910533 -1057.1179019700235 969.0037585150569; -29.999659809437446 -214.01541831006696 395.067402280556; 72.25776366019238 660.3275098595601 -353.6251465085399; 3.6831971323352675 99.72668327576153 -152.23035901911564; 311.99303808914283 592.7710133013737 -698.3340968011837; 38.528553069979026 376.1563406904636 -294.54760764952823; -6.371503968516896 6.467455918286906 -58.729588579590086; -3.833160835813371 14.973455712810026 190.48635197371632; -51.06858598528183 -362.4576280733258 204.108053974818; 66.75237511568092 613.5274884786566 -305.6866977789363; 68.43718556474184 654.2759850339482 -520.702118483848; 5.262415406666255 103.25312704440034 -42.93738387733659; -10.838669538549837 3.1837864093746093 -197.30858441941658; 48.91964937464158 471.45464761361734 -278.35060725503854; 86.86696381685837 796.0605593727981 -548.8135202422699; -1.6318504729109184 54.65367014617807 -77.2864871607627]
npts :	22
nout :	4
model :	(x,t) -> x[1]*t[1] + x[2]*t[2] + x[3]*t[3] + t[4]
dim :	4
cluster :	false
noise :	true
solution :	[0.991865673603601, -0.126650439932729, -0.012733875754105879, -7.702514948376166]
description :	[[-6.4, 9.7, 9.9], [-6.4, 9.7, 9.9]]
