name :	plane
data :	[-110.54768517607448 -231.07773833220688 388.3100333731679; -138.26209180991364 -260.3554315036775 85.69587240747897; -124.85564649181464 -233.74179650262775 57.832513490414755; -72.78601397159596 -99.97059987638151 -542.7198972423832; -0.6428473291189883 -9.692621273078876 192.72721462653496; -72.93419345862141 -142.93530132951472 98.68204534688677; 4.3464017956438425 188.2591314224245 206.47159686649903; -119.52984128919496 -200.6117635776907 -337.19498285317746; -20.290410128124584 -43.15911678898489 97.23460189063876; 155.2536127929966 300.37200988436877 -127.57266824952978; -104.00114980115123 -440.83073719220647 280.7568433416171; 304.8715122309837 251.25736852886416 572.274595173352; -280.2511691119281 483.61189666680747 -574.4086767929289; -131.17944294718149 -218.84318459045147 -388.8449034086169; -74.1183988780599 -126.70885491358744 -184.5898053792287; -85.66621524089281 -162.9839852795219 89.36981632125578; 140.45283269574176 267.07251723121345 -60.01325172605976; 150.73976104886106 287.29383725197243 -12.462003939770206; 63.916571805204434 130.6016532742105 -116.04892845205514; 154.0115398844756 290.80787311968163 -48.82187935810706; -129.94065873146585 -241.68011442937217 -67.38700344644744; -67.64539578659748 -100.66447322249807 -378.3545001345697; 278.3313221249834 522.3309533967731 152.50394052442024; -137.56488095242327 -276.98982302346656 369.8322297795159; -6.6427917531183915 -12.25061833203113 29.76997430868717]
npts :	25
nout :	5
model :	(x,t) -> x[1]*t[1] + x[2]*t[2] + x[3]*t[3] + t[4]
dim :	4
cluster :	false
noise :	true
solution :	[-0.8823838759068046, 0.4697137662289269, 0.027706918896224005, 1.0774405849362214]
description :	[[-4.3, -5.2, -9.9], [-4.3, -5.2, -9.9]]
