name :	sphere2D
data :	[28.147563663060865 -39.42310539058029; 24.90965810260875 -24.602277563842854; 23.540753248393376 -10.790431312549714; 13.805034364946751 0.08450622808912112; 6.505734659032823 13.150144147129126; -5.1089854662468985 20.316270051899718; -20.73227571496562 27.48644423936692; -34.67890734055975 31.07414619241678; -50.71389799098758 30.736856406689004; -62.65014631165413 27.70000713386668; -76.2448071774894 21.305477933121264; -86.7617514340043 12.38366923353506; -98.39839803600717 1.8347605454288678; -104.80597124595036 -10.45129798564612; -108.62069637193927 -23.50847212949589; -108.25516723486729 -39.37642408374324; -108.0086875456153 -53.88409352167883; -102.3751301214496 -67.87500758253515; -98.41513030083911 -80.04550537322488; -85.10864748973826 -89.29517058340281; -74.96727906969763 -98.04620274178352; -60.84801880486275 -104.99621517649744; -47.85157997531059 -105.86599287744515; -35.25049596640463 -108.06987881387008; -19.66183186821857 -105.03100509956123; -7.372463916913467 -96.7232644958437; 4.68868318357501 -90.96098381627384; 13.440131892577755 -79.86449807851469; 21.75974204022583 -67.18734095244707; 27.07904711844436 -52.66931308868616; 26.623795839082284 -39.10572921610067]
npts :	31
nout :	0
model :	(x,t) -> (x[1]-t[1])^2 + (x[2]-t[2])^2 - t[3]^2
dim :	3
cluster :	false
noise :	true
solution :	[-41.2, -38.9, 69.0]
description :	type3: test sphere2d with noise and outliers
