name :	sphere2D
data :	[49.8399218972272 -18.41425392977227; 52.17153662903912 -15.213594555738474; 50.12852154858491 -15.67938271717249; 49.49087906143872 -14.543605505340263; 48.602745008749096 -12.318788852553432; 51.42991965257427 -10.818653042821975; 50.04287670414497 -11.122002437556253; 47.3151223850206 -11.291878124766809; 45.274897202208884 -11.333417360441572; 46.190635141999756 -10.881458237193401; 43.55644357206698 -11.181802768816262; 44.835138548350805 -9.315216250892911; 43.044084087495385 -10.8108998018308; 40.962821054954226 -8.212234403687747; 39.918520316684415 -10.262864092476523; 38.62894380692656 -9.771597154998345; 39.668063507349245 -10.47247066789586; 37.71633569744259 -11.793015807783892; 35.58749537471223 -13.315850436224029; 34.4877433995145 -14.811679149359275; 35.51926906836953 -14.974971160875784; 33.58408227131765 -16.0857832334973; 35.49682941933057 -17.366743414118783; 32.11512348970858 -19.5705369259903; 31.941987478835795 -19.74269805612618; 33.86175288064412 -19.704149748450398; 34.21396252835403 -19.86936687272453; 33.45558991834239 -23.71337400779819; 34.3137795482894 -23.214930635102125; 33.847550746728096 -25.25576473558548; 36.25365920005052 -24.373527961185278; 37.80739385577843 -25.650365768690502; 38.53206486066869 -26.495150209277394; 41.17228091882642 -24.90645835813266; 41.04830822471061 -26.740779394068703; 42.40047245248202 -24.37503650975682; 42.48409881508397 -28.14717694415497; 43.79675430133882 -25.99180652182237; 44.614654317790645 -26.498009720105973; 44.792317464279904 -25.882660540393793; 46.50086602986834 -24.553693264838614; 49.26915263814909 -25.489492478197196; 50.04376224974658 -25.37859050614557; 50.928124548153455 -23.144365135894187; 51.5623944924803 -22.358181214584885; 49.87341462153349 -21.86973579164736; 50.50630558875417 -19.575221869877538; 51.86850427106956 -19.19114894011026]
npts :	48
nout :	0
model :	(x,t) -> (x[1]-t[1])^2 + (x[2]-t[2])^2 - t[3]^2
dim :	3
cluster :	false
noise :	true
solution :	[42.3, -18.5, 9.0]
description :	type3: test sphere2d with noise and outliers
