name :	sphere2D
data :	[-65.8905776206791 32.37254998344276; -64.11526129864394 33.657143897854496; -66.41654279639518 38.122366322368784; -67.38179432044072 42.55454958278052; -67.9350237961731 43.37185765249577; -71.80288093816924 48.38489581411603; -72.0287155513495 49.611846732635485; -75.43113047713489 52.64236506799717; -73.72905199616167 54.308349812069146; -76.77321337289511 59.0039248838815; -80.29773740961261 60.655509006398795; -85.93037503861412 61.736673959432295; -89.00653121426527 62.21901697460874; -92.20150592312969 61.816242718307564; -95.51671312345567 63.21574848084287; -97.66183098211387 61.30739199415608; -100.4052647552797 60.44214390940194; -103.56261302091755 61.58676923298702; -107.87836196879374 58.9795242411496; -110.13120280874648 56.240894197262946; -115.20451960257141 55.94912064523116; -116.91872203769569 54.59589253175894; -118.57290009684999 50.54232499860123; -121.19914441095507 49.69101384545798; -121.18891066583168 48.01052553787539; -123.46886581416753 42.772591130218174; -125.6852340734228 39.70831204384827; -126.3107978709913 37.87116062311165; -126.011376967485 33.86923586532885; -127.29430109974047 30.06726736773563; -127.05400493419359 27.99216654716519; -125.91713140373214 24.002777270247428; -122.61187374643134 19.909750170142836; -123.60276264647925 17.449282355969334; -121.37714777898714 14.271621617053194; -118.49556138082181 11.65890775880654; -117.4267812323088 9.356888982989918; -112.38354177642485 7.2897012926281235; -111.94959704471633 3.6974916953398544; -106.1660952098623 3.5366550751341093; -105.28982171755133 3.5057195608846845; -101.69039566074358 2.0314542398547575; -97.0737898565464 1.3178541526564913; -94.74379067668963 0.10485935917075806; -91.17067698930552 1.059097834502618; -87.45358116032239 1.5203819613314968; -82.03054248629759 1.8529586634165294; -82.20958333316328 4.93188861963734; -77.29771063079374 5.065057278438218; -76.13625513717524 10.113981197383534; -71.86812255201106 12.05613720839915; -70.42186266036954 11.996722746290217; -66.87545463577197 16.794013701794473; -68.52509406697844 18.859853888086647; -65.0541412202939 21.779135425745558; -65.14027295454048 24.57863840315396; -65.54868461103983 30.115386269654994; -63.85370043371383 31.010059332141335]
npts :	58
nout :	0
model :	(x,t) -> (x[1]-t[1])^2 + (x[2]-t[2])^2 - t[3]^2
dim :	3
cluster :	false
noise :	true
solution :	[-95.5, 31.6, 31.0]
description :	type3: test sphere2d with noise and outliers
