name :	sphere2D
data :	[144.3129611202278 61.51435307996485; 140.50735519716022 80.76657350014288; 139.98696432361302 94.7968516234944; 136.46871578423597 108.74345183949491; 130.29887735679227 124.96586401374108; 123.51786858866257 138.90596923277775; 113.26309643508283 150.4138074855168; 103.16606530832017 164.2879704219824; 92.03153883883395 174.10817327542827; 80.14652418835757 182.32479388826994; 66.46464465424052 189.87803991561034; 52.87006976212607 197.26333903809189; 37.63016957392743 202.2930985622499; 22.514010538334087 206.8787342494956; 6.6308185418167795 210.25897156435119; -9.215553489463323 208.4725038205672; -22.875201566239475 206.60952460435135; -40.51899780156496 203.50389009714075; -54.34688922845023 197.94615982081694; -68.8206529656584 193.63113936678852; -82.8502936925337 181.1515582308367; -93.4672503147289 172.402723667206; -105.80909973725441 161.54718801035924; -115.30252230858197 150.53854329765215; -124.94020655836005 138.91235599335366; -132.15867939199322 123.48738923978733; -138.70242335002078 111.03733377972434; -141.52415958239652 96.37903303878386; -144.7730720647914 80.30313144361556; -144.1264804390348 64.31502647651527; -143.4156725013191 46.891087568458666; -142.48258989390044 33.40146029060189; -138.4835186532664 17.734053121656217; -131.2618713019017 4.920959476565992; -124.64325789793952 -10.006235975253052; -116.19587226356549 -23.701124389570882; -106.36745998341401 -35.70658938962882; -93.93478863791697 -45.86742983857744; -79.62592146092946 -56.491484915635986; -69.312882318058 -62.00532702551638; -55.496739214424586 -69.20403423975112; -38.35362192191123 -74.72934364628021; -23.7596083904209 -79.3511831959964; -9.175164700769383 -80.24672090154617; 5.751579671528609 -80.33629894959135; 22.97983207204405 -76.69108776953509; 37.50796154928378 -75.37320358503297; 51.72385179733397 -71.10907832702348; 66.80874528407072 -60.54301113331401; 79.92034906578861 -55.07814547632243; 92.95235990151866 -47.58595794568464; 103.45192704713101 -35.52635319814436; 112.17341202019381 -24.008253455246074; 121.49860361021152 -9.354663637447397; 129.97163964212825 3.4969949858639833; 133.7697028369442 16.346845109238256; 138.5022203276362 35.26989045176545; 141.7462606716458 49.74654262551997; 141.38523834587093 64.37756352728096]
npts :	59
nout :	0
model :	(x,t) -> (x[1]-t[1])^2 + (x[2]-t[2])^2 - t[3]^2
dim :	3
cluster :	false
noise :	true
solution :	[-1.2, 63.9, 144.0]
description :	type3: test sphere2d with noise and outliers
