name :	sphere2D
data :	[118.69570626067822 -42.11989109769699; 116.35693604382026 -13.093195289007053; 104.43962545563824 13.941361004751826; 83.80775340754529 37.77365985967058; 60.661941694963986 52.757981530267216; 32.7039967010715 59.1621132953; 2.454422069409845 59.687935588987884; -25.625042784890283 52.70947372030825; -50.963483797494774 35.78931898427264; -67.68403748382826 15.143572129596883; -80.72657161628759 -11.488215654865705; -85.7214740388569 -42.273034183084434; -81.60413461371472 -73.0730746562286; -68.98048651915477 -98.95128279826909; -51.25242181319332 -120.68464366968524; -25.401693172618806 -136.80070874110086; 3.6023207740936996 -142.58030635571674; 31.373927728576206 -143.71890888231528; 61.94188928708995 -134.1387447159744; 85.65372029772625 -119.29078278858083; 107.12947694901818 -95.4182325607699; 115.93167260465589 -72.59771945665773; 121.93166956070795 -43.03710349740682]
npts :	23
nout :	0
model :	(x,t) -> (x[1]-t[1])^2 + (x[2]-t[2])^2 - t[3]^2
dim :	3
cluster :	false
noise :	true
solution :	[17.4, -41.8, 103.0]
description :	type3: test sphere2d with noise and outliers
