name :	sphere2D
data :	[181.5643083819464 28.384551114635823; 179.8840914303284 58.83673469030969; 169.7241900206432 84.37810075964333; 156.96831649902154 109.3719823010639; 139.71065589610816 130.27409679734762; 116.31094932523219 147.8094897787347; 91.58663006852065 159.92587200019256; 60.683976619109615 167.44894625481714; 34.931165282137265 167.55757252792705; 6.654941577708342 163.83574250519206; -20.801744015415427 155.80462548802404; -43.02659885047169 137.57176329773645; -66.12669378954189 119.87288935362187; -81.95469013150438 95.90551581857501; -93.38601397453516 69.86637444052819; -98.39667248026299 42.974268942773705; -99.44247408350925 13.274971478412645; -94.75362578766702 -13.712591598940255; -80.3231877828959 -40.118243775492125; -65.33361543089084 -63.10558951920966; -46.26848996810852 -83.58704069840087; -19.81252381973714 -97.60766278854041; 6.048886540734582 -108.3713913101947; 34.08332283805388 -112.57318349750618; 62.847224744692525 -111.7650551956182; 91.99949375484455 -105.30110237107871; 116.6242324010404 -91.31133568757717; 138.06561006058521 -74.14315135821467; 154.78967455817715 -51.82319161203898; 168.92546001722297 -29.46830564451567; 180.07170855522548 -1.2644567257008579; 183.90770257843778 28.147964567206042]
npts :	32
nout :	0
model :	(x,t) -> (x[1]-t[1])^2 + (x[2]-t[2])^2 - t[3]^2
dim :	3
cluster :	false
noise :	true
solution :	[41.9, 27.6, 141.0]
description :	type3: test sphere2d with noise and outliers
