name :	sphere2D
data :	[54.40979237615282 -89.46045177708504; 55.05795889543685 -74.00422165237646; 50.05463536446936 -58.91415392457153; 41.74875727787334 -46.11204045743501; 31.08470057632462 -34.22943440841852; 18.65693380096211 -22.57006982891929; 5.154441977888018 -17.300318104833416; -10.271488643425384 -15.548445955563889; -27.089720454494017 -12.407148207450923; -42.23069261664884 -15.241791812764594; -53.1491225163845 -20.373862568290726; -68.47133101729962 -29.134547256952448; -79.62240523852779 -38.65927635124889; -87.12395261852035 -53.82767658601396; -94.85594011784237 -67.02279757109787; -98.13879499098152 -80.15509773342502; -96.55603425478262 -96.6772126702697; -96.09018228261745 -111.58133686947689; -90.72286349750567 -126.92477006134747; -78.7968236790224 -139.70697025599682; -69.20234610303729 -149.8644241095133; -54.25723316719576 -157.66430592224566; -41.32990133774655 -164.1041413862371; -26.476398154143908 -165.2632891536624; -9.26460966136795 -163.75360190572664; 6.364236404586974 -163.3104797986805; 19.125523166822322 -155.0120032618118; 32.180760107603696 -147.30473704465578; 40.13471979579161 -134.22190585436297; 50.146783968993745 -121.24553852417479; 54.30741020014443 -105.55197643110911; 54.437799638142174 -88.93784421966478]
npts :	32
nout :	0
model :	(x,t) -> (x[1]-t[1])^2 + (x[2]-t[2])^2 - t[3]^2
dim :	3
cluster :	false
noise :	true
solution :	[-21.4, -89.6, 77.0]
description :	type3: test sphere2d with noise and outliers
