name :	sphere2D
data :	[45.02918615128939 -62.113099626108955; 45.481692661334634 -50.60646002389904; 39.7030211913526 -40.00467950976524; 32.16595418109217 -32.884832374705105; 24.715494673774774 -24.68620131189947; 13.520865939751717 -21.659912110100073; 5.447209489614693 -18.473492845925804; -4.217311543825444 -17.716962074628423; -19.24408846736505 -22.18784478047167; -24.451930678601922 -29.43662176803065; -34.41890833195937 -36.45343143938364; -38.34606476505683 -45.57415032357565; -42.9738765642534 -56.35749578787121; -41.356129057155904 -67.9895641313229; -40.1266014048508 -76.90743251466907; -34.31401375574704 -85.9712910167181; -27.198553975414015 -97.29469930733781; -17.87383436746595 -101.2501986148976; -7.215212472671152 -105.1239066976196; 4.879142159935492 -106.01436452107119; 15.047152562031032 -103.17814896295317; 25.517327262944555 -99.57461491624315; 31.807211804560538 -92.78742348612842; 39.252565425404796 -84.21460040142684; 42.78792775833357 -72.46533762824156; 46.30271727254962 -62.382634981018796]
npts :	26
nout :	0
model :	(x,t) -> (x[1]-t[1])^2 + (x[2]-t[2])^2 - t[3]^2
dim :	3
cluster :	false
noise :	true
solution :	[1.7, -62.2, 44.0]
description :	type3: test sphere2d with noise and outliers
