name :	sphere2D
data :	[80.4058596335968 62.999926737966426; 78.98447984771063 82.36021265225672; 77.29690986116559 102.85655060954821; 67.33355875026339 120.97946982201871; 57.79956056327654 140.80847157928332; 46.92162803148308 156.59647052436387; 33.207130744142475 172.17709572451488; 17.493128124775755 186.38075298678785; 0.9522934621879513 195.51164691993873; -18.84109540876978 203.7486650751982; -38.582226649737535 208.98960518035173; -58.90005342886325 211.56332981176064; -80.50796567965773 212.68151867026572; -99.19292085763855 209.51218146880402; -118.3404737515362 203.505053640895; -135.27925148591913 195.13238637944616; -153.8961655153986 185.15959469470005; -168.24707024875744 171.7299768984932; -184.55793746522988 156.53343303930336; -197.62545284701315 139.9555108646325; -205.02287550485454 123.4257471228502; -213.97427647799265 103.00984406489728; -218.8419016601287 83.95848329018017; -218.5513571263846 61.537252055557154; -217.98390998477203 42.15333684167246; -211.19970933713583 24.009263808111424; -205.65613498551528 3.5895211904340543; -196.2054904352831 -13.603782523925009; -185.2268005806985 -31.821371963359837; -169.71711753177541 -44.15383960993943; -154.9359216476123 -59.1441431875245; -138.6914445143938 -67.5604470735024; -118.91213618846177 -78.64988340111181; -99.3039448294987 -84.09790851036509; -77.5644757150694 -85.96566285777038; -59.320880009794266 -86.01191763963237; -39.67527190931519 -82.98959580745526; -17.818914111600503 -78.62589449619729; 0.0005857576291253275 -69.65711451994461; 17.45057570338415 -56.56027976362318; 33.46544621892729 -46.916631175390066; 45.70036125368362 -30.507978439224956; 58.992806600798744 -15.842943029784253; 67.68339470296593 4.273622919197242; 74.21272280102588 24.40113743717113; 79.18734846367512 40.35900197870983; 79.91279863903372 62.86173771832237]
npts :	47
nout :	0
model :	(x,t) -> (x[1]-t[1])^2 + (x[2]-t[2])^2 - t[3]^2
dim :	3
cluster :	false
noise :	true
solution :	[-68.7, 63.1, 149.0]
description :	type3: test sphere2d with noise and outliers
