name :	sphere2D
data :	[87.97575673685593 -52.934405618248874; 88.14851332400056 -32.08871125146743; 82.20128817623596 -9.973411902782306; 74.81255764774795 4.706224406194047; 60.82522201558162 22.01901722622982; 47.13234902302355 37.53190533509041; 30.37959819091103 48.065241690538215; 12.404144883868376 56.917286416389274; -7.879016454367721 61.68915788930857; -28.809685600594293 63.25876705885191; -47.00766584194498 63.382386435538265; -68.75017509566942 58.43390353134701; -87.15264007619759 49.722668388977404; -103.06678933416707 36.987240370245594; -117.43140734579087 23.673623139192912; -130.81128722441477 8.008836904848817; -138.82744428388685 -10.94833176807208; -142.7417866801039 -33.958269998078094; -145.65849081295346 -50.49851822429827; -144.09899148909267 -73.08954786934679; -139.1299096338021 -91.96565071692682; -127.99136826848023 -110.57556629196625; -119.70998822116704 -126.33663431011765; -103.38520492229878 -141.46443903361455; -86.68306779104776 -153.17121010002174; -69.53040024222415 -161.777783049567; -46.92721323919701 -166.70274388667133; -28.9143916586574 -169.5973019348533; -7.910059563219194 -167.63335553497362; 11.066593618264626 -161.96965167727845; 32.246651525734116 -152.38011366335493; 48.20099122994123 -141.29238024451047; 63.61178575072398 -126.52771815104302; 72.29036043184237 -111.90088957921635; 82.10224317144569 -93.81502069525344; 88.14025557377752 -72.16767123957257; 89.13267616672232 -52.694002770396494]
npts :	37
nout :	0
model :	(x,t) -> (x[1]-t[1])^2 + (x[2]-t[2])^2 - t[3]^2
dim :	3
cluster :	false
noise :	true
solution :	[-28.1, -52.2, 117.0]
description :	type3: test sphere2d with noise and outliers
