name :	sphere2D
data :	[29.105071093330565 71.82526998279411; 28.03901414097335 92.37462907661778; 18.749626214088526 113.77017336409457; 9.703611471263242 132.59959405228102; -7.119329250467475 150.0051658113705; -22.592201800063098 160.7426775525088; -45.355433922253155 171.10099808829116; -67.5874689142702 174.0498612271124; -90.76084349418336 172.077728631014; -109.22957755240836 166.79000731248786; -128.34889752783585 156.84090563151952; -146.6578413505855 141.64160260306488; -158.88936751515007 125.07372024898827; -169.09431487243924 105.4137046029838; -171.62335817132805 84.72853582598403; -173.21239720033503 62.64753481946266; -169.20627480936102 37.74415051581458; -158.90388917663918 19.222997384808934; -147.84948646727443 1.1451017756592778; -128.78464935361004 -13.814579712226623; -110.99486896421809 -23.40883234561859; -88.11896361501283 -29.116793281428283; -67.00023905825768 -30.043022815064436; -45.965780840140845 -25.844393736880512; -25.995114221152285 -19.733396600200532; -5.955729379746914 -7.987006401269539; 7.5020008721887805 10.702946748487863; 19.851680300438353 29.242332129075557; 29.431559295010484 48.335287415742265; 30.52626589638707 71.90642208095953]
npts :	30
nout :	0
model :	(x,t) -> (x[1]-t[1])^2 + (x[2]-t[2])^2 - t[3]^2
dim :	3
cluster :	false
noise :	true
solution :	[-72.3, 71.5, 102.0]
description :	type3: test sphere2d with noise and outliers
