name :	sphere2D
data :	[83.74168953723311 80.39948835991734; 77.25914530844776 109.3645143429341; 63.23725143449131 137.6106403516351; 37.11387653566445 157.15911322905748; 9.441463518298375 166.51529880003554; -21.187989934896468 167.64441955401895; -48.67123939899885 156.61361062978474; -72.69043347728461 137.5198745043598; -87.15383550027357 108.70824072846969; -91.54835435129509 79.46408002176662; -87.83020039009504 51.608707011881606; -73.47684519085176 24.042073091341823; -48.807786824146724 4.104252124670372; -19.9745654779079 -5.951561801142244; 9.813124389781171 -4.477032551636139; 38.64224432930172 4.024672084984869; 62.45254392774385 24.16753877460188; 78.66776205467968 48.902555980703156; 83.0694225383237 80.70785027867342]
npts :	19
nout :	0
model :	(x,t) -> (x[1]-t[1])^2 + (x[2]-t[2])^2 - t[3]^2
dim :	3
cluster :	false
noise :	true
solution :	[-4.8, 80.1, 88.0]
description :	type3: test sphere2d with noise and outliers
