name :	sphere2D
data :	[1.121490399670809 74.58554605814258; -3.2731195206922763 78.05036994473356; 0.0323276179054135 84.4261951624295; -1.3167337238006338 89.19702217235334; -7.303927768609007 92.30493959733816; -9.66362660227528 96.6652811294545; -8.367186677491478 102.22511812917763; -15.744786907419687 104.47835604922979; -19.39243133055144 107.83624929123444; -23.38733288449079 110.77249152181378; -23.559508476339165 114.73698679597031; -32.22131001632605 115.24300585386746; -36.95315307866403 116.72301196726985; -41.819089898171626 117.67349380868764; -46.760054593432706 118.08291381612281; -51.716070546254954 117.94630218530014; -52.50548803689742 118.7508632545014; -57.31167609540544 117.53377114272043; -61.95480370971281 115.79534575762017; -66.37850960032918 113.55668922844232; -74.6505863699241 109.35942975474401; -74.35618032348754 107.69312203843351; -81.93479743996033 102.65384108214805; -84.98000168513603 98.74136258796197; -87.576318804292 94.5176326866683; -89.69223302466608 90.03392173765259; -91.30206001391628 85.34465591804008; -92.3862586531225 80.50675656263303; -92.93166823949923 75.57894921601394; -92.93166823949923 70.62105078398605; -92.38625865312251 65.69324343736697; -91.30206001391628 60.85534408195992; -85.57074262499528 57.65162432048998; -83.45482840462121 53.16791337147426; -84.98000168513603 47.458637412038016; -81.93479743996033 43.54615891785195; -74.35618032348755 41.47797007785165; -74.65058636992413 36.84057024525599; -70.50000000000003 34.12885682970026; -66.07629410938364 31.890200300522416; -57.31167609540546 31.63732097356475; -52.50548803689744 30.42022886178378; -51.716070546254976 28.253697814699848; -46.76005459343273 28.117086183877177; -41.81908989817165 28.526506191312343; -36.95315307866406 29.47698803273012; -28.099819616655264 32.442540204275105; -27.680998876009994 32.94855926217226; -19.265842484819995 36.91305453632878; -19.39243133055145 38.363750708765544; -15.744786907419709 41.72164395077019; -12.4886770771623 45.46042792896493; -9.663626602275286 49.53471887054548; -7.303927768609022 53.89506040266181; -5.438224123471443 58.48852388578923; -4.089162781765403 63.25935089571307; -3.2731195206922763 68.14963005526641; -3.0 73.09999999999998]
npts :	58
nout :	17
model :	(x,t) -> (x[1]-t[1])^2 + (x[2]-t[2])^2 - t[3]^2
dim :	3
cluster :	false
noise :	false
solution :	[-48.0, 73.1, 45.0]
description :	[[-48.0, 73.1, 45.0], [-48.0, 73.1, 45.0]]
