name :	line3d
data :	[23.933809653402786 -156.3770028599697 -167.8586225923382; 16.79588896549317 -90.32912876305579 -101.2166185098963; -5.814704387616962 91.1656550884244 82.65388512467727; -7.285715080372293 108.77518858889721 98.21157169666685; 1.2049075061451107 24.822152018536322 16.125820855170076; 18.894095789381726 -120.52605218862948 -133.5938593995428; 13.431694084447832 -90.02028347772118 -100.85896636699218; 9.603786665180358 -39.59271643182686 -51.379027520434114; 3.504589566294056 8.597712371357035 -1.2498494447147044; -17.003333836586883 187.94272362406218 183.35600378656707; 11.308293394623414 -54.87634210197009 -68.01831417003913; 15.34193292989461 -88.98694782987248 -102.58644053761793; -12.29282261104075 140.26949893906334 132.80801920689947; 22.476586593116714 -155.82180609801586 -169.3625869819625; -10.26561335495213 124.33396776902357 116.66403889528902; -2.206214500417277 75.06440525550596 64.5955500873119; 22.27721110991043 -154.54077342059955 -168.02886845392314; 15.70898681316008 -89.75015336711505 -100.85447447567357; 18.5148759319553 -122.27441759364636 -134.1084259594425; -2.1433822071109145 57.708245931858926 49.16477056106315; 5.903102461869457 -6.474464748027592 -16.194643906855774; -12.198942734266613 171.88258345233115 166.71745490671563; -6.330727492251912 91.46670895785094 82.12268596644469]
npts :	23
nout :	0
model :	(x,t) -> (x[1]-t[1])^2 + (x[2]-t[2])^2 +(x[3]-t[3])^2 - t[4]^2
dim :	3
cluster :	false
noise :	true
solution :	[0.4, -3.6, -3.7, 50.0]
description :	[[3.7, 8.7, -0.8]]
