name :	line3d
data :	[-300.49835059682295 65.06808125821259 -215.14818933668232; -319.85894481769003 70.27490210784904 -228.24644816413806; 212.22163129259147 -46.62756713032634 139.62480131635047; 292.08909236550824 -61.23703713048144 194.23164843531356; 76.19316998203625 -16.72245843609038 44.83896245179796; 251.47232252500405 -52.905124140683824 169.18894445286622; 310.2655675081472 -66.61221487191105 209.17160940434897; 14.93973136303078 -2.8995407083692077 2.4821080556720343; -182.1255936069371 38.10033117343889 -133.48733230697013; -318.5907573312714 69.27776168226616 -228.64687303211647; -240.48799246927322 51.201087202720856 -174.63830658444576; 112.9958977846698 -23.362628614613328 70.87320649477395; -42.473118170246444 8.553943856583274 -37.00062486507886; 92.70916417646703 -18.918381438674782 58.283824482963944; 55.737531142291346 -11.787496555120562 30.909311026807266; -280.72623602300166 61.32063296212738 -201.46032277164406; 54.08841072816386 -10.907833493719124 31.507972036183396; 131.78390543976334 -27.85510761841036 84.33582763215053; 34.91778126539611 -6.4279310389466895 18.00935751896894; 229.20204926931837 -48.94341408866672 152.41090658804313; 53.703320289389225 -11.66708765398805 30.832901795557234; -24.835682714236828 5.314138263944845 -25.070491194521168; -180.75403111096654 38.75300762100432 -131.5841897132398; -123.37292412546003 27.267444504014342 -92.59417148785158; -200.51169316356848 43.038785593828365 -147.81634111848388; 16.15307000283155 -2.538202085624527 4.388203547589347; -182.574174622854 38.1752549949941 -133.28264500225606; -63.27528359788975 12.8660209261621 -49.618531834737155; -82.68887819916138 16.58427552509549 -65.16609258457345; -300.562517899237 63.75155866883599 -216.17781914401797; -181.019789689435 38.624621631557574 -133.2090484236918; -140.94963261315863 31.13776949859198 -106.54245953296139; -220.7064496543009 48.90520456612016 -160.26592513933267; 94.33227221814207 -20.017056880079334 58.09059783130843]
npts :	34
nout :	0
model :	(x,t) -> (x[1]-t[1])^2 + (x[2]-t[2])^2 +(x[3]-t[3])^2 - t[4]^2
dim :	3
cluster :	false
noise :	true
solution :	[-6.5, 1.4, -4.5, 50.0]
description :	[[5.5, -1.2, -3.2]]
