name :	line3d
data :	[464.76049867578513 -18.857873088513966 219.98518628420751; -387.28228762382224 17.339258573341763 -180.27491927926854; 257.61555879187796 -11.432454715425344 120.93029538736869; 142.0357413075206 -4.6838021642701575 68.9041912737079; 407.12375208749165 -14.748330558263115 191.55034245332052; 25.267379383895648 -0.1388059593427972 13.297766100036377; 230.36849600931075 -7.874066245016382 109.20908670106405; 317.00204536261583 -13.565491908064688 149.72325976417844; 347.85697943939476 -11.976419439707449 163.68627353877753; -387.64150962807435 16.67988802890713 -182.1854774025485; 197.7172123955018 -7.364818183133658 94.55420138029334; -474.79607995924874 19.227354062895397 -222.1929696279488; -122.51715025044997 6.092377540813584 -57.98984574331491; 231.1986381577905 -9.972788028391701 109.82452720302288; 110.01485587821162 -4.6489048631113885 53.04581336091575; -153.5023099753706 6.432313290310044 -69.97228757228474; 22.692984965081294 -1.2173678908979952 11.424766712831934; 172.4200803378256 -6.295367307042008 81.69369195281345; 287.51078380232275 -10.473178456618149 136.5809330931879; 111.58200915663822 -3.5975789146116477 53.856254314238384; 112.6759457498974 -4.25621891137581 54.03020100815649; -64.60124785001958 3.5274100605765932 -29.2585877387856; 112.9514834063207 -3.819149558330132 53.62416581840821; 141.85314704233343 -5.199028678780518 67.41181779472298; 493.8290133841008 -18.291138637752763 233.55944766014397; -331.58286506400856 13.993064356145055 -153.34786640745793; -4.820658978760289 -0.46973615197018204 -1.9635813313204165; 200.49574275925494 -7.508470288486953 95.63116470705653; -34.34497996044483 4.288773143558814 -15.34902373809944; -417.0830765232793 17.42954341602354 -194.68206747898915; -301.10175840877264 12.891141537848062 -139.92951814860837; 53.41814574428291 -1.675543892224155 24.255552744580044; 434.8217623085183 -17.651813492771225 203.48871510611852; -35.737351307214965 0.9921494407929666 -14.978138957392803; -387.42794710581006 16.04329679567994 -181.12639569162332]
npts :	35
nout :	0
model :	(x,t) -> (x[1]-t[1])^2 + (x[2]-t[2])^2 +(x[3]-t[3])^2 - t[4]^2
dim :	3
cluster :	false
noise :	true
solution :	[-10.0, 0.4, -4.7, 50.0]
description :	[[-5.6, 0.6, -1.5]]
