name :	line3d
data :	[-451.241610519113 -115.12671866057462 -351.5642083522474; -490.6146048769462 -127.09725725083044 -380.89894485319775; -449.9536155975976 -115.79791681518817 -350.96914326425; -333.6187831288551 -81.83741835880365 -257.37416153298864; -450.4052929040825 -115.11667429139618 -351.4569877533853; -489.80228656970615 -126.3751318180679 -383.5303106709752; -488.8650703167135 -127.10743225441954 -382.71514803774966; 362.21375803222134 112.79236110274759 295.45868704016505; -296.54753344504127 -70.87400398824141 -228.47915792687542; 442.5114452120436 131.71970806749405 356.57710796135365; -63.154992779822486 -7.400875295340843 -43.43003747915364; -412.13055950755137 -104.79649966348829 -320.1132008853672; -62.67760384943612 -8.16621710953514 -43.22751483465421; -179.32555936985702 -39.22718444601726 -133.16567945173534; -337.1249511570061 -83.08625440824741 -258.8373605065212; -179.85929055256793 -38.138817025352594 -135.68569221577707; -411.79421925557097 -103.32558905055686 -318.77906162645996; -372.7494011264816 -94.61886752237372 -290.4944077453809; 166.71103701196395 58.0263438997502 142.09907340236208; 168.45803361554272 57.92717584078043 141.6095377833185; -373.480254447604 -94.51015561949286 -291.3795470342675; -453.0629202006615 -117.56460757592845 -351.24049676474965; 440.79086517464185 134.62563830453857 357.35156697884264; 92.1997033250518 35.76941969567965 79.76603705844808; -102.94204820938049 -18.546155405359137 -74.70396338540257; -24.751923556920044 4.067208650948668 -11.940681795790153]
npts :	26
nout :	0
model :	(x,t) -> (x[1]-t[1])^2 + (x[2]-t[2])^2 +(x[3]-t[3])^2 - t[4]^2
dim :	3
cluster :	false
noise :	true
solution :	[-9.7, -2.7, -7.7, 50.0]
description :	[[-5.1, 8.8, 3.1]]
