name :	line3d
data :	[-97.39327968619556 -139.99877932623502 9.126876339877006; -74.45539301528916 -110.95792750845281 6.409503151045121; 244.37122920941349 305.0337649735364 -25.84631978291775; 127.77651281021473 155.60932887594157 -13.186425618568348; -211.11827089147016 -287.39438056489655 23.61872319809113; 63.649335893843585 67.234890448499 -7.240054865882329; 220.125337518249 274.1604139395077 -21.974185987130152; -280.52453518752145 -378.1679995313821 28.777011369326473; -29.90441730177228 -53.31830647366564 3.5648622132710277; 106.24044138949054 125.55654185949149 -13.128527536798234; 289.68826845193536 364.3599843635042 -31.428160196665917; -211.9633056941206 -289.9706875166098 21.788604174435292; 105.37935594703214 125.74747562597429 -11.467898801842479; 220.11827734472587 273.4170639978606 -23.109454198928823; -236.6716917162878 -320.50379529647324 24.208785420686354; -7.170597031860206 -23.003058723948687 0.5672258545395265; 243.86841467711784 304.0129351163971 -26.464734156418963; -122.92080302405176 -169.61711865072513 12.146779142697353; -145.61935413513095 -201.23318005228458 15.108186514958543; -145.29182100386205 -201.1056566361957 15.507151320760725; 243.8612276604916 305.86626194421 -25.703546469442845; 15.80735857759071 7.776053995737195 0.26456932105841613; -234.58274314376104 -320.76543899946205 24.988697706628805; 128.59657711079922 155.36236255550483 -14.399170430201808; 84.34278619396872 97.25821105859775 -8.432387047617674; -189.72723980886383 -260.4310577887224 19.304720693225207; -4.759911432367861 -21.076332570040535 0.7102957730251257; -189.26739513915803 -259.9177071592916 18.939834700342026; 40.22452754150621 38.568061962511976 -3.2926918243758503; 107.75834281147498 126.13753717078677 -9.779965086459315]
npts :	30
nout :	0
model :	(x,t) -> (x[1]-t[1])^2 + (x[2]-t[2])^2 +(x[3]-t[3])^2 - t[4]^2
dim :	3
cluster :	false
noise :	true
solution :	[6.6, 8.6, -0.7, 50.0]
description :	[[4.3, -7.5, -0.3]]
