name :	circle3d
data :	[-10.093997002781027 -19.522504225927477 43.688451826550875; -8.942747028747124 -26.92434079659575 43.160890930867204; -6.24642350226606 -31.89178568578772 41.93119291625449; 38.1430448865336 -32.67842060855167 42.67915831288774; -11.493748544481816 -49.96854361340325 31.450077622193295; -15.786939542665124 -52.312419584364434 26.101780441678084; -10.008907949070995 -18.08807149082954 45.628031250332825; 28.3052560241331 -2.2267690964315667 64.68179752816252; -18.121606286861667 -7.033739380072093 42.53796739206729; -25.719573048401333 -0.1521720258893361 37.52124996540605; -33.670295073999185 1.8221525219028365 33.811214875008034; -49.7664062561857 -31.91861374876798 4.045156628664508; -49.32672619194219 -39.06436453204864 4.54600052677495; -43.139706550690356 -46.34086216009602 3.7436450443592513; -36.98176993445771 -44.87098044289865 35.24089383675132; 18.534357747286474 -36.74638723609121 15.499133082236597; -49.51810997006817 -31.444412519591193 3.0549406592277704; -53.52703446475646 -25.3529113964975 5.018962384114021; -53.204744711698574 -18.241207705390707 7.688338195774126; -50.96896365889986 -10.081976444446395 10.900601170646231; -48.099439771465434 -4.097263363759597 17.834988060101104; -43.60173956169489 -0.23491338677783816 20.864957335619305]
npts :	22
nout :	4
model :	(x,t) -> ( (x[1] - t[4])*t[1] +(x[2]-t[5])*t[2] +(x[3]-t[6])*t[3])^2 + ((x[1]-t[4])^2 + (x[2]-t[5])^2 + (x[3]-t[6])^2 - t[7]^2)^2
dim :	7
cluster :	false
noise :	true
solution :	[-0.6365910077030789, -0.28292933675692394, 0.7174279610622, -29.6, -26.2, 24.4, 29.7]
description :	[[0.4, -0.9, -0.0], [0.7, 0.2, 0.7]]
