name :	circle3d
data :	[-81.46046532756506 72.51400014442598 -35.942602280325026; -37.383886175000065 38.43914896171783 -47.86451450800849; -40.00384963338408 38.45017721906623 -48.62002526604128; -39.745226306158294 40.47051126585717 -47.357760824204696; -40.8179710757063 40.86611089272817 -45.09433880573915; -40.96786175302524 45.88118776642437 -43.78842216783423; -42.27270909272202 48.7220957914104 -43.64798765383092; -87.26197735051873 79.59263062822467 -46.20279596736516; -41.00211886313351 49.24751956201835 -38.46490710917548; -35.256451648359636 36.12793405020018 -46.958984534857414; 3.5282428830139296 63.71075699148662 -90.55997414929105; -33.87165940801981 34.019265957264416 -48.24554667016294; -32.8580990845068 30.684329828406508 -46.774352088140716; 4.442945136304025 66.24639239370848 -25.389300025881514; -27.384958209685998 30.640320795528847 -44.97299410688888; -25.949046627020934 32.80773896304265 -45.46819565184383; -23.667378898798304 30.081893551852595 -42.77863565923013; -22.593876824467742 33.14200147386894 -41.26668552905256; -24.105456785254905 45.60238393165498 -29.401248891205135; -24.836034730846873 46.558500011734424 -29.6824384306033; -27.548566503474806 49.16173259861226 -29.996965801944214; -49.448724583086936 69.32208869967404 1.7669923358288315; -30.599362238380685 49.97710346861379 -32.63654967957091; -33.71505735372208 51.822634912592584 -32.526198178504416; -35.65428879406584 51.23808006145492 -34.42356051686847; -38.57617925782131 52.818689653165116 -34.343677726611396; -37.39385049302898 49.521449876684876 -35.960989099461386; -24.5764824352602 46.93375174693736 -29.706039851052495; -58.04970875335383 -5.354885553345339 -4.909621391155603; -22.287676581202582 43.93005140626168 -31.59013417429255; -42.18199687512385 15.421987699872389 -54.84828896240519; -19.955062972494797 39.550156638567195 -34.44911570668569; -18.100779756609754 38.865667826080525 -33.03785237350455; -21.92446552780044 35.557064306123785 -37.032607454044; -20.943370155872586 33.52876101714471 -39.140359168488246; -22.809756096847128 34.157908724763494 -38.436866114136414]
npts :	36
nout :	7
model :	(x,t) -> ( (x[1] - t[4])*t[1] +(x[2]-t[5])*t[2] +(x[3]-t[6])*t[3])^2 + ((x[1]-t[4])^2 + (x[2]-t[5])^2 + (x[3]-t[6])^2 - t[7]^2)^2
dim :	7
cluster :	false
noise :	true
solution :	[-0.4767312946227961, -0.5720775535473553, 0.6674238124719145, -30.9, 41.1, -38.7, 12.4]
description :	[[-0.7, 0.7, 0.1], [-0.5, -0.4, -0.7]]
