name :	circle3d
data :	[67.86591993309128 -31.711270988283474 -10.252703709666635; 74.4203845348662 -36.67340696932336 -9.238674323793989; 81.68557975168069 -37.86847037239508 -0.8500571925276381; 83.69208143075612 -46.5300707698993 10.350433250787125; 87.39116717035083 -51.64259942582207 23.351068442832904; 85.26814474321183 -54.01059541005071 39.85133672487071; 107.12644265534084 -31.1157927324246 18.510945015934304; 69.6497808580882 -31.43869420767204 -12.303830828159986; 62.708029417131655 -25.030923351760435 -13.291034052816471; 54.220609981884245 -21.302184611295843 -18.571970591572153; 33.16435619437071 -34.77847244262265 17.161829024518553; 31.22520633431224 -12.264736804730715 -13.07411392176702; 19.542307247287845 -6.911791285795915 -9.192649757906914; 13.104827910371606 -6.3653950454813435 -3.3810661735797183; 18.15011308952897 -29.548519525564643 71.19271243010743; 21.21937718647638 -32.87288082167749 75.30388130908342; 30.343740681416435 -39.5997872798162 77.99890197634332; 42.73304781421866 -41.74494385325716 77.54371373599264; 84.31246811435717 -7.860038289457753 66.34932375248411; 63.82454639618258 -51.95930408292636 68.49543844922304; 71.10661432608114 -56.681430073984664 59.468626384123986; 74.4808137187472 -54.742843814257206 53.48079008642554; 17.385021596458717 -31.473306289136627 68.91545822074303; -11.788410690323424 -65.24386667600534 19.614067188929557; 5.772887315592019 -19.036726930894645 60.74106855438757; -0.161865008990436 -17.19851791346114 48.259256959021045; -3.5237289205104783 -10.926035440820524 36.34266431200134; -28.138861031687227 -12.22882625587504 7.713252964808532; 2.3558284550700255 -55.631909027983895 44.92005854581956]
npts :	29
nout :	6
model :	(x,t) -> ( (x[1] - t[4])*t[1] +(x[2]-t[5])*t[2] +(x[3]-t[6])*t[3])^2 + ((x[1]-t[4])^2 + (x[2]-t[5])^2 + (x[3]-t[6])^2 - t[7]^2)^2
dim :	7
cluster :	false
noise :	true
solution :	[0.42674102091328897, 0.8641505673494101, 0.2667131380708056, 41.8, -30.6, 29.8, 49.3]
description :	[[0.7, -0.5, 0.5], [0.5, 0.0, -0.8]]
