name :	circle3d
data :	[40.004591939916764 -21.07679157188918 16.41280833953307; 56.48538604251345 -41.08219485023362 35.5650790106547; 39.60643801564067 -22.120283697478346 15.165746802871785; 19.388271423786133 7.19136832288467 15.50078109928743; 38.8631920941014 -22.291615963706626 15.269466483216618; 39.466521642440696 -21.208696409763533 16.099049735046165; 25.085198455717872 -25.57586464054039 18.86660501737611; 81.88334784180854 -15.70370898983492 -5.988580052464482; -1.5599071669262403 -24.62616435381527 57.07172246829565; 39.159023594092574 -21.046045300243 15.209637453737233; 39.32243958036564 -20.798832821329942 16.158907641402173; 40.29269447732142 -22.969212940762347 16.28517098723874; 39.511961761563384 -22.57036471425385 16.982798186405606; 41.09721361697428 -23.342850179550922 14.742812558103125; 40.60511405259877 -22.920580739981695 14.728596482985472; 42.17591859229111 -20.531186989847626 15.869953736359601; 38.834122595567365 -19.98601585806562 17.220393637207522; 40.82020807462032 -19.915028277248034 16.630419268641056; 41.22310337950947 -19.80634687992143 16.34984163066691; 38.495590594843776 -20.963871349540273 16.36010137302733; 40.386763083193685 -21.35593081774919 17.768686179400497; 40.222170666421306 -20.195552945893827 17.22542793063941; 41.537228419247796 -22.351161030644604 17.68506386696377; 41.95012964934231 -21.646331466849343 14.85061464465361; 40.13209399998555 -20.378372795030913 16.96049918826816; 41.509410352061686 -23.314857598037943 15.971348448583875; 40.53931841261 -21.29581035381065 17.445193558710553; 41.60619092491247 -20.781202705380984 16.682323296894168; 41.58239581475343 -20.7169101953831 15.24482346498569; 31.001915438915606 -54.17265931692059 51.173196023274244]
npts :	30
nout :	6
model :	(x,t) -> ( (x[1] - t[4])*t[1] +(x[2]-t[5])*t[2] +(x[3]-t[6])*t[3])^2 + ((x[1]-t[4])^2 + (x[2]-t[5])^2 + (x[3]-t[6])^2 - t[7]^2)^2
dim :	7
cluster :	false
noise :	true
solution :	[0.47472871071645634, -0.6456310465743806, 0.5981581755027351, 40.3, -21.3, 16.0, 1.0]
description :	[[-0.6, 0.3, 0.8], [-0.7, -0.7, -0.2]]
