name :	circle3d
data :	[43.91710643757989 1.7878136527620918 61.3871559118385; 39.296749083638794 5.596791813072863 64.90121263668765; 32.653584852273184 6.6951678582938134 70.61302276362909; 26.262872023501128 7.924109639995925 74.68287374420665; 14.096666602694713 11.331128538345855 77.32066926380188; -30.347101505797074 47.190221664055585 96.01785399486322; -35.05031417717502 58.286924613403464 58.92682057841011; 42.15888188565461 1.3466924891475383 62.64675415029439; 45.306902674669594 0.5352324366449464 57.698060198405095; 46.48956837290981 -4.359593280550991 49.54710675676368; 48.230530085298696 -6.527424519192995 40.87976600676458; 42.82848315358102 -8.437534795694058 30.614492170897194; 12.580071489985585 -9.01663637951089 73.58241344222544; 33.79327468596209 -15.811505325058805 15.591646228171086; -23.135410090111392 -6.359806912074341 25.39458422316369; -26.90427084800183 -1.8510366080130103 30.324939227612735; 11.96474876696864 40.88098976596732 32.96349475704004; -25.51075486840422 3.9872805344334536 46.94683152786305; -25.577962904097095 6.853026686502137 54.1740405158305; -20.803641659548557 10.258969400425753 64.73325771646427; -14.540838690388835 11.142097947962878 69.73365971118186; -21.769743418048847 -4.401983998746793 25.11693016354143; -20.091782502001823 -8.072235740853307 21.23137028418143; 1.057046460280647 16.816983748746463 -30.235447979420734; -6.412652650762887 -13.253618848253591 10.952082993847137; 5.480067104418061 -15.926756963391579 10.10798140723304; 13.381233467406677 -16.582294332158533 8.495873186544342; 65.65766699862395 -16.414723114012244 59.42686985663396]
npts :	28
nout :	6
model :	(x,t) -> ( (x[1] - t[4])*t[1] +(x[2]-t[5])*t[2] +(x[3]-t[6])*t[3])^2 + ((x[1]-t[4])^2 + (x[2]-t[5])^2 + (x[3]-t[6])^2 - t[7]^2)^2
dim :	7
cluster :	false
noise :	true
solution :	[0.11321762394647196, 0.9151757935673152, -0.38682688181711256, 9.9, -2.1, 43.6, 37.7]
description :	[[-0.5, 0.4, 0.8], [0.9, 0.1, 0.5]]
