name :	circle3d
data :	[-30.574422767247235 -37.20697677215064 -17.386357479546458; -28.52640224775697 -37.757459464766434 -13.897014019849449; -27.197149438993556 -37.821259771173075 -8.323788942040242; -23.99505587955554 -37.46957438038562 -9.042264880827224; -19.185872005809614 -38.04982655780967 -7.29568984478107; -14.628788849615546 -38.347658075654046 -7.1505865339747325; -31.172206249250916 -38.64406101748238 -16.438257266701488; -32.110404314730154 -38.57939279698833 -18.876020021134735; -30.933939550622775 -37.43456752022981 -23.424224552128827; -30.318323351462446 -38.4624388960334 -26.86070110337086; -24.698726859704294 -38.14098773979698 -31.846849713712786; -23.518700240057324 -38.02570171796678 -33.40132666899229; -4.665014000811939 -38.768745469157686 -24.648193932867002; -24.51707168356596 10.446330209791354 -25.774382483788273; -5.338962574136298 -38.54884172257765 -17.048503723396088; -24.20147407500089 -30.665927859356543 22.100490836553863; -56.85825964529309 -55.322329466956795 23.491731563110008; -4.483279608751719 -36.25361308705588 -22.302780984062007; -4.635009085414749 -40.5514670441222 -27.252280181449798; -6.528960037011628 -39.228190099423166 -29.60610766150512; 17.973836786040387 -27.0087818746775 -73.79662939209616; -20.57444023828758 -2.3716800775710642 -30.53423347459082; -19.93724061802535 -39.39927416308487 -34.76953911217864]
npts :	23
nout :	5
model :	(x,t) -> ( (x[1] - t[4])*t[1] +(x[2]-t[5])*t[2] +(x[3]-t[6])*t[3])^2 + ((x[1]-t[4])^2 + (x[2]-t[5])^2 + (x[3]-t[6])^2 - t[7]^2)^2
dim :	7
cluster :	false
noise :	true
solution :	[0.0, -1.0, -0.0, -17.5, -38.1, -20.2, 13.5]
description :	[[0.3, -0.0, 1.0], [-1.0, -0.0, 0.3]]
