name :	cubic
data :	[-5.0 1098.4; -4.782608695652174 968.6606229966302; -4.565217391304348 849.4509575080134; -4.3478260869565215 740.3271800772582; -4.130434782608695 640.8454672474725; -3.9130434782608696 550.5619955617655; -3.6956521739130435 469.0329415632448; -3.4782608695652173 395.8144817950193; -3.260869565217391 330.46279280019724; -3.0434782608695654 272.53405112188705; -2.8260869565217392 221.58443330319722; -2.608695652173913 177.170115887236; -2.391304347826087 138.84727541711186; -2.1739130434782608 106.17208843593326; -1.9565217391304348 0.0; -1.7391304347826086 55.989381112846225; -1.5217391304347827 0.0; -1.3043478260869565 46.142812525684235; -1.0869565217391304 0.0; -0.8695652173913043 3.867576230788197; -0.6521739130434783 -1.7010931207364184; -0.43478260869565216 -5.1726966384482616; -0.21739130434782608 -6.991057779238925; 0.0 -7.6; 0.21739130434782608 -7.443346757623078; 0.43478260869565216 -6.964921508999753; 0.6521739130434783 -6.608547711021616; 0.8695652173913043 -6.818048820580258; 1.0869565217391304 -8.037248294567272; 1.3043478260869565 -10.709969589874252; 1.5217391304347827 -15.280036163392785; 1.7391304347826086 -22.191271472014467; 1.9565217391304348 0.0; 2.1739130434782608 -44.81254212213364; 2.391304347826087 -61.410224377414316; 2.608695652173913 -82.12436919536451; 2.8260869565217392 -107.39880003287584; 3.0434782608695654 -137.67734034683983; 3.260869565217391 -173.40381359414815; 3.4782608695652173 -215.0220432316923; 3.6956521739130435 -262.97585271636393; 3.9130434782608696 -317.7090655050547; 4.130434782608695 -379.66550505465597; 4.3478260869565215 -449.2889948220597; 4.565217391304348 -527.0233582641571; 4.782608695652174 -613.31241883784; 5.0 -708.6]
npts :	47
nout :	5
model :	(x,t) -> x[1]t^3 + x[2]t^2 + x[3]t + x[4]
dim :	4
cluster :	false
noise :	false
solution :	[-7.2, 8.1, -0.7, -7.6]
description :	type2: cubic model
