name :	cubic
data :	[-5.0 -3553.8; -4.821428571428571 -1602.378498542274; -4.642857142857143 -1439.710131195336; -4.464285714285714 -1288.4712463556855; -4.285714285714286 -1148.238192419825; -4.107142857142857 -1018.5873177842565; -3.9285714285714284 -899.0949708454809; -3.75 -789.3375; -3.5714285714285716 -688.891253644315; -3.392857142857143 -597.3325801749271; -3.2142857142857144 0.0; -3.0357142857142856 -439.1833454810495; -2.857142857142857 -371.74548104956267; -2.6785714285714284 -311.50058309037894; -2.5 -258.025; -2.3214285714285716 -421.7901603498544; -2.142857142857143 -169.68717201166177; -1.9642857142857142 -133.97762390670553; -1.7857142857142858 -103.34278425655978; -1.6071428571428572 -77.35900145772595; -1.4285714285714286 -55.60262390670555; -1.25 -37.65; -1.0714285714285714 -23.077478134110784; -0.8928571428571429 -11.46140670553936; -0.7142857142857143 -2.3781341107871725; -0.5357142857142857 4.595991253644316; -0.35714285714285715 0.0; -0.17857142857142858 13.91140670553936; 0.0 34.2; 0.17857142857142858 19.87405247813411; 0.35714285714285715 22.657215743440236; 0.5357142857142857 25.873141399416912; 0.7142857142857143 29.945481049562687; 0.8928571428571429 35.297886297376095; 1.0714285714285714 42.35400874635569; 1.25 51.5375; 1.4285714285714286 63.27201166180759; 1.6071428571428572 77.98119533527696; 1.7857142857142858 96.08870262390673; 1.9642857142857142 118.01818513119531; 2.142857142857143 144.1932944606414; 2.3214285714285716 175.0376822157435; 2.5 210.975; 2.6785714285714284 252.4288994169096; 2.857142857142857 299.8230320699709; 3.0357142857142856 353.5810495626822; 3.2142857142857144 414.1266034985424; 3.392857142857143 481.88334548104956; 3.5714285714285716 557.2749271137028; 3.75 640.725; 3.9285714285714284 732.6572157434402; 4.107142857142857 833.4952259475218; 4.285714285714286 943.6626822157433; 4.464285714285714 1063.5832361516036; 4.642857142857143 1193.680539358601; 4.821428571428571 1334.3782434402328; 5.0 2972.2]
npts :	57
nout :	6
model :	(x,t) -> x[1]t^3 + x[2]t^2 + x[3]t + x[4]
dim :	4
cluster :	false
noise :	false
solution :	[12.4, -6.5, 16.3, 17.1]
description :	type2: cubic model
