name :	cubic
data :	[-5.0 -255.4; -4.230769230769231 -164.23295402822032; -3.4615384615384617 -101.49558488848433; -2.6923076923076925 -61.17969959035049; -1.9230769230769231 -37.277105143377334; -1.1538461538461537 -23.779608557123346; -0.38461538461538464 -14.67901684114702; 0.38461538461538464 -3.967137005006828; 1.1538461538461537 14.36422394173873; 1.9230769230769231 92.64651797906237; 2.6923076923076925 97.91816112881202; 3.4615384615384617 175.15712335002277; 4.230769230769231 284.04833864360495; 5.0 430.6]
npts :	14
nout :	1
model :	(x,t) -> x[1]t^3 + x[2]t^2 + x[3]t + x[4]
dim :	4
cluster :	false
noise :	false
solution :	[2.2, 3.9, 13.6, -9.9]
description :	type2: cubic model
