name :	cubic
data :	[-5.0 -2299.3; -4.166666666666667 -1377.0083333333337; -3.3333333333333335 -749.5777777777779; -2.5 -358.675; -1.6666666666666667 -145.9666666666667; -0.8333333333333334 -53.11944444444445; 0.0 -43.6; 0.8333333333333334 6.325000000000003; 1.6666666666666667 89.58888888888892; 2.5 286.325; 3.3333333333333335 654.8666666666669; 4.166666666666667 1253.5472222222224; 5.0 2140.7]
npts :	13
nout :	1
model :	(x,t) -> x[1]t^3 + x[2]t^2 + x[3]t + x[4]
dim :	4
cluster :	false
noise :	false
solution :	[16.8, -2.3, 24.0, -21.8]
description :	type2: cubic model
