name :	cubic
data :	[-5.0 228.9; -4.75 181.70468749999998; -4.5 140.7875; -4.25 105.72656250000001; -4.0 76.1; -3.75 51.4859375; -3.5 31.46249999999999; -3.25 15.607812500000003; -3.0 3.4999999999999907; -2.75 -10.565625000000011; -2.5 -11.1625; -2.25 -14.560937500000007; -2.0 -15.9; -1.75 -15.601562500000002; -1.5 -14.087500000000002; -1.25 -11.7796875; -1.0 0.0; -0.75 -6.4703125; -0.5 -4.3125; -0.25 -3.0484375000000004; 0.0 -3.1; 0.25 -4.8890625; 0.5 -8.8375; 0.75 -30.734375000000004; 1.0 -24.9; 1.25 -37.8578125; 1.5 0.0; 1.75 -75.73593749999999; 2.0 -101.49999999999999; 2.25 -132.3765625; 2.5 -168.7875; 2.75 -211.1546875; 3.0 -259.90000000000003; 3.25 -315.44531250000006; 3.5 -378.2125; 3.75 -448.6234375; 4.0 -527.1; 4.25 -614.0640625000001; 4.5 -709.9375; 4.75 -815.1421875000001; 5.0 -930.1]
npts :	41
nout :	4
model :	(x,t) -> x[1]t^3 + x[2]t^2 + x[3]t + x[4]
dim :	4
cluster :	false
noise :	false
solution :	[-4.5, -13.9, -3.4, -3.1]
description :	type2: cubic model
