name :	cubic
data :	[-5.0 2450.0; -4.411764705882353 1706.32139222471; -3.823529411764706 1128.232037451659; -3.235294117647059 695.0928149806635; -2.6470588235294117 772.5292082230815; -2.0588235294117645 181.10828414410736; -1.4705882352941178 58.98473437818035; -0.8823529411764706 -0.7451658864237771; -0.29411764705882354 -18.72053734988805; 0.29411764705882354 -15.580500712395684; 0.8823529411764706 -11.96417667412986; 1.4705882352941178 -28.510685935273763; 2.0588235294117645 -85.85914919601053; 2.6470588235294117 -204.64868715652347; 3.235294117647059 -405.51842051699566; 3.823529411764706 -709.1074699776104; 4.411764705882353 -1136.0549562385509; 5.0 -1707.0]
npts :	18
nout :	1
model :	(x,t) -> x[1]t^3 + x[2]t^2 + x[3]t + x[4]
dim :	4
cluster :	false
noise :	false
solution :	[-16.9, 15.6, 6.8, -18.5]
description :	type2: cubic model
