name :	cubic
data :	[-5.0 -908.3; -4.714285714285714 -781.571720116618; -4.428571428571429 -667.0043731778426; -4.142857142857143 -564.0241982507289; -3.857142857142857 -472.0574344023324; -3.5714285714285716 -390.5303206997085; -3.2857142857142856 -318.86909620991247; -3.0 -256.5; -2.7142857142857144 -405.69854227405256; -2.4285714285714284 -157.34314868804663; -2.142857142857143 -119.4078717201166; -1.8571428571428572 -88.46967930029155; -1.5714285714285714 -63.954810495626816; -1.2857142857142858 -45.28950437317785; -1.0 -31.900000000000002; -0.7142857142857143 -23.21253644314869; -0.42857142857142855 -18.6533527696793; -0.14285714285714285 -17.64868804664723; 0.14285714285714285 -19.624781341107873; 0.42857142857142855 -24.00787172011662; 0.7142857142857143 0.0; 1.0 -75.4; 1.2857142857142858 -45.86151603498543; 1.5714285714285714 -54.13498542274053; 1.8571428571428572 -61.94664723032069; 2.142857142857143 -68.72274052478134; 2.4285714285714284 -73.88950437317784; 2.7142857142857144 -76.87317784256561; 3.0 -77.10000000000001; 3.2857142857142856 -73.99620991253646; 3.5714285714285716 -66.98804664723032; 3.857142857142857 -55.50174927113706; 4.142857142857143 -38.96355685131197; 4.428571428571429 -16.799708454810503; 4.714285714285714 11.563556851311954; 5.0 46.7]
npts :	36
nout :	3
model :	(x,t) -> x[1]t^3 + x[2]t^2 + x[3]t + x[4]
dim :	4
cluster :	false
noise :	false
solution :	[4.1, -16.5, -7.0, -18.3]
description :	type2: cubic model
