name :	cubic
data :	[-5.0 -1629.6; -4.696969696969697 -1367.0938086095111; -4.393939393939394 -1134.4448674068503; -4.090909090909091 -929.8667167543202; -3.787878787878788 -751.5728970142195; -3.484848484848485 -597.7769485488494; -3.1818181818181817 -933.3848234410217; -2.878787878787879 -356.53282689150467; -2.5757575757575757 -265.5117344241311; -2.272727272727273 -191.84267468069126; -1.9696969696969697 -133.73918802348553; -1.6666666666666667 -89.41481481481483; -1.3636363636363635 -57.08309541697971; -1.0606060606060606 -34.95757019228093; -0.7575757575757576 0.0; -0.45454545454545453 -14.179263711495116; -0.15151515151515152 -11.95356318000946; 0.15151515151515152 -12.788218270862899; 0.45454545454545453 -14.896769346356123; 0.7575757575757576 -16.492756768789825; 1.0606060606060606 -15.789720900464703; 1.3636363636363635 -11.00120210368145; 1.6666666666666667 -0.3407407407407401; 1.9696969696969697 17.978122826056698; 2.272727272727273 45.74184823441023; 2.5757575757575757 84.73689512201909; 2.878787878787879 136.74972312658267; 3.1818181818181817 203.56679188580014; 3.484848484848485 286.9745610373709; 3.787878787878788 388.7594902189944; 4.090909090909091 510.70803906836966; 4.393939393939394 654.6066672231959; 4.696969696969697 1644.4836686423464; 5.0 1015.4]
npts :	34
nout :	3
model :	(x,t) -> x[1]t^3 + x[2]t^2 + x[3]t + x[4]
dim :	4
cluster :	false
noise :	false
solution :	[10.7, -11.8, -3.0, -12.1]
description :	type2: cubic model
