name :	cubic
data :	[-5.0 -796.9; -4.838709677419355 -723.0896378100771; -4.67741935483871 -653.6408277667753; -4.516129032258065 -588.4302104662484; -4.354838709677419 -527.334426504649; -4.193548387096774 -470.23011647813087; -4.032258064516129 -416.99392098284716; -3.870967741935484 -367.5024806149508; -3.7096774193548385 0.0; -3.5483870967741935 -279.2604276459333; -3.3870967741935485 -240.26309623711862; -3.225806451612903 -204.51708234030403; -3.064516129032258 -171.89902655164312; -2.903225806451613 -142.2855694672888; -2.7419354838709675 -115.55335168339428; -2.5806451612903225 -91.57901379611289; -2.4193548387096775 -70.23919640159781; -2.2580645161290325 -51.41054009600217; -2.096774193548387 -34.96968547547916; -1.935483870967742 -20.79327313618208; -1.7741935483870968 -8.757943674264034; -1.6129032258064515 1.2596623141217265; -1.4516129032258065 9.382904232822; -1.2903225806451613 31.470282971367205; -1.1290322580645162 20.43973347655332; -0.967741935483871 23.62003960927797; -0.8064516129032258 25.399419287704344; -0.6451612903225806 25.901231915679233; -0.4838709677419355 25.248836897049447; -0.3225806451612903 23.565593635661777; -0.16129032258064516 0.0; 0.0 17.6; 0.16129032258064516 0.0; 0.3225806451612903 8.991326239468297; 0.4838709677419355 4.00423282199322; 0.6451612903225806 -1.2735524151589388; 0.8064516129032258 -6.718670068141382; 0.967741935483871 -12.207760733107314; 1.1290322580645162 -17.617465006209933; 1.2903225806451613 -22.82442348360243; 1.4516129032258065 -27.70527676143802; 1.6129032258064515 -32.136665435869894; 1.7741935483870968 -35.995230103051256; 1.935483870967742 -39.15761135913531; 2.096774193548387 -41.50044980027524; 2.2580645161290325 -42.90038602262428; 2.4193548387096775 -43.2340606223356; 2.5806451612903225 -42.37811419556243; 2.7419354838709675 -40.20918733845792; 2.903225806451613 0.0; 3.064516129032258 -31.43895471786778; 3.225806451612903 -24.590930146688613; 3.3870967741935485 -15.936487529790831; 3.5483870967741935 -5.352267463327841; 3.7096774193548385 7.285089456547304; 3.870967741935484 22.098942633681325; 4.032258064516129 39.212651471921056; 4.193548387096774 58.74957537511333; 4.354838709677419 80.8330737471048; 4.516129032258065 0.0; 4.67741935483871 133.1332315128731; 4.838709677419355 163.59660971434334; 5.0 197.1]
npts :	63
nout :	6
model :	(x,t) -> x[1]t^3 + x[2]t^2 + x[3]t + x[4]
dim :	4
cluster :	false
noise :	false
solution :	[4.9, -12.7, -23.1, 17.6]
description :	type2: cubic model
