name :	cubic
data :	[-5.0 -2301.2; -4.545454545454546 -1698.9118707738548; -4.090909090909091 -1210.2338091660406; -3.6363636363636362 -823.4453042824942; -3.1818181818181817 -526.825845229151; -2.727272727272727 -308.65492111194584; -2.272727272727273 -157.21202103681446; -1.8181818181818181 -60.776634109691955; -1.3636363636363635 -7.62824943651389; -0.9090909090909091 13.953643876784373; -0.45454545454545453 15.689556724267469; 0.0 0.0; 0.45454545454545453 6.505484598046582; 0.9090909090909091 19.026521412471823; 1.3636363636363635 58.58362133734033; 1.8181818181818181 136.89729526671672; 2.272727272727273 265.68805409466574; 2.727272727272727 456.6764087152516; 3.1818181818181817 721.5828700225394; 3.6363636363636362 1072.1279489105934; 4.090909090909091 1520.0321562734787; 4.545454545454546 4154.03200601052; 5.0 2754.8]
npts :	23
nout :	2
model :	(x,t) -> x[1]t^3 + x[2]t^2 + x[3]t + x[4]
dim :	4
cluster :	false
noise :	false
solution :	[20.8, 8.7, -14.4, 9.3]
description :	type2: cubic model
