name :	cubic
data :	[-5.0 -2395.2; -4.787234042553192 -2093.154759542683; -4.574468085106383 -1817.5678183061557; -4.361702127659575 -1567.2197933020623; -4.148936170212766 -1340.8913015420471; -3.9361702127659575 -1137.362960037757; -3.723404255319149 -955.415385800834; -3.5106382978723403 -793.829195842925; -3.297872340425532 -651.3850071756741; -3.0851063829787235 -526.8634368107261; -2.872340425531915 -419.04510175972575; -2.6595744680851063 -326.7106190343181; -2.4468085106382977 -248.64060564614772; -2.234042553191489 -183.6156786068597; -2.021276595744681 0.0; -1.8085106382978724 -87.82355162150971; -1.5957446808510638 -54.61758569873729; -1.3829787234042554 -29.57917417142637; -1.1702127659574468 -11.48893405122179; -0.9574468085106383 0.8725176502316465; -0.7446808510638298 0.0; -0.5319148936170213 13.28658775030581; -0.3191489361702128 15.777972125636902; -0.10638297872340426 17.418100035637575; 0.10638297872340426 19.426354468663014; 0.3191489361702128 23.022118413068398; 0.5319148936170213 0.0; 0.7446808510638298 39.85370678943972; 0.9574468085106383 55.52829719811602; 1.1702127659574468 77.667929071593; 1.3829787234042554 107.49198539822584; 1.5957446808510638 146.2198491663697; 1.8085106382978724 195.0709033643798; 2.021276595744681 255.2645309806113; 2.234042553191489 328.0201150034192; 2.4468085106382977 414.55703842115906; 2.6595744680851063 516.0946842221858; 2.872340425531915 633.8524353948549; 3.0851063829787235 0.0; 3.297872340425532 922.9057858085397; 3.5106382978723403 0.0; 3.723404255319149 1291.4721535690549; 3.9361702127659575 1508.6211764252623; 4.148936170212766 1749.3066025832422; 4.361702127659575 2014.7478150313516; 4.574468085106383 2306.164196757944; 4.787234042553192 2624.775130751376; 5.0 2971.8]
npts :	48
nout :	5
model :	(x,t) -> x[1]t^3 + x[2]t^2 + x[3]t + x[4]
dim :	4
cluster :	false
noise :	false
solution :	[21.1, 10.8, 9.2, 18.3]
description :	type2: cubic model
