name :	cubic
data :	[-5.0 403.5; -4.824561403508772 776.8107703854897; -4.649122807017544 372.7480061341411; -4.473684210526316 356.5991398162997; -4.298245614035087 340.0300632313316; -4.12280701754386 323.11205337134766; -3.9473684210526314 305.9163872284589; -3.7719298245614037 288.5143417947762; -3.5964912280701755 270.97719406241055; -3.4210526315789473 253.3762210234728; -3.245614035087719 235.78269967007387; -3.0701754385964914 218.26790699432485; -2.8947368421052633 200.9031199883365; -2.719298245614035 183.7596156442198; -2.543859649122807 166.90867095408572; -2.3684210526315788 150.42156291004517; -2.192982456140351 134.36956850420913; -2.017543859649123 118.82396472868845; -1.8421052631578947 103.85602857559411; -1.6666666666666667 89.53703703703704; -1.4912280701754386 75.93826710512816; -1.3157894736842106 63.13099577197843; -1.1403508771929824 102.3730000593975; -0.9649122807017544 40.17605687040007; -0.7894736842105263 30.17094328619332; -0.6140350877192983 21.24243626918944; -0.43859649122807015 13.461812811499353; -0.2631578947368421 6.900349905233998; -0.08771929824561403 1.629324542504306; 0.08771929824561403 -2.279986284578791; 0.2631578947368421 -4.756305583904359; 0.43859649122807015 -5.728356363361466; 0.6140350877192983 -5.1248616308391775; 0.7894736842105263 -2.8745443942265627; 0.9649122807017544 1.0938723385873104; 1.1403508771929824 6.851665559713378; 1.3157894736842106 14.470112261262578; 1.4912280701754386 24.020489435345823; 1.6666666666666667 35.574074074074076; 1.8421052631578947 49.20214316955824; 2.017543859649123 64.97597371390927; 2.192982456140351 82.9668426992381; 2.3684210526315788 0.0; 2.543859649122807 251.76960792254556; 2.719298245614035 150.95445022220062; 2.8947368421052633 0.0; 3.0701754385964914 208.67145896443174; 3.245614035087719 241.46137542995686; 3.4210526315789473 276.9672692812363; 3.5964912280701755 315.26041751038105; 3.7719298245614037 356.41209710950204; 3.9473684210526314 400.49358507070997; 4.12280701754386 447.57615838611605; 4.298245614035087 497.731094047831; 4.473684210526316 551.0296690479661; 4.649122807017544 607.5431603786319; 4.824561403508772 1334.6856900638797; 5.0 730.5]
npts :	58
nout :	6
model :	(x,t) -> x[1]t^3 + x[2]t^2 + x[3]t + x[4]
dim :	4
cluster :	false
noise :	false
solution :	[2.2, 22.7, -22.3, -0.5]
description :	type2: cubic model
