name :	cubic
data :	[-5.0 0.0; -4.818181818181818 -2153.4164537941397; -4.636363636363637 -1910.1655146506391; -4.454545454545454 -1686.3285499624337; -4.2727272727272725 -1481.0869271224642; -4.090909090909091 -1293.6220135236667; -3.909090909090909 -1123.1151765589782; -3.727272727272727 -968.7477836213371; -3.5454545454545454 -829.7012021036813; -3.3636363636363638 -705.1567993989481; -3.1818181818181817 0.0; -3.0 -496.29999999999995; -2.8181818181818183 -410.35033809166043; -2.6363636363636362 -335.6283245679939; -2.4545454545454546 -271.31532682193836; -2.272727272727273 -216.59271224643132; -2.090909090909091 -170.6418482344102; -1.9090909090909092 -132.64410217881291; -1.7272727272727273 -101.78084147257701; -1.5454545454545454 -77.23343350864012; -1.3636363636363635 -58.18324567993989; -1.1818181818181819 -87.62329075882796; -1.0 -33.3; -0.8181818181818182 -25.829676934635614; -0.6363636363636364 -20.58204357625845; -0.45454545454545453 -16.738467317806162; -0.2727272727272727 -26.960631104432757; -0.09090909090909091 -9.988955672426748; 0.09090909090909091 -5.445755071374906; 0.2727272727272727 0.9679188580015019; 0.45454545454545453 10.070698722764837; 0.6363636363636364 22.681217129977462; 0.8181818181818182 39.618106686701736; 1.0 61.699999999999996; 1.1818181818181819 89.74552967693465; 1.3636363636363635 124.57332832456797; 1.5454545454545454 167.00202854996243; 1.7272727272727273 217.85026296018032; 1.9090909090909092 277.93666416228405; 2.090909090909091 0.0; 2.272727272727273 429.0984973703983; 2.4545454545454546 521.8111945905335; 2.6363636363636362 627.0365890308038; 2.8181818181818183 745.593313298272; 3.0 878.3; 3.1818181818181817 1025.9752817430503; 3.3636363636363638 1189.4377911344855; 3.5454545454545454 1369.5061607813673; 3.727272727272727 3133.998046581517; 3.909090909090909 1782.735011269722; 4.090909090909091 2017.5327573253194; 4.2727272727272725 2272.2108940646126; 4.454545454545454 2547.5880540946646; 4.636363636363637 2844.48287002254; 4.818181818181818 3163.713974455297; 5.0 3506.1]
npts :	56
nout :	6
model :	(x,t) -> x[1]t^3 + x[2]t^2 + x[3]t + x[4]
dim :	4
cluster :	false
noise :	false
solution :	[22.7, 22.1, 24.8, -7.9]
description :	type2: cubic model
