name :	cubic
data :	[-5.0 -2925.7; -4.411764705882353 -2054.352757989009; -3.823529411764706 -1377.0051088947694; -3.235294117647059 -869.1099328312641; -2.6470588235294117 -506.1201099124771; -2.0588235294117645 -526.9770405047831; -1.4705882352941178 -116.66804396499087; -0.8823529411764706 -41.11156116425809; -0.29411764705882354 -12.271951964176676; 0.29411764705882354 -5.602096478729901; 0.8823529411764706 3.4451251780989205; 1.4705882352941178 39.41683289232649; 2.0588235294117645 126.86014654996943; 2.6470588235294117 290.3221860370446; 3.235294117647059 554.3500712395685; 3.823529411764706 943.490922043558; 4.411764705882353 1482.2918583350297; 5.0 2195.3]
npts :	18
nout :	1
model :	(x,t) -> x[1]t^3 + x[2]t^2 + x[3]t + x[4]
dim :	4
cluster :	false
noise :	false
solution :	[20.1, -14.3, 9.6, -7.7]
description :	type2: cubic model
