name :	cubic
data :	[-5.0 -1270.8; -4.787234042553192 -2270.2824114117298; -4.574468085106383 -1009.094154474442; -4.361702127659575 -892.3294395268872; -4.148936170212766 -784.517654084355; -3.9361702127659575 -685.3293913680013; -3.723404255319149 -594.4352445989808; -3.5106382978723403 -511.5058069984492; -3.297872340425532 -436.21167178756156; -3.0851063829787235 -368.2234321874729; -2.872340425531915 -614.4233628386775; -2.6595744680851063 -252.84701270431407; -2.4468085106382977 -204.8000192635543; -2.234042553191489 -162.74129431821464; -2.021276595744681 -126.34143108945034; -1.8085106382978724 -95.27102279841654; -1.5957446808510638 -69.20066266626854; -1.3829787234042554 -47.80094391416161; -1.1702127659574468 -30.742459763250917; -0.9574468085106383 -17.69580343469174; -0.7446808510638298 -8.331568149639288; -0.5319148936170213 -2.320347129248817; -0.3191489361702128 0.6672664053244459; -0.10638297872340426 0.9606792329252671; 0.10638297872340426 -1.1107018676015912; 0.3191489361702128 -5.217470117411364; 0.5319148936170213 -11.030218737659286; 0.7446808510638298 -18.219540949500594; 0.9574468085106383 -26.456029974090526; 1.1702127659574468 -35.4102790325843; 1.3829787234042554 -44.75288134613719; 1.5957446808510638 -54.15443013590438; 1.8085106382978724 -63.28551862304114; 2.021276595744681 0.0; 2.234042553191489 -79.41868757404427; 2.4468085106382977 -171.52390896044227; 2.6595744680851063 -90.51713396838849; 2.872340425531915 -93.3548192597016; 3.0851063829787235 0.0; 3.297872340425532 -91.96008013638597; 3.5106382978723403 -87.0688421640677; 3.723404255319149 -78.94248287951608; 3.9361702127659575 -67.25159550388638; 4.148936170212766 -51.66677325833391; 4.361702127659575 -31.858609364013706; 4.574468085106383 -7.497697042081302; 4.787234042553192 21.745370486308506; 5.0 56.2]
npts :	48
nout :	5
model :	(x,t) -> x[1]t^3 + x[2]t^2 + x[3]t + x[4]
dim :	4
cluster :	false
noise :	false
solution :	[5.7, -24.3, -9.8, 0.2]
description :	type2: cubic model
