name :	cubic
data :	[-5.0 -1945.0; -4.821428571428571 -3454.6209001457714; -4.642857142857143 -3052.8141399416913; -4.464285714285714 -1341.627049927114; -4.285714285714286 -1172.3075801749267; -4.107142857142857 -1017.7858509475218; -3.9285714285714284 -877.3990524781337; -3.75 -750.4843749999999; -3.5714285714285716 -636.3790087463558; -3.392857142857143 -534.4201439504373; -3.2142857142857144 -443.9449708454811; -3.0357142857142856 -364.290679664723; -2.857142857142857 0.0; -2.6785714285714284 -234.7935040087463; -2.5 -183.625; -2.3214285714285716 -140.62613884839652; -2.142857142857143 -105.13411078717198; -1.9642857142857142 -76.48610604956264; -1.7857142857142858 -54.019314868804685; -1.6071428571428572 -37.070927478134124; -1.4285714285714286 -24.978134110787174; -1.25 0.0; -1.0714285714285714 -12.708090379008745; -0.8928571428571429 -11.205220481049565; -0.7142857142857143 -11.906705539358601; -0.5357142857142857 0.0; -0.35714285714285715 -17.271501457725947; -0.17857142857142858 -20.60919278425656; 0.0 -23.5; 0.17857142857142858 -25.28111333819242; 0.35714285714285715 -25.289723032069972; 0.5357142857142857 -22.863019314868808; 0.7142857142857143 -17.338192419825074; 0.8928571428571429 -8.052432580174926; 1.0714285714285714 5.657069970845473; 1.25 24.453125; 1.4285714285714286 48.99854227405247; 1.6071428571428572 79.95613155976677; 1.7857142857142858 117.9887026239067; 1.9642857142857142 163.75906523323613; 2.142857142857143 217.93002915451885; 2.3214285714285716 281.164404154519; 2.5 354.125; 2.6785714285714284 437.47462645772583; 2.857142857142857 531.8760932944606; 3.0357142857142856 637.9922102769679; 3.2142857142857144 756.4857871720117; 3.392857142857143 888.0196337463555; 3.5714285714285716 1033.256559766764; 3.75 1192.8593749999998; 3.9285714285714284 1367.4908892128276; 4.107142857142857 1557.8139121720114; 4.285714285714286 1764.4912536443142; 4.464285714285714 1988.1857233965015; 4.642857142857143 2229.560131195336; 4.821428571428571 2489.2772868075795; 5.0 0.0]
npts :	57
nout :	6
model :	(x,t) -> x[1]t^3 + x[2]t^2 + x[3]t + x[4]
dim :	4
cluster :	false
noise :	false
solution :	[19.4, 17.4, -13.7, -23.5]
description :	type2: cubic model
