name :	cubic
data :	[-5.0 153.7; -4.565217391304348 145.58559217555683; -4.130434782608695 134.78851812279112; -3.6956521739130435 243.60383003205393; -3.260869565217391 107.11892002958821; -2.8260869565217392 182.46534067559796; -2.391304347826087 74.63630311498315; -1.9565217391304348 57.822955535464786; -1.5217391304347827 41.285764773567855; -1.0869565217391304 25.517868003616332; -0.6521739130434783 11.012402399934249; -0.21739130434782608 -1.737494863154435; 0.21739130434782608 -12.238686611325717; 0.6521739130434783 -19.99803567025561; 1.0869565217391304 -24.522404865620118; 1.5217391304347827 -25.31865702309526; 1.9565217391304348 -21.893654968357037; 2.391304347826087 -13.754261527081457; 2.8260869565217392 -0.4073395249445211; 3.260869565217391 18.640248212377738; 3.6956521739130435 43.88163885920933; 4.130434782608695 75.80996958987421; 4.565217391304348 114.91837757869646; 5.0 161.7]
npts :	24
nout :	2
model :	(x,t) -> x[1]t^3 + x[2]t^2 + x[3]t + x[4]
dim :	4
cluster :	false
noise :	false
solution :	[1.0, 6.6, -24.2, -7.3]
description :	type2: cubic model
