name :	cubic
data :	[-5.0 119.5; -4.6875 110.4827880859375; -4.375 100.6904296875; -4.0625 90.3243408203125; -3.75 79.5859375; -3.4375 68.6766357421875; -3.125 57.7978515625; -2.8125 47.1510009765625; -2.5 36.9375; -2.1875 27.3587646484375; -1.875 18.6162109375; -1.5625 10.9112548828125; -1.25 4.4453125; -0.9375 -1.160400390625; -0.625 -3.9638671875; -0.3125 -5.5042724609375; 0.0 -5.0; 0.3125 -2.2496337890625; 0.625 0.0; 0.9375 10.7950439453125; 1.25 21.4921875; 1.5625 35.2410888671875; 1.875 52.2431640625; 2.1875 72.6998291015625; 2.5 96.8125; 2.8125 124.7825927734375; 3.125 156.8115234375; 3.4375 0.0; 3.75 233.8515625; 4.0625 279.2655029296875; 4.375 329.5439453125; 4.6875 384.8883056640625; 5.0 445.5]
npts :	33
nout :	3
model :	(x,t) -> x[1]t^3 + x[2]t^2 + x[3]t + x[4]
dim :	4
cluster :	false
noise :	false
solution :	[1.1, 11.5, 5.1, -5.0]
description :	type2: cubic model
