name :	cubic
data :	[-5.0 -4492.4; -4.824561403508772 -1992.2910995555992; -4.649122807017544 -3515.4950197901644; -4.473684210526316 -1541.8175827380082; -4.298245614035087 -1343.7496698039336; -4.12280701754386 -1162.7921228124173; -3.9473684210526314 -998.1932934830148; -3.7719298245614037 -849.2015335352849; -3.5964912280701755 -715.065194688784; -3.4210526315789473 -595.0326286630703; -3.245614035087719 -488.35218717770107; -3.0701754385964914 -394.2722219522337; -2.8947368421052633 -312.0410847062254; -2.719298245614035 0.0; -2.543859649122807 -180.11870103081642; -2.3684210526315788 -128.92415804053064; -2.192982456140351 -86.57184990793392; -2.017543859649123 -52.31012835258349; -1.8421052631578947 -25.387345094037006; -1.6666666666666667 -5.051851851851869; -1.4912280701754386 9.447999654414591; -1.3157894736842106 18.863857705204843; -1.1403508771929824 23.947370580961486; -0.9649122807017544 25.450186562127076; -0.7894736842105263 48.247907858288386; -0.6140350877192983 20.720320962455386; -0.43859649122807015 15.990935942503228; -0.2631578947368421 10.687447149730282; -0.08771929824561403 5.561502864579115; 0.08771929824561403 1.3647513674922915; 0.2631578947368421 -1.1511590610876228; 0.43859649122807015 -1.234580140718064; 0.6140350877192983 1.8661364090435368; 0.7894736842105263 8.902638868639745; 0.9649122807017544 20.626575518513118; 1.1403508771929824 37.78959463910623; 1.3157894736842106 61.14334451086164; 1.4912280701754386 91.43947341422191; 1.6666666666666667 129.42962962962966; 1.8421052631578947 175.8654614375273; 2.017543859649123 231.4986171183576; 2.192982456140351 297.08074495256307; 2.3684210526315788 373.36349322058607; 2.543859649122807 461.0985102028693; 2.719298245614035 561.0374441798556; 2.8947368421052633 673.9319434319872; 3.0701754385964914 800.5336562397068; 3.245614035087719 1883.1884617669134; 3.4210526315789473 1097.8653156436794; 3.5964912280701755 1270.0985588008184; 3.7719298245614037 1459.0456086353156; 3.9473684210526314 1665.4581134276134; 4.12280701754386 1890.0877214581542; 4.298245614035087 4267.372162014762; 4.473684210526316 2397.0048403557366; 4.649122807017544 2680.7956477836638; 4.824561403508772 2985.810151571604; 5.0 3312.8]
npts :	58
nout :	6
model :	(x,t) -> x[1]t^3 + x[2]t^2 + x[3]t + x[4]
dim :	4
cluster :	false
noise :	false
solution :	[23.2, 21.2, -24.1, 3.3]
description :	type2: cubic model
