name :	cubic
data :	[-5.0 -678.4; -4.545454545454546 -535.771525169046; -4.090909090909091 -413.9093914350113; -3.6363636363636362 -311.3485349361382; -3.1818181818181817 -226.62389181066865; -2.727272727272727 -158.27039819684447; -2.272727272727273 -104.82299023290763; -1.8181818181818181 -64.81660405709992; -1.3636363636363635 -36.786175807663405; -0.9090909090909091 -19.26664162283997; -0.45454545454545453 -10.792937640871525; 0.0 -9.9; 0.45454545454545453 -15.122764838467319; 0.9090909090909091 0.0; 1.3636363636363635 -38.05514650638617; 1.8181818181818181 -52.83463561232156; 2.272727272727273 -67.86957175056351; 2.727272727272727 -81.69489105935386; 3.1818181818181817 -92.84552967693463; 3.6363636363636362 -199.71284748309546; 4.090909090909091 -101.26250939143503; 4.545454545454546 -95.5987227648385; 5.0 -81.4]
npts :	23
nout :	2
model :	(x,t) -> x[1]t^3 + x[2]t^2 + x[3]t + x[4]
dim :	4
cluster :	false
noise :	false
solution :	[2.6, -14.8, -5.3, -9.9]
description :	type2: cubic model
