name :	cubic
data :	[-5.0 -1267.9; -4.090909090909091 -735.9668670172803; -3.1818181818181817 -385.47625845229146; -2.272727272727273 -177.2095416979715; -1.3636363636363635 -71.9480841472577; -0.45454545454545453 -30.473253193087903; 0.45454545454545453 -13.566416228399698; 1.3636363636363635 17.991059353869268; 2.272727272727273 103.4178061607814; 3.1818181818181817 0.0; 4.090909090909091 592.7536438767845; 5.0 1075.1]
npts :	12
nout :	1
model :	(x,t) -> x[1]t^3 + x[2]t^2 + x[3]t + x[4]
dim :	4
cluster :	false
noise :	false
solution :	[8.7, -3.0, 16.8, -21.4]
description :	type2: cubic model
