name :	cubic
data :	[-5.0 -1790.1; -4.777777777777778 -1581.8141289437583; -4.555555555555555 -1390.1043895747598; -4.333333333333333 -1214.2925925925922; -4.111111111111111 -1053.7005486968444; -3.888888888888889 -1815.3001371742112; -3.6666666666666665 -775.4629629629629; -3.4444444444444446 -656.4610425240057; -3.2222222222222223 -549.9661179698218; -3.0 -910.6; -2.7777777777777777 -371.78449931412894; -2.5555555555555554 -298.741426611797; -2.3333333333333335 -235.49259259259267; -2.111111111111111 -181.35980795610425; -1.8888888888888888 -135.66488340192043; -1.6666666666666667 -97.72962962962963; -1.4444444444444444 -66.8758573388203; -1.2222222222222223 -42.42537722908094; -1.0 -23.700000000000003; -0.7777777777777778 -10.021536351165983; -0.5555555555555556 -0.7117969821673515; -0.3333333333333333 4.907407407407408; -0.1111111111111111 7.514266117969822; 0.1111111111111111 7.786968449931413; 0.3333333333333333 6.403703703703704; 0.5555555555555556 0.0; 0.7777777777777778 1.3820301783264757; 1.0 -0.8999999999999986; 1.2222222222222223 0.0; 1.4444444444444444 -1.6155006858710497; 1.6666666666666667 1.3074074074074176; 1.8888888888888888 7.321673525377225; 2.111111111111111 17.10548696844993; 2.3333333333333335 31.337037037037064; 2.5555555555555554 50.69451303155009; 2.7777777777777777 75.85610425240058; 3.0 107.50000000000004; 3.2222222222222223 146.30438957475997; 3.4444444444444446 192.94746227709203; 3.6666666666666665 248.10740740740744; 3.888888888888889 312.46241426611795; 4.111111111111111 386.6906721536349; 4.333333333333333 471.47037037037035; 4.555555555555555 567.4796982167352; 4.777777777777778 1350.793689986283; 5.0 795.9]
npts :	46
nout :	5
model :	(x,t) -> x[1]t^3 + x[2]t^2 + x[3]t + x[4]
dim :	4
cluster :	false
noise :	false
solution :	[10.3, -20.2, 1.1, 7.9]
description :	type2: cubic model
