name :	cubic
data :	[-5.0 0.0; -4.8 1069.3328000000001; -4.6 954.1783999999998; -4.4 846.9776000000003; -4.2 747.4712000000002; -4.0 655.4000000000001; -3.8 570.5048; -3.6 492.5264; -3.4 421.2055999999999; -3.2 356.2832; -3.0 297.49999999999994; -2.8 244.59679999999992; -2.6 0.0; -2.4 155.3936; -2.2 118.57520000000001; -2.0 86.60000000000001; -1.8 59.20880000000001; -1.6 36.14240000000001; -1.4 17.141599999999993; -1.2 1.9471999999999987; -1.0 -9.700000000000003; -0.8 -18.0592; -0.6 -23.3896; -0.4 -25.950400000000002; -0.2 -26.0008; 0.0 -47.6; 0.2 -19.6072; 0.4 -13.6816; 0.6 -6.282400000000003; 0.8 2.331199999999999; 1.0 11.900000000000002; 1.2 22.16479999999999; 1.4 32.866399999999985; 1.6 43.74560000000001; 1.8 54.5432; 2.0 64.99999999999999; 2.2 74.85679999999998; 2.4 83.85439999999997; 2.6 91.73359999999998; 2.8 0.0; 3.0 103.09999999999998; 3.2 106.06879999999997; 3.4 106.88239999999998; 3.6 210.5631999999999; 3.8 101.00720000000003; 4.0 93.79999999999995; 4.2 83.40079999999995; 4.4 69.55039999999984; 4.6 51.98960000000008; 4.8 30.45919999999985; 5.0 4.699999999999999]
npts :	51
nout :	5
model :	(x,t) -> x[1]t^3 + x[2]t^2 + x[3]t + x[4]
dim :	4
cluster :	false
noise :	false
solution :	[-5.4, 24.9, 16.2, -23.8]
description :	type2: cubic model
