name :	cubic
data :	[-5.0 -1162.3; -4.84375 -1047.5232666015625; -4.6875 -940.5724609375; -4.53125 -841.1729248046875; -4.375 -749.05; -4.21875 -663.9290283203125; -4.0625 -585.5353515625; -3.90625 -513.5943115234375; -3.75 -447.83125; -3.59375 -387.9715087890625; -3.4375 -333.7404296875; -3.28125 -284.8633544921875; -3.125 -241.065625; -2.96875 -202.0725830078125; -2.8125 -167.6095703125; -2.65625 -137.4019287109375; -2.5 -111.175; -2.34375 0.0; -2.1875 -69.5646484375; -2.03125 -53.6319091796875; -1.875 0.0; -1.71875 -30.1380126953125; -1.5625 -22.0275390625; -1.40625 -15.9751708984375; -1.25 -11.70625; -1.09375 -8.9461181640625; -0.9375 -7.420117187500001; -0.78125 -6.853588867187501; -0.625 -6.971875000000001; -0.46875 -7.500317382812501; -0.3125 -8.1642578125; -0.15625 0.0; 0.0 -8.8; 0.15625 -8.2224853515625; 0.3125 -6.681835937500001; 0.46875 -7.806787109375001; 0.625 0.0; 0.78125 6.465502929687499; 0.9375 14.6052734375; 1.09375 25.0814697265625; 1.25 38.16875; 1.40625 54.1417724609375; 1.5625 73.2751953125; 1.71875 95.8436767578125; 1.875 122.121875; 2.03125 152.3844482421875; 2.1875 186.9060546875; 2.34375 225.9613525390625; 2.5 269.825; 2.65625 318.7716552734375; 2.8125 373.0759765625; 2.96875 866.025244140625; 3.125 498.85625; 3.28125 0.0; 3.4375 649.3630859375; 3.59375 734.5756103515625; 3.75 826.79375; 3.90625 926.2921630859375; 4.0625 1033.3455078125; 4.21875 1148.2284423828125; 4.375 1271.215625; 4.53125 1402.5817138671875; 4.6875 1542.6013671875; 4.84375 1691.5492431640625; 5.0 1849.7]
npts :	65
nout :	7
model :	(x,t) -> x[1]t^3 + x[2]t^2 + x[3]t + x[4]
dim :	4
cluster :	false
noise :	false
solution :	[12.0, 14.1, 1.2, -8.8]
description :	type2: cubic model
