name :	cubic
data :	[-5.0 2055.6; -4.166666666666667 1174.7087962962964; -3.3333333333333335 590.6925925925927; -2.5 242.7875; -1.6666666666666667 70.22962962962964; -0.8333333333333334 12.255092592592593; 0.0 8.1; 0.8333333333333334 -2.99953703703704; 1.6666666666666667 -81.80740740740742; 2.5 -289.0875; 3.3333333333333335 -685.6037037037038; 4.166666666666667 0.0; 5.0 -2289.4]
npts :	13
nout :	1
model :	(x,t) -> x[1]t^3 + x[2]t^2 + x[3]t + x[4]
dim :	4
cluster :	false
noise :	false
solution :	[-17.5, -5.0, 3.0, 8.1]
description :	type2: cubic model
