name :	cubic
data :	[-5.0 -1573.4; -4.743589743589744 -659.1655506667339; -4.487179487179487 0.0; -4.230769230769231 -447.7905780609922; -3.9743589743589745 -362.0889310339014; -3.717948717948718 -288.47042768758746; -3.4615384615384617 -226.00450614474275; -3.2051282051282053 -173.76060452806018; -2.948717948717949 -130.80816096023196; -2.6923076923076925 -192.43322712790163; -2.4358974358974357 -69.05540046190931; -2.1794871794871793 -48.39395977679998; -1.9230769230769231 -33.301729631315425; -1.6666666666666667 -22.848148148148145; -1.4102564102564104 -16.102653449990726; -1.1538461538461537 -12.134683659535728; -0.8974358974358975 -10.013676899475715; -0.6410256410256411 -8.809071292503244; -0.38461538461538464 -7.590304961310878; -0.1282051282051282 -5.426816028591176; 0.1282051282051282 -1.3880426170367004; 0.38461538461538464 10.913154301319983; 0.6410256410256411 16.037605151806336; 0.8974358974358975 31.285603263709778; 1.1538461538461537 52.13113336367772; 1.4102564102564104 79.50475732901769; 1.6666666666666667 114.33703703703704; 1.9230769230769231 157.55853436504327; 2.1794871794871793 210.0998111903437; 2.4358974358974357 272.89142939024595; 2.6923076923076925 346.86395084205736; 2.948717948717949 432.9479374230854; 3.2051282051282053 532.0739510106375; 3.4615384615384617 645.1725534820209; 3.717948717948718 773.1743067145434; 3.9743589743589745 917.0097725855123; 4.230769230769231 1077.6095129722348; 4.487179487179487 1255.9040897520188; 4.743589743589744 1452.824064802171; 5.0 1669.3]
npts :	40
nout :	4
model :	(x,t) -> x[1]t^3 + x[2]t^2 + x[3]t + x[4]
dim :	4
cluster :	false
noise :	false
solution :	[9.2, 17.8, 15.6, -3.7]
description :	type2: cubic model
