name :	cubic
data :	[-5.0 1796.7; -4.8076923076923075 1601.1998862084658; -4.615384615384615 1420.1103322712786; -4.423076923076923 1252.8936731907147; -4.230769230769231 1099.0122439690488; -4.038461538461538 1915.8567592171141; -3.8461538461538463 829.1044151115157; -3.6538461538461537 712.0026854802002; -3.4615384615384617 606.0855257168868; -3.269230769230769 510.8152708238506; -3.076923076923077 425.65425580336824; -2.8846153846153846 700.12963131543; -2.6923076923076925 283.509285389167; -2.5 225.45; -2.3076923076923075 175.34929449248966; -2.1153846153846154 132.66950386891213; -1.9230769230769231 96.87296313154302; -1.7307692307692308 67.42200728265819; -1.5384615384615385 43.77897132453347; -1.3461538461538463 25.4061902594447; -1.1538461538461537 11.765999089667716; -0.9615384615384616 0.0; -0.7692307692307693 -3.4672735548475186; -0.5769230769230769 -6.13568502503414; -0.38461538461538464 -6.222166590805643; -0.19230769230769232 -4.264383249886208; 0.0 -0.8; 0.19230769230769232 3.6333181611288117; 0.38461538461538464 8.497906235776057; 0.5769230769230769 13.256099226217568; 0.7692307692307693 17.370232134729175; 0.9615384615384616 0.0; 1.1538461538461537 21.515657715066; 1.3461538461538463 20.471620391442876; 1.5384615384615385 16.632862994993165; 1.7307692307692308 9.461720527992714; 1.9230769230769231 -1.5794720072826494; 2.1153846153846154 -17.02837960855712; 2.3076923076923075 -37.422667273554815; 2.5 -63.3; 2.6923076923076925 -95.19804278561675; 2.8846153846153846 -133.65446062812927; 3.076923076923077 -179.20691852526178; 3.269230769230769 -232.3930814747382; 3.4615384615384617 -293.75061447428317; 3.6538461538461537 -363.81718252162034; 3.8461538461538463 -443.1304506144743; 4.038461538461538 -1064.4561675011378; 4.230769230769231 -631.6477469276285; 4.423076923076923 -741.9271051433775; 4.615384615384615 -863.6038233955389; 4.8076923076923075 -997.2155666818388; 5.0 -1143.3]
npts :	53
nout :	5
model :	(x,t) -> x[1]t^3 + x[2]t^2 + x[3]t + x[4]
dim :	4
cluster :	false
noise :	false
solution :	[-12.6, 13.1, 21.0, -0.8]
description :	type2: cubic model
