name :	cubic
data :	[-5.0 -2433.9; -4.714285714285714 -2046.1629737609333; -4.428571428571429 -3405.77084548105; -4.142857142857143 -1401.3104956268223; -3.857142857142857 -1138.6813411078717; -3.5714285714285716 -912.2411078717203; -3.2857142857142856 -719.2329446064138; -3.0 -556.9; -2.7142857142857144 -422.4854227405248; -2.4285714285714284 -313.23236151603487; -2.142857142857143 -226.38396501457726; -1.8571428571428572 -159.18338192419827; -1.5714285714285714 -108.8737609329446; -1.2857142857142858 -72.69825072886299; -1.0 -47.9; -0.7142857142857143 -31.722157434402334; -0.42857142857142855 -21.407871720116617; -0.14285714285714285 -14.200291545189504; 0.14285714285714285 -7.3425655976676385; 0.42857142857142855 1.9221574344023313; 0.7142857142857143 16.35072886297376; 1.0 0.0; 1.2857142857142858 71.72682215743441; 1.5714285714285714 118.1880466472303; 1.8571428571428572 180.8405247813411; 2.142857142857143 262.4411078717201; 2.4285714285714284 365.7466472303206; 2.7142857142857144 493.5139941690963; 3.0 648.5000000000001; 3.2857142857142856 833.4615160349853; 3.5714285714285716 2102.3107871720117; 3.857142857142857 1304.3384839650146; 4.142857142857143 1595.767638483965; 4.428571428571429 1928.1997084548107; 4.714285714285714 2304.391545189504; 5.0 2727.1]
npts :	36
nout :	3
model :	(x,t) -> x[1]t^3 + x[2]t^2 + x[3]t + x[4]
dim :	4
cluster :	false
noise :	false
solution :	[19.7, 6.3, 23.6, -10.9]
description :	type2: cubic model
