name :	cubic
data :	[-5.0 -1901.2; -4.642857142857143 -1525.1283892128286; -4.285714285714286 -1202.4842565597667; -3.9285714285714284 -929.195080174927; -3.5714285714285716 -701.1883381924199; -3.2142857142857144 0.0; -2.857142857142857 -364.7320699708455; -2.5 -248.1375; -2.142857142857143 -160.53527696793; -1.7857142857142858 -97.85287900874637; -1.4285714285714286 -56.017784256559764; -1.0714285714285714 -30.957470845481044; -0.7142857142857143 -18.59941690962099; -0.35714285714285715 -14.871100583090378; 0.0 -15.7; 0.35714285714285715 -17.01359329446064; 0.7142857142857143 -14.73935860058309; 1.0714285714285714 -4.804774052478134; 1.4285714285714286 16.862682215743444; 1.7857142857142858 54.33553206997085; 2.142857142857143 111.68629737609326; 2.5 192.9875; 2.857142857142857 604.6233236151604; 3.2142857142857144 443.7313046647231; 3.5714285714285716 621.3189504373179; 3.9285714285714284 839.1471209912535; 4.285714285714286 1101.2883381924196; 4.642857142857143 2823.630247813412; 5.0 1774.8]
npts :	29
nout :	3
model :	(x,t) -> x[1]t^3 + x[2]t^2 + x[3]t + x[4]
dim :	4
cluster :	false
noise :	false
solution :	[14.9, -1.9, -4.9, -15.7]
description :	type2: cubic model
