name :	cubic
data :	[-5.0 2202.1; -4.833333333333333 2008.7833333333326; -4.666666666666667 3654.000000000001; -4.5 0.0; -4.333333333333333 1496.633333333333; -4.166666666666667 2694.7000000000003; -4.0 1208.1999999999998; -3.8333333333333335 1078.8333333333333; -3.6666666666666665 958.8999999999999; -3.5 848.0500000000001; -3.3333333333333335 745.9333333333335; -3.1666666666666665 652.1999999999999; -3.0 566.5; -2.8333333333333335 488.48333333333335; -2.6666666666666665 417.79999999999995; -2.5 354.1; -2.3333333333333335 297.0333333333335; -2.1666666666666665 246.24999999999994; -2.0 201.39999999999998; -1.8333333333333333 162.1333333333333; -1.6666666666666667 128.1; -1.5 98.94999999999999; -1.3333333333333333 74.33333333333331; -1.1666666666666667 53.90000000000001; -1.0 37.300000000000004; -0.8333333333333334 24.183333333333337; -0.6666666666666666 14.199999999999998; -0.5 7.0; -0.3333333333333333 2.233333333333333; -0.16666666666666666 -0.45000000000000007; 0.0 -1.4; 0.16666666666666666 0.0; 0.3333333333333333 0.49999999999999956; 0.5 2.65; 0.6666666666666666 5.133333333333333; 0.8333333333333334 7.6; 1.0 9.7; 1.1666666666666667 11.083333333333332; 1.3333333333333333 11.399999999999995; 1.5 10.299999999999999; 1.6666666666666667 7.433333333333328; 1.8333333333333333 2.4499999999999975; 2.0 -5.000000000000003; 2.1666666666666665 -15.266666666666666; 2.3333333333333335 -28.700000000000028; 2.5 -45.65; 2.6666666666666665 -66.46666666666668; 2.8333333333333335 -91.50000000000003; 3.0 -121.1; 3.1666666666666665 -155.61666666666667; 3.3333333333333335 -195.40000000000006; 3.5 -240.80000000000004; 3.6666666666666665 -292.1666666666666; 3.8333333333333335 -349.8500000000001; 4.0 -414.2; 4.166666666666667 -971.1333333333334; 4.333333333333333 0.0; 4.5 -650.75; 4.666666666666667 -745.266666666667; 4.833333333333333 -848.1999999999998; 5.0 -959.9]
npts :	61
nout :	6
model :	(x,t) -> x[1]t^3 + x[2]t^2 + x[3]t + x[4]
dim :	4
cluster :	false
noise :	false
solution :	[-12.6, 24.9, -1.2, -1.4]
description :	type2: cubic model
