name :	cubic
data :	[-5.0 1652.0; -4.696969696969697 1363.1267495895597; -4.393939393939394 1109.1094971756124; -4.090909090909091 887.7610818933134; -3.787878787878788 696.8943428778141; -3.484848484848485 534.3221192642679; -3.1818181818181817 397.85725018782864; -2.878787878787879 285.3125747836492; -2.5757575757575757 194.50093218688255; -2.272727272727273 123.23516153268227; -1.9696969696969697 69.32810195620112; -1.6666666666666667 30.59259259259261; -1.3636363636363635 4.841472577009757; -1.0606060606060606 -10.112418955394162; -0.7575757575757576 -16.45624286946601; -0.45454545454545453 -32.75432006010519; -0.15151515151515152 -12.062331302000723; 0.15151515151515152 -5.698917550157219; 0.45454545454545453 0.5259203606311047; 0.7575757575757576 4.425021565517433; 1.0606060606060606 3.8112251996549524; 1.3636363636363635 -3.50262960180315; 1.6666666666666667 -19.70370370370371; 1.9696969696969697 -46.97915797089351; 2.272727272727273 -87.51615326821943; 2.5757575757575757 -143.50185046052812; 2.878787878787879 -217.12341041266666; 3.1818181818181817 0.0; 3.484848484848485 -426.02276205581984; 3.787878787878788 -565.6748754765285; 4.090909090909091 -731.7114951164539; 4.393939393939394 -1852.6395636808852; 4.696969696969697 -1151.6868965133428; 5.0 -1410.0]
npts :	34
nout :	3
model :	(x,t) -> x[1]t^3 + x[2]t^2 + x[3]t + x[4]
dim :	4
cluster :	false
noise :	false
solution :	[-13.1, 5.2, 21.3, -9.0]
description :	type2: cubic model
