name :	cubic
data :	[-5.0 2298.5; -4.827586206896552 0.0; -4.655172413793103 1898.6995571774155; -4.482758620689655 1717.5556398376311; -4.310344827586207 1548.3746976095786; -4.137931034482759 1390.7508097912996; -3.9655172413793105 1244.27805568084; -3.793103448275862 1108.5505145762434; -3.6206896551724137 983.1622657755545; -3.4482758620689653 867.7073885768173; -3.2758620689655173 1523.5599245561523; -3.103448275862069 664.974066177375; -2.9310344827586206 1153.767559145516; -2.7586206896551726 497.1031817622699; -2.586206896551724 425.2263520439542; -2.413793103448276 360.8473697158555; -2.2413793103448274 303.5603140760178; -2.0689655172413794 252.95926442248557; -1.896551724137931 208.63830005330271; -1.7241379310344827 170.19150026651354; -1.5517241379310345 137.21294436016237; -1.3793103448275863 109.29671163229325; -1.206896551724138 86.03688138095042; -1.0344827586206897 67.02753290417812; -0.8620689655172413 51.862745500020495; -0.6896551724137931 40.1365984665218; -0.5172413793103449 31.44317110172619; -0.3448275862068966 25.376542703677888; -0.1724137931034483 43.06158514084218; 0.0 19.5; 0.1724137931034483 18.878244290458813; 0.3448275862068966 0.0; 0.5172413793103449 20.238160646192956; 0.6896551724137931 21.407991307556685; 0.8620689655172413 22.363176021977118; 1.0344827586206897 22.697794087498462; 1.206896551724138 44.011849604329825; 1.3793103448275863 19.881647464020666; 1.5517241379310345 15.91904137110993; 1.7241379310344827 9.7121858214769; 1.896551724137931 0.8551601131657591; 2.0689655172413794 -11.057956455779255; 2.2413793103448274 -26.433084587313928; 2.413793103448276 -45.676144983394124; 2.586206896551724 -69.19305834597563; 2.7586206896551726 -97.38974537701424; 2.9310344827586206 -130.67212677846567; 3.103448275862069 -169.44612325228584; 3.2758620689655173 -214.11765550043057; 3.4482758620689653 -265.09264422485535; 3.6206896551724137 -322.7770101275164; 3.793103448275862 -387.5766739103695; 3.9655172413793105 -459.8975562753701; 4.137931034482759 -540.1455779244743; 4.310344827586207 -628.7266595596379; 4.482758620689655 -726.0467218828157; 4.655172413793103 -832.5116855959651; 4.827586206896552 -948.5274714010411; 5.0 -1074.5]
npts :	59
nout :	6
model :	(x,t) -> x[1]t^3 + x[2]t^2 + x[3]t + x[4]
dim :	4
cluster :	false
noise :	false
solution :	[-13.2, 23.7, -7.3, 19.5]
description :	type2: cubic model
