name :	cubic
data :	[-5.0 2895.2; -3.888888888888889 1355.3152263374486; -2.7777777777777777 488.0230452674897; -1.6666666666666667 103.20000000000003; -0.5555555555555556 10.722633744855967; 0.5555555555555556 40.93497942386831; 1.6666666666666667 -57.68888888888891; 2.7777777777777777 -413.8699588477366; 3.888888888888889 -1238.1991769547326; 5.0 -2720.8]
npts :	10
nout :	1
model :	(x,t) -> x[1]t^3 + x[2]t^2 + x[3]t + x[4]
dim :	4
cluster :	false
noise :	false
solution :	[-23.1, 2.9, 15.9, 14.7]
description :	type2: cubic model
