name :	cubic
data :	[-5.0 -421.3; -4.6 -319.6631999999999; -4.2 -233.85360000000006; -3.8 -162.64239999999998; -3.4 -104.80079999999998; -3.0 -59.09999999999998; -2.6 -24.311200000000017; -2.2 0.7943999999999924; -1.8 17.445600000000002; -1.4 26.8712; -1.0 30.3; -0.6 28.9608; -0.2 24.0824; 0.2 16.8936; 0.6 8.623199999999999; 1.0 0.49999999999999645; 1.4 0.0; 1.8 -10.389600000000005; 2.2 -10.6984; 2.6 -5.94479999999999; 3.0 5.100000000000005; 3.4 0.0; 3.8 50.97839999999999; 4.2 88.26960000000001; 4.6 136.76719999999995; 5.0 197.7]
npts :	26
nout :	2
model :	(x,t) -> x[1]t^3 + x[2]t^2 + x[3]t + x[4]
dim :	4
cluster :	false
noise :	false
solution :	[3.2, -5.3, -18.1, 20.7]
description :	type2: cubic model
