name :	cubic
data :	[-5.0 378.9; -4.833333333333333 322.0129629629629; -4.666666666666667 0.0; -4.5 223.45000000000005; -4.333333333333333 181.32962962962958; -4.166666666666667 143.68703703703707; -4.0 110.30000000000003; -3.8333333333333335 80.94629629629638; -3.6666666666666665 55.40370370370369; -3.5 33.45000000000002; -3.3333333333333335 14.862962962963026; -3.1666666666666665 -0.579629629629606; -3.0 -13.099999999999996; -2.8333333333333335 -22.920370370370343; -2.6666666666666665 -30.262962962962952; -2.5 -35.35; -2.3333333333333335 -76.80740740740738; -2.1666666666666665 -39.64629629629629; -2.0 -39.3; -1.8333333333333333 -37.587037037037035; -1.6666666666666667 -34.72962962962962; -1.5 -30.950000000000003; -1.3333333333333333 -26.470370370370368; -1.1666666666666667 -21.512962962962966; -1.0 -16.299999999999997; -0.8333333333333334 -11.053703703703702; -0.6666666666666666 -5.996296296296295; -0.5 -1.3499999999999996; -0.3333333333333333 0.0; -0.16666666666666666 11.64074074074074; 0.0 7.9; 0.16666666666666666 8.67962962962963; 0.3333333333333333 7.9370370370370384; 0.5 5.450000000000001; 0.6666666666666666 0.9962962962962987; 0.8333333333333334 -5.6462962962962955; 1.0 -14.699999999999998; 1.1666666666666667 -26.387037037037047; 1.3333333333333333 -40.92962962962962; 1.5 -58.550000000000004; 1.6666666666666667 -79.47037037037036; 1.8333333333333333 -207.8259259259259; 2.0 -132.1; 2.1666666666666665 -164.25370370370368; 2.3333333333333335 -200.59629629629634; 2.5 -241.35; 2.6666666666666665 -286.737037037037; 2.8333333333333335 -336.97962962962964; 3.0 -392.30000000000007; 3.1666666666666665 -452.9203703703703; 3.3333333333333335 -519.062962962963; 3.5 -590.95; 3.6666666666666665 -668.8037037037037; 3.8333333333333335 -752.8462962962964; 4.0 -843.3; 4.166666666666667 -940.3870370370373; 4.333333333333333 -1044.3296296296292; 4.5 -2310.7; 4.666666666666667 -1273.6703703703706; 4.833333333333333 -1399.5129629629625; 5.0 -1533.1]
npts :	61
nout :	6
model :	(x,t) -> x[1]t^3 + x[2]t^2 + x[3]t + x[4]
dim :	4
cluster :	false
noise :	false
solution :	[-8.0, -23.4, 8.8, 7.9]
description :	type2: cubic model
