name :	cubic
data :	[-5.0 840.4; -4.5 634.45; -4.0 465.8; -3.5 330.55; -3.0 0.0; -2.5 144.65; -2.0 86.20000000000002; -1.5 45.550000000000004; -1.0 18.800000000000004; -0.5 2.0500000000000007; 0.0 -8.6; 0.5 -17.05; 1.0 -27.200000000000003; 1.5 -42.95; 2.0 -68.2; 2.5 -106.85; 3.0 -162.8; 3.5 -239.95000000000002; 4.0 0.0; 4.5 -473.45000000000005; 5.0 -637.6]
npts :	21
nout :	2
model :	(x,t) -> x[1]t^3 + x[2]t^2 + x[3]t + x[4]
dim :	4
cluster :	false
noise :	false
solution :	[-5.2, 4.4, -17.8, -8.6]
description :	type2: cubic model
