name :	cubic
data :	[-5.0 1940.8; -4.782608695652174 1704.7161666803647; -4.565217391304348 1488.7342483767566; -4.3478260869565215 1291.954269746034; -4.130434782608695 1113.476255445056; -3.9130434782608696 952.4002301306814; -3.6956521739130435 807.8262184597681; -3.4782608695652173 678.8542450891756; -3.260869565217391 564.5843346757622; -3.0434782608695654 464.116511876387; -2.8260869565217392 376.55080134790836; -2.608695652173913 300.987227747185; -2.391304347826087 236.52581573107585; -2.1739130434782608 182.26658995643953; -1.9565217391304348 137.3095750801348; -1.7391304347826086 100.7547957590203; -1.5217391304347827 71.7022766499548; -1.3043478260869565 49.25204240979699; -1.0869565217391304 32.5041176954056; -0.8695652173913043 20.558527163639354; -0.6521739130434783 12.51529547135695; -0.43478260869565216 7.474447275417112; -0.21739130434782608 4.536007232678557; 0.0 2.8; 0.21739130434782608 1.3664502342401577; 0.43478260869565216 -0.664617407742254; 0.6521739130434783 -8.386356538177035; 0.8695652173913043 -10.11920769293992; 1.0869565217391304 -19.342681022437734; 1.3043478260869565 -32.76357360072327; 1.5217391304347827 0.0; 1.7391304347826086 -75.79751787622259; 1.9565217391304348 -107.21052025971893; 2.1739130434782608 -146.42084326456808; 2.391304347826087 0.0; 2.608695652173913 -251.83335251089008; 2.8260869565217392 -319.83548943864554; 3.0434782608695654 -399.2348483603189; 3.260869565217391 -490.93140461905153; 3.4782608695652173 -595.8251335579847; 3.6956521739130435 -1429.6320210405192; 3.9130434782608696 -848.8040108490179; 4.130434782608695 -998.6891098874; 4.3478260869565215 -2330.7425659570968; 4.565217391304348 -1349.7505054656035; 4.782608695652174 -1552.726752691707; 5.0 -1775.2]
npts :	47
nout :	5
model :	(x,t) -> x[1]t^3 + x[2]t^2 + x[3]t + x[4]
dim :	4
cluster :	false
noise :	false
solution :	[-14.6, 3.2, -6.6, 2.8]
description :	type2: cubic model
