name :	cubic
data :	[-5.0 -1961.0; -4.6875 -1600.1695556640625; -4.375 -1287.1455078125; -4.0625 -1018.5037841796875; -3.75 -790.8203125; -3.4375 -600.6710205078125; -3.125 -444.6318359375; -2.8125 -319.2786865234375; -2.5 -221.1875; -2.1875 -146.9342041015625; -1.875 0.0; -1.5625 -56.2449951171875; -1.25 -32.9609375; -0.9375 -19.8184814453125; -0.625 -13.3935546875; -0.3125 -10.2620849609375; 0.0 -7.0; 0.3125 -0.1832275390625; 0.625 13.6123046875; 0.9375 37.8106689453125; 1.25 151.671875; 1.5625 131.1121826171875; 1.875 207.0634765625; 2.1875 307.1138916015625; 2.5 434.6875; 2.8125 593.2083740234375; 3.125 786.1005859375; 3.4375 1016.7882080078125; 3.75 1288.6953125; 4.0625 1605.2459716796875; 4.375 1969.8642578125; 4.6875 2385.9742431640625; 5.0 5714.0]
npts :	33
nout :	3
model :	(x,t) -> x[1]t^3 + x[2]t^2 + x[3]t + x[4]
dim :	4
cluster :	false
noise :	false
solution :	[18.7, 18.2, 14.3, -7.0]
description :	type2: cubic model
