name :	cubic
data :	[-5.0 -645.4; -4.818181818181818 -579.1513148009016; -4.636363636363637 -517.9725018782872; -4.454545454545454 -461.65078888054086; -4.2727272727272725 -409.9734034560481; -4.090909090909091 -362.7275732531931; -3.909090909090909 -319.70052592036063; -3.727272727272727 -280.6794891059354; -3.5454545454545454 -245.45169045830207; -3.3636363636363638 -213.80435762584528; -3.1818181818181817 -185.52471825694968; -3.0 -160.4; -2.8181818181818183 -138.21743050338094; -2.6363636363636362 -118.76423741547708; -2.4545454545454546 -101.82764838467321; -2.272727272727273 -87.19489105935389; -2.090909090909091 -74.65319308790383; -1.9090909090909092 0.0; -1.7272727272727273 -54.991885800150264; -1.5454545454545454 -47.446731780616076; -1.3636363636363635 -82.2830954169797; -1.1818181818181819 -35.86356123215628; -1.0 -31.4; -0.8181818181818182 -27.538091660405712; -0.6363636363636364 -24.065063861758077; -0.45454545454545453 -20.768144252441772; -0.2727272727272727 -17.434560480841473; -0.09090909090909091 -13.851540195341848; 0.09090909090909091 0.0; 0.2727272727272727 -5.086100676183322; 0.45454545454545453 0.521863260706235; 0.6363636363636364 7.230353117956424; 0.8181818181818182 15.25214124718257; 1.0 24.800000000000004; 1.1818181818181819 36.086701728024046; 1.3636363636363635 49.32501878287002; 1.5454545454545454 64.72772351615325; 1.7272727272727273 165.0151765589782; 1.9090909090909092 102.87738542449287; 2.090909090909091 126.04988730277984; 2.272727272727273 152.23786626596547; 2.4545454545454546 181.65409466566493; 2.6363636363636362 214.5113448534936; 2.8181818181818183 251.02238918106693; 3.0 291.4; 3.1818181818181817 335.85694966190835; 3.3636363636363638 384.6060105184073; 3.5454545454545454 437.859954921112; 3.727272727272727 495.83155522163787; 3.909090909090909 1117.4671675432007; 4.090909090909091 626.7788129226145; 4.2727272727272725 700.180015026296; 4.454545454545454 779.1499624342598; 4.636363636363637 863.901427498122; 4.818181818181818 1909.2943651389935; 5.0 1051.6]
npts :	56
nout :	6
model :	(x,t) -> x[1]t^3 + x[2]t^2 + x[3]t + x[4]
dim :	4
cluster :	false
noise :	false
solution :	[5.9, 8.6, 22.2, -11.9]
description :	type2: cubic model
