name :	cubic
data :	[-5.0 0.0; -4.473684210526316 -896.4363026680275; -3.9473684210526314 -661.3718617874325; -3.4210526315789473 -470.92033824172614; -2.8947368421052633 -320.79539291441904; -2.3684210526315788 -206.7106866890217; -1.8421052631578947 -124.37988044904506; -1.3157894736842106 -69.51663507799972; -0.7894736842105263 -37.83461145939641; -0.2631578947368421 -25.04747047674588; 0.2631578947368421 -26.868873013558826; 0.7894736842105263 -39.01247995334597; 1.3157894736842106 -57.19195217961802; 1.8421052631578947 -77.1209505758857; 2.3684210526315788 -94.51313602565972; 2.8947368421052633 -105.08216941245078; 3.4210526315789473 -104.54171161976964; 3.9473684210526314 -88.60542353112695; 4.473684210526316 -52.986966030033464; 5.0 0.0]
npts :	20
nout :	2
model :	(x,t) -> x[1]t^3 + x[2]t^2 + x[3]t + x[4]
dim :	4
cluster :	false
noise :	false
solution :	[4.9, -22.5, -3.8, -24.4]
description :	type2: cubic model
