name :	cubic
data :	[-5.0 2790.2; -4.8 0.0; -4.6 1098.8759999999995; -4.4 967.9120000000003; -4.2 847.7720000000003; -4.0 738.0; -3.8 638.1399999999999; -3.6 547.7360000000001; -3.4 466.332; -3.2 393.4720000000001; -3.0 328.70000000000005; -2.8 0.0; -2.6 221.59600000000003; -2.4 178.352; -2.2 141.37200000000007; -2.0 110.19999999999999; -1.8 84.38000000000002; -1.6 63.45600000000001; -1.4 46.971999999999994; -1.2 34.472; -1.0 25.5; -0.8 19.6; -0.6 16.316000000000003; -0.4 15.192; -0.2 15.772000000000002; 0.0 17.6; 0.2 0.0; 0.4 23.176000000000002; 0.6 26.012; 0.8 28.272000000000002; 1.0 29.5; 1.2 29.240000000000002; 1.4 27.036000000000005; 1.6 22.432000000000002; 1.8 14.97199999999999; 2.0 8.400000000000006; 2.2 -10.340000000000021; 2.4 -29.104000000000006; 2.6 -52.54800000000002; 2.8 -81.12799999999996; 3.0 -115.29999999999998; 3.2 -155.52; 3.4 -202.24399999999997; 3.6 -255.92800000000014; 3.8 -317.02799999999985; 4.0 -386.0; 4.2 -463.3; 4.4 -549.3840000000002; 4.6 -644.7079999999996; 4.8 -749.728; 5.0 -864.9]
npts :	51
nout :	5
model :	(x,t) -> x[1]t^3 + x[2]t^2 + x[3]t + x[4]
dim :	4
cluster :	false
noise :	false
solution :	[-9.5, 9.9, 11.5, 17.6]
description :	type2: cubic model
