name :	cubic
data :	[-5.0 -1201.9; -4.821428571428571 -1055.0741071428572; -4.642857142857143 -920.0275510204085; -4.464285714285714 -796.2820153061226; -4.285714285714286 -683.3591836734691; -4.107142857142857 -580.7807397959182; -3.9285714285714284 -488.0683673469386; -3.75 -404.74375; -3.5714285714285716 -660.657142857143; -3.392857142857143 -264.3445153061224; -3.2142857142857144 -412.626530612245; -3.0357142857142856 -155.7565051020408; -2.857142857142857 -112.19591836734699; -2.6785714285714284 -75.15318877551016; -2.5 0.0; -2.3214285714285716 -18.708035714285735; -2.142857142857143 1.6510204081632835; -1.9642857142857142 17.405484693877572; -1.7857142857142858 29.033673469387757; -1.6071428571428572 37.01390306122449; -1.4285714285714286 41.82448979591837; -1.25 0.0; -1.0714285714285714 0.0; -0.8928571428571429 42.021556122448985; -0.7142857142857143 38.936734693877554; -0.5357142857142857 35.07385204081633; -0.35714285714285715 30.91122448979592; -0.17857142857142858 26.92716836734694; 0.0 23.6; 0.17857142857142858 21.408035714285717; 0.35714285714285715 20.829591836734696; 0.5357142857142857 22.342984693877554; 0.7142857142857143 26.4265306122449; 0.8928571428571429 33.558545918367344; 1.0714285714285714 44.217346938775506; 1.25 58.88125; 1.4285714285714286 78.02857142857144; 1.6071428571428572 102.13762755102042; 1.7857142857142858 131.68673469387755; 1.9642857142857142 167.15420918367346; 2.142857142857143 209.01836734693873; 2.3214285714285716 257.7575255102042; 2.5 313.85; 2.6785714285714284 377.7741071428571; 2.857142857142857 450.00816326530617; 3.0357142857142856 531.0304846938775; 3.2142857142857144 621.3193877551022; 3.392857142857143 721.3531887755101; 3.5714285714285716 0.0; 3.75 952.56875; 3.9285714285714284 1084.7071428571426; 4.107142857142857 1228.5036989795917; 4.285714285714286 1384.4367346938773; 4.464285714285714 1552.9845663265307; 4.642857142857143 1734.625510204082; 4.821428571428571 1929.837882653061; 5.0 2139.1]
npts :	57
nout :	6
model :	(x,t) -> x[1]t^3 + x[2]t^2 + x[3]t + x[4]
dim :	4
cluster :	false
noise :	false
solution :	[14.0, 17.8, -15.9, 23.6]
description :	type2: cubic model
