name :	cubic
data :	[-5.0 1394.1; -4.8 1241.8719999999998; -4.6 1101.3879999999997; -4.4 972.1680000000002; -4.2 853.7320000000002; -4.0 745.6; -3.8 647.2919999999999; -3.6 558.3280000000001; -3.4 478.22799999999995; -3.2 406.5120000000001; -3.0 342.70000000000005; -2.8 286.31199999999995; -2.6 236.86800000000005; -2.4 193.888; -2.2 313.78400000000005; -2.0 125.4; -1.8 98.932; -1.6 77.00800000000001; -1.4 59.14799999999999; -1.2 0.0; -1.0 33.7; -0.8 25.152; -0.6 18.747999999999998; -0.4 14.008; -0.2 10.452; 0.0 7.6; 0.2 4.9719999999999995; 0.4 2.087999999999999; 0.6 -1.5320000000000018; 0.8 -6.368000000000002; 1.0 -25.8; 1.2 -43.21600000000001; 1.4 -32.971999999999994; 1.6 -47.47200000000001; 1.8 -65.58800000000001; 2.0 -87.80000000000001; 2.2 -114.58800000000004; 2.4 -146.43200000000002; 2.6 -183.81200000000007; 2.8 -454.41599999999994; 3.0 -277.1; 3.2 -333.968; 3.4 -398.2919999999999; 3.6 -470.552; 3.8 -551.2279999999998; 4.0 -640.8000000000001; 4.2 -739.748; 4.4 -848.5520000000002; 4.6 -967.6919999999997; 4.8 -1097.6480000000001; 5.0 -1238.9]
npts :	51
nout :	5
model :	(x,t) -> x[1]t^3 + x[2]t^2 + x[3]t + x[4]
dim :	4
cluster :	false
noise :	false
solution :	[-10.0, 2.8, -13.3, 7.6]
description :	type2: cubic model
