name :	cubic
data :	[-5.0 764.2; -4.666666666666667 0.0; -4.333333333333333 483.5185185185185; -4.0 374.0; -3.6666666666666665 282.7481481481481; -3.3333333333333335 208.05185185185192; -3.0 148.2; -2.6666666666666665 101.48148148148148; -2.3333333333333335 66.1851851851852; -2.0 40.60000000000001; -1.6666666666666667 23.014814814814827; -1.3333333333333333 11.718518518518518; -1.0 5.000000000000001; -0.6666666666666666 1.148148148148148; -0.3333333333333333 -3.0962962962962965; 0.0 -4.8; 0.3333333333333333 -10.318518518518518; 0.6666666666666666 -19.814814814814813; 1.0 -35.0; 1.3333333333333333 -57.585185185185175; 1.6666666666666667 -89.28148148148149; 2.0 0.0; 2.3333333333333335 -186.8518518518519; 2.6666666666666665 -256.14814814814815; 3.0 -341.40000000000003; 3.3333333333333335 -444.3185185185186; 3.6666666666666665 -566.6148148148147; 4.0 -710.0; 4.333333333333333 -876.185185185185; 4.666666666666667 -1066.8814814814816; 5.0 -1283.8]
npts :	31
nout :	3
model :	(x,t) -> x[1]t^3 + x[2]t^2 + x[3]t + x[4]
dim :	4
cluster :	false
noise :	false
solution :	[-7.7, -10.2, -12.3, -4.8]
description :	type2: cubic model
