name :	cubic
data :	[-5.0 -615.6; -4.333333333333333 -473.45925925925917; -3.6666666666666665 -348.47407407407405; -3.0 -240.99999999999997; -2.3333333333333335 -151.3925925925926; -1.6666666666666667 -80.00740740740741; -1.0 -27.199999999999996; -0.3333333333333333 6.674074074074074; 0.3333333333333333 21.259259259259256; 1.0 16.2; 1.6666666666666667 -8.859259259259261; 2.3333333333333335 -108.5481481481482; 3.0 -120.4; 3.6666666666666665 -207.59259259259252; 4.333333333333333 -316.20740740740735; 5.0 -446.6]
npts :	16
nout :	1
model :	(x,t) -> x[1]t^3 + x[2]t^2 + x[3]t + x[4]
dim :	4
cluster :	false
noise :	false
solution :	[-0.2, -21.9, 21.9, 16.4]
description :	type2: cubic model
