name :	cubic
data :	[-5.0 0.0; -4.84375 1378.4928955078126; -4.6875 1238.6333984375; -4.53125 1108.4736083984376; -4.375 987.665625; -4.21875 875.8615478515625; -4.0625 772.7134765625; -3.90625 677.8735107421875; -3.75 590.99375; -3.59375 511.7262939453125; -3.4375 439.7232421875; -3.28125 374.6366943359375; -3.125 316.11875; -2.96875 263.8215087890625; -2.8125 217.3970703125; -2.65625 176.4975341796875; -2.5 140.775; -2.34375 109.8815673828125; -2.1875 83.4693359375; -2.03125 61.1904052734375; -1.875 42.696875; -1.71875 27.6408447265625; -1.5625 15.6744140625; -1.40625 6.4496826171875; -1.25 -0.7624999999999993; -1.09375 -10.332568359375; -0.9375 -8.2533203125; -0.78125 -19.980517578125; -0.625 -10.725; -0.46875 -10.8054443359375; -0.3125 -10.5794921875; -0.15625 -10.3950439453125; 0.0 -10.6; 0.15625 -11.5422607421875; 0.3125 -13.5697265625; 0.46875 -17.0302978515625; 0.625 -22.271875; 0.78125 -29.6423583984375; 0.9375 -39.4896484375; 1.09375 -52.1616455078125; 1.25 -68.00625; 1.40625 -87.3713623046875; 1.5625 -110.6048828125; 1.71875 -138.0547119140625; 1.875 -170.06875; 2.03125 -206.9948974609375; 2.1875 -249.1810546875; 2.34375 -296.9751220703125; 2.5 -350.725; 2.65625 -410.7785888671875; 2.8125 -477.4837890625; 2.96875 -551.1885009765625; 3.125 -1264.48125; 3.28125 -720.9880615234375; 3.4375 -817.7787109375; 3.59375 -922.9604736328125; 3.75 -1036.88125; 3.90625 -1159.8889404296874; 4.0625 -1292.3314453125; 4.21875 -1434.5566650390624; 4.375 -3173.825; 4.53125 -3499.493701171875; 4.6875 -1923.4076171875; 4.84375 -2108.2427001953124; 5.0 -2304.6]
npts :	65
nout :	7
model :	(x,t) -> x[1]t^3 + x[2]t^2 + x[3]t + x[4]
dim :	4
cluster :	false
noise :	false
solution :	[-15.2, -15.1, -3.3, -10.6]
description :	type2: cubic model
