name :	cubic
data :	[-5.0 1799.5; -4.714285714285714 1535.7728862973763; -4.428571428571429 1299.36472303207; -4.142857142857143 1088.7781341107873; -3.857142857142857 902.5157434402333; -3.5714285714285716 739.0801749271137; -3.2857142857142856 596.974052478134; -3.0 949.4; -2.7142857142857144 370.7606413994169; -2.4285714285714284 283.6586005830903; -2.142857142857143 211.89650145772592; -1.8571428571428572 153.97696793002916; -1.5714285714285714 108.40262390670551; -1.2857142857142858 73.67609329446066; -1.0 48.3; -0.7142857142857143 30.776967930029155; -0.42857142857142855 19.609620991253642; -0.14285714285714285 13.300583090379009; 0.14285714285714285 10.352478134110788; 0.42857142857142855 9.267930029154519; 0.7142857142857143 17.099125364431487; 1.0 6.700000000000001; 1.2857142857142858 2.221865889212827; 1.5714285714285714 -6.382215743440224; 1.8571428571428572 -20.609620991253635; 2.142857142857143 -41.95772594752184; 2.4285714285714284 -71.92390670553931; 2.7142857142857144 -224.01107871720112; 3.0 -163.7; 3.2857142857142856 -228.50466472303196; 3.5714285714285716 -307.9169096209913; 3.857142857142857 -403.4341107871721; 4.142857142857143 -516.5536443148688; 4.428571428571429 -648.7728862973761; 4.714285714285714 -801.5892128279885; 5.0 -976.5]
npts :	36
nout :	3
model :	(x,t) -> x[1]t^3 + x[2]t^2 + x[3]t + x[4]
dim :	4
cluster :	false
noise :	false
solution :	[-10.7, 16.0, -10.1, 11.5]
description :	type2: cubic model
