name :	cubic
data :	[-5.0 -1831.7; -4.791666666666667 -1633.6465060763892; -4.583333333333333 -1450.6678819444446; -4.375 -1282.1619140625; -4.166666666666667 -1127.526388888889; -3.9583333333333335 -986.1590928819445; -3.75 -857.4578125; -3.5416666666666665 -1481.640668402778; -3.3333333333333335 -635.6444444444445; -3.125 -541.3279296875; -2.9166666666666665 -457.26857638888873; -2.7083333333333335 -382.8641710069445; -2.5 -317.5125; -2.2916666666666665 -260.6113498263889; -2.0833333333333335 -211.55850694444445; -1.875 -169.7517578125; -1.6666666666666667 -134.5888888888889; -1.4583333333333333 -105.46768663194443; -1.25 -81.7859375; -1.0416666666666667 -62.9414279513889; -0.8333333333333334 -48.331944444444446; -0.625 -37.3552734375; -0.4166666666666667 -29.40920138888889; -0.20833333333333334 -23.891514756944446; 0.0 -20.2; 0.20833333333333334 -17.73244357638889; 0.4166666666666667 -15.886631944444442; 0.625 0.0; 0.8333333333333334 -11.651388888888887; 1.0416666666666667 -16.115060763888884; 1.25 -2.6765624999999993; 1.4583333333333333 5.093728298611108; 1.6666666666666667 15.855555555555565; 1.875 30.2111328125; 2.0833333333333335 48.76267361111111; 2.2916666666666665 72.11239149305557; 2.5 100.8625; 2.7083333333333335 135.61521267361115; 2.9166666666666665 176.97274305555553; 3.125 225.5373046875; 3.3333333333333335 281.9111111111112; 3.5416666666666665 346.6963758680555; 3.75 420.4953125; 3.9583333333333335 503.9101345486111; 4.166666666666667 1195.0861111111112; 4.375 701.9962890625; 4.583333333333333 0.0; 4.791666666666667 945.7725477430557; 5.0 1086.3]
npts :	49
nout :	5
model :	(x,t) -> x[1]t^3 + x[2]t^2 + x[3]t + x[4]
dim :	4
cluster :	false
noise :	false
solution :	[11.1, -14.1, 14.3, -20.2]
description :	type2: cubic model
