name :	cubic
data :	[-5.0 -2963.8; -4.827586206896552 -2662.6395383164536; -4.655172413793103 -2382.286817827709; -4.482758620689655 -2122.0038008938454; -4.310344827586207 0.0; -4.137931034482759 0.0; -3.9655172413793105 0.0; -3.793103448275862 -1266.8080159088113; -3.6206896551724137 -1095.8029521505598; -3.4482758620689653 -940.4393661076713; -3.2758620689655173 -799.9792201402273; -3.103448275862069 -673.684476608307; -2.9310344827586206 -560.8170978719913; -2.7586206896551726 -460.63904629136096; -2.586206896551724 -372.41228422649556; -2.413793103448276 -295.3987740374759; -2.2413793103448274 -228.8604780843823; -2.0689655172413794 -344.1187174545903; -1.896551724137931 -124.25737832629464; -1.7241379310344827 -84.7164992414613; -1.5517241379310345 -52.698683832875474; -1.3793103448275863 -27.46589446061751; -1.206896551724138 -8.280093484767718; -1.0344827586206897 5.596756734593459; -0.8620689655172413 14.902693837385707; -0.6896551724137931 20.375755463528638; -0.5172413793103449 22.7539792529419; -0.3448275862068966 22.775402845545123; -0.1724137931034483 42.35612776251589; 0.0 18.7; 0.1724137931034483 16.079248841690926; 0.3448275862068966 14.053848046250359; 0.5172413793103449 13.361835253597933; 0.6896551724137931 14.741248103653287; 0.8620689655172413 18.93012423633605; 1.0344827586206897 26.666501291565876; 1.206896551724138 38.688416909262365; 1.3793103448275863 55.7339087293452; 1.5517241379310345 0.0; 1.7241379310344827 107.84777153634835; 1.896551724137931 144.39221780310794; 2.0689655172413794 188.91239083193244; 2.2413793103448274 242.14632826274135; 2.413793103448276 304.8320677354545; 2.586206896551724 377.70764688999134; 2.7586206896551726 461.51110336627175; 2.9310344827586206 556.980474804215; 3.103448275862069 664.8537988437411; 3.2758620689655173 785.8691131247696; 3.4482758620689653 920.7644552872196; 3.6206896551724137 1070.2778629710117; 3.793103448275862 1235.1473738160648; 3.9655172413793105 1416.1110254622988; 4.137931034482759 1613.9068555496335; 4.310344827586207 1829.2729017179881; 4.482758620689655 2062.9472016072814; 4.655172413793103 2315.667792857435; 4.827586206896552 2588.172713108368; 5.0 2881.2]
npts :	59
nout :	6
model :	(x,t) -> x[1]t^3 + x[2]t^2 + x[3]t + x[4]
dim :	4
cluster :	false
noise :	false
solution :	[24.0, -2.4, -15.5, 18.7]
description :	type2: cubic model
