name :	cubic
data :	[-5.0 1035.7; -4.7560975609756095 887.6565299400763; -4.512195121951219 754.4242204843225; -4.2682926829268295 635.228271499253; -4.024390243902439 0.0; -3.7804878048780486 435.8462544072198; -3.5365853658536586 354.1105860332845; -3.292682926829268 566.6241551921764; -3.048780487804878 222.67592896214506; -2.8048780487804876 171.42733999796866; -2.5609756097560976 128.791510570073; -2.317073170731707 93.99364054497175; -2.073170731707317 66.25892978917894; -1.829268292682927 44.81257816920824; -1.5853658536585367 28.879785551573548; -1.3414634146341464 17.685751802788705; -1.0975609756097562 10.45567678936754; -0.8536585365853658 6.414760377823885; -0.6097560975609756 4.7882024346715815; -0.36585365853658536 4.801202826424458; -0.12195121951219512 5.67896141959635; 0.12195121951219512 6.646678080701093; 0.36585365853658536 6.929552676252521; 0.6097560975609756 5.752785072764469; 0.8536585365853658 0.0; 1.0975609756097562 0.0; 1.3414634146341464 -14.28337226679822; 1.5853658536585367 -29.046710001305858; 1.829268292682927 -49.14369060228378; 2.073170731707317 -75.34911420321818; 2.317073170731707 -108.43778093759519; 2.5609756097560976 -149.1844909389011; 2.8048780487804876 -198.36404434062183; 3.048780487804878 -256.75124127624383; 3.292682926829268 -325.12088187925303; 3.5365853658536586 -404.24776628313583; 3.7804878048780486 -494.9066946213781; 4.024390243902439 -597.8724670274662; 4.2682926829268295 -713.9198836348864; 4.512195121951219 -843.8237445771243; 4.7560975609756095 -988.3588499876669; 5.0 -1148.3]
npts :	42
nout :	4
model :	(x,t) -> x[1]t^3 + x[2]t^2 + x[3]t + x[4]
dim :	4
cluster :	false
noise :	false
solution :	[-8.9, -2.5, 4.1, 6.2]
description :	type2: cubic model
