name :	cubic
data :	[-5.0 -585.2; -4.7727272727272725 -506.94990608564984; -4.545454545454546 -872.1836213373406; -4.318181818181818 -372.2594477836214; -4.090909090909091 -315.0865514650639; -3.8636363636363638 -264.2068557475582; -3.6363636363636362 -219.25409466566487; -3.409090909090909 -179.86200225394444; -3.1818181818181817 -145.66431254695718; -2.9545454545454546 -116.29475957926374; -2.727272727272727 0.0; -2.5 -70.575; -2.272727272727273 0.0; -2.0454545454545454 -39.77259579263712; -1.8181818181818181 -29.049737039819682; -1.5909090909090908 -20.957419233658904; -1.3636363636363635 -15.129376408715249; -1.1363636363636365 -11.199342599549214; -0.9090909090909091 -8.801051840721263; -0.6818181818181818 -7.568238166791886; -0.45454545454545453 -14.269271224643125; -0.22727272727272727 -7.133978211870774; 0.0 -7.2; 0.22727272727272727 -6.966435011269723; 0.45454545454545453 -6.067017280240421; 0.6818181818181818 -4.135480841472577; 0.9090909090909091 -0.8055597295266725; 1.1363636363636365 4.289012021036817; 1.3636363636363635 11.514500375657398; 1.5909090909090908 21.23717129977461; 1.8181818181818181 33.82329075882794; 2.0454545454545454 49.63912471825695; 2.272727272727273 69.05093914350115; 2.5 92.425; 2.727272727272727 120.12757325319305; 2.9545454545454546 152.52492486851992; 3.1818181818181817 189.98332081142; 3.409090909090909 232.86902704733288; 3.6363636363636362 281.54830954169796; 3.8636363636363638 336.387434259955; 4.090909090909091 397.7526671675433; 4.318181818181818 466.01027422990245; 4.545454545454546 541.526521412472; 4.7727272727272725 624.6676746806911; 5.0 715.8]
npts :	45
nout :	4
model :	(x,t) -> x[1]t^3 + x[2]t^2 + x[3]t + x[4]
dim :	4
cluster :	false
noise :	false
solution :	[5.2, 2.9, 0.1, -7.2]
description :	type2: cubic model
