name :	cubic
data :	[-5.0 1456.6; -4.811320754716981 1323.1616582816685; -4.622641509433962 1198.1356300838945; -4.433962264150943 1081.247863672696; -4.245283018867925 972.2243073140916; -4.056603773584905 870.7909092740987; -3.8679245283018866 0.0; -3.6792452830188678 689.5983812140223; -3.490566037735849 609.2911477259751; -3.30188679245283 535.477865620613; -3.1132075471698113 467.88448316395414; -2.9245283018867925 812.4738972440338; -2.7358490566037736 350.2612102608194; -2.547169811320755 0.0; -2.358490566037736 254.2289151447168; -2.169811320754717 213.6242549218483; -1.9811320754716981 177.59518394379253; -1.7924528301886793 145.86765047656792; -1.6037735849056605 118.16760278619262; -1.4150943396226414 94.22098913868493; -1.2264150943396226 73.75375780006313; -1.0377358490566038 56.49185703634544; -0.8490566037735849 42.16123511355011; -0.660377358490566 30.487840297695413; -0.4716981132075472 21.197620854799602; -0.2830188679245283 14.016525050880928; -0.09433962264150944 8.670501151957655; 0.09433962264150944 4.885497424048039; 0.2830188679245283 2.3874621331703354; 0.4716981132075472 0.9023435453427986; 0.660377358490566 0.1560899265836886; 0.8490566037735849 -0.1253504570887376; 1.0377358490566038 -0.21602933965622562; 1.2264150943396226 -0.3899984551005229; 1.4150943396226414 -0.9213095374033582; 1.6037735849056605 -2.084014320546496; 1.7924528301886793 -4.1521645385116575; 1.9811320754716981 -7.39981192528059; 2.169811320754717 -12.10100821483507; 2.358490566037736 -18.529805141156793; 2.547169811320755 -26.96025443822751; 2.7358490566037736 -37.66640784002903; 2.9245283018867925 -50.92231708054299; 3.1132075471698113 -67.00203389375122; 3.30188679245283 -86.17961001363544; 3.490566037735849 -108.7290971741773; 3.6792452830188678 -134.92454710935874; 3.8679245283018866 0.0; 4.056603773584905 -199.3495422395669; 4.245283018867925 -238.12719090255717; 4.433962264150943 -281.64700927611375; 4.622641509433962 -330.1830490942187; 4.811320754716981 0.0; 5.0 -443.4]
npts :	54
nout :	5
model :	(x,t) -> x[1]t^3 + x[2]t^2 + x[3]t + x[4]
dim :	4
cluster :	false
noise :	false
solution :	[-6.8, 20.0, -20.0, 6.6]
description :	type2: cubic model
