name :	cubic
data :	[-5.0 0.0; -4.523809523809524 313.4101176978728; -4.0476190476190474 226.18865133354925; -3.5714285714285716 158.77930029154518; -3.0952380952380953 108.52576395637621; -2.619047619047619 72.77174171255803; -2.142857142857143 48.86093294460641; -1.6666666666666667 34.13703703703704; -1.1904761904761905 25.94375337436562; -0.7142857142857143 21.624781341107873; -0.23809523809523808 18.523820321779507; 0.23809523809523808 13.984569700896234; 0.7142857142857143 5.350728862973762; 1.1904761904761905 -10.034002807472191; 1.6666666666666667 -34.82592592592593; 2.142857142857143 -71.6813411078717; 2.619047619047619 -123.25654896879385; 3.0952380952380953 -192.20785012417667; 3.5714285714285716 -281.1915451895044; 4.0476190476190474 -392.8639347802612; 4.523809523809524 -529.8813195119317; 5.0 -1389.8]
npts :	22
nout :	2
model :	(x,t) -> x[1]t^3 + x[2]t^2 + x[3]t + x[4]
dim :	4
cluster :	false
noise :	false
solution :	[-4.1, -6.1, -9.3, 16.6]
description :	type2: cubic model
