name :	cubic
data :	[-5.0 -1808.2; -4.72972972972973 -1548.281002112412; -4.45945945945946 -1314.272414269639; -4.1891891891891895 -1104.8238722286935; -3.918918918918919 -1837.170023493179; -3.6486486486486487 -1508.4109371606817; -3.3783783783783785 -610.3348784869605; -3.108108108108108 -485.6228772234615; -2.8378378378378377 -378.719100546858; -2.5675675675675675 -288.273184214163; -2.2972972972972974 -212.93476398238997; -2.027027027027027 -151.35347560855234; -1.7567567567567568 -102.17895484966341; -1.4864864864864864 -64.06083746273666; -1.2162162162162162 -35.64875920478549; -0.9459459459459459 -15.592355832823326; -0.6756756756756757 -2.5412631038635407; -0.40540540540540543 4.8548832250804494; -0.13513513513513514 7.946447396995243; 0.13513513513513514 8.083793654867431; 0.40540540540540543 6.617286241683613; 0.6756756756756757 4.897289400430381; 0.9459459459459459 4.274167374094331; 1.2162162162162162 6.098284405662055; 1.4864864864864864 11.720004738120151; 1.7567567567567568 22.489692614455222; 2.027027027027027 0.0; 2.2972972972972974 64.87442797070264; 2.5675675675675675 99.19020393658816; 2.8378378378378377 0.0; 3.108108108108108 200.82039365881585; 3.3783783783783785 270.83553590113127; 3.6486486486486487 355.4511953882297; 3.918918918918919 456.0177363630979; 4.1891891891891895 573.8855230687226; 4.45945945945946 710.4049197480902; 4.72972972972973 866.9262906441868; 5.0 1044.8]
npts :	38
nout :	4
model :	(x,t) -> x[1]t^3 + x[2]t^2 + x[3]t + x[4]
dim :	4
cluster :	false
noise :	false
solution :	[11.4, -15.6, 0.3, 8.3]
description :	type2: cubic model
