name :	cubic
data :	[-5.0 -5464.0; -4.666666666666667 -2216.3333333333344; -4.333333333333333 -1770.511111111111; -4.0 -1389.4; -3.6666666666666665 -1067.8666666666666; -3.3333333333333335 -800.777777777778; -3.0 -583.0000000000001; -2.6666666666666665 -409.4; -2.3333333333333335 -274.84444444444455; -2.0 -174.20000000000002; -1.6666666666666667 -204.6666666666667; -1.3333333333333333 -54.11111111111111; -1.0 -24.400000000000002; -0.6666666666666666 -8.066666666666666; -0.3333333333333333 0.02222222222222303; 0.0 5.0; 0.3333333333333333 12.0; 0.6666666666666666 26.155555555555555; 1.0 52.6; 1.3333333333333333 96.46666666666667; 1.6666666666666667 0.0; 2.0 257.0; 2.3333333333333335 383.93333333333345; 2.6666666666666665 548.8222222222222; 3.0 756.8000000000001; 3.3333333333333335 1013.0000000000002; 3.6666666666666665 1322.5555555555554; 4.0 1690.6; 4.333333333333333 2122.266666666666; 4.666666666666667 2622.6888888888902; 5.0 3197.0]
npts :	31
nout :	3
model :	(x,t) -> x[1]t^3 + x[2]t^2 + x[3]t + x[4]
dim :	4
cluster :	false
noise :	false
solution :	[23.1, 9.1, 15.4, 5.0]
description :	type2: cubic model
