name :	cubic
data :	[-5.0 -3094.2; -4.761904761904762 -2691.3390238635134; -4.523809523809524 -2324.9924630169526; -4.285714285714286 -1993.4434402332356; -4.0476190476190474 -1694.9750782852818; -3.8095238095238093 -1427.8704999460099; -3.5714285714285716 -1190.4128279883384; -3.3333333333333335 -980.8851851851854; -3.0952380952380953 -797.5706943094699; -2.857142857142857 -638.7524781341109; -2.619047619047619 -502.71365943202676; -2.380952380952381 -387.7373609761364; -2.142857142857143 -292.1067055393586; -1.9047619047619047 -214.1048158946118; -1.6666666666666667 -152.01481481481483; -1.4285714285714286 -104.1198250728863; -1.1904761904761905 -68.70296944174494; -0.9523809523809523 -88.09474138861893; -0.7142857142857143 -28.436151603498544; -0.47619047619047616 -20.152434942230858; -0.23809523809523808 -17.479343483425115; 0.0 -18.7; 0.23809523809523808 -22.097527264874202; 0.47619047619047616 -25.95504805096642; 0.7142857142857143 -28.555685131195336; 0.9523809523809523 0.0; 1.1904761904761905 -23.11879926573804; 1.4285714285714286 -11.64752186588921; 1.6666666666666667 7.948148148148164; 1.9047619047619047 37.38508800345535; 2.142857142857143 156.76034985422731; 2.380952380952381 132.6502861462045; 2.619047619047619 201.9122988878091; 2.857142857142857 575.7661807580175; 3.0952380952380953 392.27953784688486; 3.3333333333333335 516.8185185185185; 3.5714285714285716 663.2169096209913; 3.8095238095238093 833.1915883813842; 4.0476190476190474 1028.4594320267786; 4.285714285714286 1250.7373177842562; 4.523809523809524 1501.7421228808985; 4.761904761904762 1783.1907245437856; 5.0 2096.8]
npts :	43
nout :	4
model :	(x,t) -> x[1]t^3 + x[2]t^2 + x[3]t + x[4]
dim :	4
cluster :	false
noise :	false
solution :	[21.2, -19.2, -10.9, -18.7]
description :	type2: cubic model
