name :	cubic
data :	[-5.0 -704.0; -4.565217391304348 -554.0676419824113; -4.130434782608695 -426.7604175228075; -3.6956521739130435 -320.20440535875724; -3.260869565217391 -232.52568422782937; -2.8260869565217392 -161.8503328675927; -2.391304347826087 -106.304430015616; -1.9565217391304348 -64.01405440946823; -1.5217391304347827 -33.10528478671817; -1.0869565217391304 -11.70419988493466; -0.6521739130434783 2.063121558313469; -0.21739130434782608 10.070600805457385; 0.21739130434782608 14.192159118928249; 0.6521739130434783 16.301717761157228; 1.0869565217391304 18.273197994575494; 1.5217391304347827 21.980521081614203; 1.9565217391304348 58.59521656940907; 2.391304347826087 42.09838086627763; 2.8260869565217392 0.0; 3.260869565217391 91.64666721459686; 3.6956521739130435 132.14202350620528; 4.130434782608695 185.6167502260211; 4.565217391304348 253.94476863647566; 5.0 339.0]
npts :	24
nout :	2
model :	(x,t) -> x[1]t^3 + x[2]t^2 + x[3]t + x[4]
dim :	4
cluster :	false
noise :	false
solution :	[3.8, -7.8, 9.3, 12.5]
description :	type2: cubic model
