name :	cubic
data :	[-5.0 -1370.0; -4.666666666666667 -1144.492592592593; -4.333333333333333 -945.3407407407406; -4.0 -770.9; -3.6666666666666665 -619.5259259259258; -3.3333333333333335 -489.57407407407413; -3.0 -379.4; -2.6666666666666665 -287.35925925925926; -2.3333333333333335 -211.80740740740745; -2.0 -151.1; -1.6666666666666667 -103.59259259259261; -1.3333333333333333 -67.64074074074074; -1.0 -41.599999999999994; -0.6666666666666666 -23.825925925925922; -0.3333333333333333 -25.348148148148148; 0.0 -6.5; 0.3333333333333333 -3.65925925925926; 0.6666666666666666 -2.507407407407408; 1.0 -1.4000000000000004; 1.3333333333333333 1.307407407407407; 1.6666666666666667 7.259259259259263; 2.0 36.2; 2.3333333333333335 35.47407407407409; 2.6666666666666665 61.02592592592593; 3.0 96.4; 3.3333333333333335 143.2407407407408; 3.6666666666666665 203.19259259259258; 4.0 277.90000000000003; 4.333333333333333 738.0148148148146; 4.666666666666667 478.15925925925944; 5.0 607.0]
npts :	31
nout :	3
model :	(x,t) -> x[1]t^3 + x[2]t^2 + x[3]t + x[4]
dim :	4
cluster :	false
noise :	false
solution :	[7.4, -15.0, 12.7, -6.5]
description :	type2: cubic model
