name :	cubic
data :	[-5.0 96.9; -4.166666666666667 -34.74120370370371; -3.3333333333333335 0.0; -2.5 -105.6625; -1.6666666666666667 -83.13703703703703; -0.8333333333333334 -47.417129629629635; 0.0 -17.6; 0.8333333333333334 -12.782870370370372; 1.6666666666666667 -52.06296296296297; 2.5 -154.5375; 3.3333333333333335 -339.30370370370383; 4.166666666666667 -625.4587962962964; 5.0 -1032.1]
npts :	13
nout :	1
model :	(x,t) -> x[1]t^3 + x[2]t^2 + x[3]t + x[4]
dim :	4
cluster :	false
noise :	false
solution :	[-5.5, -18.0, 24.6, -17.6]
description :	type2: cubic model
