name :	cubic
data :	[-5.0 1118.4; -4.7560975609756095 475.7499920198488; -4.512195121951219 401.06335079293666; -4.2682926829268295 334.6351503895765; -4.024390243902439 551.9209297601601; -3.7804878048780486 224.53436833476005; -3.5365853658536586 179.85193482392884; -3.292682926829268 141.4082384178987; -3.048780487804878 108.69835318698223; -2.8048780487804876 81.21735320149155; -2.5609756097560976 58.46031253173925; -2.317073170731707 39.92230524803759; -2.073170731707317 25.09840542069907; -1.829268292682927 13.483687120035984; -1.5853658536585367 4.5732244163607625; -1.3414634146341464 -2.137908620014219; -1.0975609756097562 -7.154637918776569; -0.8536585365853658 -10.981889409613906; -0.6097560975609756 -14.12458902221384; -0.36585365853658536 -17.087662686263982; -0.12195121951219512 -20.376036331451953; 0.12195121951219512 -24.49463588746536; 0.36585365853658536 -29.948387283991817; 0.6097560975609756 -37.24221645071894; 0.8536585365853658 -46.881049317334345; 1.0975609756097562 -59.36981181352563; 1.3414634146341464 -75.21342986898043; 1.5853658536585367 -94.91682941338635; 1.829268292682927 0.0; 2.073170731707317 -147.92267668780198; 2.317073170731707 -182.2349762771869; 2.5609756097560976 -222.42676107427346; 2.8048780487804876 -538.0059140174983; 3.048780487804878 -322.4684900103017; 3.292682926829268 -383.32828600861853; 3.5365853658536586 -452.0872709333875; 3.7804878048780486 -529.250370714296; 4.024390243902439 -615.3225112810318; 4.2682926829268295 -710.8086185632826; 4.512195121951219 -816.2136184907354; 4.7560975609756095 -932.0424369930788; 5.0 -1058.8]
npts :	42
nout :	4
model :	(x,t) -> x[1]t^3 + x[2]t^2 + x[3]t + x[4]
dim :	4
cluster :	false
noise :	false
solution :	[-5.8, -9.1, -16.8, -22.3]
description :	type2: cubic model
