name :	cubic
data :	[-5.0 -2106.8; -4.8 -1871.4736; -4.6 -3308.9375999999993; -4.4 -1455.0272000000004; -4.2 -1272.3904000000002; -4.0 -1105.8; -3.8 -954.4975999999998; -3.6 -817.7248000000002; -3.4 -694.7232; -3.2 -584.7344000000002; -3.0 -487.00000000000006; -2.8 -400.76159999999993; -2.6 -325.2608000000001; -2.4 0.0; -2.2 -203.43840000000006; -2.0 -155.60000000000002; -1.8 -115.46560000000001; -1.6 -82.27680000000002; -1.4 -55.275199999999984; -1.2 -33.7024; -1.0 -16.8; -0.8 -3.8096000000000068; -0.6 6.027200000000001; -0.4 26.937599999999996; -0.2 19.2736; 0.0 24.2; 0.2 29.0064; 0.4 34.4512; 0.6 41.2928; 0.8 50.28960000000001; 1.0 62.2; 1.2 77.7824; 1.4 97.7952; 1.6 122.99680000000002; 1.8 154.1456; 2.0 192.0; 2.2 237.31840000000005; 2.4 290.8592; 2.6 353.3808000000001; 2.8 425.6415999999999; 3.0 508.40000000000003; 3.2 602.4144000000002; 3.4 0.0; 3.6 827.2448000000002; 3.8 959.5776; 4.0 0.0; 4.2 1267.8704000000002; 4.4 1445.3472000000006; 4.6 1639.3887999999997; 4.8 1850.7536000000002; 5.0 2080.2]
npts :	51
nout :	5
model :	(x,t) -> x[1]t^3 + x[2]t^2 + x[3]t + x[4]
dim :	4
cluster :	false
noise :	false
solution :	[15.8, -1.5, 23.7, 24.2]
description :	type2: cubic model
