name :	cubic
data :	[-5.0 0.0; -4.545454545454546 1213.5430503380921; -4.090909090909091 852.5460555972953; -3.6363636363636362 571.0607062359127; -3.1818181818181817 359.3386927122465; -2.727272727272727 207.63170548459803; -2.272727272727273 106.19143501126977; -1.8181818181818181 45.269571750563486; -1.3636363636363635 15.117806160781369; -0.9090909090909091 5.987828700225396; -0.45454545454545453 8.131329827197597; 0.0 11.8; 0.45454545454545453 7.245529676934638; 0.9090909090909091 -15.280390683696464; 1.3636363636363635 -65.52607062359127; 1.8181818181818181 -153.23981968444775; 2.272727272727273 -288.16994740796395; 2.727272727272727 -480.06476333583765; 3.1818181818181817 -738.6725770097671; 3.6363636363636362 -1073.7416979714499; 4.090909090909091 -2990.040871525169; 4.545454545454546 -2012.2570999248692; 5.0 -2635.2]
npts :	23
nout :	2
model :	(x,t) -> x[1]t^3 + x[2]t^2 + x[3]t + x[4]
dim :	4
cluster :	false
noise :	false
solution :	[-17.3, -19.9, 2.6, 11.8]
description :	type2: cubic model
