name :	cubic
data :	[-5.0 1188.4; -4.62962962962963 980.2928516994361; -4.2592592592592595 798.2945282731292; -3.888888888888889 640.6674897119341; -3.5185185185185186 505.67419600670627; -3.1481481481481484 391.57710714830057; -2.7777777777777777 296.638683127572; -2.4074074074074074 219.12138393537572; -2.037037037037037 157.28766956256672; -1.6666666666666667 109.4; -1.2962962962962963 73.7208352385307; -0.9259259259259259 48.51263526901387; -0.5555555555555556 64.07572016460905; -0.18518518518518517 45.11793933851547; 0.18518518518518517 18.338424020728546; 0.5555555555555556 17.638683127572016; 0.9259259259259259 18.722206980643193; 1.2962962962962963 19.851455570797135; 1.6666666666666667 19.288888888888884; 2.037037037037037 15.296966925773503; 2.4074074074074074 6.138149672306049; 2.7777777777777777 -9.925102880658443; 3.1481481481481484 -34.63033074226493; 3.5185185185185186 -69.7150739216583; 3.888888888888889 0.0; 4.2592592592592595 -177.97326627038566; 4.62962962962963 -254.62179545800947; 5.0 -348.6]
npts :	28
nout :	3
model :	(x,t) -> x[1]t^3 + x[2]t^2 + x[3]t + x[4]
dim :	4
cluster :	false
noise :	false
solution :	[-5.7, 16.0, -11.2, 19.9]
description :	type2: cubic model
