name :	cubic
data :	[-5.0 -1951.1; -4.777777777777778 -1722.5814814814812; -4.555555555555555 -1513.006172839506; -4.333333333333333 -1321.544444444444; -4.111111111111111 -1147.366666666666; -3.888888888888889 -989.6432098765431; -3.6666666666666665 -847.5444444444444; -3.4444444444444446 -720.240740740741; -3.2222222222222223 -606.9024691358024; -3.0 -506.70000000000005; -2.7777777777777777 -418.8037037037037; -2.5555555555555554 -342.3839506172839; -2.3333333333333335 -276.6111111111112; -2.111111111111111 -441.3111111111111; -1.8888888888888888 -173.68765432098763; -1.6666666666666667 -134.8777777777778; -1.4444444444444444 -103.3962962962963; -1.2222222222222223 -156.8271604938272; -1.0 -59.1; -0.7777777777777778 -44.62592592592593; -0.5555555555555556 -34.16172839506173; -0.3333333333333333 -26.87777777777778; -0.1111111111111111 -43.88888888888889; 0.1111111111111111 -18.5320987654321; 0.3333333333333333 -15.811111111111114; 0.5555555555555556 -12.951851851851853; 0.7777777777777778 -9.124691358024693; 1.0 -3.5; 1.2222222222222223 4.751851851851853; 1.4444444444444444 16.460493827160498; 1.6666666666666667 0.0; 1.8888888888888888 53.566666666666656; 2.111111111111111 80.62345679012344; 2.3333333333333335 114.4555555555556; 2.5555555555555554 155.89259259259254; 2.7777777777777777 205.7641975308642; 3.0 264.9; 3.2222222222222223 668.2592592592592; 3.4444444444444446 414.2827160493828; 3.6666666666666665 506.18888888888875; 3.888888888888889 610.6777777777777; 4.111111111111111 728.5790123456785; 4.333333333333333 860.722222222222; 4.555555555555555 1007.9370370370369; 4.777777777777778 1171.053086419753; 5.0 1350.9]
npts :	46
nout :	5
model :	(x,t) -> x[1]t^3 + x[2]t^2 + x[3]t + x[4]
dim :	4
cluster :	false
noise :	false
solution :	[12.6, -11.2, 15.2, -20.1]
description :	type2: cubic model
