name :	cubic
data :	[-5.0 75.5; -4.722222222222222 42.13554526748972; -4.444444444444445 14.874485596707839; -4.166666666666667 -6.784722222222191; -3.888888888888889 -23.34362139917696; -3.611111111111111 -35.30375514403294; -3.3333333333333335 0.0; -3.0555555555555554 -47.433899176954746; -2.7777777777777777 -48.60699588477365; -2.5 -47.1875; -2.2222222222222223 -43.67695473251029; -1.9444444444444444 -38.576903292181065; -1.6666666666666667 -32.388888888888886; -1.3888888888888888 -25.614454732510286; -1.1111111111111112 -18.755144032921812; -0.8333333333333334 -12.3125; -0.5555555555555556 -13.5761316872428; -0.2777777777777778 -2.6833847736625516; 0.0 -0.5; 0.2777777777777778 -0.7394547325102883; 0.5555555555555556 -3.90329218106996; 0.8333333333333334 -10.493055555555557; 1.1111111111111112 -21.010288065843625; 1.3888888888888888 -35.9565329218107; 1.6666666666666667 -55.833333333333336; 1.9444444444444444 -81.14223251028807; 2.2222222222222223 -224.76954732510293; 2.5 -150.0625; 2.7777777777777777 -194.6769547325103; 3.0555555555555554 -246.7296810699588; 3.3333333333333335 -306.72222222222223; 3.611111111111111 -375.1561213991769; 3.888888888888889 -452.5329218106995; 4.166666666666667 -1078.7083333333333; 4.444444444444445 -636.1213991769548; 4.722222222222222 -743.3361625514402; 5.0 -861.5]
npts :	37
nout :	4
model :	(x,t) -> x[1]t^3 + x[2]t^2 + x[3]t + x[4]
dim :	4
cluster :	false
noise :	false
solution :	[-3.9, -15.7, 3.8, -0.5]
description :	type2: cubic model
