name :	cubic
data :	[-5.0 1849.7; -4.7727272727272725 1637.4999624342597; -4.545454545454546 1442.1575507137495; -4.318181818181818 1262.9684072126224; -4.090909090909091 1099.228174305034; -3.8636363636363638 950.2324943651391; -3.6363636363636362 815.2770097670923; -3.409090909090909 693.657362885049; -3.1818181818181817 584.6691960931631; -2.9545454545454546 487.60815176558975; -2.727272727272727 401.76987227648374; -2.5 326.45; -2.272727272727273 260.94417731029307; -2.0454545454545454 204.54804658151767; -1.8181818181818181 156.55725018782866; -1.5909090909090908 116.26743050338091; -1.3636363636363635 82.97422990232907; -1.1363636363636365 55.97329075882797; -0.9090909090909091 34.560255447032304; -0.6818181818181818 18.030766341096918; -0.45454545454545453 5.680465815176557; -0.22727272727272727 -3.195003756574006; 0.0 -9.3; 0.22727272727272727 -26.677761081893316; 0.45454545454545453 -16.016003005259204; 0.6818181818181818 -18.03572501878287; 0.9090909090909091 -20.102404207362884; 1.1363636363636365 -22.92039819684448; 1.3636363636363635 -27.19406461307288; 1.5909090909090908 -33.62776108189331; 1.8181818181818181 -85.85169045830202; 2.0454545454545454 -55.792674680691206; 2.272727272727273 -72.93260706235915; 2.5 -95.05; 2.727272727272727 -245.69842223891806; 2.9545454545454546 -157.03459804658152; 3.1818181818181817 0.0; 3.409090909090909 -247.38132982719765; 3.6363636363636362 -304.95138993238163; 3.8636363636363638 -371.72505634861017; 4.090909090909091 -448.40668670172806; 4.318181818181818 -535.7006386175808; 4.545454545454546 -634.3112697220137; 4.7727272727272725 -744.9429376408714; 5.0 -868.3]
npts :	45
nout :	4
model :	(x,t) -> x[1]t^3 + x[2]t^2 + x[3]t + x[4]
dim :	4
cluster :	false
noise :	false
solution :	[-10.0, 20.0, -21.8, -9.3]
description :	type2: cubic model
