name :	cubic
data :	[-5.0 789.8; -4.827586206896552 706.9374595104349; -4.655172413793103 630.0601992701626; -4.482758620689655 558.9406576735412; -4.310344827586207 493.3512731149291; -4.137931034482759 433.0644839886835; -3.9655172413793105 377.85272868916326; -3.793103448275862 327.4884456107262; -3.6206896551724137 0.0; -3.4482758620689653 240.39204969453442; -3.2758620689655173 203.20481364549596; -3.103448275862069 169.95480339497317; -2.9310344827586206 140.4144573373242; -2.7586206896551726 114.35621386690725; -2.586206896551724 0.0; -2.413793103448276 71.77578826520151; -2.2413793103448274 54.798482922629034; -2.0689655172413794 80.78606748944199; -1.896551724137931 28.331879125835425; -1.7241379310344827 18.387457460330477; -1.5517241379310345 10.332207142564272; -1.3793103448275863 3.9385665668949166; -1.206896551724138 -2.042051744638975; -1.0344827586206897 -4.774131780720815; -0.8620689655172413 -7.54831276395096; -0.6896551724137931 -9.57113042765181; -0.5172413793103449 -11.07014637746525; -0.3448275862068966 -12.27292221903317; -0.1724137931034483 -13.407019557997456; 0.0 -14.7; 0.1724137931034483 -16.379425150682685; 0.3448275862068966 -18.6728566156874; 0.5172413793103449 -43.61571200131207; 0.6896551724137931 -26.011984911230474; 0.8620689655172413 -31.512804953052605; 1.0344827586206897 -38.537877731764326; 1.206896551724138 -47.3147648530075; 1.3793103448275863 -58.07102792242405; 1.5517241379310345 -71.03422854565582; 1.7241379310344827 -86.43192832834474; 1.896551724137931 -104.49168887613268; 2.0689655172413794 -125.44107179466154; 2.2413793103448274 -149.50763868957313; 2.413793103448276 -176.9189511665095; 2.586206896551724 -207.90257083111237; 2.7586206896551726 -242.6860592890238; 2.9310344827586206 -281.4969781458854; 3.103448275862069 -324.5628890073394; 3.2758620689655173 -372.11135347902746; 3.4482758620689653 -424.3699331665914; 3.6206896551724137 -963.1323793513469; 3.793103448275862 -543.9276846119153; 3.9655172413793105 -611.6819795809587; 4.137931034482759 -685.0566361884457; 4.310344827586207 -764.2792160400185; 4.482758620689655 -849.5772807413177; 4.655172413793103 -941.1783918979867; 4.827586206896552 -1039.3101111156668; 5.0 -1144.2]
npts :	59
nout :	6
model :	(x,t) -> x[1]t^3 + x[2]t^2 + x[3]t + x[4]
dim :	4
cluster :	false
noise :	false
solution :	[-7.4, -6.5, -8.4, -14.7]
description :	type2: cubic model
