name :	cubic
data :	[-5.0 2948.8; -4.833333333333333 2671.8212962962957; -4.666666666666667 2413.003703703704; -4.5 2171.725; -4.333333333333333 1947.3629629629625; -4.166666666666667 1739.2953703703706; -4.0 1546.8999999999999; -3.8333333333333335 1369.55462962963; -3.6666666666666665 1206.6370370370366; -3.5 1057.5249999999999; -3.3333333333333335 921.5962962962965; -3.1666666666666665 1596.4574074074071; -3.0 0.0; -2.8333333333333335 586.687962962963; -2.6666666666666665 497.2703703703703; -2.5 417.925; -2.3333333333333335 348.0296296296297; -2.1666666666666665 286.96203703703696; -2.0 234.10000000000002; -1.8333333333333333 188.82129629629628; -1.6666666666666667 150.50370370370374; -1.5 118.52499999999999; -1.3333333333333333 92.26296296296296; -1.1666666666666667 71.09537037037038; -1.0 54.400000000000006; -0.8333333333333334 41.55462962962963; -0.6666666666666666 31.937037037037037; -0.5 24.925; -0.3333333333333333 19.8962962962963; -0.16666666666666666 16.228703703703705; 0.0 13.3; 0.16666666666666666 10.487962962962964; 0.3333333333333333 7.170370370370371; 0.5 2.7249999999999996; 0.6666666666666666 -3.470370370370368; 0.8333333333333334 0.0; 1.0 -23.599999999999998; 1.1666666666666667 0.0; 1.3333333333333333 -58.196296296296296; 1.5 -82.47500000000001; 1.6666666666666667 -112.23703703703707; 1.8333333333333333 -148.10462962962958; 2.0 -190.7; 2.1666666666666665 -240.6453703703703; 2.3333333333333335 -298.562962962963; 2.5 -365.075; 2.6666666666666665 0.0; 2.8333333333333335 -1052.7425925925927; 3.0 -622.4; 3.1666666666666665 -729.5120370370371; 3.3333333333333335 -848.3296296296298; 3.5 -979.475; 3.6666666666666665 -1123.57037037037; 3.8333333333333335 -1281.2379629629634; 4.0 -1453.1000000000001; 4.166666666666667 -1639.7787037037042; 4.333333333333333 -1841.8962962962958; 4.5 -2060.0749999999994; 4.666666666666667 -2294.9370370370375; 4.833333333333333 -2547.1046296296286; 5.0 -2817.2]
npts :	61
nout :	6
model :	(x,t) -> x[1]t^3 + x[2]t^2 + x[3]t + x[4]
dim :	4
cluster :	false
noise :	false
solution :	[-22.4, 2.1, -16.6, 13.3]
description :	type2: cubic model
