name :	cubic
data :	[-5.0 -1681.5; -4.411764705882353 -1159.262059841238; -3.823529411764706 -760.7245064115613; -3.235294117647059 -469.03409322206403; -2.6470588235294117 -267.3375737838388; -2.0588235294117645 -138.7817016079788; -1.4705882352941178 -133.02646041115412; -0.8823529411764706 -33.67891308772644; -0.29411764705882354 -23.425503765520048; 0.29411764705882354 -18.899755750050886; 0.8823529411764706 -3.24842255241197; 1.4705882352941178 40.3817423163037; 2.0588235294117645 128.843985345003; 2.6470588235294117 278.9915530225931; 3.235294117647059 507.677691837981; 3.823529411764706 831.7556482800734; 4.411764705882353 1268.0786688377777; 5.0 1833.5]
npts :	18
nout :	1
model :	(x,t) -> x[1]t^3 + x[2]t^2 + x[3]t + x[4]
dim :	4
cluster :	false
noise :	false
solution :	[13.8, 3.9, 6.5, -21.5]
description :	type2: cubic model
