name :	cubic
data :	[-5.0 0.0; -4.818181818181818 313.72081141998495; -4.636363636363637 264.8045078888055; -4.454545454545454 220.62389181066857; -4.2727272727272725 0.0; -4.090909090909091 145.56093163035314; -3.909090909090909 114.22419233658904; -3.727272727272727 86.71435011269718; -3.5454545454545454 62.80420736288506; -3.3636363636363638 42.266566491359875; -3.1818181818181817 24.874229902329077; -3.0 10.399999999999993; -2.8181818181818183 -1.383320811419983; -2.6363636363636362 -10.702930127723533; -2.4545454545454546 -17.78602554470323; -2.272727272727273 -22.85980465815176; -2.090909090909091 -26.151465063861757; -1.9090909090909092 -55.77640871525169; -1.7272727272727273 -28.297220135236664; -1.5454545454545454 -27.60570999248685; -1.3636363636363635 -26.040871525169045; -1.1818181818181819 -23.829902329075885; -1.0 -21.2; -0.8181818181818182 -18.378362133734036; -0.6363636363636364 -15.592186326070625; -0.45454545454545453 -13.068670172802404; -0.2727272727272727 -11.035011269722014; -0.09090909090909091 -9.71840721262209; 0.09090909090909091 -9.346055597295267; 0.2727272727272727 -10.145154019534186; 0.45454545454545453 -12.34290007513148; 0.6363636363636364 -16.166491359879792; 0.8181818181818182 -21.843125469571753; 1.0 -29.6; 1.1818181818181819 -39.664312546957184; 1.3636363636363635 -52.2632607062359; 1.5454545454545454 -67.62404207362884; 1.7272727272727273 -85.97385424492865; 1.9090909090909092 -107.5398948159279; 2.090909090909091 -132.54936138241922; 2.272727272727273 -161.22945154019538; 2.4545454545454546 -193.80736288504886; 2.6363636363636362 -230.51029301277234; 2.8181818181818183 -271.56543951915853; 3.0 -634.4; 3.1818181818181817 -367.64117205108937; 3.3636363636363638 -423.1161532682194; 3.5454545454545454 -483.8521412471826; 3.727272727272727 -550.0763335837714; 3.909090909090909 -622.0159278737791; 4.090909090909091 -699.8981217129977; 4.2727272727272725 0.0; 4.454545454545454 -874.3990984222387; 4.636363636363637 -971.4722764838469; 4.818181818181818 0.0; 5.0 -1186.4]
npts :	56
nout :	6
model :	(x,t) -> x[1]t^3 + x[2]t^2 + x[3]t + x[4]
dim :	4
cluster :	false
noise :	false
solution :	[-6.3, -16.0, 2.1, -9.4]
description :	type2: cubic model
