name :	cubic
data :	[-5.0 -1429.2; -4.722222222222222 -1218.4622599451304; -4.444444444444445 -1028.8536351165983; -4.166666666666667 -859.2810185185187; -3.888888888888889 -708.6513031550069; -3.611111111111111 -575.8713820301783; -3.3333333333333335 -459.84814814814825; -3.0555555555555554 -718.976989026063; -2.7777777777777777 -273.69931412894374; -2.5 -402.775; -2.2222222222222223 -141.45994513031553; -1.9444444444444444 -185.64708504801095; -1.6666666666666667 -54.38518518518519; -1.3888888888888888 -25.051766117969816; -1.1111111111111112 -3.7301783264746255; -0.8333333333333334 10.672685185185184; -0.5555555555555556 19.249931412894377; -0.2777777777777778 23.094667352537723; 0.0 23.3; 0.2777777777777778 20.95903635116598; 0.5555555555555556 17.164883401920438; 0.8333333333333334 13.01064814814815; 1.1111111111111112 9.589437585733881; 1.3888888888888888 7.994358710562416; 1.6666666666666667 9.318518518518527; 1.9444444444444444 14.655024005486968; 2.2222222222222223 25.09698216735254; 2.5 41.7375; 2.7777777777777777 65.66968449931413; 3.0555555555555554 97.98664266117966; 3.3333333333333335 139.78148148148156; 3.611111111111111 192.14730795610424; 3.888888888888889 256.17722908093276; 4.166666666666667 332.964351851852; 4.444444444444445 423.6017832647463; 4.722222222222222 0.0; 5.0 650.8]
npts :	37
nout :	4
model :	(x,t) -> x[1]t^3 + x[2]t^2 + x[3]t + x[4]
dim :	4
cluster :	false
noise :	false
solution :	[8.5, -16.5, -4.5, 23.3]
description :	type2: cubic model
