name :	cubic
data :	[-5.0 690.4; -4.7560975609756095 620.143561468928; -4.512195121951219 0.0; -4.2682926829268295 491.6653327723045; -4.024390243902439 433.3216639340695; -3.7804878048780486 378.8270396540966; -3.5365853658536586 328.1205205960447; -3.292682926829268 281.14116742357186; -3.048780487804878 237.8280408003366; -2.8048780487804876 198.12020138999722; -2.5609756097560976 161.95670985621223; -2.317073170731707 129.2766268626398; -2.073170731707317 100.01901307293858; -1.829268292682927 74.12292915076682; -1.5853658536585367 51.52743575978295; -1.3414634146341464 32.17159356364534; -1.0975609756097562 15.994463226012392; -0.8536585365853658 2.935105410542505; -0.6097560975609756 -7.067419219105934; -0.36585365853658536 -14.074049999274532; -0.12195121951219512 -18.1457262663049; 0.12195121951219512 -19.343387356538646; 0.36585365853658536 -17.72797260631738; 0.6097560975609756 0.0; 0.8536585365853658 -6.30167292987624; 1.0975609756097562 3.387333323660421; 1.3414634146341464 15.645658072285663; 1.5853658536585367 30.412361979657867; 1.829268292682927 47.62650570943544; 2.073170731707317 67.22714992527676; 2.317073170731707 89.15335529084021; 2.5609756097560976 113.34418246978424; 2.8048780487804876 139.73869212576713; 3.048780487804878 168.27594492244745; 3.292682926829268 198.8950015234834; 3.5365853658536586 231.53492259253346; 3.7804878048780486 0.0; 4.024390243902439 302.63360078930947; 4.2682926829268295 340.9704792443522; 4.512195121951219 381.0844648220425; 4.7560975609756095 422.914618186039; 5.0 932.8]
npts :	42
nout :	4
model :	(x,t) -> x[1]t^3 + x[2]t^2 + x[3]t + x[4]
dim :	4
cluster :	false
noise :	false
solution :	[-0.7, 23.9, -4.9, -19.1]
description :	type2: cubic model
