name :	cubic
data :	[-5.0 -2141.0; -4.7560975609756095 0.0; -4.512195121951219 0.0; -4.2682926829268295 -1344.6886725381237; -4.024390243902439 -1130.0622016511659; -3.7804878048780486 -938.693663759957; -3.5365853658536586 -769.294627181846; -3.292682926829268 -620.5766602341811; -3.048780487804878 -491.25133123431175; -2.8048780487804876 -380.03020849958637; -2.5609756097560976 -571.2497206947086; -2.317073170731707 -206.7468550949638; -2.073170731707317 -142.1077610597641; -1.829268292682927 -90.41914655910391; -1.5853658536585367 -50.39257991033213; -1.3414634146341464 -20.739629430797592; -1.0975609756097562 -0.17186343784914726; -0.8536585365853658 12.599149751164376; -0.6097560975609756 18.861841818894096; -0.36585365853658536 19.904644447991178; -0.12195121951219512 17.015989321106773; 0.12195121951219512 11.484308120892036; 0.36585365853658536 4.598032529998115; 0.6097560975609756 -2.35440576892384; 0.8536585365853658 -8.084575093222675; 1.0975609756097562 -11.304043760247236; 1.3414634146341464 -10.724380087346379; 1.5853658536585367 -5.0571523918689465; 1.829268292682927 0.0; 2.073170731707317 26.693721797420245; 2.317073170731707 55.354231656534274; 2.5609756097560976 94.25603226882957; 2.8048780487804876 144.68755531695706; 3.048780487804878 207.93723248356815; 3.292682926829268 285.2934954513138; 3.5365853658536586 378.0447759028453; 3.7804878048780486 487.4795055208137; 4.024390243902439 614.8861159878702; 4.2682926829268295 761.5530389866663; 4.512195121951219 928.7687061998517; 4.7560975609756095 1117.8215493100795; 5.0 1330.0]
npts :	42
nout :	4
model :	(x,t) -> x[1]t^3 + x[2]t^2 + x[3]t + x[4]
dim :	4
cluster :	false
noise :	false
solution :	[14.8, -16.8, -22.9, 14.5]
description :	type2: cubic model
