name :	cubic
data :	[-5.0 -1801.1; -4.8 -1611.0328; -4.6 -1435.0263999999995; -4.4 -1272.5336000000002; -4.2 -1123.0072; -4.0 0.0; -3.8 -860.6648; -3.6 -746.7544000000001; -3.4 -643.6216; -3.2 -550.7192000000001; -3.0 -467.5; -2.8 -393.41679999999997; -2.6 -327.9224000000001; -2.4 -270.4696; -2.2 -220.51120000000003; -2.0 -177.5; -1.8 -140.8888; -1.6 -110.13040000000002; -1.4 -84.67759999999998; -1.2 -63.983200000000004; -1.0 -47.5; -0.8 -34.680800000000005; -0.6 -24.9784; -0.4 -17.845599999999997; -0.2 0.0; 0.0 -9.1; 0.2 -6.392799999999999; 0.4 -8.1328; 0.6 -1.573599999999999; 0.8 1.6328000000000014; 1.0 6.100000000000001; 1.2 0.0; 1.4 21.005599999999994; 1.6 32.53840000000001; 1.8 47.5208; 2.0 66.50000000000001; 2.2 90.02320000000003; 2.4 118.63760000000002; 2.6 152.89040000000006; 2.8 193.32879999999997; 3.0 240.50000000000003; 3.2 294.9512000000001; 3.4 357.2296; 3.6 427.8824; 3.8 507.45679999999993; 4.0 0.0; 4.2 695.5592; 4.4 805.1816000000002; 4.6 925.9143999999999; 4.8 1058.3048000000001; 5.0 1202.9]
npts :	51
nout :	5
model :	(x,t) -> x[1]t^3 + x[2]t^2 + x[3]t + x[4]
dim :	4
cluster :	false
noise :	false
solution :	[11.4, -11.6, 15.4, -9.1]
description :	type2: cubic model
