name :	cubic
data :	[-5.0 221.5; -4.473684210526316 143.64039947514215; -3.9473684210526314 83.29355591194052; -3.4210526315789473 0.0; -2.8947368421052633 6.740414054526909; -2.3684210526315788 -13.664747047674592; -1.8421052631578947 -24.954876804198864; -1.3157894736842106 -29.229406619040677; -0.7894736842105263 -28.58776789619478; -0.2631578947368421 -25.129392039655926; 0.2631578947368421 -20.953710453418864; 0.7894736842105263 -18.16015454147835; 1.3157894736842106 -18.84815570782913; 1.8421052631578947 -25.117145356465954; 2.3684210526315788 -39.06655489138358; 2.8947368421052633 -62.79581571657677; 3.4210526315789473 -98.40435923604022; 3.9473684210526314 -295.9832337075376; 4.473684210526316 -213.6570199737571; 5.0 -297.5]
npts :	20
nout :	2
model :	(x,t) -> x[1]t^3 + x[2]t^2 + x[3]t + x[4]
dim :	4
cluster :	false
noise :	false
solution :	[-2.4, -0.6, 8.1, -23.0]
description :	type2: cubic model
