name :	cubic
data :	[-5.0 1337.9133379971793; -4.821428571428571 2386.9238382424787; -4.642857142857143 1059.9154693202236; -4.464285714285714 935.7922355983266; -4.285714285714286 824.5959863074688; -4.107142857142857 719.3771684712821; -3.9285714285714284 624.6816330851074; -3.75 538.3044363784406; -3.5714285714285716 459.437713126224; -3.392857142857143 389.5045259997904; -3.2142857142857144 328.21000781595205; -3.0357142857142856 270.71164254196043; -2.857142857142857 221.30857195723158; -2.6785714285714284 0.0; -2.5 0.0; -2.3214285714285716 109.04127370010812; -2.142857142857143 83.00107846816492; -1.9642857142857142 61.31528296929771; -1.7857142857142858 84.98944292246487; -1.6071428571428572 28.701033262034045; -1.4285714285714286 15.264468810309546; -1.25 18.09713418406338; -1.0714285714285714 1.5938303013319703; -0.8928571428571429 -0.13108368852888297; -0.7142857142857143 0.0; -0.5357142857142857 -1.957965368356105; -0.35714285714285715 0.0; -0.17857142857142858 -3.2262176190797667; 0.0 0.0; 0.17857142857142858 1.8177879594519242; 0.35714285714285715 0.0; 0.5357142857142857 1.1815922744425023; 0.7142857142857143 -2.3852286403474037; 0.8928571428571429 -6.07909340817164; 1.0714285714285714 -22.969453776989784; 1.25 -21.264398212390507; 1.4285714285714286 -35.138167863813294; 1.6071428571428572 -50.29025633470274; 1.7857142857142858 -67.64850340419189; 1.9642857142857142 0.0; 2.142857142857143 -120.30073407923538; 2.3214285714285716 -153.55518662663022; 2.5 -193.54868270932744; 2.6785714285714284 -480.31439884561166; 2.857142857142857 -289.6411879705762; 3.0357142857142856 0.0; 3.2142857142857144 -414.8508884528556; 3.392857142857143 -486.492019009007; 3.5714285714285716 -1136.2433978997522; 3.75 -656.2444100139458; 3.9285714285714284 0.0; 4.107142857142857 -1722.3284224344263; 4.285714285714286 -976.8292657124108; 4.464285714285714 -1104.01429207227; 4.642857142857143 -1241.8512963080952; 4.821428571428571 -1388.9571959975685; 5.0 -1546.1975739225684]
npts :	57
nout :	17
model :	(x,t) -> x[1]t^3 + x[2]t^2 + x[3]t + x[4]
dim :	4
cluster :	false
noise :	false
solution :	[-11.8, -4.2, 6.6, 0.1]
description :	type2: cubic model
