name :	cubic
data :	[-5.0 0.0; -4.166666666666667 0.0; -3.3333333333333335 328.9147048357291; -2.5 153.20617438720188; -1.6666666666666667 50.15146119898886; -0.8333333333333334 0.0; 0.0 4.796117530172868; 0.8333333333333334 36.548927733328306; 1.6666666666666667 80.52100745555427; 2.5 125.60174458596323; 3.3333333333333335 156.6937472046034; 4.166666666666667 163.80757317778867; 5.0 127.97398762537827]
npts :	13
nout :	3
model :	(x,t) -> x[1]t^3 + x[2]t^2 + x[3]t + x[4]
dim :	4
cluster :	false
noise :	false
solution :	[-4.1, 21.4, 20.1, 6.0]
description :	type2: cubic model
