name :	cubic
data :	[-5.0 251.18316489878592; -3.888888888888889 11.093347886727248; -2.7777777777777777 -77.7354507560028; -1.6666666666666667 -70.47288129920261; -0.5555555555555556 -30.84412441363095; 0.5555555555555556 -32.79074974570614; 1.6666666666666667 -77.58963564982447; 2.7777777777777777 -283.840063619084; 3.888888888888889 0.0; 5.0 0.0]
npts :	10
nout :	3
model :	(x,t) -> x[1]t^3 + x[2]t^2 + x[3]t + x[4]
dim :	4
cluster :	false
noise :	false
solution :	[-7.1, -21.4, 17.5, -14.9]
description :	type2: cubic model
