name :	cubic
data :	[-5.0 -2367.112761638991; -4.836065573770492 -2130.31814303162; -4.672131147540983 -1911.7685201562374; -4.508196721311475 -1709.1922907662085; -4.344262295081967 -1523.0512542891463; -4.180327868852459 -2693.7715971918465; -4.016393442622951 -1189.2150909203328; -3.8524590163934427 -1043.5161232971013; -3.6885245901639343 -910.000312926342; -3.5245901639344264 0.0; -3.360655737704918 -681.1178209516441; -3.19672131147541 -581.4947521333489; -3.0327868852459017 -987.8506584376428; -2.8688524590163933 0.0; -2.7049180327868854 0.0; -2.540983606557377 0.0; -2.377049180327869 -467.0616580612252; -2.2131147540983607 -386.1675177486209; -2.0491803278688523 -153.83644793408484; -1.8852459016393444 -124.64004166670551; -1.721311475409836 -98.37864350718112; -1.5573770491803278 -76.06251745786241; -1.3934426229508197 -62.271875652873454; -1.2295081967213115 -49.718855121922275; -1.0655737704918034 -40.58984190862812; -0.9016393442622951 -33.77686468359867; -0.7377049180327869 -64.8096286592609; -0.5737704918032787 0.0; -0.4098360655737705 -58.59368921520888; -0.2459016393442623 -27.606368349185907; -0.08196721311475409 -25.38923243861763; 0.08196721311475409 -24.297825328955135; 0.2459016393442623 -19.74007581893957; 0.4098360655737705 0.0; 0.5737704918032787 -4.672365953407447; 0.7377049180327869 12.162970012937405; 0.9016393442622951 21.00728078952311; 1.0655737704918034 41.64989818499805; 1.2295081967213115 66.46521376236957; 1.3934426229508197 97.25381780784527; 1.5573770491803278 0.0; 1.721311475409836 176.74245248614565; 1.8852459016393444 227.52164328271613; 2.0491803278688523 286.808931418963; 2.2131147540983607 351.8215625123042; 2.377049180327869 0.0; 2.540983606557377 515.0670037007775; 2.7049180327868854 611.952810721972; 2.8688524590163933 720.7842677611599; 3.0327868852459017 838.0276048510815; 3.19672131147541 970.5749490331099; 3.360655737704918 2230.4233530148135; 3.5245901639344264 1272.9299487608705; 3.6885245901639343 0.0; 3.8524590163934427 1631.4112206878651; 4.016393442622951 1830.844904494587; 4.180327868852459 2047.5578234303507; 4.344262295081967 2281.235552542441; 4.508196721311475 2530.0588444824702; 4.672131147540983 2796.2868488423223; 4.836065573770492 3082.4993567833117; 5.0 0.0]
npts :	62
nout :	18
model :	(x,t) -> x[1]t^3 + x[2]t^2 + x[3]t + x[4]
dim :	4
cluster :	false
noise :	false
solution :	[22.5, 21.4, 12.9, -24.6]
description :	type2: cubic model
