name :	cubic
data :	[-5.0 0.0; -4.705882352941177 -604.9889885102737; -4.411764705882353 -239.7703058001234; -4.117647058823529 0.0; -3.823529411764706 -138.16655066951674; -3.5294117647058822 -99.51929477782946; -3.235294117647059 -68.22593098793915; -2.9411764705882355 -45.328540430146575; -2.6470588235294117 -27.849444762825215; -2.3529411764705883 -28.005596319086393; -2.0588235294117645 0.0; -1.7647058823529411 1.5619622428216773; -1.4705882352941178 4.660846441786918; -1.1764705882352942 2.10192391225115; -0.8823529411764706 2.1686280360560377; -0.5882352941176471 -3.601650694418178; -0.29411764705882354 -17.38290420283659; 0.0 -23.228183823924446; 0.29411764705882354 0.0; 0.5882352941176471 -16.768610755915613; 0.8823529411764706 -30.902890420778437; 1.1764705882352942 -14.1909749086278; 1.4705882352941178 -8.237128586967371; 1.7647058823529411 3.0435989959461303; 2.0588235294117645 19.82814832601854; 2.3529411764705883 42.46931747165885; 2.6470588235294117 69.28731727331278; 2.9411764705882355 105.0912740816504; 3.235294117647059 146.83593155228445; 3.5294117647058822 197.49120309513228; 3.823529411764706 0.0; 4.117647058823529 325.85761979267727; 4.411764705882353 404.19985192189034; 4.705882352941177 493.6490262391557; 5.0 597.8879004877666]
npts :	35
nout :	10
model :	(x,t) -> x[1]t^3 + x[2]t^2 + x[3]t + x[4]
dim :	4
cluster :	false
noise :	false
solution :	[4.4, 4.9, -12.7, -12.6]
description :	type2: cubic model
