name :	cubic
data :	[-5.0 -544.4515429926471; -4.767441860465116 -478.3862409035855; -4.534883720930233 -419.2110884249536; -4.3023255813953485 0.0; -4.069767441860465 -312.2870188897491; -3.8372093023255816 -267.2022257577309; -3.604651162790698 0.0; -3.372093023255814 -186.5777014900473; -3.13953488372093 -153.63905848942386; -2.9069767441860463 -242.70023686708092; -2.6744186046511627 -93.57368512350662; -2.441860465116279 -74.07264770618733; -2.2093023255813953 -54.33792669725608; -1.9767441860465116 -71.97300557675662; -1.744186046511628 -53.40711302912856; -1.5116279069767442 -13.220959782053546; -1.2790697674418605 -9.507105066400085; -1.0465116279069768 -0.894923435047136; -0.813953488372093 3.737396536577539; -0.5813953488372093 9.932574279548836; -0.3488372093023256 3.9763932743303085; -0.11627906976744186 0.0; 0.11627906976744186 -2.2661193125944337; 0.3488372093023256 -4.342787943022564; 0.5813953488372093 -11.131223686968212; 0.813953488372093 -17.88810217492033; 1.0465116279069768 -50.233338616317425; 1.2790697674418605 -35.022359367769475; 1.5116279069767442 -42.588965045545244; 1.744186046511628 -52.420958128445164; 1.9767441860465116 -60.31001862367076; 2.2093023255813953 -69.15230211098232; 2.441860465116279 -79.14342003952265; 2.6744186046511627 -87.30557938322968; 2.9069767441860463 -186.0138796499049; 3.13953488372093 -200.1245407406423; 3.372093023255814 -104.45198357554618; 3.604651162790698 -107.53085240883645; 3.8372093023255816 -223.19358876680334; 4.069767441860465 -112.46256680437031; 4.3023255813953485 -111.66426856227643; 4.534883720930233 0.0; 4.767441860465116 -105.33441083888593; 5.0 -98.25216143641956]
npts :	44
nout :	13
model :	(x,t) -> x[1]t^3 + x[2]t^2 + x[3]t + x[4]
dim :	4
cluster :	false
noise :	false
solution :	[2.4, -12.9, -15.2, 1.1]
description :	type2: cubic model
