name :	cubic
data :	[-5.0 705.1051951328211; -4.6875 596.9833413623261; -4.375 1002.3754591372351; -4.0625 413.77277825671007; -3.75 0.0; -3.4375 268.56437338196685; -3.125 206.59362048063954; -2.8125 155.9566686087195; -2.5 224.55832573873099; -2.1875 74.27671125239794; -1.875 0.0; -1.5625 19.996890124076113; -1.25 7.698697610805706; -0.9375 -7.8545895786739655; -0.625 -14.987703088417614; -0.3125 -17.212486244223122; 0.0 -15.69854768288037; 0.3125 -9.583062105092884; 0.625 0.6820015407424067; 0.9375 9.883441596105321; 1.25 26.73165323608452; 1.5625 43.12868024637339; 1.875 61.79709246605455; 2.1875 82.30052000174744; 2.5 102.1699310522211; 2.8125 121.51683856908133; 3.125 143.11733881642232; 3.4375 162.30657095192723; 3.75 0.0; 4.0625 0.0; 4.375 214.87555150881204; 4.6875 454.6251347669501; 5.0 470.54278396374093]
npts :	33
nout :	9
model :	(x,t) -> x[1]t^3 + x[2]t^2 + x[3]t + x[4]
dim :	4
cluster :	false
noise :	false
solution :	[-2.4, 19.5, 13.1, -15.3]
description :	type2: cubic model
