name :	cubic
data :	[-5.0 1128.7531609669984; -4.230769230769231 708.1745474700272; -3.4615384615384617 401.68522951940804; -2.6923076923076925 193.75868334454853; -1.9230769230769231 131.90588542757786; -1.1538461538461537 -0.4204887674451679; -0.38461538461538464 -22.57855015449992; 0.38461538461538464 0.0; 1.1538461538461537 -8.273388163980627; 1.9230769230769231 -5.398666476807753; 2.6923076923076925 -28.482236124126683; 3.4615384615384617 -97.92670353621885; 4.230769230769231 0.0; 5.0 0.0]
npts :	14
nout :	4
model :	(x,t) -> x[1]t^3 + x[2]t^2 + x[3]t + x[4]
dim :	4
cluster :	false
noise :	false
solution :	[-6.5, 14.7, 5.7, -23.4]
description :	type2: cubic model
