name :	cubic
data :	[-5.0 -2702.59554283292; -4.827586206896552 -2423.2418691494986; -4.655172413793103 -2164.0110890038072; -4.482758620689655 -1922.9769053480793; -4.310344827586207 -1701.4495004942858; -4.137931034482759 -2995.5901994113; -3.9655172413793105 -1308.9771054730693; -3.793103448275862 -1139.6414230251987; -3.6206896551724137 -985.4552064502867; -3.4482758620689653 -843.9700303319423; -3.2758620689655173 -1439.498252779549; -3.103448275862069 0.0; -2.9310344827586206 -504.69396656238564; -2.7586206896551726 -415.07653216636135; -2.586206896551724 0.0; -2.413793103448276 -269.90568085368034; -2.2413793103448274 0.0; -2.0689655172413794 -328.948550261352; -1.896551724137931 -247.6122127645704; -1.7241379310344827 -88.33365223883352; -1.5517241379310345 -61.56544602637644; -1.3793103448275863 -42.231377881472916; -1.206896551724138 -22.790807627777394; -1.0344827586206897 -11.316055407783722; -0.8620689655172413 -1.4764146440876784; -0.6896551724137931 4.201882514687676; -0.5172413793103449 9.373227094106944; -0.3448275862068966 12.340637867771031; -0.1724137931034483 0.0; 0.0 18.280502752333273; 0.1724137931034483 23.90726497674094; 0.3448275862068966 29.3564195086406; 0.5172413793103449 37.27947793527593; 0.6896551724137931 0.0; 0.8620689655172413 0.0; 1.0344827586206897 86.88215453746874; 1.206896551724138 114.16567331878557; 1.3793103448275863 0.0; 1.5517241379310345 185.62724109054952; 1.7241379310344827 234.15297463324183; 1.896551724137931 292.68164795198567; 2.0689655172413794 357.95110733639285; 2.2413793103448274 434.9048650009058; 2.413793103448276 1042.4527790451448; 2.586206896551724 1239.8073460418964; 2.7586206896551726 730.482522361129; 2.9310344827586206 856.3158729072921; 3.103448275862069 994.2620055062999; 3.2758620689655173 1146.8964535836578; 3.4482758620689653 2627.4740524972517; 3.6206896551724137 1500.982851920858; 3.793103448275862 1702.4550406102767; 3.9655172413793105 1922.4012515632053; 4.137931034482759 2160.312928649228; 4.310344827586207 0.0; 4.482758620689655 0.0; 4.655172413793103 2992.024841623074; 4.827586206896552 0.0; 5.0 3652.423811090741]
npts :	59
nout :	17
model :	(x,t) -> x[1]t^3 + x[2]t^2 + x[3]t + x[4]
dim :	4
cluster :	false
noise :	false
solution :	[24.6, 18.3, 20.8, 18.3]
description :	type2: cubic model
