name :	cubic
data :	[-5.0 -602.0071537563438; -4.411764705882353 0.0; -3.823529411764706 -265.1650321987568; -3.235294117647059 -158.40113930014164; -2.6470588235294117 -80.6919107576325; -2.0588235294117645 -32.80480398712732; -1.4705882352941178 -5.465972329993332; -0.8823529411764706 3.9398363867383903; -0.29411764705882354 -0.024746277931898097; 0.29411764705882354 -11.932539287726632; 0.8823529411764706 -52.88613635269545; 1.4705882352941178 -42.30571953256643; 2.0588235294117645 -48.0610453885943; 2.6470588235294117 -93.42788358387452; 3.235294117647059 -44.63751765157664; 3.823529411764706 17.271171742530612; 4.411764705882353 88.61428195785868; 5.0 0.0]
npts :	18
nout :	5
model :	(x,t) -> x[1]t^3 + x[2]t^2 + x[3]t + x[4]
dim :	4
cluster :	false
noise :	false
solution :	[4.0, -8.1, -21.2, -6.2]
description :	type2: cubic model
