name :	cubic
data :	[-5.0 624.6929212140391; -4.75 519.8297145515794; -4.5 427.9283142982497; -4.25 344.5320003539527; -4.0 273.1859316049668; -3.75 0.0; -3.5 161.828432749433; -3.25 239.38536052767694; -3.0 82.33529228381494; -2.75 0.0; -2.5 31.94937400144086; -2.25 0.0; -2.0 9.448843205377896; -1.75 -0.5158603020388071; -1.5 0.0; -1.25 -7.81138586396939; -1.0 0.0; -0.75 -6.443564077162412; -0.5 -6.171000560624583; -0.25 -3.5659725526254507; 0.0 -5.63784873030234; 0.25 -6.965561336443997; 0.5 -14.339621785029712; 0.75 -20.815116435055884; 1.0 -34.78340168298926; 1.25 -55.114579772769524; 1.5 -78.16990031097195; 1.75 -109.03830310791967; 2.0 -149.2570335097592; 2.25 -195.79891877932198; 2.5 -503.00416996972297; 2.75 -317.3491705474167; 3.0 -391.7449980089633; 3.25 -478.0353712179032; 3.5 -575.7717864392741; 3.75 -1374.9235932588285; 4.0 -812.1079099865084; 4.25 0.0; 4.5 -1103.0907726122027; 4.75 0.0; 5.0 -2922.6189791464894]
npts :	41
nout :	12
model :	(x,t) -> x[1]t^3 + x[2]t^2 + x[3]t + x[4]
dim :	4
cluster :	false
noise :	false
solution :	[-8.1, -16.5, -6.2, -5.2]
description :	type2: cubic model
