name :	cubic
data :	[-5.0 0.0; -4.830508474576271 -2346.0489263956074; -4.661016949152542 -2132.301562152224; -4.491525423728813 -3863.4448340529866; -4.322033898305085 -1743.7784996027306; -4.1525423728813555 -1570.2214441557503; -3.983050847457627 -1406.96602246191; -3.8135593220338984 -1257.4453168046282; -3.6440677966101696 -2232.893498042628; -3.4745762711864407 -991.1589595287552; -3.305084745762712 -870.8623327057112; -3.135593220338983 0.0; -2.9661016949152543 -665.7878118069563; -2.7966101694915255 0.0; -2.6271186440677967 0.0; -2.457627118644068 -423.43133464705153; -2.288135593220339 -359.8488950856607; -2.1186440677966103 -605.6037432883949; -1.9491525423728813 -252.44848244383465; -1.7796610169491525 -209.8293108653811; -1.6101694915254237 -169.68088775195264; -1.4406779661016949 -139.44571184147938; -1.271186440677966 -110.01158238345752; -1.1016949152542372 -88.10521322999661; -0.9322033898305084 0.0; -0.7627118644067796 -52.584878761137425; -0.5932203389830508 -40.92881529813674; -0.423728813559322 -62.141503858564285; -0.2542372881355932 -23.818268125783433; -0.0847457627118644 -20.41232683403656; 0.0847457627118644 -15.11551697561386; 0.2542372881355932 -22.94313510941662; 0.423728813559322 -17.48344962262124; 0.5932203389830508 -7.165335723879173; 0.7627118644067796 -2.6740431130070306; 0.9322033898305084 0.0; 1.1016949152542372 0.0; 1.271186440677966 12.292726355170267; 1.4406779661016949 25.35458325870536; 1.6101694915254237 35.10165414106767; 1.7796610169491525 0.0; 1.9491525423728813 72.02504570152783; 2.1186440677966103 95.93532007875758; 2.288135593220339 125.01062300616253; 2.457627118644068 157.1669316926562; 2.6271186440677967 396.55706162568924; 2.7966101694915255 242.95652261762805; 2.9661016949152543 291.8889744597558; 3.135593220338983 351.27316469136554; 3.305084745762712 416.8875597553763; 3.4745762711864407 490.7555890509276; 3.6440677966101696 1148.0954305513962; 3.8135593220338984 0.0; 3.983050847457627 763.4611178581944; 4.1525423728813555 871.3409357143455; 4.322033898305085 0.0; 4.491525423728813 1124.3032878512033; 4.661016949152542 1266.341520139865; 4.830508474576271 1415.672470503228; 5.0 1583.4616862991688]
npts :	60
nout :	18
model :	(x,t) -> x[1]t^3 + x[2]t^2 + x[3]t + x[4]
dim :	4
cluster :	false
noise :	false
solution :	[15.7, -19.2, 23.4, -17.1]
description :	type2: cubic model
