name :	cubic
data :	[-5.0 0.0; -4.777777777777778 2130.9219203058556; -4.555555555555555 1873.827065496762; -4.333333333333333 1639.5390547091847; -4.111111111111111 1425.2766046879628; -3.888888888888889 1232.3101209569402; -3.6666666666666665 1055.5693527558985; -3.4444444444444446 0.0; -3.2222222222222223 760.0992569528927; -3.0 1267.8117924942408; -2.7777777777777777 526.9614246337397; -2.5555555555555554 431.08364298180305; -2.3333333333333335 0.0; -2.111111111111111 276.7096423655151; -1.8888888888888888 217.6422185961538; -1.6666666666666667 169.00289128566047; -1.4444444444444444 128.43495927472117; -1.2222222222222223 96.05539756400458; -1.0 70.8323597057317; -0.7777777777777778 0.0; -0.5555555555555556 37.09471788985519; -0.3333333333333333 0.0; -0.1111111111111111 18.81188153762286; 0.1111111111111111 26.86184174525325; 0.3333333333333333 10.808866296296584; 0.5555555555555556 5.3313642420521745; 0.7777777777777778 1.8976480434370977; 1.0 -5.26565595182012; 1.2222222222222223 -15.433147001297419; 1.4444444444444444 -29.65698700570708; 1.6666666666666667 -47.423005713994826; 1.8888888888888888 0.0; 2.111111111111111 -103.1423982186645; 2.3333333333333335 -142.01818261601008; 2.5555555555555554 -380.8535333106385; 2.7777777777777777 0.0; 3.0 -317.4100515675842; 3.2222222222222223 0.0; 3.4444444444444446 -488.6065451460674; 3.6666666666666665 -593.4810261877543; 3.888888888888889 -715.6492955405938; 4.111111111111111 -851.6625641041779; 4.333333333333333 -2010.4192606175072; 4.555555555555555 -1176.448406480485; 4.777777777777778 -1367.354527546783; 5.0 -3153.0232588810586]
npts :	46
nout :	13
model :	(x,t) -> x[1]t^3 + x[2]t^2 + x[3]t + x[4]
dim :	4
cluster :	false
noise :	false
solution :	[-15.0, 16.0, -23.5, 16.3]
description :	type2: cubic model
