name :	cubic
data :	[-5.0 -2041.9539468030887; -4.565217391304348 0.0; -4.130434782608695 -1142.9968864770792; -3.6956521739130435 -809.1228557411224; -3.260869565217391 -548.5631145824884; -2.8260869565217392 -696.7991990153776; -2.391304347826087 -202.3683091536121; -1.9565217391304348 -197.98562807943142; -1.5217391304347827 -33.23911218037425; -1.0869565217391304 4.284393305100492; -0.6521739130434783 37.38646144637455; -0.21739130434782608 18.776026381306632; 0.21739130434782608 32.9379597137522; 0.6521739130434783 17.987072598245973; 1.0869565217391304 26.895714858374625; 1.5217391304347827 58.605952273002416; 1.9565217391304348 113.01373198742151; 2.391304347826087 206.99425655848046; 2.8260869565217392 676.1206980386464; 3.260869565217391 524.9867371190616; 3.6956521739130435 0.0; 4.130434782608695 1079.1141138864646; 4.565217391304348 1465.4796048595301; 5.0 1932.4805666247123]
npts :	24
nout :	7
model :	(x,t) -> x[1]t^3 + x[2]t^2 + x[3]t + x[4]
dim :	4
cluster :	false
noise :	false
solution :	[16.2, -2.9, -7.6, 18.7]
description :	type2: cubic model
