name :	cubic
data :	[-5.0 2778.0985259868467; -4.824561403508772 2507.823752494958; -4.649122807017544 2251.780028680981; -4.473684210526316 2018.2612588194274; -4.298245614035087 0.0; -4.12280701754386 1596.2595265783518; -3.9473684210526314 1408.9860035679776; -3.7719298245614037 1236.4152603638963; -3.5964912280701755 1079.2120367211226; -3.4210526315789473 935.7903265381165; -3.245614035087719 0.0; -3.0701754385964914 687.0136976002937; -2.8947368421052633 581.7311527886985; -2.719298245614035 487.7258529660474; -2.543859649122807 405.3383276221357; -2.3684210526315788 658.913319719735; -2.192982456140351 531.2454397324689; -2.017543859649123 212.58546432326236; -1.8421052631578947 163.41502348732573; -1.6666666666666667 122.70884095515802; -1.4912280701754386 93.4291552312809; -1.3157894736842106 131.0016077709165; -1.1403508771929824 46.93586045121744; -0.9649122807017544 30.85268813556373; -0.7894736842105263 40.49404518242905; -0.6140350877192983 10.900377852617531; -0.43859649122807015 8.352308058771992; -0.2631578947368421 8.522624313997284; -0.08771929824561403 9.512812218684164; 0.08771929824561403 27.833767918781124; 0.2631578947368421 0.0; 0.43859649122807015 0.0; 0.6140350877192983 45.04574071084961; 0.7894736842105263 0.0; 0.9649122807017544 23.14437656971259; 1.1403508771929824 18.86140082751827; 1.3157894736842106 0.0; 1.4912280701754386 0.0; 1.6666666666666667 -5.983532857426069; 1.8421052631578947 0.0; 2.017543859649123 -46.99500347192248; 2.192982456140351 -76.37799901176338; 2.3684210526315788 -113.04028149772782; 2.543859649122807 -307.2757731652864; 2.719298245614035 -206.37733427169226; 2.8947368421052633 -266.8841424937096; 3.0701754385964914 -336.13411468243805; 3.245614035087719 -412.48664235714074; 3.4210526315789473 -505.1134008868053; 3.5964912280701755 -602.5584314571882; 3.7719298245614037 -715.4870651737666; 3.9473684210526314 -1676.4211814166608; 4.12280701754386 -975.532420474945; 4.298245614035087 -1127.271954904686; 4.473684210526316 -1292.8016347904027; 4.649122807017544 -1472.8422571812707; 4.824561403508772 0.0; 5.0 -1876.8198723753176]
npts :	58
nout :	17
model :	(x,t) -> x[1]t^3 + x[2]t^2 + x[3]t + x[4]
dim :	4
cluster :	false
noise :	false
solution :	[-19.2, 17.6, 14.4, 10.5]
description :	type2: cubic model
