name :	cubic
data :	[-5.0 -174.95854079470408; -4.84375 0.0; -4.6875 0.0; -4.53125 -203.0872589257408; -4.375 -82.83764226728708; -4.21875 -63.30559002298419; -4.0625 -49.1797414803227; -3.90625 0.0; -3.75 0.0; -3.59375 -13.935104409031617; -3.4375 -6.919589864018292; -3.28125 0.0; -3.125 10.647095559508669; -2.96875 9.99679168088652; -2.8125 12.660304828085442; -2.65625 15.219021575784682; -2.5 13.50693317380002; -2.34375 0.0; -2.1875 12.140086308983323; -2.03125 9.959569536471879; -1.875 0.0; -1.71875 5.5133907680916865; -1.5625 1.2402625770528486; -1.40625 -1.2014914114976107; -1.25 -4.102953990014127; -1.09375 -6.185422266725988; -0.9375 -11.141497977554259; -0.78125 -27.100158918609864; -0.625 -14.376739165822816; -0.46875 -18.3137992216301; -0.3125 -18.5062345255723; -0.15625 -20.855358770334004; 0.0 0.0; 0.15625 0.0; 0.3125 0.0; 0.46875 -15.183876550416066; 0.625 -11.701770943692868; 0.78125 0.0; 0.9375 1.4217861070899147; 1.09375 11.809173136320556; 1.25 18.469166506402434; 1.40625 30.834941968703156; 1.5625 46.07821022795956; 1.71875 60.20039679268873; 1.875 160.41439561029034; 2.03125 100.17086142454191; 2.1875 122.16761157804257; 2.34375 147.72232455661188; 2.5 344.0118442208822; 2.65625 203.9937526707812; 2.8125 470.7251795844705; 2.96875 272.2482000957073; 3.125 311.5074031865388; 3.28125 352.7591356254643; 3.4375 397.9186631713082; 3.59375 446.0871004681081; 3.75 499.4808826666399; 3.90625 553.42514599731; 4.0625 1225.4054457351874; 4.21875 674.9239408968076; 4.375 741.7931414115795; 4.53125 809.694844170245; 4.6875 886.7787671735248; 4.84375 964.1207377980332; 5.0 1046.6266338235412]
npts :	65
nout :	19
model :	(x,t) -> x[1]t^3 + x[2]t^2 + x[3]t + x[4]
dim :	4
cluster :	false
noise :	false
solution :	[4.8, 18.3, 2.1, -20.8]
description :	type2: cubic model
