name :	cubic
data :	[-5.0 -2470.6019124707777; -4.795918367346939 0.0; -4.591836734693878 -3851.7253597163003; -4.387755102040816 -1682.0126799906493; -4.183673469387755 -1462.2451393581737; -3.979591836734694 0.0; -3.7755102040816326 -1082.4274497836598; -3.5714285714285716 0.0; -3.36734693877551 0.0; -3.163265306122449 -1281.1749904026594; -2.9591836734693877 0.0; -2.7551020408163267 -424.43044120803967; -2.5510204081632653 -339.3018590657222; -2.3469387755102042 -261.0583034711074; -2.142857142857143 -197.95884700799087; -1.9387755102040816 -142.94054105512834; -1.7346938775510203 -99.44369186753363; -1.530612244897959 -66.62597395451277; -1.3265306122448979 -37.75462786501144; -1.1224489795918366 -16.72081454463131; -0.9183673469387755 0.8488110931594552; -0.7142857142857143 16.827874509010968; -0.5102040816326531 16.657787556808092; -0.30612244897959184 34.80598382875487; -0.10204081632653061 17.060326929646948; 0.10204081632653061 18.881937159238632; 0.30612244897959184 16.855187254191048; 0.5102040816326531 19.115617714528838; 0.7142857142857143 19.415506690804737; 0.9183673469387755 24.596630232239892; 1.1224489795918366 33.17749385482573; 1.3265306122448979 44.9859283766515; 1.530612244897959 62.74001101410672; 1.7346938775510203 172.327581133717; 1.9387755102040816 233.58629960099492; 2.142857142857143 154.94853290565243; 2.3469387755102042 204.80613397877693; 2.5510204081632653 261.53570909143906; 2.7551020408163267 660.8082977524415; 2.9591836734693877 410.3789377219356; 3.163265306122449 0.0; 3.36734693877551 608.1222923328481; 3.5714285714285716 732.1858298960803; 3.7755102040816326 868.3757265059429; 3.979591836734694 2043.0648792537459; 4.183673469387755 1192.215421994634; 4.387755102040816 1383.0582596596782; 4.591836734693878 1589.7941950953089; 4.795918367346939 1818.6179686304918; 5.0 4140.55110055756]
npts :	50
nout :	15
model :	(x,t) -> x[1]t^3 + x[2]t^2 + x[3]t + x[4]
dim :	4
cluster :	false
noise :	false
solution :	[18.2, -8.8, -1.1, 19.2]
description :	type2: cubic model
