name :	cubic
data :	[-5.0 1561.8038163473727; -4.814814814814815 1387.5805415231066; -4.62962962962963 2452.2323246122282; -4.444444444444445 0.0; -4.2592592592592595 942.4969621569649; -4.074074074074074 1638.7203677069895; -3.888888888888889 1408.4374477631382; -3.7037037037037037 1205.1932240367694; -3.5185185185185186 511.8690085636726; -3.3333333333333335 429.7591260495216; -3.1481481481481484 357.40763749240244; -2.962962962962963 0.0; -2.7777777777777777 238.58162139234625; -2.5925925925925926 189.29791848702726; -2.4074074074074074 146.81028653648517; -2.2222222222222223 111.16926350778336; -2.037037037037037 82.54579166976309; -1.8518518518518519 57.09019858935477; -1.6666666666666667 0.0; -1.4814814814814814 47.5632987104932; -1.2962962962962963 10.839473377619562; -1.1111111111111112 2.3792978942079035; -0.9259259259259259 -3.2476102941485014; -0.7407407407407407 0.0; -0.5555555555555556 -13.632470233563826; -0.37037037037037035 -12.97533475532319; -0.18518518518518517 -15.979507973753204; 0.0 -19.541489328800218; 0.18518518518518517 -20.861584878396826; 0.37037037037037035 -29.910528439102286; 0.5555555555555556 -37.744622328925686; 0.7407407407407407 -46.03370941831453; 0.9259259259259259 -59.60783740612346; 1.1111111111111112 -151.14025270336217; 1.2962962962962963 0.0; 1.4814814814814814 -121.74941985790132; 1.6666666666666667 -153.38246412839143; 1.8518518518518519 0.0; 2.037037037037037 -235.57848092305434; 2.2222222222222223 -573.6574578841152; 2.4074074074074074 -345.4486463323375; 2.5925925925925926 -411.9022222639911; 2.7777777777777777 -487.0019112594128; 2.962962962962963 -1147.033179388126; 3.1481481481481484 -668.1602441922295; 3.3333333333333335 -771.9557532467445; 3.5185185185185186 -1778.6297275944805; 3.7037037037037037 -1017.9692961682031; 3.888888888888889 -1156.661007723526; 4.074074074074074 -1309.2601732093651; 4.2592592592592595 -1476.4662502218155; 4.444444444444445 0.0; 4.62962962962963 -1849.981675472376; 4.814814814814815 -2058.73881550768; 5.0 -2283.06076687821]
npts :	55
nout :	16
model :	(x,t) -> x[1]t^3 + x[2]t^2 + x[3]t + x[4]
dim :	4
cluster :	false
noise :	false
solution :	[-14.7, -13.6, -17.1, -19.8]
description :	type2: cubic model
