name :	cubic
data :	[-5.0 0.0; -3.888888888888889 1657.2547119980993; -2.7777777777777777 625.2994981167084; -1.6666666666666667 134.8709871954755; -0.5555555555555556 -14.000099511951767; 0.5555555555555556 0.0; 1.6666666666666667 -79.55555808478782; 2.7777777777777777 -394.9958833009731; 3.888888888888889 0.0; 5.0 -2583.026636440067]
npts :	10
nout :	3
model :	(x,t) -> x[1]t^3 + x[2]t^2 + x[3]t + x[4]
dim :	4
cluster :	false
noise :	false
solution :	[-24.2, 17.9, 3.4, -22.9]
description :	type2: cubic model
