name :	cubic
data :	[-5.0 1112.4692686025799; -4.62962962962963 1795.3988217988222; -4.2592592592592595 713.8085274667643; -3.888888888888889 0.0; -3.5185185185185186 426.26315793224984; -3.1481481481481484 0.0; -2.7777777777777777 235.678698183247; -2.4074074074074074 169.22675428884244; -2.037037037037037 117.27954067707458; -1.6666666666666667 80.23957612250152; -1.2962962962962963 0.0; -0.9259259259259259 71.87553749063488; -0.5555555555555556 23.170179406157818; -0.18518518518518517 15.516287641349274; 0.18518518518518517 6.544461210105448; 0.5555555555555556 -1.7370921382375193; 0.9259259259259259 -13.479397473952277; 1.2962962962962963 -33.2590625918316; 1.6666666666666667 -62.99217491922332; 2.037037037037037 -102.34438555210026; 2.4074074074074074 -157.83606038289926; 2.7777777777777777 -226.76129219908253; 3.1481481481481484 -637.3245087390746; 3.5185185185185186 0.0; 3.888888888888889 -565.2411543609775; 4.2592592592592595 0.0; 4.62962962962963 -915.8537088681653; 5.0 -1139.416953844011]
npts :	28
nout :	8
model :	(x,t) -> x[1]t^3 + x[2]t^2 + x[3]t + x[4]
dim :	4
cluster :	false
noise :	false
solution :	[-8.2, -1.0, -20.2, 11.6]
description :	type2: cubic model
