name :	cubic
data :	[-5.0 1387.2342622316348; -4.782608695652174 1211.7387740498818; -4.565217391304348 1052.3796275430761; -4.3478260869565215 0.0; -4.130434782608695 781.1687598872855; -3.9130434782608696 1331.3923376803978; -3.6956521739130435 0.0; -3.4782608695652173 471.11248666496596; -3.260869565217391 391.03757473646084; -3.0434782608695654 0.0; -2.8260869565217392 264.0652278976971; -2.608695652173913 213.59195752936992; -2.391304347826087 170.43466613556598; -2.1739130434782608 136.04865559722603; -1.9565217391304348 106.85801311184173; -1.7391304347826086 85.97134190701767; -1.5217391304347827 67.87441401365552; -1.3043478260869565 107.66435621947012; -1.0869565217391304 93.0715395029277; -0.8695652173913043 39.25356974535403; -0.6521739130434783 34.25665688367945; -0.43478260869565216 30.39539876964021; -0.21739130434782608 27.454503278968804; 0.0 23.153377820190826; 0.21739130434782608 20.463588473910654; 0.43478260869565216 12.108861757464659; 0.6521739130434783 4.080590901003011; 0.8695652173913043 0.0; 1.0869565217391304 0.0; 1.3043478260869565 -46.616380332413904; 1.5217391304347827 -140.746898599223; 1.7391304347826086 -210.9840512912022; 1.9565217391304348 -144.21682054833695; 2.1739130434782608 -194.13263760326822; 2.391304347826087 -251.4745688177462; 2.608695652173913 -320.83038603931584; 2.8260869565217392 -794.4700874606583; 3.0434782608695654 -968.6452807322631; 3.260869565217391 -584.9037595393444; 3.4782608695652173 -698.5384313701295; 3.6956521739130435 -823.5701954171325; 3.9130434782608696 -964.4613256439692; 4.130434782608695 -2239.4811026979314; 4.3478260869565215 -1291.7599960642433; 4.565217391304348 -2960.2305995512556; 4.782608695652174 -1685.4483722112343; 5.0 -1907.430023419593]
npts :	47
nout :	14
model :	(x,t) -> x[1]t^3 + x[2]t^2 + x[3]t + x[4]
dim :	4
cluster :	false
noise :	false
solution :	[-12.5, -11.4, -16.9, 24.8]
description :	type2: cubic model
