name :	cubic
data :	[-5.0 1084.8399559946133; -4.583333333333333 0.0; -4.166666666666667 684.7718133684975; -3.75 528.3219394416752; -3.3333333333333335 395.5427681673053; -2.9166666666666665 287.3589709135594; -2.5 196.54551620615453; -2.0833333333333335 127.84025063549716; -1.6666666666666667 77.1954746387908; -1.25 37.13873613776633; -0.8333333333333334 11.820180330965442; -0.4166666666666667 0.1115456781092018; 0.0 -4.681444126965063; 0.4166666666666667 -2.7061483912944775; 0.8333333333333334 6.643126075342604; 1.25 13.772587830624996; 1.6666666666666667 0.0; 2.0833333333333335 34.29159003045457; 2.5 38.42238048534662; 2.9166666666666665 40.13486045799612; 3.3333333333333335 64.41054289161573; 3.75 0.0; 4.166666666666667 -26.492473875755827; 4.583333333333333 -57.09405771080515; 5.0 -223.49047434406185]
npts :	25
nout :	7
model :	(x,t) -> x[1]t^3 + x[2]t^2 + x[3]t + x[4]
dim :	4
cluster :	false
noise :	false
solution :	[-4.7, 19.6, -2.2, -4.2]
description :	type2: cubic model
