name :	cubic
data :	[-5.0 -36.76005081525515; -4.411764705882353 0.0; -3.823529411764706 0.0; -3.235294117647059 14.232311707919653; -2.6470588235294117 0.0; -2.0588235294117645 -5.520077873240721; -1.4705882352941178 -14.766818104271758; -0.8823529411764706 0.0; -0.29411764705882354 -20.532129578336104; 0.29411764705882354 -8.499000876218266; 0.8823529411764706 22.29340403863004; 1.4705882352941178 0.0; 2.0588235294117645 149.97409237084432; 2.6470588235294117 255.44815880414941; 3.235294117647059 398.2363281558593; 3.823529411764706 573.31260396195; 4.411764705882353 794.878412425935; 5.0 1061.7886030995976]
npts :	18
nout :	5
model :	(x,t) -> x[1]t^3 + x[2]t^2 + x[3]t + x[4]
dim :	4
cluster :	false
noise :	false
solution :	[3.5, 21.2, 22.4, -17.0]
description :	type2: cubic model
