name :	cubic
data :	[-5.0 2291.5562852141493; -4.787234042553192 4053.915588058298; -4.574468085106383 1781.0027341823093; -4.361702127659575 3114.8485371640354; -4.148936170212766 0.0; -3.9361702127659575 1168.741593404368; -3.723404255319149 2001.0591073571675; -3.5106382978723403 852.270166889793; -3.297872340425532 720.2906380442282; -3.0851063829787235 601.3436219265564; -2.872340425531915 497.16139505626523; -2.6595744680851063 406.63221136631574; -2.4468085106382977 328.47369782422976; -2.234042553191489 262.6058086398997; -2.021276595744681 206.7986577188646; -1.8085106382978724 160.91558043397674; -1.5957446808510638 121.26007256233027; -1.3829787234042554 178.51392933958095; -1.1702127659574468 129.4238933430532; -0.9574468085106383 45.6315287230419; -0.7446808510638298 32.91190927546254; -0.5319148936170213 20.550432296243418; -0.3191489361702128 12.716237016736844; -0.10638297872340426 8.854464236737664; 0.10638297872340426 0.0; 0.3191489361702128 -3.7433378842474307; 0.5319148936170213 -15.997748637072064; 0.7446808510638298 0.0; 0.9574468085106383 -29.846740433399134; 1.1702127659574468 -46.43217612488033; 1.3829787234042554 -67.15153326816227; 1.5957446808510638 -92.89806505699713; 1.8085106382978724 -126.34118912289775; 2.021276595744681 -166.89207614796976; 2.234042553191489 -215.06292239093878; 2.4468085106382977 -552.8597685597952; 2.6595744680851063 -691.8382941205023; 2.872340425531915 -856.6373687687171; 3.0851063829787235 -523.4732930859382; 3.297872340425532 -632.8715684607373; 3.5106382978723403 -753.6315025770559; 3.723404255319149 -892.8186926148151; 3.9361702127659575 0.0; 4.148936170212766 -1222.0086850742418; 4.361702127659575 -1412.0818109126274; 4.574468085106383 -1620.162845154287; 4.787234042553192 0.0; 5.0 -2101.304398383507]
npts :	48
nout :	14
model :	(x,t) -> x[1]t^3 + x[2]t^2 + x[3]t + x[4]
dim :	4
cluster :	false
noise :	false
solution :	[-16.6, 3.6, -24.4, 4.8]
description :	type2: cubic model
