name :	cubic
data :	[-5.0 1474.9596156711684; -4.7560975609756095 1262.792417290625; -4.512195121951219 1069.5156341574839; -4.2682926829268295 1796.8533536372559; -4.024390243902439 745.5895902325453; -3.7804878048780486 610.880304168957; -3.5365853658536586 493.3292862326095; -3.292682926829268 393.25954186777034; -3.048780487804878 0.0; -2.8048780487804876 235.86411997936023; -2.5609756097560976 0.0; -2.317073170731707 125.32129659832769; -2.073170731707317 86.6339484147698; -1.829268292682927 57.828978495168585; -1.5853658536585367 36.18846530421981; -1.3414634146341464 0.0; -1.0975609756097562 14.83777221320897; -0.8536585365853658 11.664676730337144; -0.6097560975609756 24.46781348952376; -0.36585365853658536 13.188106854231648; -0.12195121951219512 0.0; 0.12195121951219512 0.0; 0.36585365853658536 28.731755617130325; 0.6097560975609756 28.33373889640645; 0.8536585365853658 27.577431915296035; 1.0975609756097562 23.57495247507965; 1.3414634146341464 13.361501557850023; 1.5853658536585367 -5.734673550339406; 1.829268292682927 -30.146208564459684; 2.073170731707317 -61.79163779706253; 2.317073170731707 -104.77755059551922; 2.5609756097560976 -159.44220576868017; 2.8048780487804876 -224.60148541331392; 3.048780487804878 0.0; 3.292682926829268 -789.6780377854659; 3.5365853658536586 0.0; 3.7804878048780486 0.0; 4.024390243902439 -767.1790051746045; 4.2682926829268295 -929.2601749380917; 4.512195121951219 -1107.6712462221706; 4.7560975609756095 -2620.987583630962; 5.0 -1533.2890404167738]
npts :	42
nout :	12
model :	(x,t) -> x[1]t^3 + x[2]t^2 + x[3]t + x[4]
dim :	4
cluster :	false
noise :	false
solution :	[-12.8, -2.0, 19.2, 20.8]
description :	type2: cubic model
