name :	cubic
data :	[-5.0 -1846.9063612959455; -4.743589743589744 -760.2916357877634; -4.487179487179487 0.0; -4.230769230769231 -494.06151506305383; -3.9743589743589745 0.0; -3.717948717948718 -296.43271813280796; -3.4615384615384617 -220.32096968719907; -3.2051282051282053 -159.9316292985807; -2.948717948717949 -110.66541818026201; -2.6923076923076925 -142.18068535359686; -2.4358974358974357 0.0; -2.1794871794871793 -21.58953176184923; -1.9230769230769231 0.0; -1.6666666666666667 -5.600653397465596; -1.4102564102564104 -0.5049063316905125; -1.1538461538461537 -4.507813326064911; -0.8974358974358975 -6.00022252660116; -0.6410256410256411 -11.7457603750404; -0.38461538461538464 -35.416151733949775; -0.1282051282051282 -21.926918606080612; 0.1282051282051282 -22.38074085016372; 0.38461538461538464 -17.562797918337868; 0.6410256410256411 -11.669949828054918; 0.8974358974358975 0.8294210077333746; 1.1538461538461537 24.136687767400456; 1.4102564102564104 54.06377267688265; 1.6666666666666667 92.74991859769099; 1.9230769230769231 147.05539948099312; 2.1794871794871793 211.15339716318337; 2.4358974358974357 288.42863960332966; 2.6923076923076925 383.2407528034691; 2.948717948717949 983.1858740194494; 3.2051282051282053 619.1526950027013; 3.4615384615384617 765.1707994117976; 3.717948717948718 0.0; 3.9743589743589745 2236.586522987777; 4.230769230769231 1328.9252399378959; 4.487179487179487 0.0; 4.743589743589744 1818.400209280046; 5.0 2104.2375090787004]
npts :	40
nout :	12
model :	(x,t) -> x[1]t^3 + x[2]t^2 + x[3]t + x[4]
dim :	4
cluster :	false
noise :	false
solution :	[12.3, 24.5, -4.9, -22.3]
description :	type2: cubic model
