name :	cubic
data :	[-5.0 743.1526821075183; -3.5714285714285716 380.51330570787127; -2.142857142857143 147.3235646780777; -0.7142857142857143 28.807799385264964; 0.7142857142857143 15.107435528406672; 2.142857142857143 178.09107602273536; 3.5714285714285716 240.22390492154594; 5.0 897.9581094260685]
npts :	8
nout :	2
model :	(x,t) -> x[1]t^3 + x[2]t^2 + x[3]t + x[4]
dim :	4
cluster :	false
noise :	false
solution :	[-0.8, 23.4, -9.7, 10.7]
description :	type2: cubic model
