name :	cubic
data :	[-5.0 2306.2463089583357; -4.814814814814815 2062.0278770424025; -4.62962962962963 1837.0460941556435; -4.444444444444445 0.0; -4.2592592592592595 1434.777996854666; -4.074074074074074 1259.1170297954268; -3.888888888888889 1097.7401503118574; -3.7037037037037037 953.5516664901801; -3.5185185185185186 1642.5746073493835; -3.3333333333333335 704.1431842368918; -3.1481481481481484 596.7309162511808; -2.962962962962963 503.45147855871437; -2.7777777777777777 848.1392715966409; -2.5925925925925926 350.84595299507976; -2.4074074074074074 0.0; -2.2222222222222223 0.0; -2.037037037037037 187.64118610036394; -1.8518518518518519 150.87203162980677; -1.6666666666666667 119.12104779188682; -1.4814814814814814 0.0; -1.2962962962962963 147.4905064267747; -1.1111111111111112 57.402178859778516; -0.9259259259259259 0.0; -0.7407407407407407 37.677130062650434; -0.5555555555555556 28.511778495569924; -0.37037037037037035 24.746102485630956; -0.18518518518518517 0.0; 0.0 19.81742504673022; 0.18518518518518517 13.50783668761441; 0.37037037037037035 6.591915488454537; 0.5555555555555556 0.0; 0.7407407407407407 0.0; 0.9259259259259259 -26.868936175286894; 1.1111111111111112 -43.490827329089115; 1.2962962962962963 0.0; 1.4814814814814814 -98.08828374329734; 1.6666666666666667 0.0; 1.8518518518518519 -173.26741185143874; 2.037037037037037 -227.316494250674; 2.2222222222222223 -285.40991010500676; 2.4074074074074074 -706.3322182293981; 2.5925925925925926 -864.6826449617736; 2.7777777777777777 -522.0655742696357; 2.962962962962963 -623.2894246455513; 3.1481481481481484 -736.2475269339585; 3.3333333333333335 -862.8981908840344; 3.5185185185185186 -1006.2663549529268; 3.7037037037037037 -1158.4234413798663; 3.888888888888889 -1329.6655936670609; 4.074074074074074 -1515.8398371504518; 4.2592592592592595 -1718.2370923252531; 4.444444444444445 -1940.1980067744798; 4.62962962962963 0.0; 4.814814814814815 -2433.713290286255; 5.0 -2711.647774623504]
npts :	55
nout :	16
model :	(x,t) -> x[1]t^3 + x[2]t^2 + x[3]t + x[4]
dim :	4
cluster :	false
noise :	false
solution :	[-19.2, -8.8, -21.9, 17.8]
description :	type2: cubic model
