name :	cubic
data :	[-5.0 0.0; -4.836065573770492 317.0759099260622; -4.672131147540983 264.2978984307315; -4.508196721311475 218.45893704250594; -4.344262295081967 176.07188864789683; -4.180327868852459 140.9553267954748; -4.016393442622951 106.8077483163681; -3.8524590163934427 0.0; -3.6885245901639343 98.38773691811821; -3.5245901639344264 30.728178862261082; -3.360655737704918 13.09377276286671; -3.19672131147541 -3.5254272977049625; -3.0327868852459017 0.0; -2.8688524590163933 -25.11589435543644; -2.7049180327868854 -32.33810753302924; -2.540983606557377 -71.87342945096444; -2.377049180327869 -40.442526640204385; -2.2131147540983607 -40.39527243298729; -2.0491803278688523 -39.59757923600457; -1.8852459016393444 0.0; -1.721311475409836 -32.75537261715434; -1.5573770491803278 0.0; -1.3934426229508197 0.0; -1.2295081967213115 0.0; -1.0655737704918034 -13.409355027351914; -0.9016393442622951 -6.479818828102544; -0.7377049180327869 -1.7989676972727828; -0.5737704918032787 4.3038185496772; -0.4098360655737705 7.158985556336361; -0.2459016393442623 11.230069408611094; -0.08196721311475409 16.38973004871517; 0.08196721311475409 0.0; 0.2459016393442623 17.656984849942457; 0.4098360655737705 16.463332729612546; 0.5737704918032787 14.132807271123482; 0.7377049180327869 7.320621107683498; 0.9016393442622951 0.19649722299033556; 1.0655737704918034 -10.13639191757071; 1.2295081967213115 -22.702978072900898; 1.3934426229508197 -76.4666032774128; 1.5573770491803278 -56.40870802190581; 1.721311475409836 -82.76846963140254; 1.8852459016393444 -108.08126311725466; 2.0491803278688523 -139.37268444090643; 2.2131147540983607 -170.65854335413712; 2.377049180327869 -417.44529627454307; 2.540983606557377 0.0; 2.7049180327868854 -302.37178847030395; 2.8688524590163933 -353.3907272345222; 3.0327868852459017 0.0; 3.19672131147541 -474.41016715694906; 3.360655737704918 -1085.5570611282094; 3.5245901639344264 -618.5802198362046; 3.6885245901639343 -698.2635109287428; 3.8524590163934427 -788.160196491865; 4.016393442622951 -880.4450918523818; 4.180327868852459 -1960.1826853437326; 4.344262295081967 0.0; 4.508196721311475 0.0; 4.672131147540983 -1323.2880824639947; 4.836065573770492 -1452.8503932161166; 5.0 -1589.8658536382688]
npts :	62
nout :	18
model :	(x,t) -> x[1]t^3 + x[2]t^2 + x[3]t + x[4]
dim :	4
cluster :	false
noise :	false
solution :	[-8.3, -25.0, 11.1, 16.6]
description :	type2: cubic model
