name :	cubic
data :	[-5.0 -589.1385563156613; -4.8 -516.9494506262909; -4.6 -450.6650732811985; -4.4 -391.4518610511084; -4.2 -336.61855275955696; -4.0 -289.5342575046487; -3.8 -246.30645255405076; -3.6 -205.9179981178508; -3.4 -344.6705474234716; -3.2 0.0; -3.0 0.0; -2.8 -93.73753641884083; -2.6 -72.76737718916442; -2.4 -55.208270925312206; -2.2 -43.3348767411263; -2.0 0.0; -1.8 0.0; -1.6 -15.477746458873572; -1.4 -10.753307567666075; -1.2 -17.43742625599778; -1.0 -6.142175699006882; -0.8 -3.5604378086071904; -0.6 -2.341116413421092; -0.4 0.0; -0.2 -2.292478647818962; 0.0 -4.574871069507004; 0.2 -1.2892413780443053; 0.4 -1.1844040861272271; 0.6 0.7441797423057674; 0.8 0.0; 1.0 12.474067420426156; 1.2 20.092783135325064; 1.4 56.901031632894515; 1.6 40.961260972181485; 1.8 107.48472926619961; 2.0 71.53911431497801; 2.2 92.94077676549776; 2.4 115.55837553552585; 2.6 141.45570369276055; 2.8 346.12169879713747; 3.0 421.91148640383625; 3.2 0.0; 3.4 298.15583523798676; 3.6 349.0209327081687; 3.8 403.3004681555799; 4.0 466.0355230526141; 4.2 533.8098360855321; 4.4 604.5845845546697; 4.6 0.0; 4.8 772.3469452026006; 5.0 867.34188653108]
npts :	51
nout :	15
model :	(x,t) -> x[1]t^3 + x[2]t^2 + x[3]t + x[4]
dim :	4
cluster :	false
noise :	false
solution :	[5.7, 5.7, 3.1, -3.0]
description :	type2: cubic model
