name :	cubic
data :	[-5.0 -746.6219255469053; -4.444444444444445 -548.3077220484911; -3.888888888888889 -381.3597663934206; -3.3333333333333335 -253.81516491326673; -2.7777777777777777 -153.84290579174626; -2.2222222222222223 -79.10893071552884; -1.6666666666666667 -30.369284952631286; -1.1111111111111112 1.120958540148279; -0.5555555555555556 18.026094948224213; 0.0 46.05653546146441; 0.5555555555555556 21.101562871792016; 1.1111111111111112 16.963957827845945; 1.6666666666666667 13.070335532064252; 2.2222222222222223 25.3588242542965; 2.7777777777777777 20.956090304722782; 3.3333333333333335 38.04269930494807; 3.888888888888889 0.0; 4.444444444444445 0.0; 5.0 413.7071514042339]
npts :	19
nout :	5
model :	(x,t) -> x[1]t^3 + x[2]t^2 + x[3]t + x[4]
dim :	4
cluster :	false
noise :	false
solution :	[3.7, -11.8, 2.7, 24.4]
description :	type2: cubic model
