name :	cubic
data :	[-5.0 -4307.593890424513; -4.830508474576271 -1946.510858371974; -4.661016949152542 -1750.5218773273427; -4.491525423728813 -1570.424826209578; -4.322033898305085 0.0; -4.1525423728813555 -1244.798049185678; -3.983050847457627 0.0; -3.8135593220338984 -970.0416630828021; -3.6440677966101696 -847.1045553751729; -3.4745762711864407 0.0; -3.305084745762712 -1263.818739926242; -3.135593220338983 0.0; -2.9661016949152543 -454.1484098574853; -2.7966101694915255 -379.6879944931509; -2.6271186440677967 -312.59218550801637; -2.457627118644068 -252.49538443292113; -2.288135593220339 -199.9350081335243; -2.1186440677966103 -154.5891903272338; -1.9491525423728813 -114.43184347290544; -1.7796610169491525 -81.51829620750533; -1.6101694915254237 -56.01207072246984; -1.4406779661016949 0.0; -1.271186440677966 -14.305316851443752; -1.1016949152542372 -2.5890899438344523; -0.9322033898305084 21.921671650522413; -0.7627118644067796 17.181747047838105; -0.5932203389830508 20.572944174162682; -0.423728813559322 22.60185015339236; -0.2542372881355932 24.155120125237637; -0.0847457627118644 21.61347335708182; 0.0847457627118644 19.665715095550805; 0.2542372881355932 0.0; 0.423728813559322 0.0; 0.5932203389830508 20.271006922574443; 0.7627118644067796 8.053794792635795; 0.9322033898305084 9.015856378915666; 1.1016949152542372 7.570216148322264; 1.271186440677966 11.602168079366919; 1.4406779661016949 15.784184036373253; 1.6101694915254237 23.040295549931045; 1.7796610169491525 35.32191411261096; 1.9491525423728813 103.13953037066027; 2.1186440677966103 70.67275763585931; 2.288135593220339 191.70453958567387; 2.457627118644068 249.63691511580825; 2.6271186440677967 161.7942899843783; 2.7966101694915255 404.60977862537226; 2.9661016949152543 251.28655232464797; 3.135593220338983 0.0; 3.305084745762712 368.9038345245932; 3.4745762711864407 439.5731424747153; 3.6440677966101696 515.9927399006111; 3.8135593220338984 605.3721894382738; 3.983050847457627 700.8907628684447; 4.1525423728813555 809.4826062949809; 4.322033898305085 924.3086361094373; 4.491525423728813 0.0; 4.661016949152542 1189.8268421895975; 4.830508474576271 1337.189350997596; 5.0 0.0]
npts :	60
nout :	18
model :	(x,t) -> x[1]t^3 + x[2]t^2 + x[3]t + x[4]
dim :	4
cluster :	false
noise :	false
solution :	[15.2, -13.9, -14.8, 20.5]
description :	type2: cubic model
