name :	cubic
data :	[-5.0 863.1516502164746; -4.833333333333333 403.01278677198144; -4.666666666666667 750.7326295285951; -4.5 350.3203907819886; -4.333333333333333 648.256726073571; -4.166666666666667 299.8632219173655; -4.0 274.50914654165746; -3.8333333333333335 255.62022740898553; -3.6666666666666665 231.28833990195423; -3.5 208.38610624510684; -3.3333333333333335 187.48369566405097; -3.1666666666666665 172.4778446126248; -3.0 153.49050623122687; -2.8333333333333335 135.94668127673867; -2.6666666666666665 236.42099179753723; -2.5 209.3007536185786; -2.3333333333333335 89.19561720085223; -2.1666666666666665 76.24375414141593; -2.0 0.0; -1.8333333333333333 53.4920317599358; -1.6666666666666667 41.27193037176115; -1.5 29.95158100661727; -1.3333333333333333 25.764149311846428; -1.1666666666666667 16.590360626666445; -1.0 24.02054795672709; -0.8333333333333334 11.887569822003794; -0.6666666666666666 1.859191411624577; -0.5 0.0; -0.3333333333333333 -4.74896345690187; -0.16666666666666666 -9.28679815867743; 0.0 0.0; 0.16666666666666666 0.0; 0.3333333333333333 0.5508266328602818; 0.5 5.972782558039419; 0.6666666666666666 10.277060289125327; 0.8333333333333334 12.67886142943523; 1.0 22.579459768664265; 1.1666666666666667 29.83421820093874; 1.3333333333333333 0.0; 1.5 48.875474366203115; 1.6666666666666667 0.0; 1.8333333333333333 73.36775714876606; 2.0 175.5897721247672; 2.1666666666666665 102.00678627827985; 2.3333333333333335 117.83175384374748; 2.5 136.55173163579053; 2.6666666666666665 154.33259650518642; 2.8333333333333335 175.4314367972894; 3.0 196.1095893443709; 3.1666666666666665 218.9806560150112; 3.3333333333333335 242.01242951734608; 3.5 266.2574359797637; 3.6666666666666665 292.48817994223367; 3.8333333333333335 321.39977332566156; 4.0 348.75863220827904; 4.166666666666667 380.8837842310457; 4.333333333333333 823.8408846092166; 4.5 443.6020684025892; 4.666666666666667 478.95059014399305; 4.833333333333333 514.7596364490826; 5.0 1103.2424001306094]
npts :	61
nout :	18
model :	(x,t) -> x[1]t^3 + x[2]t^2 + x[3]t + x[4]
dim :	4
cluster :	false
noise :	false
solution :	[0.3, 19.8, 4.5, -3.9]
description :	type2: cubic model
