name :	cubic
data :	[-5.0 1860.9744299719152; -4.444444444444445 1289.15010979597; -3.888888888888889 844.7457722353807; -3.3333333333333335 1027.077414363627; -2.7777777777777777 282.21896003949416; -2.2222222222222223 130.01513698675205; -1.6666666666666667 43.34902017879004; -1.1111111111111112 6.397253003384658; -0.5555555555555556 -1.565407547339455; 0.0 0.0; 0.5555555555555556 21.03616282283641; 1.1111111111111112 15.181818823074016; 1.6666666666666667 -20.925939995964892; 2.2222222222222223 -212.3823680757621; 2.7777777777777777 -506.75740815428384; 3.3333333333333335 -483.0454540395353; 3.888888888888889 -811.1590554230057; 4.444444444444445 -1251.8385330258802; 5.0 0.0]
npts :	19
nout :	5
model :	(x,t) -> x[1]t^3 + x[2]t^2 + x[3]t + x[4]
dim :	4
cluster :	false
noise :	false
solution :	[-15.7, 0.5, 24.5, 10.2]
description :	type2: cubic model
