name :	cubic
data :	[-5.0 0.0; -4.5 1097.130310267603; -4.0 0.0; -3.5 598.3734380693469; -3.0 416.6818714731463; -2.5 274.8546740408959; -2.0 170.73093979369; -1.5 188.00804061226805; -1.0 42.278432283128694; -0.5 0.0; 0.0 -4.850445677907616; 0.5 0.0; 1.0 -16.082754601295054; 1.5 -17.361538933744185; 2.0 -24.966152137523956; 2.5 -45.32285374944734; 3.0 -79.95184453118314; 3.5 -263.8528996929953; 4.0 -215.5506477019609; 4.5 -326.43229886827856; 5.0 -472.2491288305259]
npts :	21
nout :	6
model :	(x,t) -> x[1]t^3 + x[2]t^2 + x[3]t + x[4]
dim :	4
cluster :	false
noise :	false
solution :	[-6.7, 19.3, -22.4, -4.8]
description :	type2: cubic model
