name :	cubic
data :	[-5.0 1331.8917543369857; -4.833333333333333 1190.258478342948; -4.666666666666667 0.0; -4.5 944.0788574148108; -4.333333333333333 830.8544787018607; -4.166666666666667 729.9146736266299; -4.0 1271.0371098763558; -3.8333333333333335 548.46124460907; -3.6666666666666665 470.78362763758594; -3.5 801.4911884480418; -3.3333333333333335 335.5630226349729; -3.1666666666666665 280.4713687152586; -3.0 228.9129408294459; -2.8333333333333335 184.34394655215524; -2.6666666666666665 146.69296976074935; -2.5 110.9733581891248; -2.3333333333333335 80.41024920156615; -2.1666666666666665 57.632372837558215; -2.0 34.81506171535781; -1.8333333333333333 19.351724589093855; -1.6666666666666667 13.40218322319469; -1.5 -1.9478486838284566; -1.3333333333333333 0.0; -1.1666666666666667 -13.802841078735558; -1.0 -15.924010104036356; -0.8333333333333334 -30.924364945141008; -0.6666666666666666 -15.713091191137133; -0.5 -11.311563327234053; -0.3333333333333333 -9.170217418561084; -0.16666666666666666 -4.918320635278032; 0.0 -0.40650801609116816; 0.16666666666666666 0.0; 0.3333333333333333 4.400192730195242; 0.5 7.668826444263137; 0.6666666666666666 8.732175393928715; 0.8333333333333334 16.35531120759006; 1.0 6.250954394148757; 1.1666666666666667 0.0; 1.3333333333333333 0.0; 1.5 -14.227925645121298; 1.6666666666666667 0.0; 1.8333333333333333 0.0; 2.0 -66.38729046584385; 2.1666666666666665 -91.94096569594302; 2.3333333333333335 -122.02756907951408; 2.5 -158.15921250099058; 2.6666666666666665 0.0; 2.8333333333333335 0.0; 3.0 -296.3630463828472; 3.1666666666666665 -355.68480543259903; 3.3333333333333335 0.0; 3.5 -490.92849622347114; 3.6666666666666665 -570.9571891294037; 3.8333333333333335 -1317.3448421497005; 4.0 -751.628066399392; 4.166666666666667 -856.3417549697241; 4.333333333333333 -970.4889822159072; 4.5 -1091.4690644244567; 4.666666666666667 -2441.515237593834; 4.833333333333333 0.0; 5.0 -1512.6493355960938]
npts :	61
nout :	18
model :	(x,t) -> x[1]t^3 + x[2]t^2 + x[3]t + x[4]
dim :	4
cluster :	false
noise :	false
solution :	[-12.3, -3.6, 23.1, -1.2]
description :	type2: cubic model
