name :	cubic
data :	[-5.0 -1799.532311120466; -4.838709677419355 -1629.2775974349317; -4.67741935483871 -2945.9485544004174; -4.516129032258065 -1324.1810213869485; -4.354838709677419 -2371.305098570003; -4.193548387096774 -1056.0822249574783; -4.032258064516129 0.0; -3.870967741935484 -825.7594479240689; -3.7096774193548385 -725.3969040958136; -3.5483870967741935 -630.6579362906296; -3.3870967741935485 -543.5083998142566; -3.225806451612903 -466.5166358405502; -3.064516129032258 -396.685736510759; -2.903225806451613 0.0; -2.7419354838709675 -545.9990932608391; -2.5806451612903225 -221.48911618439382; -2.4193548387096775 -177.089364911827; -2.2580645161290325 -138.2341646458433; -2.096774193548387 -101.05807440390251; -1.935483870967742 0.0; -1.7741935483870968 -47.26730548305188; -1.6129032258064515 -27.410337080735832; -1.4516129032258065 -9.529679897585362; -1.2903225806451613 1.8566168247414865; -1.1290322580645162 15.278505395152916; -0.967741935483871 0.0; -0.8064516129032258 24.082715145937435; -0.6451612903225806 28.644239190890463; -0.4838709677419355 0.0; -0.3225806451612903 52.88514949872444; -0.16129032258064516 0.0; 0.0 18.274177107250335; 0.16129032258064516 15.505065860383219; 0.3225806451612903 10.644439111037796; 0.4838709677419355 5.379952178218796; 0.6451612903225806 5.212871687538431; 0.8064516129032258 -0.6328516523638551; 0.967741935483871 -3.5352538681200105; 1.1290322580645162 -6.413970405186927; 1.2903225806451613 0.0; 1.4516129032258065 -6.82280164018516; 1.6129032258064515 3.485150228327826; 1.7741935483870968 22.825121675834282; 1.935483870967742 21.732514704446196; 2.096774193548387 31.927607859518123; 2.2580645161290325 50.31698540784556; 2.4193548387096775 73.75143571261896; 2.5806451612903225 99.29377606839711; 2.7419354838709675 131.0941023223758; 2.903225806451613 164.21192007907948; 3.064516129032258 205.09482322718273; 3.225806451612903 0.0; 3.3870967741935485 304.9660813229886; 3.5483870967741935 725.5838168988058; 3.7096774193548385 427.3506703684799; 3.870967741935484 499.5587939266489; 4.032258064516129 1160.6466000084524; 4.193548387096774 0.0; 4.354838709677419 760.8744793384514; 4.516129032258065 865.6113427536715; 4.67741935483871 978.5296952842099; 4.838709677419355 1096.7567189547826; 5.0 1227.2012692936407]
npts :	63
nout :	18
model :	(x,t) -> x[1]t^3 + x[2]t^2 + x[3]t + x[4]
dim :	4
cluster :	false
noise :	false
solution :	[13.1, -12.2, -24.9, 19.7]
description :	type2: cubic model
