name :	cubic
data :	[-5.0 1949.2694971355306; -4.705882352941177 792.7638758489703; -4.411764705882353 633.0929538940445; -4.117647058823529 498.1043503214776; -3.823529411764706 379.70211037613524; -3.5294117647058822 280.0358074501499; -3.235294117647059 398.58485929167585; -2.9411764705882355 267.15592010674555; -2.6470588235294117 80.99983577701084; -2.3529411764705883 41.91305023493191; -2.0588235294117645 14.891914426732578; -1.7647058823529411 -4.953934702946342; -1.4705882352941178 -17.176526650160195; -1.1764705882352942 -22.34459761412254; -0.8823529411764706 -20.43986289298942; -0.5882352941176471 0.0; -0.29411764705882354 -12.448451556690227; 0.0 -13.245865248886002; 0.29411764705882354 -3.6954302897008384; 0.5882352941176471 1.6413130697556135; 0.8823529411764706 -0.09750862514562886; 1.1764705882352942 -8.208898034544399; 1.4705882352941178 -23.651441356490466; 1.7647058823529411 -44.988325052811156; 2.0588235294117645 -80.01466065593841; 2.3529411764705883 -126.85415464442312; 2.6470588235294117 -183.70375223207833; 2.9411764705882355 -258.11081886957686; 3.235294117647059 -345.5699251226787; 3.5294117647058822 -905.9526753003272; 3.823529411764706 -579.2799739624198; 4.117647058823529 -725.3965899163585; 4.411764705882353 -1787.6432341968687; 4.705882352941177 0.0; 5.0 -2612.89333436304]
npts :	35
nout :	10
model :	(x,t) -> x[1]t^3 + x[2]t^2 + x[3]t + x[4]
dim :	4
cluster :	false
noise :	false
solution :	[-9.9, -6.4, 19.4, -6.1]
description :	type2: cubic model
