name :	cubic
data :	[-5.0 1167.2494331221399; -4.7727272727272725 1026.1686893561528; -4.545454545454546 0.0; -4.318181818181818 777.1061952704794; -4.090909090909091 669.2023373863034; -3.8636363636363638 571.1825735494324; -3.6363636363636362 968.931016585591; -3.409090909090909 403.1713358903807; -3.1818181818181817 335.38320226359855; -2.9545454545454546 273.7384166211213; -2.727272727272727 220.57497575270972; -2.5 170.3336463062756; -2.272727272727273 260.11973697872435; -2.0454545454545454 187.61508271327494; -1.8181818181818181 66.31218520977585; -1.5909090909090908 85.47321041645944; -1.3636363636363635 23.904667791611974; -1.1363636363636365 11.302492380242773; -0.9090909090909091 -0.616286929190222; -0.6818181818181818 0.0; -0.45454545454545453 -13.865226347240071; -0.22727272727272727 -19.172654075031996; 0.0 -19.50201648865194; 0.22727272727272727 -19.956106629597326; 0.45454545454545453 -21.056148880589966; 0.6818181818181818 -19.36518343700532; 0.9090909090909091 0.0; 1.1363636363636365 -20.56205788812985; 1.3636363636363635 -45.86140547557513; 1.5909090909090908 -25.53141442699236; 1.8181818181818181 0.0; 2.0454545454545454 -42.01506328466388; 2.272727272727273 -54.18092117842574; 2.5 -70.9735086978606; 2.727272727272727 -93.06173289841627; 2.9545454545454546 0.0; 3.1818181818181817 -147.04693090331426; 3.409090909090909 -184.18084903051115; 3.6363636363636362 -226.77797446103602; 3.8636363636363638 -277.35043660299226; 4.090909090909091 -667.4134506330369; 4.318181818181818 -400.78896505348706; 4.545454545454546 0.0; 4.7727272727272725 -553.4683657346842; 5.0 -1295.4618182068252]
npts :	45
nout :	13
model :	(x,t) -> x[1]t^3 + x[2]t^2 + x[3]t + x[4]
dim :	4
cluster :	false
noise :	false
solution :	[-7.1, 11.2, -3.9, -19.9]
description :	type2: cubic model
