name :	cubic
data :	[-5.0 -1359.424388902179; -4.836065573770492 -1227.8453725543948; -4.672131147540983 -1100.1159843484506; -4.508196721311475 -987.8791335611942; -4.344262295081967 -879.1131096058416; -4.180327868852459 0.0; -4.016393442622951 -689.7202989943389; -3.8524590163934427 -605.2429740924346; -3.6885245901639343 -528.0085853519674; -3.5245901639344264 -459.2929450309837; -3.360655737704918 -394.47385377860513; -3.19672131147541 0.0; -3.0327868852459017 -569.2186136987536; -2.8688524590163933 0.0; -2.7049180327868854 0.0; -2.540983606557377 -159.35201449958305; -2.377049180327869 -127.73149595157014; -2.2131147540983607 -100.93929914525505; -2.0491803278688523 -75.38808209783696; -1.8852459016393444 -54.77312822535246; -1.721311475409836 -39.925556033943856; -1.5573770491803278 -25.93189851843227; -1.3934426229508197 -14.126875973257473; -1.2295081967213115 0.0; -1.0655737704918034 -0.40707014109792244; -0.9016393442622951 10.474762068684246; -0.7377049180327869 7.934150702456243; -0.5737704918032787 9.778957626157611; -0.4098360655737705 8.719567302346562; -0.2459016393442623 0.0; -0.08196721311475409 0.0; 0.08196721311475409 9.474453440559932; 0.2459016393442623 0.0; 0.4098360655737705 0.0; 0.5737704918032787 14.377158831027863; 0.7377049180327869 18.295063112174336; 0.9016393442622951 0.0; 1.0655737704918034 31.16465973883388; 1.2295081967213115 38.187538317350956; 1.3934426229508197 50.40623906850269; 1.5573770491803278 62.47363329975717; 1.721311475409836 80.30798707959387; 1.8852459016393444 202.92233005901863; 2.0491803278688523 126.28537876406678; 2.2131147540983607 0.0; 2.377049180327869 376.8740993018705; 2.540983606557377 224.05825474552762; 2.7049180327868854 268.646393718716; 2.8688524590163933 0.0; 3.0327868852459017 367.3239178520124; 3.19672131147541 426.4430922693846; 3.360655737704918 492.0181943207133; 3.5245901639344264 564.2868432926945; 3.6885245901639343 644.7451225412152; 3.8524590163934427 727.8371804006374; 4.016393442622951 0.0; 4.180327868852459 1837.7334297697425; 4.344262295081967 1029.546238698503; 4.508196721311475 1147.3763129509741; 4.672131147540983 1272.917725914041; 4.836065573770492 1405.2340610147971; 5.0 1549.678485458394]
npts :	62
nout :	18
model :	(x,t) -> x[1]t^3 + x[2]t^2 + x[3]t + x[4]
dim :	4
cluster :	false
noise :	false
solution :	[11.6, 3.4, 0.8, 10.6]
description :	type2: cubic model
