name :	cubic
data :	[-5.0 1099.7553866665787; -4.811320754716981 963.8826693350693; -4.622641509433962 841.093050041613; -4.433962264150943 728.5789774066741; -4.245283018867925 626.1007686574542; -4.056603773584905 533.3670708361262; -3.8679245283018866 450.8354840170208; -3.6792452830188678 0.0; -3.490566037735849 304.51191565467815; -3.30188679245283 247.68986557498496; -3.1132075471698113 194.3732203590159; -2.9245283018867925 300.72190263862575; -2.7358490566037736 113.72629151409865; -2.547169811320755 79.09407155770398; -2.358490566037736 50.787145870691496; -2.169811320754717 0.0; -1.9811320754716981 21.81642654282947; -1.7924528301886793 -1.0212641433547054; -1.6037735849056605 -27.795784527030783; -1.4150943396226414 -45.24036443284387; -1.2264150943396226 -23.580953899026326; -1.0377358490566038 -57.41286295043439; -0.8490566037735849 -56.65785655600015; -0.660377358490566 -26.41525618754662; -0.4716981132075472 -25.957818749525742; -0.2830188679245283 0.0; -0.09433962264150944 -47.57762995508124; 0.09433962264150944 0.0; 0.2830188679245283 -23.503395726218336; 0.4716981132075472 -25.785528242022885; 0.660377358490566 -59.671922672664664; 0.8490566037735849 -36.214079239490346; 1.0377358490566038 0.0; 1.2264150943396226 -62.75604123337314; 1.4150943396226414 -78.61307881100218; 1.6037735849056605 -100.84875788178041; 1.7924528301886793 -124.52282262108757; 1.9811320754716981 -158.67600170714104; 2.169811320754717 -196.37729619655408; 2.358490566037736 -238.65999835135386; 2.547169811320755 0.0; 2.7358490566037736 -347.7268701179473; 2.9245283018867925 -415.1675905895402; 3.1132075471698113 -489.1242570059218; 3.30188679245283 -572.8326539866208; 3.490566037735849 -661.1920644156378; 3.6792452830188678 -1527.00842903531; 3.8679245283018866 -874.3057935586925; 4.056603773584905 -995.3019921036317; 4.245283018867925 -1129.1609999703487; 4.433962264150943 -2541.7804778037817; 4.622641509433962 -1426.350194985137; 4.811320754716981 -1596.4385433254913; 5.0 -1775.4277803010377]
npts :	54
nout :	16
model :	(x,t) -> x[1]t^3 + x[2]t^2 + x[3]t + x[4]
dim :	4
cluster :	false
noise :	false
solution :	[-11.6, -12.6, 2.5, -23.9]
description :	type2: cubic model
