name :	cubic
data :	[-5.0 2777.328424340242; -3.888888888888889 1316.6688567641972; -2.7777777777777777 485.3674906795279; -1.6666666666666667 204.64639035981568; -0.5555555555555556 -4.017848461744631; 0.5555555555555556 -14.500794081497984; 1.6666666666666667 -170.40652586635187; 2.7777777777777777 -405.82485071131003; 3.888888888888889 -1150.0570829346048; 5.0 -2488.3045219683145]
npts :	10
nout :	3
model :	(x,t) -> x[1]t^3 + x[2]t^2 + x[3]t + x[4]
dim :	4
cluster :	false
noise :	false
solution :	[-21.2, 6.1, 3.3, -8.4]
description :	type2: cubic model
