name :	cubic
data :	[-5.0 -2474.260275876662; -4.523809523809524 -1837.4664984759415; -4.0476190476190474 -1320.6286047090969; -3.5714285714285716 0.0; -3.0952380952380953 0.0; -2.619047619047619 -366.5062186798422; -2.142857142857143 -204.97107185475366; -1.6666666666666667 -100.09091339392997; -1.1904761904761905 -41.307651087128775; -0.7142857142857143 -13.58261583718676; -0.23809523809523808 -6.1738951764416425; 0.23809523809523808 0.0; 0.7142857142857143 4.432677728483149; 1.1904761904761905 29.496262439547554; 1.6666666666666667 0.0; 2.142857142857143 380.0091911840165; 2.619047619047619 351.0790526211735; 3.0952380952380953 577.4212747781152; 3.5714285714285716 0.0; 4.0476190476190474 1297.4871843210335; 4.523809523809524 1812.9466934152488; 5.0 2445.9712304313366]
npts :	22
nout :	6
model :	(x,t) -> x[1]t^3 + x[2]t^2 + x[3]t + x[4]
dim :	4
cluster :	false
noise :	false
solution :	[19.6, -0.4, 2.2, -4.9]
description :	type2: cubic model
