name :	cubic
data :	[-5.0 32.346763109198946; -4.090909090909091 1.78737345494652; -3.1818181818181817 -13.225878120503506; -2.272727272727273 -40.84753700586387; -1.3636363636363635 -22.016651317970698; -0.45454545454545453 -23.441600735386494; 0.45454545454545453 -27.646961675818364; 1.3636363636363635 -43.160207230813995; 2.272727272727273 -73.83556325306971; 3.1818181818181817 0.0; 4.090909090909091 0.0; 5.0 -300.79913757701433]
npts :	12
nout :	3
model :	(x,t) -> x[1]t^3 + x[2]t^2 + x[3]t + x[4]
dim :	4
cluster :	false
noise :	false
solution :	[-1.1, -4.4, -5.8, -24.6]
description :	type2: cubic model
