name :	cubic
data :	[-5.0 0.0; -4.795918367346939 530.1181654297936; -4.591836734693878 443.47405947565363; -4.387755102040816 365.55764402447755; -4.183673469387755 296.60572881749175; -3.979591836734694 234.71987513783162; -3.7755102040816326 368.01246671356154; -3.5714285714285716 272.18826357109356; -3.36734693877551 95.69597974670428; -3.163265306122449 130.01411388753286; -2.9591836734693877 36.92464641532592; -2.7551020408163267 15.4505591392354; -2.5510204081632653 -4.075699862197942; -2.3469387755102042 -19.824911463397097; -2.142857142857143 -27.049380490951023; -1.9387755102040816 -30.88056150478807; -1.7346938775510203 -76.31139682587154; -1.530612244897959 -37.43028355606662; -1.3265306122448979 -75.62815324592434; -1.1224489795918366 -35.63190604822635; -0.9183673469387755 -31.651907023818012; -0.7142857142857143 -30.919086518180418; -0.5102040816326531 -27.947630145116; -0.30612244897959184 -24.62198728400155; -0.10204081632653061 -23.42541046605245; 0.10204081632653061 -24.2668512866117; 0.30612244897959184 0.0; 0.5102040816326531 -31.62561699547162; 0.7142857142857143 -40.57668413003953; 0.9183673469387755 -51.93912233361586; 1.1224489795918366 -134.4536262902233; 1.3265306122448979 -88.6821857901339; 1.530612244897959 -113.16558271507509; 1.7346938775510203 0.0; 1.9387755102040816 -179.26313389921623; 2.142857142857143 -445.9842594557481; 2.3469387755102042 0.0; 2.5510204081632653 -330.0943735174309; 2.7551020408163267 -395.1601014303599; 2.9591836734693877 -468.9393612794811; 3.163265306122449 -552.4065907670245; 3.36734693877551 0.0; 3.5714285714285716 -1488.9544176003062; 3.7755102040816326 -856.2950883664208; 3.979591836734694 -977.24979320328; 4.183673469387755 -1111.9577143432834; 4.387755102040816 0.0; 4.591836734693878 0.0; 4.795918367346939 -1586.2410446643662; 5.0 -1772.4744926791946]
npts :	50
nout :	15
model :	(x,t) -> x[1]t^3 + x[2]t^2 + x[3]t + x[4]
dim :	4
cluster :	false
noise :	false
solution :	[-9.5, -21.9, -2.2, -24.3]
description :	type2: cubic model
