name :	cubic
data :	[-5.0 0.0; -4.722222222222222 2532.196159094233; -4.444444444444445 2141.695732352856; -4.166666666666667 0.0; -3.888888888888889 2965.8355308838763; -3.611111111111111 1213.700949339225; -3.3333333333333335 0.0; -3.0555555555555554 773.6894641578197; -2.7777777777777777 599.851256090315; -2.5 453.69668067248466; -2.2222222222222223 334.29050421133496; -1.9444444444444444 237.69975834818928; -1.6666666666666667 160.59310438629097; -1.3888888888888888 106.52688416504161; -1.1111111111111112 63.06715729821543; -0.8333333333333334 0.0; -0.5555555555555556 15.665902702265347; -0.2777777777777778 6.203252875007125; 0.0 4.538466378931534; 0.2777777777777778 0.0; 0.5555555555555556 4.7474544959488565; 0.8333333333333334 0.0; 1.1111111111111112 1.4142230519427876; 1.3888888888888888 -6.105883378169837; 1.6666666666666667 -49.248655955996156; 1.9444444444444444 -54.272435862054095; 2.2222222222222223 0.0; 2.5 -303.4701122906505; 2.7777777777777777 -231.07337773890958; 3.0555555555555554 -659.8883612044071; 3.3333333333333335 -447.3323351842953; 3.611111111111111 -593.9168115049862; 3.888888888888889 -767.9005462121703; 4.166666666666667 -970.6200940178146; 4.444444444444445 -1207.4101312581433; 4.722222222222222 -1480.6242478062081; 5.0 -1791.2382918482951]
npts :	37
nout :	11
model :	(x,t) -> x[1]t^3 + x[2]t^2 + x[3]t + x[4]
dim :	4
cluster :	false
noise :	false
solution :	[-18.9, 23.4, -3.6, 3.8]
description :	type2: cubic model
