name :	cubic
data :	[-5.0 6480.882510318968; -4.830508474576271 2937.949368295752; -4.661016949152542 2655.626127283924; -4.491525423728813 2390.740638733757; -4.322033898305085 0.0; -4.1525423728813555 1915.0276876004446; -3.983050847457627 1701.5069892341544; -3.8135593220338984 3011.3932609586204; -3.6440677966101696 1325.544010911661; -3.4745762711864407 0.0; -3.305084745762712 1006.9129640686081; -3.135593220338983 869.6842290075888; -2.9661016949152543 744.6868731784449; -2.7966101694915255 632.2155867574627; -2.6271186440677967 1060.6932842450612; -2.457627118644068 439.31988534935317; -2.288135593220339 724.5790056913012; -2.1186440677966103 578.7329387624602; -1.9491525423728813 228.78832027803705; -1.7796610169491525 177.63401508896135; -1.6101694915254237 133.2502750410713; -1.4406779661016949 0.0; -1.271186440677966 129.68718094209027; -1.1016949152542372 40.26505516314233; -0.9322033898305084 20.18436970732726; -0.7627118644067796 4.609984788088279; -0.5932203389830508 -6.886716190578753; -0.423728813559322 -13.649834224353356; -0.2542372881355932 0.0; -0.0847457627118644 -21.2444214113433; 0.0847457627118644 -25.106416680364152; 0.2542372881355932 -49.467577466721515; 0.423728813559322 -49.22928847246428; 0.5932203389830508 -26.4905151563575; 0.7627118644067796 -28.552088345836747; 0.9322033898305084 -32.09182610312565; 1.1016949152542372 -40.73163898262778; 1.271186440677966 -47.44443185003136; 1.4406779661016949 -59.81843577395078; 1.6101694915254237 -79.30379376075909; 1.7796610169491525 -101.54826974062541; 1.9491525423728813 0.0; 2.1186440677966103 0.0; 2.288135593220339 -205.46396655402634; 2.457627118644068 -504.62633863174784; 2.6271186440677967 -310.20515336396494; 2.7966101694915255 0.0; 2.9661016949152543 -451.65417199381267; 3.135593220338983 -536.184848914277; 3.305084745762712 -631.6216402529307; 3.4745762711864407 -738.4120336307703; 3.6440677966101696 -858.6803484050336; 3.8135593220338984 -990.5802520572765; 3.983050847457627 0.0; 4.1525423728813555 -1294.0233678294621; 4.322033898305085 0.0; 4.491525423728813 -1657.8165668651832; 4.661016949152542 -1862.5877792487977; 4.830508474576271 -2083.9394995832185; 5.0 -2323.715716003344]
npts :	60
nout :	18
model :	(x,t) -> x[1]t^3 + x[2]t^2 + x[3]t + x[4]
dim :	4
cluster :	false
noise :	false
solution :	[-21.9, 19.3, -8.8, -23.2]
description :	type2: cubic model
