name :	cubic
data :	[-5.0 -136.44169099150736; -4.666666666666667 -78.73466628876088; -4.333333333333333 -31.276929657355318; -4.0 0.0; -3.6666666666666665 30.850529739901237; -3.3333333333333335 49.979925196984695; -3.0 61.10470490225808; -2.6666666666666665 128.6017582492008; -2.3333333333333335 132.02921983955721; -2.0 62.56735249322671; -1.6666666666666667 0.0; -1.3333333333333333 47.36703710835402; -1.0 0.0; -0.6666666666666666 32.38542315322689; -0.3333333333333333 29.03039179861995; 0.0 24.739345570445877; 0.3333333333333333 0.0; 0.6666666666666666 34.37632926095529; 1.0 49.98350564782718; 1.3333333333333333 69.47177345607196; 1.6666666666666667 102.48497177540119; 2.0 143.0229271582691; 2.3333333333333335 192.08332892493698; 2.6666666666666665 257.29388406883896; 3.0 335.39271051386294; 3.3333333333333335 428.7700605942153; 3.6666666666666665 0.0; 4.0 662.4600055992377; 4.333333333333333 1610.343499686169; 4.666666666666667 1936.1923658962828; 5.0 1151.9869252578005]
npts :	31
nout :	9
model :	(x,t) -> x[1]t^3 + x[2]t^2 + x[3]t + x[4]
dim :	4
cluster :	false
noise :	false
solution :	[5.2, 19.3, -0.9, 24.9]
description :	type2: cubic model
