name :	cubic
data :	[-5.0 -1316.820661176085; -4.833333333333333 -1196.118881841928; -4.666666666666667 -1082.8303302369252; -4.5 -974.6210405035802; -4.333333333333333 -876.1326014901962; -4.166666666666667 -784.7842002079879; -4.0 -695.8122905504861; -3.8333333333333335 -615.1256894652278; -3.6666666666666665 -1083.9000957139845; -3.5 -470.00290837660765; -3.3333333333333335 0.0; -3.1666666666666665 -350.2350886599497; -3.0 -296.6745845703413; -2.8333333333333335 -248.28903481258956; -2.6666666666666665 -205.39633779538323; -2.5 -166.65822124812516; -2.3333333333333335 -260.557779411424; -2.1666666666666665 0.0; -2.0 -73.27916906458736; -1.8333333333333333 -51.53367637999778; -1.6666666666666667 -32.19237917638374; -1.5 -15.027628130931294; -1.3333333333333333 -2.5266122469483094; -1.1666666666666667 0.0; -1.0 0.0; -0.8333333333333334 49.104763387225745; -0.6666666666666666 0.0; -0.5 27.31669889793421; -0.3333333333333333 27.341541258364618; -0.16666666666666666 25.29187697023099; 0.0 21.728247937716713; 0.16666666666666666 19.021871489511796; 0.3333333333333333 14.859307815379058; 0.5 6.852656400752366; 0.6666666666666666 3.7428165122343295; 0.8333333333333334 -3.590827231774906; 1.0 -23.725637431999584; 1.1666666666666667 -17.463605728403667; 1.3333333333333333 -24.54270691496098; 1.5 0.0; 1.6666666666666667 0.0; 1.8333333333333333 -37.55885411063119; 2.0 0.0; 2.1666666666666665 -39.186174977244974; 2.3333333333333335 -39.490537357794445; 2.5 -73.81725543026307; 2.6666666666666665 -64.6167743088472; 2.8333333333333335 -54.02146634376253; 3.0 -17.34075500275565; 3.1666666666666665 -2.9290351957182374; 3.3333333333333335 10.012272654598886; 3.5 61.12861311856656; 3.6666666666666665 51.8851971120975; 3.8333333333333335 76.51858338522435; 4.0 0.0; 4.166666666666667 137.8461091155366; 4.333333333333333 174.56993595904515; 4.5 215.43656729803706; 4.666666666666667 260.97585439032974; 4.833333333333333 312.0909906279024; 5.0 735.3658691559319]
npts :	61
nout :	18
model :	(x,t) -> x[1]t^3 + x[2]t^2 + x[3]t + x[4]
dim :	4
cluster :	false
noise :	false
solution :	[7.6, -19.9, -21.6, 22.6]
description :	type2: cubic model
