name :	cubic
data :	[-5.0 -668.1216294102327; -4.333333333333333 -467.00197741818516; -3.6666666666666665 -308.5221344258699; -3.0 -384.5584884351342; -2.3333333333333335 -106.75028748159747; -1.6666666666666667 0.0; -1.0 -11.74294329144376; -0.3333333333333333 6.842575231270201; 0.3333333333333333 23.215921669260606; 1.0 11.004545207913544; 1.6666666666666667 8.932496181939925; 2.3333333333333335 9.269436322376025; 3.0 14.907618465037714; 3.6666666666666665 39.14506416173938; 4.333333333333333 79.48882778544572; 5.0 0.0]
npts :	16
nout :	4
model :	(x,t) -> x[1]t^3 + x[2]t^2 + x[3]t + x[4]
dim :	4
cluster :	false
noise :	false
solution :	[2.9, -10.9, 8.4, 10.8]
description :	type2: cubic model
