name :	cubic
data :	[-5.0 2703.5367894593437; -4.811320754716981 1195.4762381278847; -4.622641509433962 1047.0624633354128; -4.433962264150943 915.6618334395243; -4.245283018867925 795.2921690377194; -4.056603773584905 683.6841422131153; -3.8679245283018866 582.7417999100239; -3.6792452830188678 494.98213519582436; -3.490566037735849 0.0; -3.30188679245283 0.0; -3.1132075471698113 281.99760329598206; -2.9245283018867925 0.0; -2.7358490566037736 181.79855399767632; -2.547169811320755 0.0; -2.358490566037736 108.97495257334715; -2.169811320754717 82.02942208111281; -1.9811320754716981 59.38243486079794; -1.7924528301886793 0.0; -1.6037735849056605 25.92783223825485; -1.4150943396226414 17.28091472729242; -1.2264150943396226 8.635896300088891; -1.0377358490566038 5.230866834947257; -0.8490566037735849 2.886790237552468; -0.660377358490566 2.9183359679136123; -0.4716981132075472 3.9954360619183364; -0.2830188679245283 1.9965148000331323; -0.09433962264150944 0.0; 0.09433962264150944 0.8291500354621839; 0.2830188679245283 -2.7053315985041966; 0.4716981132075472 -4.867934772827814; 0.660377358490566 0.0; 0.8490566037735849 -21.70282918441771; 1.0377358490566038 -32.657291253886704; 1.2264150943396226 -48.0102496997756; 1.4150943396226414 0.0; 1.6037735849056605 0.0; 1.7924528301886793 -129.92716429827473; 1.9811320754716981 -167.79998621334468; 2.169811320754717 0.0; 2.358490566037736 -264.5762410586225; 2.547169811320755 -323.83235311182096; 2.7358490566037736 0.0; 2.9245283018867925 -469.7932152534101; 3.1132075471698113 0.0; 3.30188679245283 -655.4374561101874; 3.490566037735849 -759.9967192551388; 3.6792452830188678 -880.642106856075; 3.8679245283018866 -1009.1252288428523; 4.056603773584905 -1149.8710161339036; 4.245283018867925 -1305.4371824641792; 4.433962264150943 -2947.180790717167; 4.622641509433962 -1656.78937406305; 4.811320754716981 -1853.3980334096125; 5.0 0.0]
npts :	54
nout :	16
model :	(x,t) -> x[1]t^3 + x[2]t^2 + x[3]t + x[4]
dim :	4
cluster :	false
noise :	false
solution :	[-13.5, -14.3, -4.1, 1.4]
description :	type2: cubic model
