name :	cubic
data :	[-5.0 -3111.662783824902; -4.824561403508772 -2817.0113681628227; -4.649122807017544 0.0; -4.473684210526316 -2286.5578540011593; -4.298245614035087 -2049.4101131482626; -4.12280701754386 -3656.070013522547; -3.9473684210526314 -1621.8314340364375; -3.7719298245614037 0.0; -3.5964912280701755 -1260.9524941325571; -3.4210526315789473 0.0; -3.245614035087719 0.0; -3.0701754385964914 -1650.3071021004578; -2.8947368421052633 -705.4194389175402; -2.719298245614035 -1198.2011638206507; -2.543859649122807 0.0; -2.3684210526315788 -417.0534820254965; -2.192982456140351 0.0; -2.017543859649123 -278.5661859429986; -1.8421052631578947 -222.29526934890168; -1.6666666666666667 -172.23377641383584; -1.4912280701754386 -133.68775384876747; -1.3157894736842106 -99.13278349207908; -1.1403508771929824 -69.90861163270536; -0.9649122807017544 -101.33723268275013; -0.7894736842105263 -62.67918494111429; -0.6140350877192983 -18.27588824531901; -0.43859649122807015 -10.793682313998058; -0.2631578947368421 -7.789342329466912; -0.08771929824561403 0.3848841208465077; 0.08771929824561403 3.1717193264115937; 0.2631578947368421 3.807779385808163; 0.43859649122807015 0.0; 0.6140350877192983 4.104350547576175; 0.7894736842105263 5.910289559682363; 0.9649122807017544 10.107352785814323; 1.1403508771929824 14.701066227973657; 1.3157894736842106 22.727058781246782; 1.4912280701754386 33.41553277554428; 1.6666666666666667 48.28209912388045; 1.8421052631578947 68.87427113910658; 2.017543859649123 95.54695738924713; 2.192982456140351 128.0304743700119; 2.3684210526315788 165.25524263002353; 2.543859649122807 211.1433251101805; 2.719298245614035 264.7131810746573; 2.8947368421052633 327.4703000501583; 3.0701754385964914 796.0599341627509; 3.245614035087719 481.2134131730832; 3.4210526315789473 0.0; 3.5964912280701755 675.3818374544327; 3.7719298245614037 788.9057289486288; 3.9473684210526314 0.0; 4.12280701754386 1055.9962154406032; 4.298245614035087 1212.4905746057482; 4.473684210526316 1380.3623069571133; 4.649122807017544 1564.45043085764; 4.824561403508772 1764.0314686573859; 5.0 1977.2323667248938]
npts :	58
nout :	17
model :	(x,t) -> x[1]t^3 + x[2]t^2 + x[3]t + x[4]
dim :	4
cluster :	false
noise :	false
solution :	[19.9, -22.7, 11.7, 0.7]
description :	type2: cubic model
