name :	cubic
data :	[-5.0 0.0; -4.5 -487.1128985456883; -4.0 -578.5952316931687; -3.5 -146.37854790760449; -3.0 -51.726516727242426; -2.5 1.667410396255839; -2.0 27.029751173521262; -1.5 26.594199158829795; -1.0 0.0; -0.5 0.0; 0.0 -13.933040558615021; 0.5 0.0; 1.0 2.2195281322302716; 1.5 52.68223553809248; 2.0 138.93780393276805; 2.5 0.0; 3.0 462.3836810277098; 3.5 716.1281798892943; 4.0 1039.5869613949396; 4.5 1448.1164566856007; 5.0 1945.7782123852905]
npts :	21
nout :	6
model :	(x,t) -> x[1]t^3 + x[2]t^2 + x[3]t + x[4]
dim :	4
cluster :	false
noise :	false
solution :	[11.5, 24.5, -17.8, -15.3]
description :	type2: cubic model
