name :	cubic
data :	[-5.0 2182.8968535821673; -4.545454545454546 1627.0460643090037; -4.090909090909091 1168.0708987995854; -3.6363636363636362 803.0913137864054; -3.1818181818181817 521.7090641173905; -2.727272727272727 310.73091580383897; -2.272727272727273 324.66306162152506; -1.8181818181818181 66.55254766978328; -1.3636363636363635 9.80294609751437; -0.9090909090909091 -29.13328298103816; -0.45454545454545453 0.0; 0.0 -8.876088390534163; 0.45454545454545453 -1.0340605890365695; 0.9090909090909091 -2.1241323126973795; 1.3636363636363635 -20.12424555852252; 1.8181818181818181 -70.41643769069479; 2.272727272727273 0.0; 2.727272727272727 -294.9292652709277; 3.1818181818181817 -496.15709140451804; 3.6363636363636362 -1528.6878830501375; 4.090909090909091 0.0; 4.545454545454546 -1549.7914059633727; 5.0 -2091.629724753277]
npts :	23
nout :	6
model :	(x,t) -> x[1]t^3 + x[2]t^2 + x[3]t + x[4]
dim :	4
cluster :	false
noise :	false
solution :	[-18.0, 2.3, 22.5, -10.3]
description :	type2: cubic model
