name :	cubic
data :	[-5.0 -1760.6398904956277; -3.888888888888889 0.0; -2.7777777777777777 0.0; -1.6666666666666667 -40.90043406408458; -0.5555555555555556 20.35880788965178; 0.5555555555555556 10.776165097098417; 1.6666666666666667 86.5708672177892; 2.7777777777777777 363.8196567438241; 3.888888888888889 967.2949859889644; 5.0 2023.9556739323507]
npts :	10
nout :	3
model :	(x,t) -> x[1]t^3 + x[2]t^2 + x[3]t + x[4]
dim :	4
cluster :	false
noise :	false
solution :	[15.3, 4.9, -3.9, 8.2]
description :	type2: cubic model
