name :	cubic
data :	[-5.0 0.0; -4.824561403508772 -2244.4599058575363; -4.649122807017544 -2018.6261871505797; -4.473684210526316 0.0; -4.298245614035087 -1615.9914695462635; -4.12280701754386 -1436.8950297544143; -3.9473684210526314 -1269.9323328620503; -3.7719298245614037 -1116.406169990962; -3.5964912280701755 -975.5826368897514; -3.4210526315789473 0.0; -3.245614035087719 -730.8958836811915; -3.0701754385964914 0.0; -2.8947368421052633 -532.0098030530864; -2.719298245614035 -444.34784998861414; -2.543859649122807 -369.3202714490198; -2.3684210526315788 -601.0283790119063; -2.192982456140351 -244.82848035564086; -2.017543859649123 -192.84574559814516; -1.8421052631578947 0.0; -1.6666666666666667 -112.61669532639209; -1.4912280701754386 -82.66323871320103; -1.3157894736842106 0.0; -1.1403508771929824 -40.15990048924001; -0.9649122807017544 -25.41985660312917; -0.7894736842105263 -31.194735435960027; -0.6140350877192983 -6.2702201817995595; -0.43859649122807015 -3.227526281094716; -0.2631578947368421 -4.59159631086879; -0.08771929824561403 0.0; 0.08771929824561403 -4.907796463440489; 0.2631578947368421 -7.144749766222771; 0.43859649122807015 -10.33382720144367; 0.6140350877192983 -12.870281208287516; 0.7894736842105263 -15.152932825628527; 0.9649122807017544 -17.533562957321838; 1.1403508771929824 -15.786279931757477; 1.3157894736842106 0.0; 1.4912280701754386 -6.544610474032237; 1.6666666666666667 3.350071689389989; 1.8421052631578947 0.0; 2.017543859649123 33.12651148543347; 2.192982456140351 110.42614340285715; 2.3684210526315788 169.67027389771354; 2.543859649122807 116.65340507376497; 2.719298245614035 159.5408660492293; 2.8947368421052633 410.23692094294813; 3.0701754385964914 259.9334459354909; 3.245614035087719 323.3187724354256; 3.4210526315789473 397.13032430116715; 3.5964912280701755 0.0; 3.7719298245614037 570.530137327323; 3.9473684210526314 0.0; 4.12280701754386 784.7280669398584; 4.298245614035087 908.981902692106; 4.473684210526316 1045.4505633420997; 4.649122807017544 1190.9981387857194; 4.824561403508772 1353.365834568109; 5.0 1530.8264432142498]
npts :	58
nout :	17
model :	(x,t) -> x[1]t^3 + x[2]t^2 + x[3]t + x[4]
dim :	4
cluster :	false
noise :	false
solution :	[16.5, -19.0, -11.1, -3.1]
description :	type2: cubic model
