name :	cubic
data :	[-5.0 -1708.0070143288071; -4.090909090909091 -974.9357185728986; -3.1818181818181817 -492.67243279176057; -2.272727272727273 -206.31366429688083; -1.3636363636363635 -58.28457032516787; -0.45454545454545453 -1.870375109991982; 0.45454545454545453 0.0; 1.3636363636363635 59.47997515577709; 2.272727272727273 0.0; 3.1818181818181817 395.9392096890707; 4.090909090909091 801.7132023924561; 5.0 0.0]
npts :	12
nout :	3
model :	(x,t) -> x[1]t^3 + x[2]t^2 + x[3]t + x[4]
dim :	4
cluster :	false
noise :	false
solution :	[11.7, -5.9, 21.5, 11.3]
description :	type2: cubic model
