name :	cubic
data :	[-5.0 -59.107423192604934; -4.285714285714286 -68.73209589872651; -3.5714285714285716 -23.42889371051517; -2.857142857142857 0.0; -2.142857142857143 -46.957967392624376; -1.4285714285714286 0.0; -0.7142857142857143 -25.590187206202454; 0.0 -18.99375402892828; 0.7142857142857143 -0.1457824123412692; 1.4285714285714286 36.54033114564457; 2.142857142857143 92.73262570126504; 2.857142857142857 173.97714505118617; 3.5714285714285716 281.8093936430572; 4.285714285714286 422.2935286007617; 5.0 597.8580430462971]
npts :	15
nout :	4
model :	(x,t) -> x[1]t^3 + x[2]t^2 + x[3]t + x[4]
dim :	4
cluster :	false
noise :	false
solution :	[1.9, 11.5, 18.3, -18.1]
description :	type2: cubic model
