name :	cubic
data :	[-5.0 2313.8879715294993; -4.8 2062.2460658198306; -4.6 1828.955208275823; -4.4 1613.8476926066899; -4.2 1416.338072165653; -4.0 2470.2101706316503; -3.8 1072.443427630567; -3.6 0.0; -3.4 1571.5569944127908; -3.2 665.8250834781153; -3.0 0.0; -2.8 463.26965653664223; -2.6 378.83665180160557; -2.4 305.436249192152; -2.2 240.3911521601739; -2.0 189.58949241132078; -1.8 143.49039504587176; -1.6 105.83678518439818; -1.4 0.0; -1.2 48.7335515787812; -1.0 0.0; -0.8 31.557655349365728; -0.6 4.294751407842641; -0.4 -1.494356020490567; -0.2 0.0; 0.0 -10.477408382359712; 0.2 -13.508868698517148; 0.4 -13.931629737025533; 0.6 -34.17934577942456; 0.8 0.0; 1.0 0.0; 1.2 -40.60956065267919; 1.4 -50.86510790645379; 1.6 -66.0365420877899; 1.8 -89.75227496105039; 2.0 -234.94365674442815; 2.2 0.0; 2.4 -196.59192169814753; 2.6 -247.0827075826281; 2.8 -307.2654632672781; 3.0 -375.9846814742143; 3.2 -455.16213577474065; 3.4 -546.618100786072; 3.6 -650.7021014822712; 3.8 -765.760248520079; 4.0 -1791.6148461655994; 4.2 -1038.0878195382056; 4.4 -1198.0258329207973; 4.6 -1372.233251659204; 4.8 -1562.3108377750807; 5.0 0.0]
npts :	51
nout :	15
model :	(x,t) -> x[1]t^3 + x[2]t^2 + x[3]t + x[4]
dim :	4
cluster :	false
noise :	false
solution :	[-15.8, 11.3, -13.6, -10.2]
description :	type2: cubic model
