name :	cubic
data :	[-5.0 1927.4749560516143; -4.666666666666667 3205.8408276775667; -4.333333333333333 1320.0655256760986; -4.0 2134.0934901064784; -3.6666666666666665 851.7682600030391; -3.3333333333333335 1334.3127612996132; -3.0 509.08744765893647; -2.6666666666666665 380.4427739827649; -2.3333333333333335 275.1479050698837; -2.0 377.1761233835241; -1.6666666666666667 124.56653505516753; -1.3333333333333333 74.43192280285422; -1.0 37.869377390390596; -0.6666666666666666 15.460060009457823; -0.3333333333333333 1.536087184117742; 0.0 -4.620428110326801; 0.3333333333333333 -9.378596708928264; 0.6666666666666666 0.0; 1.0 -10.347655691726452; 1.3333333333333333 -15.376885738850008; 1.6666666666666667 -22.230905187724918; 2.0 -42.29345985109136; 2.3333333333333335 -68.68636826656002; 2.6666666666666665 -107.51822636333236; 3.0 -320.6174181002621; 3.3333333333333335 -235.4566061186249; 3.6666666666666665 -650.8240417650927; 4.0 -439.56078365823953; 4.333333333333333 -577.4509527735746; 4.666666666666667 -745.2605703498929; 5.0 -1879.915075463574]
npts :	31
nout :	9
model :	(x,t) -> x[1]t^3 + x[2]t^2 + x[3]t + x[4]
dim :	4
cluster :	false
noise :	false
solution :	[-10.9, 20.0, -14.1, -6.1]
description :	type2: cubic model
