name :	cubic
data :	[-5.0 334.50597317370557; -4.72972972972973 303.07095248784265; -4.45945945945946 273.4777475073897; -4.1891891891891895 482.2573269403262; -3.918918918918919 0.0; -3.6486486486486487 185.9228489648477; -3.3783783783783785 163.03832710521598; -3.108108108108108 277.86688570371723; -2.8378378378378377 116.80669009902125; -2.5675675675675675 98.73503210300586; -2.2972972972972974 81.41354313979896; -2.027027027027027 66.51228992204493; -1.7567567567567568 52.47021104957646; -1.4864864864864864 85.68002328476825; -1.2162162162162162 32.85454638725525; -0.9459459459459459 0.0; -0.6756756756756757 22.826902232626868; -0.40540540540540543 22.39064789402113; -0.13513513513513514 0.0; 0.13513513513513514 26.476439973779115; 0.40540540540540543 33.660955102111956; 0.6756756756756757 43.094337478589495; 0.9459459459459459 54.058239949056464; 1.2162162162162162 69.58976992536336; 1.4864864864864864 179.7630340039597; 1.7567567567567568 109.59026150776334; 2.027027027027027 133.72268498204232; 2.2972972972972974 162.19685540604527; 2.5675675675675675 0.0; 2.8378378378378377 227.6853141435086; 3.108108108108108 263.32571309331684; 3.3783783783783785 303.5000903763704; 3.6486486486486487 350.7767010303029; 3.918918918918919 794.5511509734979; 4.1891891891891895 899.021102853148; 4.45945945945946 505.9159494895654; 4.72972972972973 565.4416373241172; 5.0 1255.3989200217786]
npts :	38
nout :	11
model :	(x,t) -> x[1]t^3 + x[2]t^2 + x[3]t + x[4]
dim :	4
cluster :	false
noise :	false
solution :	[0.6, 18.3, 14.3, 24.6]
description :	type2: cubic model
