name :	cubic
data :	[-5.0 -626.9789372264119; -4.7727272727272725 -560.7102776220565; -4.545454545454546 -496.6885782075382; -4.318181818181818 -437.65276539587836; -4.090909090909091 -386.8257336323111; -3.8636363636363638 -667.7104050781647; -3.6363636363636362 -288.0014955974704; -3.409090909090909 0.0; -3.1818181818181817 -208.512131508868; -2.9545454545454546 -173.1371264838546; -2.727272727272727 0.0; -2.5 -229.9188505217918; -2.272727272727273 -88.84782392361991; -2.0454545454545454 -69.02619965698587; -1.8181818181818181 0.0; -1.5909090909090908 -37.12452104270625; -1.3636363636363635 -25.05008323599755; -1.1363636363636365 -16.874352694499002; -0.9090909090909091 -12.479446939626381; -0.6818181818181818 -14.321571000116888; -0.45454545454545453 -5.828945208605338; -0.22727272727272727 0.0; 0.0 -12.075229542579267; 0.22727272727272727 -18.63600309357212; 0.45454545454545453 -27.958671497805295; 0.6818181818181818 -38.86606637537951; 0.9090909090909091 -98.42033956196587; 1.1363636363636365 -62.83156298389086; 1.3636363636363635 -80.82978275672157; 1.5909090909090908 0.0; 1.8181818181818181 0.0; 2.0454545454545454 -136.72915724912528; 2.272727272727273 -158.7508149283784; 2.5 0.0; 2.727272727272727 -204.93354587185593; 2.9545454545454546 -229.47346801054616; 3.1818181818181817 -255.0191813609081; 3.409090909090909 -281.6187160889677; 3.6363636363636362 0.0; 3.8636363636363638 -335.64941328698427; 4.090909090909091 -364.485441496009; 4.318181818181818 -389.67539637995947; 4.545454545454546 -419.0596284556768; 4.7727272727272725 0.0; 5.0 -478.4347471716112]
npts :	45
nout :	13
model :	(x,t) -> x[1]t^3 + x[2]t^2 + x[3]t + x[4]
dim :	4
cluster :	false
noise :	false
solution :	[1.5, -21.6, -22.5, -12.7]
description :	type2: cubic model
