name :	cubic
data :	[-5.0 2077.657649357239; -4.090909090909091 2279.0862097565987; -3.1818181818181817 538.8726363061579; -2.272727272727273 197.14329985561574; -1.3636363636363635 41.061824020511025; -0.45454545454545453 -10.818279909504442; 0.45454545454545453 -30.44265293148687; 1.3636363636363635 -91.79355871100756; 2.272727272727273 -276.86130532697865; 3.1818181818181817 -658.6641051952267; 4.090909090909091 0.0; 5.0 0.0]
npts :	12
nout :	3
model :	(x,t) -> x[1]t^3 + x[2]t^2 + x[3]t + x[4]
dim :	4
cluster :	false
noise :	false
solution :	[-16.9, -4.0, -17.0, -20.1]
description :	type2: cubic model
