name :	cubic
data :	[-5.0 -2239.0466402461; -4.767441860465116 -1953.5262022878421; -4.534883720930233 -1694.594448870537; -4.3023255813953485 -1460.223852382745; -4.069767441860465 -1246.1515893472526; -3.8372093023255816 -1054.1690886901522; -3.604651162790698 0.0; -3.372093023255814 -1467.1852299354282; -3.13953488372093 -598.8454477976742; -2.9069767441860463 -480.91618879379456; -2.6744186046511627 0.0; -2.441860465116279 -294.80237749660995; -2.2093023255813953 -446.91453160970315; -1.9767441860465116 0.0; -1.744186046511628 -114.48924925119563; -1.5116279069767442 -76.19684113265131; -1.2790697674418605 -45.92446544464629; -1.0465116279069768 -52.53141439909035; -0.813953488372093 -10.52363976052068; -0.5813953488372093 0.1636223408508064; -0.3488372093023256 2.8283162176465932; -0.11627906976744186 5.470288333875427; 0.11627906976744186 7.912085061344621; 0.3488372093023256 2.526854358823284; 0.5813953488372093 2.550787270168358; 0.813953488372093 1.52417436609066; 1.0465116279069768 4.387427850508068; 1.2790697674418605 0.0; 1.5116279069767442 37.81054108207616; 1.744186046511628 69.27817816221392; 1.9767441860465116 57.291380349213405; 2.2093023255813953 89.39329662728969; 2.441860465116279 127.75681456205915; 2.6744186046511627 355.9819411527362; 2.9069767441860463 243.21123814552064; 3.13953488372093 0.0; 3.372093023255814 403.7204101262616; 3.604651162790698 506.9603900064579; 3.8372093023255816 627.1957751312434; 4.069767441860465 1527.1748224298076; 4.3023255813953485 918.6838304390819; 4.534883720930233 1091.6525152996016; 4.767441860465116 1288.1222551444516; 5.0 1503.733214825161]
npts :	44
nout :	13
model :	(x,t) -> x[1]t^3 + x[2]t^2 + x[3]t + x[4]
dim :	4
cluster :	false
noise :	false
solution :	[15.1, -14.9, -3.2, 5.4]
description :	type2: cubic model
