name :	cubic
data :	[-5.0 1429.414755320028; -4.444444444444445 990.4061505224145; -3.888888888888889 651.7423009049853; -3.3333333333333335 402.6986103656169; -2.7777777777777777 228.392432623844; -2.2222222222222223 227.4313986423777; -1.6666666666666667 49.623645526808296; -1.1111111111111112 21.59141330846616; -0.5555555555555556 14.199529921077715; 0.0 18.938517409440035; 0.5555555555555556 0.0; 1.1111111111111112 4.897580337218971; 1.6666666666666667 -39.11604250878654; 2.2222222222222223 0.0; 2.7777777777777777 -264.8713480179816; 3.3333333333333335 -944.7786374515788; 3.888888888888889 -763.7131652314073; 4.444444444444445 -2292.862008811714; 5.0 -1633.347793572211]
npts :	19
nout :	5
model :	(x,t) -> x[1]t^3 + x[2]t^2 + x[3]t + x[4]
dim :	4
cluster :	false
noise :	false
solution :	[-12.6, -4.9, 8.6, 18.7]
description :	type2: cubic model
