name :	cubic
data :	[-5.0 757.1829766047582; -4.84375 344.3728713630105; -4.6875 315.47776966488954; -4.53125 286.7582691413724; -4.375 257.6896207976484; -4.21875 235.01082823708873; -4.0625 421.1779796360664; -3.90625 187.78986955178686; -3.75 334.322388424192; -3.59375 0.0; -3.4375 128.05426567431826; -3.28125 112.52496078930818; -3.125 96.57964006107257; -2.96875 80.90898529681603; -2.8125 0.0; -2.65625 55.86837447795159; -2.5 0.0; -2.34375 33.228554146936176; -2.1875 28.689762648322052; -2.03125 20.86464952219339; -1.875 14.049051751528411; -1.71875 7.889440475129351; -1.5625 4.552843571305484; -1.40625 -0.11776431496277673; -1.25 -2.365221004943304; -1.09375 0.0; -0.9375 -1.8856757470441172; -0.78125 0.0; -0.625 -4.495554277293163; -0.46875 -1.573623120236609; -0.3125 -2.687443305744462; -0.15625 2.279320841734451; 0.0 4.774107442228936; 0.15625 17.658620697487212; 0.3125 0.0; 0.46875 38.47072738573189; 0.625 45.01635251113375; 0.78125 58.395580202973335; 0.9375 35.20344621088581; 1.09375 42.22048566768396; 1.25 48.90212309979685; 1.40625 54.13757704691523; 1.5625 0.0; 1.71875 70.71269652552411; 1.875 76.04795153316482; 2.03125 171.94047633897142; 2.1875 91.14693522615019; 2.34375 99.71669673346074; 2.5 108.76579486430676; 2.65625 115.88816956030922; 2.8125 122.38850154455409; 2.96875 131.45279920524627; 3.125 137.7925877748074; 3.28125 143.98665013473206; 3.4375 152.4566256378223; 3.59375 158.98581128918917; 3.75 165.8424647693178; 3.90625 172.0252753676279; 4.0625 177.42088420919285; 4.21875 0.0; 4.375 185.94094504425018; 4.53125 191.28717093774466; 4.6875 391.85818149520037; 4.84375 200.56240996127144; 5.0 403.0149652223701]
npts :	65
nout :	19
model :	(x,t) -> x[1]t^3 + x[2]t^2 + x[3]t + x[4]
dim :	4
cluster :	false
noise :	false
solution :	[-1.6, 11.4, 22.4, 5.4]
description :	type2: cubic model
