name :	cubic
data :	[-5.0 1078.846968793397; -4.836065573770492 956.915159834666; -4.672131147540983 844.627525967392; -4.508196721311475 742.8574594231267; -4.344262295081967 0.0; -4.180327868852459 0.0; -4.016393442622951 480.29115208051076; -3.8524590163934427 408.92606721045695; -3.6885245901639343 343.08432417535784; -3.5245901639344264 283.4985313593501; -3.360655737704918 230.97821329179374; -3.19672131147541 182.65019215174857; -3.0327868852459017 144.44987851046088; -2.8688524590163933 214.81478059463228; -2.7049180327868854 0.0; -2.540983606557377 51.798502674767036; -2.377049180327869 58.02572135406036; -2.2131147540983607 13.081727924908149; -2.0491803278688523 -2.2773975666291535; -1.8852459016393444 -13.412779201721333; -1.721311475409836 -21.75834050640537; -1.5573770491803278 -30.044915964362808; -1.3934426229508197 -33.050602356574664; -1.2295081967213115 -35.760182209281936; -1.0655737704918034 -34.12479075762519; -0.9016393442622951 -71.61465531131603; -0.7377049180327869 0.0; -0.5737704918032787 0.0; -0.4098360655737705 -54.807789266620055; -0.2459016393442623 -26.58517920997763; -0.08196721311475409 -25.41970490381057; 0.08196721311475409 -22.502962682637804; 0.2459016393442623 -23.928596426985138; 0.4098360655737705 0.0; 0.5737704918032787 -29.469424813652925; 0.7377049180327869 -76.42611723921104; 0.9016393442622951 -45.881469594792826; 1.0655737704918034 0.0; 1.2295081967213115 -71.31727038258263; 1.3934426229508197 -89.01635424217199; 1.5573770491803278 0.0; 1.721311475409836 -138.5960918419488; 1.8852459016393444 -167.93862576270044; 2.0491803278688523 -204.64169192064077; 2.2131147540983607 0.0; 2.377049180327869 0.0; 2.540983606557377 -347.1386357233578; 2.7049180327868854 -404.8669595620068; 2.8688524590163933 -940.619717541632; 3.0327868852459017 -541.7987457162441; 3.19672131147541 -622.0625112003581; 3.360655737704918 -709.4071099084421; 3.5245901639344264 -803.2531015065674; 3.6885245901639343 -909.3498757556781; 3.8524590163934427 -1021.1542258933; 4.016393442622951 0.0; 4.180327868852459 -1274.434725531896; 4.344262295081967 0.0; 4.508196721311475 -1562.8926568894467; 4.672131147540983 -1723.5811249375677; 4.836065573770492 -1895.6211752311642; 5.0 -2077.2856988459876]
npts :	62
nout :	18
model :	(x,t) -> x[1]t^3 + x[2]t^2 + x[3]t + x[4]
dim :	4
cluster :	false
noise :	false
solution :	[-12.8, -19.0, 4.5, -24.3]
description :	type2: cubic model
