name :	cubic
data :	[-5.0 -1743.1564044505715; -4.795918367346939 -3097.844713439417; -4.591836734693878 -1369.705000064241; -4.387755102040816 -1205.4889240934303; -4.183673469387755 -1054.3792655735401; -3.979591836734694 -1825.4707621987836; -3.7755102040816326 0.0; -3.5714285714285716 -673.1857420372068; -3.36734693877551 -567.341088299669; -3.163265306122449 -473.7435392843056; -2.9591836734693877 -391.74486191837786; -2.7551020408163267 -636.6047072030057; -2.5510204081632653 0.0; -2.3469387755102042 -197.5415146092973; -2.142857142857143 -298.8651874184048; -1.9387755102040816 -108.05879518699868; -1.7346938775510203 -73.70978635851283; -1.530612244897959 -93.60208784320122; -1.3265306122448979 -52.03342851134004; -1.1224489795918366 -8.12884533592307; -0.9183673469387755 4.61897918093605; -0.7142857142857143 13.616636971213616; -0.5102040816326531 19.445932668133924; -0.30612244897959184 20.203174896795886; -0.10204081632653061 22.99428184114045; 0.10204081632653061 41.156997131428646; 0.30612244897959184 17.609408837992074; 0.5102040816326531 12.175606918520453; 0.7142857142857143 19.90343871955467; 0.9183673469387755 7.405942293024259; 1.1224489795918366 5.398315705822629; 1.3265306122448979 4.933114722883993; 1.530612244897959 8.071736239362075; 1.7346938775510203 13.581392927279818; 1.9387755102040816 21.72932616975705; 2.142857142857143 33.7213257963409; 2.3469387755102042 48.42695623795981; 2.5510204081632653 70.21981572840168; 2.7551020408163267 99.8165092513719; 2.9591836734693877 0.0; 3.163265306122449 171.52786090463658; 3.36734693877551 0.0; 3.5714285714285716 273.1110706978998; 3.7755102040816326 677.1166252190551; 3.979591836734694 410.20886252279337; 4.183673469387755 0.0; 4.387755102040816 585.0830703231608; 4.591836734693878 1375.8520143899705; 4.795918367346939 799.8984287803453; 5.0 928.1337417987172]
npts :	50
nout :	15
model :	(x,t) -> x[1]t^3 + x[2]t^2 + x[3]t + x[4]
dim :	4
cluster :	false
noise :	false
solution :	[11.0, -17.2, -7.9, 20.6]
description :	type2: cubic model
