name :	cubic
data :	[-5.0 2415.606808306886; -4.655172413793103 1956.9940174662345; -4.310344827586207 0.0; -3.9655172413793105 1219.4098269550216; -3.6206896551724137 933.9526802224701; -3.2758620689655173 695.7172001761351; -2.9310344827586206 1000.9068519296802; -2.586206896551724 344.29251639974854; -2.2413793103448274 224.95866839437912; -1.896551724137931 134.34034185754626; -1.5517241379310345 139.4058585479245; -1.206896551724138 28.535341734568096; -0.8620689655172413 5.917709458586383; -0.5172413793103449 0.0; -0.1724137931034483 0.0; 0.1724137931034483 -27.6862624419025; 0.5172413793103449 0.0; 0.8620689655172413 -23.707163430160016; 1.206896551724138 0.0; 1.5517241379310345 -69.79046738909095; 1.896551724137931 -118.05651746035096; 2.2413793103448274 -193.3833450358335; 2.586206896551724 -292.97153708801164; 2.9310344827586206 -424.0297202929088; 3.2758620689655173 -596.6700954261173; 3.6206896551724137 -805.7766029685579; 3.9655172413793105 -1062.8745922736302; 4.310344827586207 0.0; 4.655172413793103 -1727.6935545721237; 5.0 -2149.006714178336]
npts :	30
nout :	9
model :	(x,t) -> x[1]t^3 + x[2]t^2 + x[3]t + x[4]
dim :	4
cluster :	false
noise :	false
solution :	[-18.2, 5.9, -1.5, -13.5]
description :	type2: cubic model
