name :	cubic
data :	[-5.0 -2477.999217628337; -4.705882352941177 0.0; -4.411764705882353 -1670.4910600271573; -4.117647058823529 -2682.7925422892326; -3.823529411764706 -1059.8564522100442; -3.5294117647058822 -816.9203319284569; -3.235294117647059 -615.0542426770434; -2.9411764705882355 -451.0049319793268; -2.6470588235294117 -313.9953794875218; -2.3529411764705883 -209.05790909280032; -2.0588235294117645 -128.30815899920864; -1.7647058823529411 -136.65001161240883; -1.4705882352941178 0.0; -1.1764705882352942 0.15150680107818876; -0.8823529411764706 14.161969636516735; -0.5882352941176471 20.97401438113699; -0.29411764705882354 46.63139211439059; 0.0 41.39874456023033; 0.29411764705882354 23.961013123141196; 0.5882352941176471 33.1264255372567; 0.8823529411764706 93.14979804791561; 1.1764705882352942 0.0; 1.4705882352941178 118.62705133840802; 1.7647058823529411 181.0382861387742; 2.0588235294117645 535.8600838314658; 2.3529411764705883 375.298779161295; 2.6470588235294117 0.0; 2.9411764705882355 687.2880665728796; 3.235294117647059 895.4908103957474; 3.5294117647058822 1141.4386173706614; 3.823529411764706 1431.765516309476; 4.117647058823529 1766.705765111784; 4.411764705882353 2150.917559501553; 4.705882352941177 2588.1831985252793; 5.0 3081.2580394142747]
npts :	35
nout :	10
model :	(x,t) -> x[1]t^3 + x[2]t^2 + x[3]t + x[4]
dim :	4
cluster :	false
noise :	false
solution :	[22.2, 11.2, 1.1, 22.4]
description :	type2: cubic model
