name :	cubic
data :	[-5.0 -2702.3415879736935; -4.761904761904762 -4734.66980189757; -4.523809523809524 -2060.3209016480764; -4.285714285714286 -1781.9162831490664; -4.0476190476190474 -1526.6809267889755; -3.8095238095238093 0.0; -3.5714285714285716 -1093.9177472315876; -3.3333333333333335 -913.851886448291; -3.0952380952380953 -753.0020915286514; -2.857142857142857 -613.4201021002649; -2.619047619047619 0.0; -2.380952380952381 -385.6203539936693; -2.142857142857143 -298.9672211828532; -1.9047619047619047 -226.2190210328503; -1.6666666666666667 -331.2836470906419; -1.4285714285714286 0.0; -1.1904761904761905 -79.02891803377732; -0.9523809523809523 -100.6151632627288; -0.7142857142857143 -30.56993426311586; -0.47619047619047616 -26.025785060530577; -0.23809523809523808 -5.158006689386648; 0.0 0.3645660804668486; 0.23809523809523808 2.0129455627334627; 0.47619047619047616 3.7662695632266354; 0.7142857142857143 5.404923116512137; 0.9523809523809523 9.896673508611487; 1.1904761904761905 15.414341595094704; 1.4285714285714286 26.68682681562141; 1.6666666666666667 43.266550738909494; 1.9047619047619047 66.50177756820285; 2.142857142857143 194.80139172250782; 2.380952380952381 138.00929240024692; 2.619047619047619 0.0; 2.857142857142857 0.0; 3.0952380952380953 331.2012381498836; 3.3333333333333335 422.35902363374726; 3.5714285714285716 533.781908097842; 3.8095238095238093 660.2019680580312; 4.0476190476190474 803.6965504718092; 4.285714285714286 0.0; 4.523809523809524 1157.8747660282404; 4.761904761904762 0.0; 5.0 1603.5161248240001]
npts :	43
nout :	12
model :	(x,t) -> x[1]t^3 + x[2]t^2 + x[3]t + x[4]
dim :	4
cluster :	false
noise :	false
solution :	[16.6, -22.0, 16.0, -0.1]
description :	type2: cubic model
