name :	cubic
data :	[-5.0 -1504.9102824663717; -3.888888888888889 -700.2359053965629; -2.7777777777777777 -256.2208805363623; -1.6666666666666667 -61.29580567211764; -0.5555555555555556 -5.60499015775677; 0.5555555555555556 41.87846283613854; 1.6666666666666667 135.77809177840535; 2.7777777777777777 898.480489543631; 3.888888888888889 1070.3876118064452; 5.0 0.0]
npts :	10
nout :	3
model :	(x,t) -> x[1]t^3 + x[2]t^2 + x[3]t + x[4]
dim :	4
cluster :	false
noise :	false
solution :	[13.6, 12.0, 22.0, 3.7]
description :	type2: cubic model
