name :	cubic
data :	[-5.0 2119.6518529166624; -4.777777777777778 1842.534046220676; -4.555555555555555 3174.3806920109387; -4.333333333333333 1359.8853846504835; -4.111111111111111 1153.7023487923036; -3.888888888888889 0.0; -3.6666666666666665 803.9141432985188; -3.4444444444444446 657.3990035892399; -3.2222222222222223 1057.0971189914844; -3.0 419.933639425809; -2.7777777777777777 325.4406429850743; -2.5555555555555554 243.28436336044683; -2.3333333333333335 0.0; -2.111111111111111 243.45454349434266; -1.8888888888888888 79.07756686226985; -1.6666666666666667 42.567674885043914; -1.4444444444444444 19.464920327923014; -1.2222222222222223 1.6734265600744354; -1.0 -9.195825322904042; -0.7777777777777778 -16.084416395226263; -0.5555555555555556 -17.050982710946375; -0.3333333333333333 -15.11665876070033; -0.1111111111111111 0.0; 0.1111111111111111 -9.270651722672495; 0.3333333333333333 0.0; 0.5555555555555556 -4.612739034028606; 0.7777777777777778 -6.310883543428723; 1.0 0.0; 1.2222222222222223 -22.475934703959798; 1.4444444444444444 -38.98341318506845; 1.6666666666666667 -67.18644927046896; 1.8888888888888888 0.0; 2.111111111111111 0.0; 2.3333333333333335 -198.94553775876653; 2.5555555555555554 -264.2695055540675; 2.7777777777777777 -346.1948497745841; 3.0 -438.0379718208624; 3.2222222222222223 -549.6134626188883; 3.4444444444444446 -677.5208840029525; 3.6666666666666665 -822.4294009408937; 3.888888888888889 -988.5651073154362; 4.111111111111111 -1174.084304331087; 4.333333333333333 -1380.0649843443807; 4.555555555555555 0.0; 4.777777777777778 -3723.3995376591897; 5.0 0.0]
npts :	46
nout :	13
model :	(x,t) -> x[1]t^3 + x[2]t^2 + x[3]t + x[4]
dim :	4
cluster :	false
noise :	false
solution :	[-17.7, -0.0, 16.3, -10.3]
description :	type2: cubic model
