name :	cubic
data :	[-5.0 2019.2717102125616; -4.75 881.4983323891037; -4.5 766.4355468968338; -4.25 1324.2315232166936; -4.0 565.9732195810807; -3.75 479.0985577386377; -3.5 403.85300519624093; -3.25 335.3378276905648; -3.0 274.47654646758104; -2.75 224.11978470674148; -2.5 0.0; -2.25 0.0; -2.0 107.76714581729325; -1.75 162.22731857212875; -1.5 59.11881382521407; -1.25 42.97632321163603; -1.0 58.17181144483664; -0.75 20.55845022945917; -0.5 25.03287469712749; -0.25 0.0; 0.0 8.36350009765961; 0.25 10.60732285183242; 0.5 10.856135827916228; 0.75 23.60449755466553; 1.0 13.807805325937906; 1.25 36.82015927351007; 1.5 16.624689788080566; 1.75 15.95963259998415; 2.0 11.472439900768881; 2.25 7.318379409149679; 2.5 -1.3343020840264113; 2.75 -13.966093460790775; 3.0 -29.181143967291085; 3.25 -52.139716552123105; 3.5 -150.70416879594995; 3.75 -105.29144486687412; 4.0 0.0; 4.25 -186.73855995969822; 4.5 -235.90973028632004; 4.75 -294.8282024197469; 5.0 -361.5918378460812]
npts :	41
nout :	12
model :	(x,t) -> x[1]t^3 + x[2]t^2 + x[3]t + x[4]
dim :	4
cluster :	false
noise :	false
solution :	[-5.4, 12.6, -2.1, 9.5]
description :	type2: cubic model
