name :	cubic
data :	[-5.0 -457.7950691591837; -4.696969696969697 -398.91282761914954; -4.393939393939394 -345.8800102524333; -4.090909090909091 -296.99212371352735; -3.787878787878788 0.0; -3.484848484848485 -419.4541180673938; -3.1818181818181817 -172.61796838269467; -2.878787878787879 -274.56641610469177; -2.5757575757575757 -109.44571540243093; -2.272727272727273 -84.85370824321883; -1.9696969696969697 -62.883435812859766; -1.6666666666666667 -44.47314976167577; -1.3636363636363635 0.0; -1.0606060606060606 -22.482061956133037; -0.7575757575757576 0.0; -0.45454545454545453 -11.00301985645374; -0.15151515151515152 -10.463218602907933; 0.15151515151515152 -14.174344898339266; 0.45454545454545453 0.0; 0.7575757575757576 -34.42154332038439; 1.0606060606060606 -99.30686746447206; 1.3636363636363635 -66.49693344851205; 1.6666666666666667 -86.79659621674719; 1.9696969696969697 -111.24854226033146; 2.272727272727273 -138.4470893343103; 2.5757575757575757 -167.42951456423603; 2.878787878787879 -203.14836696942433; 3.1818181818181817 -238.74459933892322; 3.484848484848485 -556.5403751560591; 3.787878787878788 -643.1033067863642; 4.090909090909091 -733.4196479958408; 4.393939393939394 -415.0308377068226; 4.696969696969697 -463.6761466024888; 5.0 -518.4292453308599]
npts :	34
nout :	10
model :	(x,t) -> x[1]t^3 + x[2]t^2 + x[3]t + x[4]
dim :	4
cluster :	false
noise :	false
solution :	[0.3, -19.0, -13.7, -13.2]
description :	type2: cubic model
