name :	cubic
data :	[-5.0 1661.3256645576096; -4.615384615384615 1267.0046176165908; -4.230769230769231 940.5375723992831; -3.8461538461538463 674.1264996707025; -3.4615384615384617 462.3249230515758; -3.076923076923077 299.14216875304453; -2.6923076923076925 358.3459552479205; -2.3076923076923075 93.96876575802993; -1.9230769230769231 81.21223333845678; -1.5384615384615385 11.381348284977147; -1.1538461538461537 0.0; -0.7692307692307693 -1.6258137967196167; -0.38461538461538464 0.0; 0.0 12.907390543289821; 0.38461538461538464 20.42227166517533; 0.7692307692307693 0.0; 1.1538461538461537 -30.178337148936592; 1.5384615384615385 -85.20509012387785; 1.9230769230769231 -171.30618887279635; 2.3076923076923075 -292.9377024429231; 2.6923076923076925 -456.45806176067777; 3.076923076923077 0.0; 3.4615384615384617 -939.6250873919043; 3.8461538461538463 -1269.7558653099402; 4.230769230769231 -1662.678623822198; 4.615384615384615 0.0; 5.0 -2679.174354558125]
npts :	27
nout :	8
model :	(x,t) -> x[1]t^3 + x[2]t^2 + x[3]t + x[4]
dim :	4
cluster :	false
noise :	false
solution :	[-17.8, -20.8, 10.9, 11.3]
description :	type2: cubic model
