name :	cubic
data :	[-5.0 -1461.4173048957905; -4.7727272727272725 -655.1913958079472; -4.545454545454546 -585.1062290109402; -4.318181818181818 -1040.9978835860961; -4.090909090909091 -460.6599366364698; -3.8636363636363638 -403.0800505135902; -3.6363636363636362 -352.98151944210974; -3.409090909090909 -304.36688064913426; -3.1818181818181817 -260.55481520102313; -2.9545454545454546 -442.3672233522286; -2.727272727272727 -186.44407657467474; -2.5 -302.1795257568625; -2.272727272727273 -123.65813009743319; -2.0454545454545454 -98.22460391193879; -1.8181818181818181 -76.3865714619436; -1.5909090909090908 -57.92528129523075; -1.3636363636363635 -42.516019532265034; -1.1363636363636365 -29.271497764569897; -0.9090909090909091 -21.834116781800184; -0.6818181818181818 -13.340910965903166; -0.45454545454545453 0.0; -0.22727272727272727 0.0; 0.0 -9.318927776513952; 0.22727272727272727 -11.511143734335315; 0.45454545454545453 -29.948617629409892; 0.6818181818181818 -23.228405397288494; 0.9090909090909091 -31.78366359479271; 1.1363636363636365 0.0; 1.3636363636363635 -54.20275391731874; 1.5909090909090908 -67.61523484358051; 1.8181818181818181 0.0; 2.0454545454545454 -101.02039720461022; 2.272727272727273 -118.92425312915883; 2.5 -135.61676293230022; 2.727272727272727 -315.6809554257266; 2.9545454545454546 -178.30570877839529; 3.1818181818181817 -200.70963123510288; 3.409090909090909 -222.08457699168716; 3.6363636363636362 -245.23428442997078; 3.8636363636363638 -267.7361598293485; 4.090909090909091 -580.3539241736071; 4.318181818181818 0.0; 4.545454545454546 -335.55780484039167; 4.7727272727272725 -359.43167229493156; 5.0 -760.3466246268009]
npts :	45
nout :	13
model :	(x,t) -> x[1]t^3 + x[2]t^2 + x[3]t + x[4]
dim :	4
cluster :	false
noise :	false
solution :	[1.7, -21.9, -7.6, -8.3]
description :	type2: cubic model
