name :	cubic
data :	[-5.0 0.0; -4.705882352941177 -583.725496984434; -4.411764705882353 -452.8374032197121; -4.117647058823529 -343.9766100837457; -3.823529411764706 -249.27065194444623; -3.5294117647058822 -173.4414001253715; -3.235294117647059 -221.5778211771158; -2.9411764705882355 -125.87691144087881; -2.6470588235294117 -25.953344447580456; -2.3529411764705883 0.0; -2.0588235294117645 19.003230621712834; -1.7647058823529411 53.70426702908531; -1.4705882352941178 30.65742657532624; -1.1764705882352942 0.0; -0.8823529411764706 23.176946860667847; -0.5882352941176471 15.044535918968332; -0.29411764705882354 7.809775625143094; 0.0 -1.7013948565213983; 0.29411764705882354 0.0; 0.5882352941176471 -10.150825944800848; 0.8823529411764706 0.0; 1.1764705882352942 -1.9513505637833124; 1.4705882352941178 13.87598749946416; 1.7647058823529411 40.776453058465634; 2.0588235294117645 74.2768273827597; 2.3529411764705883 122.4557415648471; 2.6470588235294117 178.27889478178625; 2.9411764705882355 253.12056382667754; 3.235294117647059 344.41279461814776; 3.5294117647058822 450.9163064985446; 3.823529411764706 576.2027097235028; 4.117647058823529 721.2327838765683; 4.411764705882353 1773.0631979097527; 4.705882352941177 1080.6663708650383; 5.0 1295.624026084231]
npts :	35
nout :	10
model :	(x,t) -> x[1]t^3 + x[2]t^2 + x[3]t + x[4]
dim :	4
cluster :	false
noise :	false
solution :	[9.1, 11.3, -24.9, -1.6]
description :	type2: cubic model
