name :	cubic
data :	[-5.0 2225.009989485467; -4.583333333333333 1698.2519764203623; -4.166666666666667 2522.846639749862; -3.75 1809.2105322722332; -3.3333333333333335 624.49789499689; -2.9166666666666665 406.86183104142583; -2.5 244.60183401756703; -2.0833333333333335 133.1953276043817; -1.6666666666666667 62.46708050356829; -1.25 23.109818112818484; -0.8333333333333334 5.2977451366912085; -0.4166666666666667 7.15868470670276; 0.0 12.796119702324068; 0.4166666666666667 17.098384071020476; 0.8333333333333334 15.388219164525992; 1.25 -10.587706721435566; 1.6666666666666667 -49.4169677808905; 2.0833333333333335 -129.7368205281826; 2.5 -253.02544094701693; 2.9166666666666665 0.0; 3.3333333333333335 -1319.3227658636285; 3.75 -1914.410454009167; 4.166666666666667 -2665.0501526890434; 4.583333333333333 -1789.2722936672328; 5.0 -2339.0482534528155]
npts :	25
nout :	7
model :	(x,t) -> x[1]t^3 + x[2]t^2 + x[3]t + x[4]
dim :	4
cluster :	false
noise :	false
solution :	[-19.0, -2.8, 18.7, 13.4]
description :	type2: cubic model
