name :	cubic
data :	[-5.0 3344.8399046383215; -4.523809523809524 2514.3446139043745; -4.0476190476190474 1834.3694073484955; -3.5714285714285716 1287.1757843139158; -3.0952380952380953 860.4360194097358; -2.619047619047619 0.0; -2.142857142857143 305.6840447862349; -1.6666666666666667 303.2502863772534; -1.1904761904761905 55.71178591545561; -0.7142857142857143 15.538397940645753; -0.23809523809523808 0.0; 0.23809523809523808 -2.8740561195801657; 0.7142857142857143 3.091903720185306; 1.1904761904761905 -2.2948306087282853; 1.6666666666666667 -33.9977905936397; 2.142857142857143 -101.94241492869821; 2.619047619047619 -227.54988506450755; 3.0952380952380953 -423.6760960258281; 3.5714285714285716 -1399.097408795172; 4.0476190476190474 -1076.7040256260702; 4.523809523809524 -3128.689369696003; 5.0 -2183.3829573536004]
npts :	22
nout :	6
model :	(x,t) -> x[1]t^3 + x[2]t^2 + x[3]t + x[4]
dim :	4
cluster :	false
noise :	false
solution :	[-22.4, 23.5, 7.5, -6.2]
description :	type2: cubic model
