name :	cubic
data :	[-5.0 774.1212290763024; -4.72972972972973 321.21007886091127; -4.45945945945946 262.30502143362634; -4.1891891891891895 211.19366272223297; -3.918918918918919 165.5822892213659; -3.6486486486486487 123.94917926346582; -3.3783783783783785 0.0; -3.108108108108108 62.18758407694886; -2.8378378378378377 36.01751269383531; -2.5675675675675675 16.862721645066497; -2.2972972972972974 -0.84656124388515; -2.027027027027027 -11.750069951368417; -1.7567567567567568 -18.565968663733; -1.4864864864864864 -25.94795260050679; -1.2162162162162162 0.0; -0.9459459459459459 0.0; -0.6756756756756757 -30.166741031646723; -0.40540540540540543 -26.36648438344508; -0.13513513513513514 0.0; 0.13513513513513514 -18.260347431520934; 0.40540540540540543 -11.764252845058648; 0.6756756756756757 0.0; 0.9459459459459459 -0.03972504640098956; 1.2162162162162162 12.475385958347545; 1.4864864864864864 11.83873466049615; 1.7567567567567568 14.712771974382937; 2.027027027027027 18.505195599640956; 2.2972972972972974 36.58325697439506; 2.5675675675675675 33.173083142639996; 2.8378378378378377 11.746968672147876; 3.108108108108108 5.362042677678499; 3.3783783783783785 -5.776971229007692; 3.6486486486486487 -37.37574407373299; 3.918918918918919 -34.07204648793409; 4.1891891891891895 -56.00729479049562; 4.45945945945946 -83.62320887042641; 4.72972972972973 -112.79728413117974; 5.0 -293.55939378337246]
npts :	38
nout :	11
model :	(x,t) -> x[1]t^3 + x[2]t^2 + x[3]t + x[4]
dim :	4
cluster :	false
noise :	false
solution :	[-2.9, 5.6, 19.0, -20.4]
description :	type2: cubic model
