name :	cubic
data :	[-5.0 1672.764126386761; -4.705882352941177 2766.3014475700006; -4.411764705882353 1128.286947919531; -4.117647058823529 0.0; -3.823529411764706 1434.723328583492; -3.5294117647058822 553.9639467540812; -3.235294117647059 419.5993719538075; -2.9411764705882355 310.1096617887142; -2.6470588235294117 220.82163114180554; -2.3529411764705883 149.79407397170007; -2.0588235294117645 98.5761173200014; -1.7647058823529411 60.20434072398126; -1.4705882352941178 73.79323229889252; -1.1764705882352942 21.979873884882476; -0.8823529411764706 16.17951766410707; -0.5882352941176471 16.945467669277967; -0.29411764705882354 20.262351688769517; 0.0 21.482726846538156; 0.29411764705882354 27.93055572596645; 0.5882352941176471 0.0; 0.8823529411764706 18.710729310397888; 1.1764705882352942 7.328182432343738; 1.4705882352941178 -16.49171254306087; 1.7647058823529411 -52.83499571454108; 2.0588235294117645 -210.76638532753034; 2.3529411764705883 -172.6411975179257; 2.6470588235294117 -519.1647924062732; 2.9411764705882355 -736.0091097035754; 3.235294117647059 -499.77645813126475; 3.5294117647058822 -660.371418899179; 3.823529411764706 -847.249145537091; 4.117647058823529 -1067.2209068219092; 4.411764705882353 -1318.7118107995059; 4.705882352941177 -3213.5521209743283; 5.0 -3861.604279399123]
npts :	35
nout :	10
model :	(x,t) -> x[1]t^3 + x[2]t^2 + x[3]t + x[4]
dim :	4
cluster :	false
noise :	false
solution :	[-15.0, -6.1, 14.6, 23.3]
description :	type2: cubic model
