name :	cubic
data :	[-5.0 1423.9361069910515; -4.838709677419355 0.0; -4.67741935483871 1144.9874109458278; -4.516129032258065 1020.4865372751633; -4.354838709677419 905.7874418776164; -4.193548387096774 0.0; -4.032258064516129 698.4635624629266; -3.870967741935484 609.1951696382082; -3.7096774193548385 1054.4113413906775; -3.5483870967741935 0.0; -3.3870967741935485 381.46003353959895; -3.225806451612903 645.3635115751746; -3.064516129032258 265.6271330738033; -2.903225806451613 216.81441699330287; -2.7419354838709675 0.0; -2.5806451612903225 137.50900582582102; -2.4193548387096775 105.18142284344955; -2.2580645161290325 75.01840137664252; -2.096774193548387 54.03331235023007; -1.935483870967742 33.74663528097789; -1.7741935483870968 0.0; -1.6129032258064515 3.5069485781603693; -1.4516129032258065 -6.055328743974612; -1.2903225806451613 -12.973067063772577; -1.1290322580645162 -18.317038276226842; -0.967741935483871 -18.590934123430838; -0.8064516129032258 -21.94752138651608; -0.6451612903225806 -21.235753478750937; -0.4838709677419355 -22.209015475057626; -0.3225806451612903 0.0; -0.16129032258064516 0.0; 0.0 -20.484903643479207; 0.16129032258064516 0.0; 0.3225806451612903 -18.42659716203268; 0.4838709677419355 -19.779782035768076; 0.6451612903225806 -21.563920435404867; 0.8064516129032258 -29.027136206164805; 0.967741935483871 -67.05302908107191; 1.1290322580645162 -45.18379087558321; 1.2903225806451613 -58.27134003399683; 1.4516129032258065 -150.22885650711848; 1.6129032258064515 -95.10198879109033; 1.7741935483870968 -116.3464971293756; 1.935483870967742 0.0; 2.096774193548387 0.0; 2.2580645161290325 -217.0685773904843; 2.4193548387096775 0.0; 2.5806451612903225 -308.5827844965833; 2.7419354838709675 -366.84143020648037; 2.903225806451613 -425.5394337542687; 3.064516129032258 -493.33056711315936; 3.225806451612903 0.0; 3.3870967741935485 -654.3645202838584; 3.5483870967741935 -743.2465761155659; 3.7096774193548385 -841.8916459338245; 3.870967741935484 -950.7940521935934; 4.032258064516129 -1067.3740337261872; 4.193548387096774 -1192.9023531768487; 4.354838709677419 -1328.2577385428594; 4.516129032258065 -1471.5453328496603; 4.67741935483871 -3257.209691644103; 4.838709677419355 0.0; 5.0 -1971.3193628010483]
npts :	63
nout :	18
model :	(x,t) -> x[1]t^3 + x[2]t^2 + x[3]t + x[4]
dim :	4
cluster :	false
noise :	false
solution :	[-13.8, -10.2, 5.4, -18.3]
description :	type2: cubic model
