name :	sphere2D
data :	[117.13030817097467 -84.11849172217096; 116.37291599731697 -76.67044647889054; 114.13174720092321 -69.52732508297817; 110.4985554956439 -62.98156776366365; 108.1917760058004 -57.68266687252256; 99.70197655307229 -52.718654194865174; 95.55029435525836 -49.803171110558026; 88.30282776766934 -47.92667199985988; 80.82598075296764 -47.54748923467105; 70.85616447740202 -48.299638324121396; 66.40541639236753 -51.28123203588256; 57.48238681671115 -54.85978945547611; 54.62594946036674 -60.39921813927778; 50.349175202650464 -66.54382738635; 47.396847513198196 -73.42356444998575; 45.88983503449988 -80.756772086465; 45.88983503449988 -88.24322791353498; 44.827155684172865 -95.1949272721852; 50.349175202650464 -102.45617261364998; 54.62594946036673 -108.60078186072221; 57.48238681671116 -113.37719398886581; 66.40541639236753 -117.71876796411743; 70.85616447740202 -119.93734512022051; 80.82598075296764 -121.45251076532895; 88.30282776766934 -121.07332800014012; 95.55029435525836 -119.19682888944197; 99.70197655307229 -115.51832924947675; 108.1917760058004 -111.31733312747744; 110.4985554956439 -105.25541568067828; 116.70143902994855 -99.09116663919279; 116.37291599731697 -91.56653696545139; 119.7 -84.50000000000001]
npts :	32
nout :	13
model :	(x,t) -> (x[1]-t[1])^2 + (x[2]-t[2])^2 - t[3]^2
dim :	3
cluster :	false
noise :	false
solution :	[82.7, -84.5, 37.0]
description :	[[82.7, -84.5, 37.0], [82.7, -84.5, 37.0]]
