name :	sphere2D
data :	[80.38420062263272 -11.135950097657439; 78.82097918472991 -9.513248770246246; 77.68923736034218 -3.216153527826881; 75.82066170124253 2.9028883134575327; 73.24148291371635 8.757978819260506; 69.9879070143109 14.266925353397232; 67.2898076993602 24.11644428463073; 62.83328270461608 28.70704697059584; 57.865092494814206 32.738341314649354; 52.45497957009294 36.153736780906954; 45.49468943416886 34.141238801319005; 39.43370696772965 36.190321423051365; 33.17291445613399 37.50817011539685; 27.984400325050952 42.84033507381746; 20.405021652561523 37.88669150122171; 15.261355210613413 41.70610048651578; 7.905427891406767 35.255623108126336; 1.9764790770678893 32.85108281815015; -3.6264624100987 29.762184189098612; -7.640542930779675 30.796338489116856; -13.545391880393876 21.713755569401847; -16.537939213688347 21.63125777654662; -20.11215441280448 16.32473030940046; -24.217863331122995 5.868665181550499; -26.445653150932213 -0.12893438560329962; -26.764250586537507 -1.5838752410384878; -27.520960892640637 -7.936956191396851; -28.705161515273357 -19.098993906260574; -27.948451209170226 -25.452074856618935; -25.261452528299493 -26.907015712054125; -24.217863331123002 -37.66866518155049; -20.112154412804486 -38.59663050471533; -16.53793921368836 -43.90315797186148; -13.545391880393883 -53.51375556940183; -8.824743553412386 -57.8322885867743; -2.4422617874659958 -56.79813428675604; 1.9764790770678964 -64.65108281815016; 7.905427891406742 -67.05562310812633; 15.261355210613399 -63.97800068183065; 20.40502165256153 -69.68669150122172; 27.984400325050927 -65.11223526913233; 33.17291445613399 -69.30817011539685; 39.43370696772962 -67.99032142305138; 46.67889005680156 -61.17718889897645; 51.27077894746023 -63.18968687856438; 57.86509249481419 -55.01024150996424; 61.649082081983366 -55.74299706825327; 67.28980769936018 -46.38834447994562; 69.98790701431089 -46.06692535339724; 73.24148291371635 -40.5579788192605; 77.00486232387524 -29.938838411114993; 77.68923736034218 -28.58384647217312; 78.82097918472991 -22.286751229753786; 79.2 -15.900000000000013]
npts :	54
nout :	22
model :	(x,t) -> (x[1]-t[1])^2 + (x[2]-t[2])^2 - t[3]^2
dim :	3
cluster :	false
noise :	false
solution :	[25.2, -15.9, 54.0]
description :	[[25.2, -15.9, 54.0], [25.2, -15.9, 54.0]]
