name :	line2d
data :	[-15.0 0.0; -14.523809523809524 205.8761904761905; -14.047619047619047 198.35238095238097; -13.571428571428571 190.82857142857145; -13.095238095238095 0.0; -12.619047619047619 87.89047619047619; -12.142857142857142 84.12857142857143; -11.666666666666666 80.36666666666667; -11.19047619047619 0.0; -10.714285714285714 0.0; -10.238095238095237 0.0; -9.761904761904763 130.63809523809527; -9.285714285714286 123.11428571428573; -8.80952380952381 0.0; -8.333333333333334 54.033333333333346; -7.857142857142857 50.27142857142857; -7.380952380952381 0.0; -6.904761904761905 42.747619047619054; -6.428571428571429 38.985714285714295; -5.9523809523809526 35.22380952380952; -5.476190476190476 31.461904761904766; -5.0 27.7; -4.523809523809524 23.93809523809524; -4.0476190476190474 0.0; -3.5714285714285716 16.414285714285715; -3.0952380952380953 12.652380952380952; -2.619047619047619 17.780952380952378; -2.142857142857143 10.25714285714286; -1.6666666666666667 0.0; -1.1904761904761905 -2.3952380952380956; -0.7142857142857143 -6.1571428571428575; -0.23809523809523808 -9.91904761904762; 0.23809523809523808 -13.680952380952382; 0.7142857142857143 -17.442857142857143; 1.1904761904761905 -21.204761904761906; 1.6666666666666667 -24.96666666666667; 2.142857142857143 -28.72857142857143; 2.619047619047619 -32.49047619047619; 3.0952380952380953 -36.25238095238095; 3.5714285714285716 -40.01428571428572; 4.0476190476190474 -43.77619047619048; 4.523809523809524 -47.53809523809524; 5.0 -51.3; 5.476190476190476 -55.06190476190477; 5.9523809523809526 -58.82380952380953; 6.428571428571429 -62.58571428571429; 6.904761904761905 -66.34761904761905; 7.380952380952381 -70.10952380952382; 7.857142857142857 -73.87142857142857; 8.333333333333334 -77.63333333333334; 8.80952380952381 0.0; 9.285714285714286 -85.15714285714286; 9.761904761904763 -88.91904761904763; 10.238095238095237 -92.68095238095238; 10.714285714285714 -192.88571428571427; 11.19047619047619 -100.2047619047619; 11.666666666666666 -103.96666666666667; 12.142857142857142 -107.72857142857143; 12.619047619047619 -222.98095238095237; 13.095238095238095 -115.25238095238095; 13.571428571428571 -119.01428571428572; 14.047619047619047 -122.77619047619048; 14.523809523809524 -126.53809523809524; 15.0 -130.3]
npts :	64
nout :	19
model :	(x,t) -> x[1]t + x[2]
dim :	2
cluster :	false
noise :	false
solution :	[-7.9, -11.8]
description :	type2: line model
