name :	line2d
data :	[-15.0 231.6; -14.583333333333334 112.30000000000001; -14.166666666666666 108.8; -13.75 105.3; -13.333333333333334 101.80000000000001; -12.916666666666666 98.3; -12.5 94.8; -12.083333333333334 182.60000000000002; -11.666666666666666 87.8; -11.25 0.0; -10.833333333333334 80.80000000000001; -10.416666666666666 77.3; -10.0 0.0; -9.583333333333334 70.30000000000001; -9.166666666666666 0.0; -8.75 63.3; -8.333333333333334 59.80000000000001; -7.916666666666667 56.3; -7.5 105.6; -7.083333333333333 49.3; -6.666666666666667 45.80000000000001; -6.25 42.3; -5.833333333333333 38.8; -5.416666666666667 35.30000000000001; -5.0 31.8; -4.583333333333333 56.6; -4.166666666666667 24.800000000000008; -3.75 21.3; -3.3333333333333335 0.0; -2.9166666666666665 14.3; -2.5 10.8; -2.0833333333333335 7.300000000000004; -1.6666666666666667 7.600000000000005; -1.25 0.0; -0.8333333333333334 -3.1999999999999984; -0.4166666666666667 -6.699999999999999; 0.0 -10.2; 0.4166666666666667 -13.7; 0.8333333333333334 -17.2; 1.25 -20.7; 1.6666666666666667 -24.200000000000003; 2.0833333333333335 -55.400000000000006; 2.5 -31.2; 2.9166666666666665 -69.4; 3.3333333333333335 -38.2; 3.75 -41.7; 4.166666666666667 -45.2; 4.583333333333333 0.0; 5.0 -52.2; 5.416666666666667 -55.7; 5.833333333333333 0.0; 6.25 -125.4; 6.666666666666667 -132.4; 7.083333333333333 -69.7; 7.5 -73.2; 7.916666666666667 -76.7; 8.333333333333334 -160.40000000000003; 8.75 -167.4; 9.166666666666666 -87.2; 9.583333333333334 -90.70000000000002; 10.0 -94.2; 10.416666666666666 -97.7; 10.833333333333334 -202.40000000000003; 11.25 -104.7; 11.666666666666666 -108.2; 12.083333333333334 -111.70000000000002; 12.5 -115.2; 12.916666666666666 -118.7; 13.333333333333334 -122.20000000000002; 13.75 -251.4; 14.166666666666666 0.0; 14.583333333333334 -132.70000000000002; 15.0 -136.2]
npts :	73
nout :	21
model :	(x,t) -> x[1]t + x[2]
dim :	2
cluster :	false
noise :	false
solution :	[-8.4, -10.2]
description :	type2: line model
