name :	line2d
data :	[-15.0 166.8; -14.090909090909092 310.69090909090914; -13.181818181818182 0.0; -12.272727272727273 132.43636363636364; -11.363636363636363 120.98181818181818; -10.454545454545455 219.05454545454543; -9.545454545454545 0.0; -8.636363636363637 86.61818181818181; -7.7272727272727275 0.0; -6.818181818181818 63.709090909090904; -5.909090909090909 104.5090909090909; -5.0 40.8; -4.090909090909091 29.34545454545454; -3.1818181818181817 17.890909090909087; -2.272727272727273 12.872727272727275; -1.3636363636363635 -5.018181818181819; -0.45454545454545453 -16.472727272727273; 0.45454545454545453 -27.927272727272726; 1.3636363636363635 -39.381818181818176; 2.272727272727273 -101.67272727272727; 3.1818181818181817 -62.29090909090908; 4.090909090909091 -147.49090909090907; 5.0 -85.2; 5.909090909090909 -96.65454545454546; 6.818181818181818 -108.10909090909091; 7.7272727272727275 -119.56363636363636; 8.636363636363637 -131.0181818181818; 9.545454545454545 -142.47272727272727; 10.454545454545455 -153.9272727272727; 11.363636363636363 -165.38181818181818; 12.272727272727273 -176.83636363636361; 13.181818181818182 -188.29090909090908; 14.090909090909092 -199.74545454545455; 15.0 0.0]
npts :	34
nout :	10
model :	(x,t) -> x[1]t + x[2]
dim :	2
cluster :	false
noise :	false
solution :	[-12.6, -22.2]
description :	type2: line model
