name :	line2d
data :	[-15.0 -399.5; -14.25 -758.35; -13.5 0.0; -12.75 -338.52500000000003; -12.0 -318.20000000000005; -11.25 -297.875; -10.5 -277.55; -9.75 -514.45; -9.0 -473.8; -8.25 0.0; -7.5 -196.25; -6.75 -175.925; -6.0 -311.20000000000005; -5.25 -135.275; -4.5 0.0; -3.75 -94.625; -3.0 -74.30000000000001; -2.25 -53.975; -1.5 -33.650000000000006; -0.75 -13.325000000000003; 0.0 7.0; 0.75 54.650000000000006; 1.5 47.650000000000006; 2.25 135.95; 3.0 176.60000000000002; 3.75 217.25; 4.5 128.95; 5.25 149.275; 6.0 169.60000000000002; 6.75 189.925; 7.5 0.0; 8.25 230.57500000000002; 9.0 250.9; 9.75 271.225; 10.5 291.55; 11.25 311.875; 12.0 332.20000000000005; 12.75 352.52500000000003; 13.5 372.85; 14.25 393.175; 15.0 413.5]
npts :	41
nout :	12
model :	(x,t) -> x[1]t + x[2]
dim :	2
cluster :	false
noise :	false
solution :	[27.1, 7.0]
description :	type2: line model
