name :	line2d
data :	[-15.0 291.3; -13.333333333333334 259.6333333333333; -11.666666666666666 227.96666666666667; -10.0 196.3; -8.333333333333334 329.2666666666667; -6.666666666666667 132.96666666666667; -5.0 101.3; -3.3333333333333335 69.63333333333334; -1.6666666666666667 0.0; 0.0 6.3; 1.6666666666666667 -50.733333333333334; 3.3333333333333335 -57.03333333333334; 5.0 0.0; 6.666666666666667 -120.36666666666667; 8.333333333333334 -304.06666666666666; 10.0 -183.7; 11.666666666666666 -215.36666666666665; 13.333333333333334 -247.03333333333333; 15.0 -278.7]
npts :	19
nout :	5
model :	(x,t) -> x[1]t + x[2]
dim :	2
cluster :	false
noise :	false
solution :	[-19.0, 6.3]
description :	type2: line model
