name :	line2d
data :	[-15.0 -153.6; -13.928571428571429 -142.02857142857144; -12.857142857142858 -130.45714285714286; -11.785714285714286 -118.8857142857143; -10.714285714285714 -214.6285714285714; -9.642857142857142 -95.74285714285713; -8.571428571428571 -168.34285714285713; -7.5 -72.6; -6.428571428571429 -122.05714285714286; -5.357142857142857 0.0; -4.285714285714286 -37.885714285714286; -3.2142857142857144 -26.314285714285717; -2.142857142857143 -14.742857142857142; -1.0714285714285714 0.0; 0.0 8.4; 1.0714285714285714 19.97142857142857; 2.142857142857143 31.542857142857144; 3.2142857142857144 43.114285714285714; 4.285714285714286 54.68571428571428; 5.357142857142857 66.25714285714285; 6.428571428571429 77.82857142857144; 7.5 178.8; 8.571428571428571 100.97142857142858; 9.642857142857142 225.0857142857143; 10.714285714285714 124.11428571428571; 11.785714285714286 135.6857142857143; 12.857142857142858 147.25714285714287; 13.928571428571429 158.82857142857145; 15.0 0.0]
npts :	29
nout :	8
model :	(x,t) -> x[1]t + x[2]
dim :	2
cluster :	false
noise :	false
solution :	[10.8, 8.4]
description :	type2: line model
