name :	line2d
data :	[-15.0 255.1; -14.4 244.35999999999999; -13.8 0.0; -13.2 445.75999999999993; -12.6 212.13999999999996; -12.0 402.79999999999995; -11.4 190.66; -10.8 179.92; -10.2 338.35999999999996; -9.6 158.43999999999997; -9.0 147.7; -8.4 136.95999999999998; -7.8 0.0; -7.2 115.47999999999999; -6.6 104.73999999999998; -6.0 93.99999999999999; -5.4 83.25999999999999; -4.8 72.51999999999998; -4.2 61.779999999999994; -3.6 51.04; -3.0 80.6; -2.4 29.559999999999995; -1.8 18.82; -1.2 8.079999999999997; -0.6 -5.320000000000004; 0.0 0.0; 0.6 -24.14; 1.2 -34.879999999999995; 1.8 -91.24; 2.4 -112.71999999999998; 3.0 -67.1; 3.6 -155.68; 4.2 -177.16; 4.8 0.0; 5.4 -110.06; 6.0 -120.8; 6.6 -131.54; 7.2 -284.56; 7.8 -153.01999999999998; 8.4 -163.76; 9.0 0.0; 9.6 -185.23999999999998; 10.2 -195.98; 10.8 -206.72; 11.4 -217.46; 12.0 -228.2; 12.6 -238.93999999999997; 13.2 -249.67999999999998; 13.8 -260.41999999999996; 14.4 -271.15999999999997; 15.0 -281.9]
npts :	51
nout :	15
model :	(x,t) -> x[1]t + x[2]
dim :	2
cluster :	false
noise :	false
solution :	[-17.9, -13.4]
description :	type2: line model
