name :	line2d
data :	[-15.0 -323.0; -14.387755102040817 -155.74489795918367; -13.775510204081632 -299.9795918367347; -13.16326530612245 -144.23469387755102; -12.551020408163266 0.0; -11.938775510204081 0.0; -11.326530612244898 -126.96938775510205; -10.714285714285714 -242.42857142857142; -10.10204081632653 -115.4591836734694; -9.489795918367347 0.0; -8.877551020408163 -207.89795918367346; -8.26530612244898 -98.1938775510204; -7.653061224489796 -92.43877551020408; -7.040816326530612 -86.68367346938776; -6.428571428571429 -80.92857142857143; -5.816326530612245 -75.1734693877551; -5.204081632653061 -69.41836734693877; -4.591836734693878 -63.663265306122454; -3.979591836734694 -57.90816326530613; -3.36734693877551 -52.1530612244898; -2.7551020408163267 -92.79591836734694; -2.142857142857143 -40.64285714285714; -1.530612244897959 -34.88775510204081; -0.9183673469387755 0.0; -0.30612244897959184 -23.377551020408163; 0.30612244897959184 -17.622448979591837; 0.9183673469387755 -11.86734693877551; 1.530612244897959 -12.224489795918366; 2.142857142857143 -0.7142857142857153; 2.7551020408163267 5.397959183673471; 3.36734693877551 0.0; 3.979591836734694 16.90816326530613; 4.591836734693878 45.32653061224491; 5.204081632653061 56.836734693877546; 5.816326530612245 34.173469387755105; 6.428571428571429 79.85714285714286; 7.040816326530612 45.683673469387756; 7.653061224489796 51.43877551020408; 8.26530612244898 57.19387755102041; 8.877551020408163 62.94897959183673; 9.489795918367347 68.70408163265307; 10.10204081632653 74.4591836734694; 10.714285714285714 80.21428571428571; 11.326530612244898 85.96938775510205; 11.938775510204081 91.72448979591837; 12.551020408163266 97.47959183673471; 13.16326530612245 103.23469387755102; 13.775510204081632 108.98979591836735; 14.387755102040817 114.74489795918367; 15.0 120.5]
npts :	50
nout :	15
model :	(x,t) -> x[1]t + x[2]
dim :	2
cluster :	false
noise :	false
solution :	[9.4, -20.5]
description :	type2: line model
