name :	line2d
data :	[-15.0 361.1; -14.538461538461538 350.20769230769235; -14.076923076923077 339.31538461538463; -13.615384615384615 328.42307692307696; -13.153846153846153 635.0615384615385; -12.692307692307692 613.2769230769231; -12.23076923076923 295.74615384615385; -11.76923076923077 284.85384615384623; -11.307692307692308 273.9615384615385; -10.846153846153847 263.0692307692308; -10.384615384615385 504.3538461538462; -9.923076923076923 0.0; -9.461538461538462 230.3923076923077; -9.0 439.0; -8.538461538461538 208.6076923076923; -8.076923076923077 0.0; -7.615384615384615 0.0; -7.153846153846154 351.8615384615385; -6.6923076923076925 165.03846153846155; -6.230769230769231 0.0; -5.769230769230769 143.25384615384615; -5.3076923076923075 132.36153846153846; -4.846153846153846 121.46923076923076; -4.384615384615385 110.57692307692308; -3.923076923076923 0.0; -3.4615384615384617 88.79230769230769; -3.0 77.9; -2.5384615384615383 67.00769230769231; -2.076923076923077 56.11538461538462; -1.6153846153846154 45.223076923076924; -1.1538461538461537 34.33076923076923; -0.6923076923076923 46.87692307692308; -0.23076923076923078 12.546153846153846; 0.23076923076923078 1.6538461538461533; 0.6923076923076923 -9.238461538461541; 1.1538461538461537 -20.130769230769232; 1.6153846153846154 -31.02307692307692; 2.076923076923077 -41.91538461538462; 2.5384615384615383 -52.80769230769231; 3.0 -63.70000000000001; 3.4615384615384617 -74.5923076923077; 3.923076923076923 0.0; 4.384615384615385 -96.37692307692309; 4.846153846153846 0.0; 5.3076923076923075 0.0; 5.769230769230769 -129.05384615384617; 6.230769230769231 -139.94615384615386; 6.6923076923076925 0.0; 7.153846153846154 0.0; 7.615384615384615 -172.62307692307692; 8.076923076923077 -183.51538461538462; 8.538461538461538 -194.40769230769232; 9.0 -205.3; 9.461538461538462 -216.1923076923077; 9.923076923076923 -227.0846153846154; 10.384615384615385 -237.9769230769231; 10.846153846153847 -248.8692307692308; 11.307692307692308 -259.76153846153846; 11.76923076923077 -270.6538461538462; 12.23076923076923 -281.5461538461538; 12.692307692307692 -584.876923076923; 13.153846153846153 -303.3307692307692; 13.615384615384615 -628.4461538461538; 14.076923076923077 -325.1153846153846; 14.538461538461538 0.0; 15.0 -346.9]
npts :	66
nout :	19
model :	(x,t) -> x[1]t + x[2]
dim :	2
cluster :	false
noise :	false
solution :	[-23.6, 7.1]
description :	type2: line model
