name :	line2d
data :	[-15.0 -18.1; -13.333333333333334 -17.933333333333334; -11.666666666666666 -35.53333333333334; -10.0 -17.6; -8.333333333333334 -17.433333333333334; -6.666666666666667 0.0; -5.0 -17.1; -3.3333333333333335 -16.933333333333334; -1.6666666666666667 -16.76666666666667; 0.0 -16.6; 1.6666666666666667 0.0; 3.3333333333333335 -16.26666666666667; 5.0 -16.1; 6.666666666666667 -15.933333333333335; 8.333333333333334 -15.766666666666667; 10.0 0.0; 11.666666666666666 0.0; 13.333333333333334 -15.266666666666667; 15.0 -15.100000000000001]
npts :	19
nout :	5
model :	(x,t) -> x[1]t + x[2]
dim :	2
cluster :	false
noise :	false
solution :	[0.1, -16.6]
description :	type2: line model
