name :	line2d
data :	[-15.0 -68.8; -14.30232558139535 -33.70232558139535; -13.604651162790697 -33.004651162790694; -12.906976744186046 -32.306976744186045; -12.209302325581396 0.0; -11.511627906976743 -30.91162790697674; -10.813953488372093 -30.21395348837209; -10.116279069767442 0.0; -9.418604651162791 -28.81860465116279; -8.720930232558139 -56.241860465116275; -8.023255813953488 -27.42325581395349; -7.325581395348837 -26.725581395348836; -6.627906976744186 -52.05581395348837; -5.930232558139535 -25.330232558139535; -5.232558139534884 -24.632558139534883; -4.534883720930233 -47.86976744186046; -3.8372093023255816 -23.23720930232558; -3.13953488372093 -22.53953488372093; -2.441860465116279 0.0; -1.744186046511628 -21.144186046511628; -1.0465116279069768 -20.446511627906975; -0.3488372093023256 -19.748837209302323; 0.3488372093023256 -19.051162790697674; 1.0465116279069768 -18.35348837209302; 1.744186046511628 -17.65581395348837; 2.441860465116279 0.0; 3.13953488372093 -16.260465116279068; 3.8372093023255816 0.0; 4.534883720930233 -14.865116279069767; 5.232558139534884 -28.33488372093023; 5.930232558139535 -13.469767441860464; 6.627906976744186 -12.772093023255813; 7.325581395348837 -12.07441860465116; 8.023255813953488 -11.37674418604651; 8.720930232558139 -10.67906976744186; 9.418604651162791 -9.981395348837207; 10.116279069767442 -9.283720930232557; 10.813953488372093 -17.17209302325581; 11.511627906976743 0.0; 12.209302325581396 -7.190697674418603; 12.906976744186046 -6.493023255813952; 13.604651162790697 -5.795348837209302; 14.30232558139535 0.0; 15.0 -4.399999999999999]
npts :	44
nout :	13
model :	(x,t) -> x[1]t + x[2]
dim :	2
cluster :	false
noise :	false
solution :	[1.0, -19.4]
description :	type2: line model
