name :	line2d
data :	[-15.0 -238.99999999999997; -13.8 -218.72; -12.6 -198.43999999999997; -11.4 0.0; -10.2 -157.87999999999997; -9.0 -137.6; -7.8 0.0; -6.6 -194.07999999999996; -5.4 -76.76; -4.2 -56.480000000000004; -3.0 -36.199999999999996; -1.8 -15.919999999999998; -0.6 4.360000000000001; 0.6 24.64; 1.8 44.92; 3.0 0.0; 4.2 85.48; 5.4 105.76; 6.6 126.03999999999998; 7.8 146.32; 9.0 333.2; 10.2 373.75999999999993; 11.4 414.32; 12.6 227.43999999999997; 13.8 247.72; 15.0 268.0]
npts :	26
nout :	7
model :	(x,t) -> x[1]t + x[2]
dim :	2
cluster :	false
noise :	false
solution :	[16.9, 14.5]
description :	type2: line model
