name :	line2d
data :	[-15.0 -472.00000000000006; -13.125 -205.81250000000003; -11.25 -175.62500000000003; -9.375 -145.4375; -7.5 -115.25000000000001; -5.625 -85.06250000000001; -3.75 0.0; -1.875 -24.687500000000004; 0.0 0.0; 1.875 0.0; 3.75 65.875; 5.625 96.06250000000001; 7.5 126.25000000000001; 9.375 312.875; 11.25 186.62500000000003; 13.125 216.81250000000003; 15.0 247.00000000000003]
npts :	17
nout :	5
model :	(x,t) -> x[1]t + x[2]
dim :	2
cluster :	false
noise :	false
solution :	[16.1, 5.5]
description :	type2: line model
