name :	line2d
data :	[-15.0 54.9; -14.516129032258064 52.86774193548387; -14.03225806451613 50.83548387096775; -13.548387096774194 48.803225806451614; -13.064516129032258 46.770967741935486; -12.580645161290322 0.0; -12.096774193548388 85.41290322580646; -11.612903225806452 81.3483870967742; -11.129032258064516 38.64193548387097; -10.64516129032258 36.60967741935484; -10.161290322580646 34.57741935483871; -9.67741935483871 32.54516129032258; -9.193548387096774 61.02580645161291; -8.709677419354838 56.96129032258064; -8.225806451612904 26.448387096774198; -7.741935483870968 24.416129032258063; -7.258064516129032 22.383870967741935; -6.774193548387097 20.351612903225806; -6.290322580645161 36.63870967741936; -5.806451612903226 0.0; -5.32258064516129 14.25483870967742; -4.838709677419355 12.222580645161292; -4.354838709677419 20.38064516129032; -3.870967741935484 8.158064516129032; -3.3870967741935485 6.125806451612904; -2.903225806451613 4.093548387096776; -2.4193548387096775 2.0612903225806463; -1.935483870967742 0.0; -1.4516129032258065 -2.0032258064516117; -0.967741935483871 -4.035483870967742; -0.4838709677419355 0.0; 0.0 -8.1; 0.4838709677419355 -20.26451612903226; 0.967741935483871 -12.164516129032258; 1.4516129032258065 0.0; 1.935483870967742 -16.229032258064514; 2.4193548387096775 0.0; 2.903225806451613 -20.293548387096777; 3.3870967741935485 -22.325806451612905; 3.870967741935484 -24.358064516129033; 4.354838709677419 -26.39032258064516; 4.838709677419355 -28.42258064516129; 5.32258064516129 -30.454838709677418; 5.806451612903226 -32.48709677419355; 6.290322580645161 -34.519354838709674; 6.774193548387097 0.0; 7.258064516129032 -38.58387096774194; 7.741935483870968 -40.616129032258065; 8.225806451612904 0.0; 8.709677419354838 -44.68064516129032; 9.193548387096774 -46.71290322580646; 9.67741935483871 -97.49032258064517; 10.161290322580646 -50.77741935483871; 10.64516129032258 -52.80967741935484; 11.129032258064516 -54.84193548387097; 11.612903225806452 -56.874193548387105; 12.096774193548388 -58.90645161290323; 12.580645161290322 -60.938709677419354; 13.064516129032258 -62.97096774193549; 13.548387096774194 -130.00645161290322; 14.03225806451613 -67.03548387096775; 14.516129032258064 -69.06774193548387; 15.0 -142.2]
npts :	63
nout :	18
model :	(x,t) -> x[1]t + x[2]
dim :	2
cluster :	false
noise :	false
solution :	[-4.2, -8.1]
description :	type2: line model
