name :	line2d
data :	[-15.0 -419.7; -14.318181818181818 -401.6318181818182; -13.636363636363637 -767.1272727272727; -12.954545454545455 0.0; -12.272727272727273 -347.42727272727274; -11.590909090909092 -329.3590909090909; -10.909090909090908 -311.29090909090905; -10.227272727272727 -293.22272727272724; -9.545454545454545 -275.1545454545454; -8.863636363636363 -257.0863636363636; -8.181818181818182 -239.0181818181818; -7.5 -220.95; -6.818181818181818 -405.76363636363635; -6.136363636363637 -184.81363636363636; -5.454545454545454 -166.74545454545452; -4.7727272727272725 -297.3545454545454; -4.090909090909091 -261.2181818181818; -3.409090909090909 0.0; -2.727272727272727 0.0; -2.0454545454545454 -76.40454545454546; -1.3636363636363635 0.0; -0.6818181818181818 -40.268181818181816; 0.0 -44.4; 0.6818181818181818 0.0; 1.3636363636363635 13.936363636363634; 2.0454545454545454 32.00454545454545; 2.727272727272727 50.07272727272726; 3.409090909090909 68.14090909090909; 4.090909090909091 86.2090909090909; 4.7727272727272725 104.27727272727272; 5.454545454545454 122.34545454545453; 6.136363636363637 140.41363636363639; 6.818181818181818 158.4818181818182; 7.5 176.55; 8.181818181818182 194.61818181818182; 8.863636363636363 0.0; 9.545454545454545 230.75454545454545; 10.227272727272727 248.82272727272726; 10.909090909090908 266.8909090909091; 11.590909090909092 0.0; 12.272727272727273 303.02727272727276; 12.954545454545455 321.0954545454546; 13.636363636363637 339.1636363636364; 14.318181818181818 714.4636363636364; 15.0 375.3]
npts :	45
nout :	13
model :	(x,t) -> x[1]t + x[2]
dim :	2
cluster :	false
noise :	false
solution :	[26.5, -22.2]
description :	type2: line model
