name :	line2d
data :	[-15.0 339.8; -14.347826086956522 649.991304347826; -13.695652173913043 310.1913043478261; -13.043478260869565 295.38695652173914; -12.391304347826088 0.0; -11.73913043478261 265.77826086956526; -11.08695652173913 501.9478260869565; -10.434782608695652 236.16956521739132; -9.782608695652174 221.36521739130436; -9.130434782608695 206.5608695652174; -8.478260869565217 191.75652173913042; -7.826086956521739 176.95217391304348; -7.173913043478261 162.1478260869565; -6.521739130434782 147.34347826086957; -5.869565217391305 0.0; -5.217391304347826 235.4695652173913; -4.565217391304348 102.93043478260869; -3.9130434782608696 88.12608695652173; -3.260869565217391 73.32173913043478; -2.608695652173913 58.517391304347825; -1.9565217391304348 87.42608695652173; -1.3043478260869565 28.908695652173915; -0.6521739130434783 0.0; 0.0 -1.4; 0.6521739130434783 -15.504347826086956; 1.3043478260869565 -30.308695652173913; 1.9565217391304348 -45.11304347826087; 2.608695652173913 -59.91739130434783; 3.260869565217391 -149.44347826086957; 3.9130434782608696 0.0; 4.565217391304348 -104.33043478260869; 5.217391304347826 -119.13478260869566; 5.869565217391305 -133.9391304347826; 6.521739130434782 -148.74347826086955; 7.173913043478261 -163.5478260869565; 7.826086956521739 -178.35217391304346; 8.478260869565217 -193.1565217391304; 9.130434782608695 -207.96086956521737; 9.782608695652174 -445.53043478260867; 10.434782608695652 -237.5695652173913; 11.08695652173913 -252.37391304347824; 11.73913043478261 -267.17826086956524; 12.391304347826088 -281.9826086956522; 13.043478260869565 -296.7869565217391; 13.695652173913043 0.0; 14.347826086956522 0.0; 15.0 0.0]
npts :	47
nout :	14
model :	(x,t) -> x[1]t + x[2]
dim :	2
cluster :	false
noise :	false
solution :	[-22.7, -0.7]
description :	type2: line model
