name :	line2d
data :	[-15.0 -168.3; -13.333333333333334 -152.46666666666667; -11.666666666666666 -136.63333333333333; -10.0 -120.8; -8.333333333333334 -104.96666666666667; -6.666666666666667 -89.13333333333334; -5.0 0.0; -3.3333333333333335 0.0; -1.6666666666666667 -41.63333333333333; 0.0 -25.8; 1.6666666666666667 -9.966666666666667; 3.3333333333333335 11.733333333333334; 5.0 43.4; 6.666666666666667 37.53333333333333; 8.333333333333334 106.73333333333335; 10.0 69.2; 11.666666666666666 85.03333333333333; 13.333333333333334 100.86666666666667; 15.0 116.7]
npts :	19
nout :	5
model :	(x,t) -> x[1]t + x[2]
dim :	2
cluster :	false
noise :	false
solution :	[9.5, -25.8]
description :	type2: line model
