name :	line2d
data :	[-15.0 226.4; -14.6875 0.0; -14.375 216.4625; -14.0625 211.49375; -13.75 0.0; -13.4375 201.55625; -13.125 196.5875; -12.8125 191.61875; -12.5 373.3; -12.1875 181.68125; -11.875 176.7125; -11.5625 171.74375; -11.25 166.775; -10.9375 323.6125; -10.625 156.8375; -10.3125 151.86875; -10.0 146.9; -9.6875 141.93125; -9.375 136.9625; -9.0625 131.99375; -8.75 127.025; -8.4375 122.05625; -8.125 117.0875; -7.8125 112.11875; -7.5 107.15; -7.1875 204.3625; -6.875 97.2125; -6.5625 92.24375; -6.25 87.275; -5.9375 164.6125; -5.625 154.675; -5.3125 144.7375; -5.0 134.8; -4.6875 62.43125; -4.375 57.4625; -4.0625 52.49375; -3.75 0.0; -3.4375 42.55625; -3.125 0.0; -2.8125 32.61875; -2.5 0.0; -2.1875 22.68125; -1.875 17.7125; -1.5625 0.0; -1.25 15.55; -0.9375 0.0; -0.625 -2.1624999999999996; -0.3125 -14.2625; 0.0 -24.2; 0.3125 -17.06875; 0.625 0.0; 0.9375 -27.00625; 1.25 -31.975; 1.5625 0.0; 1.875 -41.9125; 2.1875 -46.88125; 2.5 -51.85; 2.8125 -56.81875; 3.125 -61.7875; 3.4375 -66.75625; 3.75 -143.45; 4.0625 -153.3875; 4.375 -81.6625; 4.6875 -86.63125; 5.0 -91.6; 5.3125 -96.56875; 5.625 -101.5375; 5.9375 -106.50625; 6.25 -111.475; 6.5625 -232.8875; 6.875 -121.4125; 7.1875 -126.38125; 7.5 -131.35; 7.8125 -136.31875; 8.125 0.0; 8.4375 -146.25625; 8.75 -151.225; 9.0625 -312.3875; 9.375 -322.325; 9.6875 -166.13125; 10.0 -171.1; 10.3125 -176.06875; 10.625 -181.0375; 10.9375 0.0; 11.25 -190.975; 11.5625 -195.94375; 11.875 -200.9125; 12.1875 -205.88125; 12.5 -210.85; 12.8125 -215.81875; 13.125 -441.575; 13.4375 -225.75625; 13.75 0.0; 14.0625 -235.69375; 14.375 0.0; 14.6875 -245.63125; 15.0 -250.6]
npts :	97
nout :	29
model :	(x,t) -> x[1]t + x[2]
dim :	2
cluster :	false
noise :	false
solution :	[-15.9, -12.1]
description :	type2: line model
