name :	line2d
data :	[-15.0 684.2; -14.516129032258064 0.0; -14.03225806451613 0.0; -13.548387096774194 306.68064516129033; -13.064516129032258 294.8741935483871; -12.580645161290322 283.06774193548387; -12.096774193548388 271.2612903225807; -11.612903225806452 259.45483870967746; -11.129032258064516 247.64838709677414; -10.64516129032258 235.8419354838709; -10.161290322580646 224.03548387096774; -9.67741935483871 0.0; -9.193548387096774 0.0; -8.709677419354838 188.61612903225804; -8.225806451612904 176.80967741935484; -7.741935483870968 165.0032258064516; -7.258064516129032 306.39354838709676; -6.774193548387097 141.39032258064515; -6.290322580645161 129.58387096774192; -5.806451612903226 235.55483870967743; -5.32258064516129 105.97096774193545; -4.838709677419355 94.16451612903225; -4.354838709677419 82.35806451612902; -3.870967741935484 0.0; -3.3870967741935485 58.74516129032258; -2.903225806451613 46.93870967741936; -2.4193548387096775 35.13225806451613; -1.935483870967742 23.325806451612905; -1.4516129032258065 11.519354838709681; -0.967741935483871 -0.5741935483870932; -0.4838709677419355 -12.093548387096773; 0.0 0.0; 0.4838709677419355 -35.70645161290322; 0.967741935483871 -47.512903225806454; 1.4516129032258065 -59.31935483870968; 1.935483870967742 -71.1258064516129; 2.4193548387096775 -165.86451612903227; 2.903225806451613 -94.73870967741937; 3.3870967741935485 -106.54516129032257; 3.870967741935484 -118.3516129032258; 4.354838709677419 -130.15806451612903; 4.838709677419355 -283.9290322580645; 5.32258064516129 -153.77096774193546; 5.806451612903226 -331.15483870967745; 6.290322580645161 0.0; 6.774193548387097 0.0; 7.258064516129032 -200.9967741935484; 7.741935483870968 -212.80322580645162; 8.225806451612904 -224.60967741935485; 8.709677419354838 -236.41612903225806; 9.193548387096774 -248.2225806451613; 9.67741935483871 -260.0290322580645; 10.161290322580646 -271.8354838709677; 10.64516129032258 -283.6419354838709; 11.129032258064516 -295.4483870967741; 11.612903225806452 -614.5096774193548; 12.096774193548388 -319.06129032258065; 12.580645161290322 -330.8677419354838; 13.064516129032258 -342.67419354838705; 13.548387096774194 0.0; 14.03225806451613 0.0; 14.516129032258064 -378.09354838709675; 15.0 -389.9]
npts :	63
nout :	18
model :	(x,t) -> x[1]t + x[2]
dim :	2
cluster :	false
noise :	false
solution :	[-24.4, -23.9]
description :	type2: line model
