name :	line2d
data :	[-15.0 -355.1; -14.571428571428571 -345.5; -14.142857142857142 -335.9; -13.714285714285714 -326.3; -13.285714285714286 0.0; -12.857142857142858 -307.1; -12.428571428571429 0.0; -12.0 -287.9; -11.571428571428571 0.0; -11.142857142857142 -268.7; -10.714285714285714 -259.09999999999997; -10.285714285714286 -249.5; -9.857142857142858 -239.9; -9.428571428571429 -230.29999999999998; -9.0 0.0; -8.571428571428571 -211.09999999999997; -8.142857142857142 -201.49999999999997; -7.714285714285714 -191.89999999999998; -7.285714285714286 -182.29999999999998; -6.857142857142857 -172.7; -6.428571428571429 -163.1; -6.0 -153.49999999999997; -5.571428571428571 -143.89999999999998; -5.142857142857143 0.0; -4.714285714285714 -124.69999999999999; -4.285714285714286 -230.2; -3.857142857142857 -105.5; -3.4285714285714284 -95.9; -3.0 0.0; -2.5714285714285716 -76.7; -2.142857142857143 -67.1; -1.7142857142857142 -57.5; -1.2857142857142858 -47.900000000000006; -0.8571428571428571 -38.3; -0.42857142857142855 0.0; 0.0 -38.2; 0.42857142857142855 -9.500000000000002; 0.8571428571428571 0.0; 1.2857142857142858 9.7; 1.7142857142857142 19.299999999999997; 2.142857142857143 28.89999999999999; 2.5714285714285716 0.0; 3.0 0.0; 3.4285714285714284 57.699999999999996; 3.857142857142857 0.0; 4.285714285714286 153.79999999999995; 4.714285714285714 173.0; 5.142857142857143 96.1; 5.571428571428571 105.69999999999999; 6.0 115.29999999999998; 6.428571428571429 124.9; 6.857142857142857 134.5; 7.285714285714286 144.1; 7.714285714285714 153.7; 8.142857142857142 163.29999999999998; 8.571428571428571 172.89999999999998; 9.0 182.5; 9.428571428571429 192.1; 9.857142857142858 201.70000000000002; 10.285714285714286 211.3; 10.714285714285714 220.89999999999998; 11.142857142857142 0.0; 11.571428571428571 240.1; 12.0 249.69999999999996; 12.428571428571429 0.0; 12.857142857142858 0.0; 13.285714285714286 278.5; 13.714285714285714 288.09999999999997; 14.142857142857142 595.3999999999999; 14.571428571428571 0.0; 15.0 0.0]
npts :	71
nout :	21
model :	(x,t) -> x[1]t + x[2]
dim :	2
cluster :	false
noise :	false
solution :	[22.4, -19.1]
description :	type2: line model
