name :	line2d
data :	[-15.0 -449.0; -14.361702127659575 0.0; -13.72340425531915 -413.25531914893617; -13.085106382978724 -395.3829787234043; -12.446808510638299 -377.51063829787233; -11.808510638297872 -359.6382978723404; -11.170212765957446 -683.531914893617; -10.53191489361702 -323.89361702127655; -9.893617021276595 -306.02127659574467; -9.25531914893617 0.0; -8.617021276595745 -540.5531914893618; -7.9787234042553195 -252.40425531914894; -7.340425531914893 -234.531914893617; -6.702127659574468 -216.6595744680851; -6.0638297872340425 -198.7872340425532; -5.425531914893617 -180.91489361702128; -4.787234042553192 -163.04255319148936; -4.148936170212766 0.0; -3.5106382978723403 -127.29787234042553; -2.872340425531915 -218.85106382978722; -2.234042553191489 -91.5531914893617; -1.5957446808510638 -73.68085106382978; -0.9574468085106383 -55.808510638297875; -0.3191489361702128 -75.87234042553192; 0.3191489361702128 -20.06382978723404; 0.9574468085106383 -2.191489361702125; 1.5957446808510638 15.680851063829785; 2.234042553191489 33.553191489361694; 2.872340425531915 51.42553191489361; 3.5106382978723403 69.29787234042553; 4.148936170212766 87.17021276595744; 4.787234042553192 105.04255319148936; 5.425531914893617 122.91489361702128; 6.0638297872340425 140.7872340425532; 6.702127659574468 317.3191489361702; 7.340425531914893 0.0; 7.9787234042553195 194.40425531914894; 8.617021276595745 212.27659574468086; 9.25531914893617 230.14893617021278; 9.893617021276595 496.04255319148933; 10.53191489361702 0.0; 11.170212765957446 567.531914893617; 11.808510638297872 301.6382978723404; 12.446808510638299 0.0; 13.085106382978724 337.3829787234043; 13.72340425531915 355.25531914893617; 14.361702127659575 746.2553191489362; 15.0 391.0]
npts :	48
nout :	14
model :	(x,t) -> x[1]t + x[2]
dim :	2
cluster :	false
noise :	false
solution :	[28.0, -29.0]
description :	type2: line model
