name :	line2d
data :	[-15.0 -631.2; -14.361702127659575 -302.96170212765963; -13.72340425531915 -290.3234042553192; -13.085106382978724 -277.68510638297874; -12.446808510638299 -265.04680851063836; -11.808510638297872 -504.8170212765957; -11.170212765957446 -239.77021276595744; -10.53191489361702 -454.26382978723404; -9.893617021276595 -214.4936170212766; -9.25531914893617 -201.85531914893616; -8.617021276595745 -189.21702127659574; -7.9787234042553195 -176.57872340425533; -7.340425531914893 -163.94042553191488; -6.702127659574468 -151.30212765957447; -6.0638297872340425 -138.66382978723405; -5.425531914893617 -252.05106382978727; -4.787234042553192 0.0; -4.148936170212766 -100.74893617021277; -3.5106382978723403 -176.22127659574465; -2.872340425531915 -75.47234042553191; -2.234042553191489 -62.83404255319149; -1.5957446808510638 -50.195744680851064; -0.9574468085106383 -37.55744680851064; -0.3191489361702128 -24.919148936170217; 0.3191489361702128 -12.280851063829788; 0.9574468085106383 0.714893617021275; 1.5957446808510638 12.995744680851065; 2.234042553191489 25.634042553191485; 2.872340425531915 38.272340425531915; 3.5106382978723403 50.91063829787233; 4.148936170212766 63.54893617021276; 4.787234042553192 0.0; 5.425531914893617 177.65106382978723; 6.0638297872340425 202.92765957446807; 6.702127659574468 228.20425531914896; 7.340425531914893 0.0; 7.9787234042553195 139.37872340425534; 8.617021276595745 152.01702127659576; 9.25531914893617 164.65531914893617; 9.893617021276595 0.0; 10.53191489361702 189.93191489361703; 11.170212765957446 202.57021276595745; 11.808510638297872 0.0; 12.446808510638299 227.84680851063834; 13.085106382978724 240.48510638297873; 13.72340425531915 253.12340425531917; 14.361702127659575 265.7617021276596; 15.0 278.4]
npts :	48
nout :	14
model :	(x,t) -> x[1]t + x[2]
dim :	2
cluster :	false
noise :	false
solution :	[19.8, -18.6]
description :	type2: line model
