name :	line2d
data :	[-15.0 313.2; -14.166666666666666 296.19999999999993; -13.333333333333334 279.2; -12.5 262.2; -11.666666666666666 245.19999999999996; -10.833333333333334 0.0; -10.0 422.4; -9.166666666666666 194.19999999999996; -8.333333333333334 177.2; -7.5 160.2; -6.666666666666667 143.2; -5.833333333333333 126.19999999999999; -5.0 109.2; -4.166666666666667 92.2; -3.3333333333333335 0.0; -2.5 58.2; -1.6666666666666667 0.0; -0.8333333333333334 48.4; 0.0 7.2; 0.8333333333333334 0.0; 1.6666666666666667 -26.8; 2.5 -43.8; 3.3333333333333335 0.0; 4.166666666666667 -77.8; 5.0 -94.8; 5.833333333333333 -111.79999999999998; 6.666666666666667 -128.8; 7.5 -145.8; 8.333333333333334 -162.8; 9.166666666666666 -179.79999999999998; 10.0 0.0; 10.833333333333334 -213.8; 11.666666666666666 -230.79999999999998; 12.5 -495.59999999999997; 13.333333333333334 -264.8; 14.166666666666666 -563.5999999999999; 15.0 -597.6]
npts :	37
nout :	11
model :	(x,t) -> x[1]t + x[2]
dim :	2
cluster :	false
noise :	false
solution :	[-20.4, 7.2]
description :	type2: line model
