name :	line2d
data :	[-15.0 0.0; -14.53125 -38.0375; -14.0625 -37.475; -13.59375 -36.9125; -13.125 -36.35; -12.65625 -35.7875; -12.1875 -35.225; -11.71875 -34.6625; -11.25 -68.2; -10.78125 -67.075; -10.3125 0.0; -9.84375 -32.4125; -9.375 -31.85; -8.90625 -31.2875; -8.4375 -30.725; -7.96875 0.0; -7.5 -29.6; -7.03125 -29.0375; -6.5625 -28.475; -6.09375 -27.9125; -5.625 -27.35; -5.15625 -26.7875; -4.6875 -26.225; -4.21875 -25.6625; -3.75 -25.1; -3.28125 -49.075; -2.8125 -47.95; -2.34375 -23.4125; -1.875 -22.85; -1.40625 0.0; -0.9375 -43.45; -0.46875 -21.1625; 0.0 -20.6; 0.46875 -20.0375; 0.9375 0.0; 1.40625 -18.9125; 1.875 -36.7; 2.34375 -17.7875; 2.8125 0.0; 3.28125 -16.6625; 3.75 -16.1; 4.21875 -15.537500000000001; 4.6875 -14.975000000000001; 5.15625 -14.412500000000001; 5.625 -13.850000000000001; 6.09375 -13.287500000000001; 6.5625 0.0; 7.03125 -12.162500000000001; 7.5 -11.600000000000001; 7.96875 -11.037500000000001; 8.4375 -10.475000000000001; 8.90625 -9.912500000000001; 9.375 -18.700000000000003; 9.84375 -8.787500000000001; 10.3125 0.0; 10.78125 -7.662500000000001; 11.25 -14.200000000000003; 11.71875 0.0; 12.1875 -5.975000000000001; 12.65625 0.0; 13.125 0.0; 13.59375 -4.287500000000001; 14.0625 -3.7250000000000014; 14.53125 -3.1625000000000014; 15.0 -2.6000000000000014]
npts :	65
nout :	19
model :	(x,t) -> x[1]t + x[2]
dim :	2
cluster :	false
noise :	false
solution :	[1.2, -20.6]
description :	type2: line model
