name :	line2d
data :	[-15.0 868.6; -14.491525423728813 0.0; -13.983050847457626 405.31694915254235; -13.474576271186441 781.6508474576272; -12.966101694915254 376.33389830508474; -12.457627118644067 361.8423728813559; -11.94915254237288 347.3508474576271; -11.440677966101696 665.7186440677966; -10.932203389830509 318.36779661016953; -10.423728813559322 303.8762711864407; -9.915254237288135 0.0; -9.40677966101695 274.8932203389831; -8.898305084745763 260.40169491525427; -8.389830508474576 245.91016949152544; -7.88135593220339 231.41864406779663; -7.372881355932203 216.9271186440678; -6.864406779661017 202.435593220339; -6.3559322033898304 375.88813559322034; -5.8474576271186445 0.0; -5.338983050847458 158.96101694915257; -4.830508474576271 144.46949152542373; -4.322033898305085 129.97796610169493; -3.8135593220338984 0.0; -3.305084745762712 100.99491525423728; -2.7966101694915255 173.00677966101694; -2.288135593220339 72.01186440677967; -1.7796610169491525 57.52033898305084; -1.271186440677966 86.05762711864406; -0.7627118644067796 57.07457627118644; -0.2542372881355932 28.09152542372881; 0.2542372881355932 -0.44576271186440675; 0.7627118644067796 -14.937288135593217; 1.271186440677966 -29.428813559322034; 1.7796610169491525 -43.92033898305085; 2.288135593220339 -58.41186440677967; 2.7966101694915255 -72.90338983050847; 3.305084745762712 -87.39491525423729; 3.8135593220338984 -101.8864406779661; 4.322033898305085 -116.37796610169492; 4.830508474576271 0.0; 5.338983050847458 0.0; 5.8474576271186445 -319.7050847457627; 6.3559322033898304 -174.34406779661015; 6.864406779661017 -188.83559322033898; 7.372881355932203 -203.32711864406778; 7.88135593220339 0.0; 8.389830508474576 -232.31016949152541; 8.898305084745763 -246.80169491525425; 9.40677966101695 -261.2932203389831; 9.915254237288135 0.0; 10.423728813559322 -290.2762711864407; 10.932203389830509 -304.7677966101695; 11.440677966101696 -319.2593220338983; 11.94915254237288 -333.75084745762706; 12.457627118644067 -348.2423728813559; 12.966101694915254 -362.7338983050847; 13.474576271186441 -377.22542372881355; 13.983050847457626 0.0; 14.491525423728813 -406.20847457627116; 15.0 -420.7]
npts :	60
nout :	18
model :	(x,t) -> x[1]t + x[2]
dim :	2
cluster :	false
noise :	false
solution :	[-28.5, 6.8]
description :	type2: line model
