name :	line2d
data :	[-15.0 -31.4; -14.615384615384615 -30.4; -14.23076923076923 -29.4; -13.846153846153847 -28.4; -13.461538461538462 -27.4; -13.076923076923077 -26.4; -12.692307692307692 -25.4; -12.307692307692308 -24.4; -11.923076923076923 -46.8; -11.538461538461538 -22.4; -11.153846153846153 -21.4; -10.76923076923077 0.0; -10.384615384615385 -19.400000000000006; -10.0 -18.4; -9.615384615384615 -17.4; -9.23076923076923 -16.4; -8.846153846153847 -15.400000000000004; -8.461538461538462 -28.8; -8.076923076923077 -13.4; -7.6923076923076925 -12.4; -7.3076923076923075 -11.4; -6.923076923076923 -10.4; -6.538461538461538 -18.8; -6.153846153846154 -8.4; -5.769230769230769 0.0; -5.384615384615385 -6.400000000000002; -5.0 -5.4; -4.615384615384615 0.0; -4.230769230769231 -6.800000000000001; -3.8461538461538463 0.0; -3.4615384615384617 -1.4000000000000004; -3.076923076923077 0.0; -2.6923076923076925 0.0; -2.3076923076923075 1.5999999999999996; -1.9230769230769231 0.0; -1.5384615384615385 3.5999999999999996; -1.1538461538461537 4.6; -0.7692307692307693 5.6; -0.38461538461538464 0.0; 0.0 7.6; 0.38461538461538464 8.6; 0.7692307692307693 9.6; 1.1538461538461537 10.6; 1.5384615384615385 11.6; 1.9230769230769231 12.6; 2.3076923076923075 13.6; 2.6923076923076925 14.600000000000001; 3.076923076923077 15.6; 3.4615384615384617 16.6; 3.8461538461538463 17.6; 4.230769230769231 18.6; 4.615384615384615 19.6; 5.0 41.2; 5.384615384615385 21.6; 5.769230769230769 45.2; 6.153846153846154 0.0; 6.538461538461538 49.2; 6.923076923076923 25.6; 7.3076923076923075 26.6; 7.6923076923076925 27.6; 8.076923076923077 0.0; 8.461538461538462 59.2; 8.846153846153847 61.2; 9.23076923076923 31.6; 9.615384615384615 32.6; 10.0 67.2; 10.384615384615385 34.6; 10.76923076923077 35.6; 11.153846153846153 73.2; 11.538461538461538 37.6; 11.923076923076923 38.6; 12.307692307692308 79.2; 12.692307692307692 40.6; 13.076923076923077 41.6; 13.461538461538462 42.6; 13.846153846153847 43.6; 14.23076923076923 89.2; 14.615384615384615 45.6; 15.0 46.6]
npts :	79
nout :	23
model :	(x,t) -> x[1]t + x[2]
dim :	2
cluster :	false
noise :	false
solution :	[2.6, 7.6]
description :	type2: line model
