name :	line2d
data :	[-15.0 43.7; -14.23076923076923 42.161538461538456; -13.461538461538462 81.24615384615385; -12.692307692307692 39.08461538461538; -11.923076923076923 0.0; -11.153846153846153 36.00769230769231; -10.384615384615385 34.46923076923077; -9.615384615384615 65.86153846153846; -8.846153846153847 31.392307692307693; -8.076923076923077 29.853846153846153; -7.3076923076923075 28.315384615384616; -6.538461538461538 26.776923076923076; -5.769230769230769 50.47692307692307; -5.0 23.7; -4.230769230769231 44.323076923076925; -3.4615384615384617 20.623076923076923; -2.6923076923076925 19.084615384615383; -1.9230769230769231 17.546153846153846; -1.1538461538461537 16.007692307692306; -0.38461538461538464 14.46923076923077; 0.38461538461538464 12.93076923076923; 1.1538461538461537 22.784615384615385; 1.9230769230769231 0.0; 2.6923076923076925 8.315384615384614; 3.4615384615384617 0.0; 4.230769230769231 0.0; 5.0 3.6999999999999993; 5.769230769230769 4.323076923076922; 6.538461538461538 0.6230769230769226; 7.3076923076923075 -0.9153846153846157; 8.076923076923077 -2.453846153846154; 8.846153846153847 -3.992307692307694; 9.615384615384615 0.0; 10.384615384615385 -7.069230769230771; 11.153846153846153 -8.607692307692307; 11.923076923076923 -10.146153846153847; 12.692307692307692 -11.684615384615384; 13.461538461538462 -13.223076923076924; 14.23076923076923 -29.52307692307692; 15.0 -16.3]
npts :	40
nout :	12
model :	(x,t) -> x[1]t + x[2]
dim :	2
cluster :	false
noise :	false
solution :	[-2.0, 13.7]
description :	type2: line model
