name :	line2d
data :	[-15.0 0.0; -13.571428571428571 168.27142857142854; -12.142857142857142 151.84285714285713; -10.714285714285714 135.4142857142857; -9.285714285714286 118.9857142857143; -7.857142857142857 102.55714285714285; -6.428571428571429 0.0; -5.0 69.7; -3.5714285714285716 53.27142857142857; -2.142857142857143 73.68571428571428; -0.7142857142857143 0.0; 0.7142857142857143 3.985714285714284; 2.142857142857143 -12.442857142857143; 3.5714285714285716 -28.871428571428577; 5.0 0.0; 6.428571428571429 -61.72857142857143; 7.857142857142857 -78.15714285714284; 9.285714285714286 -94.58571428571429; 10.714285714285714 -111.0142857142857; 12.142857142857142 -127.44285714285714; 13.571428571428571 -143.87142857142857; 15.0 0.0]
npts :	22
nout :	6
model :	(x,t) -> x[1]t + x[2]
dim :	2
cluster :	false
noise :	false
solution :	[-11.5, 12.2]
description :	type2: line model
