name :	line2d
data :	[-15.0 416.2; -14.03225806451613 388.13548387096773; -13.064516129032258 0.0; -12.096774193548388 332.0064516129032; -11.129032258064516 303.94193548387096; -10.161290322580646 275.8774193548387; -9.193548387096774 247.81290322580645; -8.225806451612904 0.0; -7.258064516129032 191.6838709677419; -6.290322580645161 0.0; -5.32258064516129 135.5548387096774; -4.354838709677419 107.49032258064516; -3.3870967741935485 79.42580645161291; -2.4193548387096775 51.36129032258064; -1.4516129032258065 23.29677419354839; -0.4838709677419355 0.0; 0.4838709677419355 -32.83225806451613; 1.4516129032258065 -60.896774193548396; 2.4193548387096775 -88.96129032258064; 3.3870967741935485 -117.02580645161291; 4.354838709677419 -290.18064516129033; 5.32258064516129 -173.15483870967742; 6.290322580645161 -201.21935483870968; 7.258064516129032 -229.28387096774193; 8.225806451612904 -257.3483870967742; 9.193548387096774 -285.4129032258065; 10.161290322580646 0.0; 11.129032258064516 -341.541935483871; 12.096774193548388 0.0; 13.064516129032258 -397.6709677419355; 14.03225806451613 -851.4709677419355; 15.0 0.0]
npts :	32
nout :	9
model :	(x,t) -> x[1]t + x[2]
dim :	2
cluster :	false
noise :	false
solution :	[-29.0, -18.8]
description :	type2: line model
