name :	line2d
data :	[-15.0 227.39999999999998; -13.88888888888889 0.0; -12.777777777777779 379.68888888888887; -11.666666666666666 0.0; -10.555555555555555 152.28888888888886; -9.444444444444445 267.02222222222224; -8.333333333333334 114.73333333333335; -7.222222222222222 95.95555555555555; -6.111111111111111 77.17777777777775; -5.0 58.4; -3.888888888888889 39.62222222222221; -2.7777777777777777 20.844444444444434; -1.6666666666666667 2.066666666666663; -0.5555555555555556 -16.711111111111112; 0.5555555555555556 -35.488888888888894; 1.6666666666666667 -54.266666666666666; 2.7777777777777777 -73.04444444444444; 3.888888888888889 -91.82222222222222; 5.0 -110.6; 6.111111111111111 -129.37777777777777; 7.222222222222222 -148.15555555555554; 8.333333333333334 0.0; 9.444444444444445 -185.7111111111111; 10.555555555555555 -204.48888888888885; 11.666666666666666 -223.26666666666662; 12.777777777777779 -484.08888888888885; 13.88888888888889 0.0; 15.0 -559.1999999999999]
npts :	28
nout :	8
model :	(x,t) -> x[1]t + x[2]
dim :	2
cluster :	false
noise :	false
solution :	[-16.9, -26.1]
description :	type2: line model
