name :	line2d
data :	[-15.0 -400.5; -14.23076923076923 -757.9230769230769; -13.461538461538462 -357.4230769230769; -12.692307692307692 -335.88461538461536; -11.923076923076923 -628.6923076923077; -11.153846153846153 -292.80769230769226; -10.384615384615385 -271.2692307692308; -9.615384615384615 0.0; -8.846153846153847 -228.1923076923077; -8.076923076923077 -206.65384615384613; -7.3076923076923075 -185.1153846153846; -6.538461538461538 -163.57692307692307; -5.769230769230769 -142.03846153846155; -5.0 0.0; -4.230769230769231 -197.92307692307693; -3.4615384615384617 -77.42307692307693; -2.6923076923076925 -55.88461538461539; -1.9230769230769231 -34.34615384615385; -1.1538461538461537 -12.807692307692307; -0.38461538461538464 8.73076923076923; 0.38461538461538464 30.26923076923077; 1.1538461538461537 51.80769230769231; 1.9230769230769231 73.34615384615384; 2.6923076923076925 94.88461538461539; 3.4615384615384617 116.42307692307693; 4.230769230769231 137.96153846153845; 5.0 159.5; 5.769230769230769 362.0769230769231; 6.538461538461538 0.0; 7.3076923076923075 0.0; 8.076923076923077 245.65384615384613; 8.846153846153847 534.3846153846155; 9.615384615384615 0.0; 10.384615384615385 310.2692307692308; 11.153846153846153 0.0; 11.923076923076923 0.0; 12.692307692307692 374.88461538461536; 13.461538461538462 396.4230769230769; 14.23076923076923 417.96153846153845; 15.0 439.5]
npts :	40
nout :	12
model :	(x,t) -> x[1]t + x[2]
dim :	2
cluster :	false
noise :	false
solution :	[28.0, 19.5]
description :	type2: line model
