name :	line2d
data :	[-15.0 85.7; -13.235294117647058 0.0; -11.470588235294118 65.22941176470589; -9.705882352941176 54.99411764705882; -7.9411764705882355 44.75882352941177; -6.176470588235294 34.523529411764706; -4.411764705882353 24.288235294117648; -2.6470588235294117 14.052941176470586; -0.8823529411764706 7.635294117647058; 0.8823529411764706 -6.417647058823529; 2.6470588235294117 -16.652941176470588; 4.411764705882353 0.0; 6.176470588235294 -37.1235294117647; 7.9411764705882355 -47.358823529411765; 9.705882352941176 -115.18823529411763; 11.470588235294118 -67.82941176470588; 13.235294117647058 -156.12941176470585; 15.0 -88.3]
npts :	18
nout :	5
model :	(x,t) -> x[1]t + x[2]
dim :	2
cluster :	false
noise :	false
solution :	[-5.8, -1.3]
description :	type2: line model
