name :	line2d
data :	[-15.0 -187.3; -14.117647058823529 -177.41764705882352; -13.235294117647058 -167.53529411764706; -12.352941176470589 -157.6529411764706; -11.470588235294118 0.0; -10.588235294117647 -137.88823529411764; -9.705882352941176 -256.01176470588234; -8.823529411764707 -118.12352941176471; -7.9411764705882355 -108.24117647058823; -7.0588235294117645 0.0; -6.176470588235294 -88.47647058823529; -5.294117647058823 -78.59411764705882; -4.411764705882353 -137.42352941176472; -3.5294117647058822 0.0; -2.6470588235294117 -97.89411764705882; -1.7647058823529411 -39.06470588235294; -0.8823529411764706 -29.182352941176468; 0.0 -19.3; 0.8823529411764706 -9.417647058823531; 1.7647058823529411 0.0; 2.6470588235294117 10.347058823529409; 3.5294117647058822 20.229411764705876; 4.411764705882353 30.111764705882354; 5.294117647058823 39.994117647058815; 6.176470588235294 49.87647058823529; 7.0588235294117645 59.75882352941176; 7.9411764705882355 69.64117647058823; 8.823529411764707 79.52352941176471; 9.705882352941176 178.81176470588233; 10.588235294117647 198.57647058823528; 11.470588235294118 109.17058823529412; 12.352941176470589 119.05294117647058; 13.235294117647058 0.0; 14.117647058823529 138.8176470588235; 15.0 148.7]
npts :	35
nout :	10
model :	(x,t) -> x[1]t + x[2]
dim :	2
cluster :	false
noise :	false
solution :	[11.2, -19.3]
description :	type2: line model
