name :	line2d
data :	[-15.0 -340.5; -14.361702127659575 -325.6276595744681; -13.72340425531915 -621.5106382978723; -13.085106382978724 0.0; -12.446808510638299 -281.0106382978724; -11.808510638297872 -266.1382978723404; -11.170212765957446 -251.2659574468085; -10.53191489361702 -236.39361702127658; -9.893617021276595 -443.0425531914894; -9.25531914893617 -206.64893617021278; -8.617021276595745 -191.77659574468086; -7.9787234042553195 -176.90425531914894; -7.340425531914893 -162.03191489361703; -6.702127659574468 -147.1595744680851; -6.0638297872340425 -132.2872340425532; -5.425531914893617 0.0; -4.787234042553192 -205.08510638297875; -4.148936170212766 -175.3404255319149; -3.5106382978723403 -72.79787234042553; -2.872340425531915 -57.925531914893625; -2.234042553191489 -43.0531914893617; -1.5957446808510638 -56.36170212765957; -0.9574468085106383 -13.308510638297875; -0.3191489361702128 1.5638297872340416; 0.3191489361702128 0.0; 0.9574468085106383 0.0; 1.5957446808510638 46.180851063829785; 2.234042553191489 61.0531914893617; 2.872340425531915 75.92553191489363; 3.5106382978723403 90.79787234042553; 4.148936170212766 105.67021276595744; 4.787234042553192 0.0; 5.425531914893617 135.41489361702128; 6.0638297872340425 150.2872340425532; 6.702127659574468 330.3191489361702; 7.340425531914893 180.03191489361703; 7.9787234042553195 0.0; 8.617021276595745 0.0; 9.25531914893617 224.64893617021278; 9.893617021276595 239.5212765957447; 10.53191489361702 254.39361702127658; 11.170212765957446 269.2659574468085; 11.808510638297872 284.1382978723404; 12.446808510638299 598.0212765957448; 13.085106382978724 313.8829787234043; 13.72340425531915 328.75531914893617; 14.361702127659575 343.6276595744681; 15.0 358.5]
npts :	48
nout :	14
model :	(x,t) -> x[1]t + x[2]
dim :	2
cluster :	false
noise :	false
solution :	[23.3, 9.0]
description :	type2: line model
