name :	line2d
data :	[-15.0 0.0; -14.433962264150944 661.4301886792454; -13.867924528301886 0.0; -13.30188679245283 303.5452830188679; -12.735849056603774 289.9603773584906; -12.169811320754716 0.0; -11.60377358490566 262.79056603773586; -11.037735849056604 249.20566037735853; -10.471698113207546 235.62075471698114; -9.90566037735849 222.03584905660378; -9.339622641509434 208.45094339622642; -8.773584905660377 194.86603773584903; -8.20754716981132 0.0; -7.6415094339622645 167.69622641509437; -7.0754716981132075 154.11132075471698; -6.509433962264151 140.52641509433963; -5.943396226415095 126.94150943396225; -5.377358490566038 113.3566037735849; -4.811320754716981 99.77169811320753; -4.245283018867925 86.18679245283019; -3.6792452830188678 72.60188679245282; -3.1132075471698113 118.03396226415094; -2.547169811320755 45.43207547169811; -1.9811320754716981 31.847169811320757; -1.4150943396226414 18.2622641509434; -0.8490566037735849 4.677358490566039; -0.2830188679245283 -8.90754716981132; 0.2830188679245283 -22.49245283018868; 0.8490566037735849 0.0; 1.4150943396226414 -49.6622641509434; 1.9811320754716981 -126.49433962264152; 2.547169811320755 0.0; 3.1132075471698113 -90.41698113207548; 3.6792452830188678 -104.00188679245282; 4.245283018867925 -117.5867924528302; 4.811320754716981 -131.17169811320753; 5.377358490566038 -289.51320754716977; 5.943396226415095 -158.34150943396224; 6.509433962264151 -171.9264150943396; 7.0754716981132075 -185.51132075471696; 7.6415094339622645 -199.09622641509435; 8.20754716981132 0.0; 8.773584905660377 0.0; 9.339622641509434 -239.8509433962264; 9.90566037735849 -253.43584905660376; 10.471698113207546 -267.0207547169811; 11.037735849056604 -280.6056603773585; 11.60377358490566 -588.3811320754717; 12.169811320754716 -615.5509433962263; 12.735849056603774 -321.36037735849055; 13.30188679245283 -334.9452830188679; 13.867924528301886 -697.0603773584905; 14.433962264150944 -362.11509433962266; 15.0 -751.4]
npts :	54
nout :	16
model :	(x,t) -> x[1]t + x[2]
dim :	2
cluster :	false
noise :	false
solution :	[-24.0, -15.7]
description :	type2: line model
