name :	line2d
data :	[-15.0 103.0; -14.347826086956522 97.45652173913044; -13.695652173913043 183.82608695652172; -13.043478260869565 86.3695652173913; -12.391304347826088 161.6521739130435; -11.73913043478261 75.28260869565219; -11.08695652173913 69.73913043478261; -10.434782608695652 0.0; -9.782608695652174 58.652173913043484; -9.130434782608695 53.10869565217391; -8.478260869565217 47.565217391304344; -7.826086956521739 42.02173913043478; -7.173913043478261 36.47826086956522; -6.521739130434782 30.93478260869565; -5.869565217391305 0.0; -5.217391304347826 19.847826086956523; -4.565217391304348 14.304347826086953; -3.9130434782608696 8.76086956521739; -3.260869565217391 0.0; -2.608695652173913 0.0; -1.9565217391304348 0.0; -1.3043478260869565 -13.41304347826087; -0.6521739130434783 -18.956521739130434; 0.0 0.0; 0.6521739130434783 -30.043478260869566; 1.3043478260869565 -35.58695652173913; 1.9565217391304348 -41.130434782608695; 2.608695652173913 -46.673913043478265; 3.260869565217391 -52.21739130434783; 3.9130434782608696 -57.76086956521739; 4.565217391304348 -63.30434782608695; 5.217391304347826 0.0; 5.869565217391305 -74.3913043478261; 6.521739130434782 -159.8695652173913; 7.173913043478261 0.0; 7.826086956521739 -91.02173913043478; 8.478260869565217 -96.56521739130434; 9.130434782608695 -102.1086956521739; 9.782608695652174 -107.65217391304348; 10.434782608695652 -113.19565217391305; 11.08695652173913 0.0; 11.73913043478261 -124.28260869565219; 12.391304347826088 -129.82608695652175; 13.043478260869565 -135.3695652173913; 13.695652173913043 -281.82608695652175; 14.347826086956522 0.0; 15.0 -152.0]
npts :	47
nout :	14
model :	(x,t) -> x[1]t + x[2]
dim :	2
cluster :	false
noise :	false
solution :	[-8.5, -24.5]
description :	type2: line model
