name :	line2d
data :	[-15.0 0.0; -14.318181818181818 -440.1909090909091; -13.636363636363637 -420.2818181818182; -12.954545454545455 -400.3727272727273; -12.272727272727273 0.0; -11.590909090909092 -360.5545454545455; -10.909090909090908 -340.6454545454545; -10.227272727272727 0.0; -9.545454545454545 -300.8272727272727; -8.863636363636363 -280.91818181818184; -8.181818181818182 -261.0090909090909; -7.5 0.0; -6.818181818181818 -442.3818181818182; -6.136363636363637 -201.28181818181818; -5.454545454545454 -181.37272727272725; -4.7727272727272725 -161.46363636363634; -4.090909090909091 -141.55454545454546; -3.409090909090909 -121.64545454545456; -2.727272727272727 -101.73636363636362; -2.0454545454545454 -81.82727272727273; -1.3636363636363635 -61.918181818181814; -0.6818181818181818 -42.00909090909091; 0.0 -22.1; 0.6818181818181818 -2.190909090909095; 1.3636363636363635 0.0; 2.0454545454545454 37.627272727272725; 2.727272727272727 0.0; 3.409090909090909 154.89090909090908; 4.090909090909091 97.35454545454544; 4.7727272727272725 117.26363636363635; 5.454545454545454 0.0; 6.136363636363637 314.1636363636364; 6.818181818181818 176.9909090909091; 7.5 196.9; 8.181818181818182 216.8090909090909; 8.863636363636363 236.71818181818182; 9.545454545454545 256.62727272727267; 10.227272727272727 276.5363636363636; 10.909090909090908 592.890909090909; 11.590909090909092 316.3545454545455; 12.272727272727273 336.26363636363635; 12.954545454545455 356.17272727272723; 13.636363636363637 752.1636363636363; 14.318181818181818 791.9818181818181; 15.0 415.9]
npts :	45
nout :	13
model :	(x,t) -> x[1]t + x[2]
dim :	2
cluster :	false
noise :	false
solution :	[29.2, -22.1]
description :	type2: line model
