name :	line2d
data :	[-15.0 -390.8; -14.142857142857142 -368.6857142857143; -13.285714285714286 -173.2857142857143; -12.428571428571429 -162.22857142857143; -11.571428571428571 -151.17142857142858; -10.714285714285714 -140.11428571428573; -9.857142857142858 -129.05714285714288; -9.0 -118.00000000000001; -8.142857142857142 0.0; -7.285714285714286 -95.88571428571429; -6.428571428571429 -84.82857142857144; -5.571428571428571 0.0; -4.714285714285714 -62.714285714285715; -3.857142857142857 -51.65714285714286; -3.0 -81.2; -2.142857142857143 -29.54285714285714; -1.2857142857142858 -18.485714285714288; -0.42857142857142855 -14.857142857142858; 0.42857142857142855 3.6285714285714286; 1.2857142857142858 14.685714285714289; 2.142857142857143 25.742857142857144; 3.0 36.800000000000004; 3.857142857142857 47.85714285714286; 4.714285714285714 58.91428571428572; 5.571428571428571 69.97142857142856; 6.428571428571429 81.02857142857142; 7.285714285714286 0.0; 8.142857142857142 103.14285714285714; 9.0 114.2; 9.857142857142858 125.25714285714287; 10.714285714285714 272.62857142857143; 11.571428571428571 147.37142857142857; 12.428571428571429 0.0; 13.285714285714286 169.4857142857143; 14.142857142857142 180.54285714285714; 15.0 383.2]
npts :	36
nout :	10
model :	(x,t) -> x[1]t + x[2]
dim :	2
cluster :	false
noise :	false
solution :	[12.9, -1.9]
description :	type2: line model
