name :	line2d
data :	[-15.0 0.0; -11.25 -194.72499999999997; -7.5 -131.35; -3.75 0.0; 0.0 -4.6; 3.75 58.77499999999999; 7.5 122.14999999999999; 11.25 185.52499999999998; 15.0 248.89999999999998]
npts :	9
nout :	2
model :	(x,t) -> x[1]t + x[2]
dim :	2
cluster :	false
noise :	false
solution :	[16.9, -4.6]
description :	type2: line model
