name :	line2d
data :	[-15.0 219.4; -12.857142857142858 191.75714285714287; -10.714285714285714 0.0; -8.571428571428571 0.0; -6.428571428571429 108.82857142857142; -4.285714285714286 81.18571428571428; -2.142857142857143 53.542857142857144; 0.0 25.9; 2.142857142857143 -1.7428571428571438; 4.285714285714286 0.0; 6.428571428571429 -57.02857142857143; 8.571428571428571 -84.67142857142858; 10.714285714285714 -112.31428571428572; 12.857142857142858 -139.95714285714286; 15.0 -335.2]
npts :	15
nout :	4
model :	(x,t) -> x[1]t + x[2]
dim :	2
cluster :	false
noise :	false
solution :	[-12.9, 25.9]
description :	type2: line model
