name :	line2d
data :	[-15.0 268.0; -13.96551724137931 249.48275862068962; -12.931034482758621 230.9655172413793; -11.89655172413793 212.44827586206895; -10.862068965517242 193.9310344827586; -9.827586206896552 0.0; -8.793103448275861 156.8965517241379; -7.758620689655173 138.3793103448276; -6.724137931034483 0.0; -5.689655172413793 101.34482758620688; -4.655172413793103 82.82758620689654; -3.6206896551724137 64.3103448275862; -2.586206896551724 45.79310344827586; -1.5517241379310345 54.55172413793103; -0.5172413793103449 8.758620689655173; 0.5172413793103449 -9.758620689655173; 1.5517241379310345 -56.55172413793103; 2.586206896551724 0.0; 3.6206896551724137 -130.6206896551724; 4.655172413793103 -83.82758620689654; 5.689655172413793 -102.34482758620688; 6.724137931034483 -241.72413793103448; 7.758620689655173 0.0; 8.793103448275861 -157.8965517241379; 9.827586206896552 -352.8275862068965; 10.862068965517242 -194.9310344827586; 11.89655172413793 -213.44827586206895; 12.931034482758621 -231.9655172413793; 13.96551724137931 -250.48275862068962; 15.0 -269.0]
npts :	30
nout :	9
model :	(x,t) -> x[1]t + x[2]
dim :	2
cluster :	false
noise :	false
solution :	[-17.9, -0.5]
description :	type2: line model
