name :	line2d
data :	[-15.0 -322.2; -14.482758620689655 -312.01034482758615; -13.96551724137931 0.0; -13.448275862068966 0.0; -12.931034482758621 -281.4413793103448; -12.413793103448276 -271.25172413793103; -11.89655172413793 0.0; -11.379310344827585 0.0; -10.862068965517242 -240.68275862068964; -10.344827586206897 -230.49310344827586; -9.827586206896552 -440.6068965517241; -9.310344827586206 -420.2275862068965; -8.793103448275861 -199.92413793103444; -8.275862068965518 -189.7344827586207; -7.758620689655173 -179.54482758620688; -7.241379310344827 -169.35517241379307; -6.724137931034483 0.0; -6.206896551724138 -148.9758620689655; -5.689655172413793 -138.7862068965517; -5.172413793103448 -128.59655172413792; -4.655172413793103 -236.81379310344826; -4.137931034482759 -108.21724137931035; -3.6206896551724137 0.0; -3.103448275862069 -87.83793103448275; -2.586206896551724 -77.64827586206897; -2.0689655172413794 -67.45862068965518; -1.5517241379310345 -114.53793103448275; -1.0344827586206897 0.0; -0.5172413793103449 -36.889655172413796; 0.0 -26.7; 0.5172413793103449 -16.510344827586206; 1.0344827586206897 -6.320689655172412; 1.5517241379310345 0.0; 2.0689655172413794 14.058620689655175; 2.586206896551724 24.24827586206897; 3.103448275862069 0.0; 3.6206896551724137 44.62758620689654; 4.137931034482759 54.817241379310346; 4.655172413793103 65.00689655172413; 5.172413793103448 75.19655172413793; 5.689655172413793 170.77241379310342; 6.206896551724138 0.0; 6.724137931034483 0.0; 7.241379310344827 115.95517241379308; 7.758620689655173 126.14482758620689; 8.275862068965518 136.3344827586207; 8.793103448275861 146.52413793103446; 9.310344827586206 156.71379310344827; 9.827586206896552 166.90344827586208; 10.344827586206897 177.09310344827588; 10.862068965517242 187.28275862068966; 11.379310344827585 197.47241379310344; 11.89655172413793 415.3241379310345; 12.413793103448276 217.85172413793103; 12.931034482758621 228.04137931034484; 13.448275862068966 238.23103448275862; 13.96551724137931 248.4206896551724; 14.482758620689655 258.6103448275862; 15.0 268.8]
npts :	59
nout :	17
model :	(x,t) -> x[1]t + x[2]
dim :	2
cluster :	false
noise :	false
solution :	[19.7, -26.7]
description :	type2: line model
