name :	line2d
data :	[-15.0 -262.2; -13.96551724137931 -123.54827586206895; -12.931034482758621 -115.99655172413793; -11.89655172413793 -108.44482758620688; -10.862068965517242 -100.89310344827587; -9.827586206896552 -186.68275862068964; -8.793103448275861 -85.78965517241377; -7.758620689655173 -156.4758620689655; -6.724137931034483 -70.68620689655172; -5.689655172413793 -63.134482758620685; -4.655172413793103 -55.58275862068965; -3.6206896551724137 -48.03103448275862; -2.586206896551724 -80.95862068965518; -1.5517241379310345 -32.92758620689655; -0.5172413793103449 -50.751724137931035; 0.5172413793103449 -35.64827586206897; 1.5517241379310345 -10.27241379310345; 2.586206896551724 -2.7206896551724142; 3.6206896551724137 9.662068965517236; 4.655172413793103 12.38275862068965; 5.689655172413793 19.934482758620682; 6.724137931034483 27.48620689655172; 7.758620689655173 35.03793103448276; 8.793103448275861 85.17931034482756; 9.827586206896552 50.141379310344824; 10.862068965517242 57.693103448275856; 11.89655172413793 65.2448275862069; 12.931034482758621 72.79655172413794; 13.96551724137931 80.34827586206896; 15.0 0.0]
npts :	30
nout :	9
model :	(x,t) -> x[1]t + x[2]
dim :	2
cluster :	false
noise :	false
solution :	[7.3, -21.6]
description :	type2: line model
