name :	line2d
data :	[-15.0 0.0; -14.285714285714286 -286.4142857142857; -13.571428571428571 -542.2571428571428; -12.857142857142858 -255.8428571428571; -12.142857142857142 -240.55714285714282; -11.428571428571429 -225.27142857142854; -10.714285714285714 -209.98571428571424; -10.0 -194.7; -9.285714285714286 -179.4142857142857; -8.571428571428571 -164.1285714285714; -7.857142857142857 -148.8428571428571; -7.142857142857143 -267.1142857142857; -6.428571428571429 -118.27142857142856; -5.714285714285714 -102.98571428571428; -5.0 -87.7; -4.285714285714286 -72.41428571428571; -3.5714285714285716 0.0; -2.857142857142857 -41.84285714285714; -2.142857142857143 -26.557142857142853; -1.4285714285714286 -22.542857142857137; -0.7142857142857143 8.028571428571432; 0.0 19.3; 0.7142857142857143 69.17142857142858; 1.4285714285714286 0.0; 2.142857142857143 65.15714285714286; 2.857142857142857 80.44285714285714; 3.5714285714285716 95.72857142857143; 4.285714285714286 111.0142857142857; 5.0 126.3; 5.714285714285714 141.5857142857143; 6.428571428571429 156.87142857142857; 7.142857142857143 172.15714285714287; 7.857142857142857 187.44285714285712; 8.571428571428571 202.72857142857143; 9.285714285714286 218.01428571428573; 10.0 466.6; 10.714285714285714 0.0; 11.428571428571429 263.87142857142857; 12.142857142857142 279.15714285714284; 12.857142857142858 588.8857142857142; 13.571428571428571 309.7285714285714; 14.285714285714286 325.01428571428573; 15.0 680.6]
npts :	43
nout :	12
model :	(x,t) -> x[1]t + x[2]
dim :	2
cluster :	false
noise :	false
solution :	[21.4, 19.3]
description :	type2: line model
