name :	line2d
data :	[-15.0 -337.2; -14.473684210526315 0.0; -13.947368421052632 -312.77894736842103; -13.421052631578947 -300.56842105263155; -12.894736842105264 -288.35789473684207; -12.368421052631579 -276.1473684210526; -11.842105263157896 -263.93684210526317; -11.31578947368421 -251.7263157894737; -10.789473684210526 0.0; -10.263157894736842 -227.30526315789473; -9.736842105263158 -215.09473684210525; -9.210526315789474 -202.8842105263158; -8.68421052631579 0.0; -8.157894736842104 -178.4631578947368; -7.631578947368421 -166.25263157894736; -7.105263157894737 -154.04210526315788; -6.578947368421052 -283.6631578947368; -6.052631578947368 -129.62105263157892; -5.526315789473684 -117.41052631578948; -5.0 0.0; -4.473684210526316 -185.97894736842105; -3.9473684210526314 0.0; -3.4210526315789473 0.0; -2.8947368421052633 -56.35789473684211; -2.3684210526315788 -44.14736842105262; -1.8421052631578947 -31.936842105263157; -1.3157894736842106 -19.726315789473684; -0.7894736842105263 -15.031578947368416; -0.2631578947368421 9.389473684210529; 0.2631578947368421 16.905263157894737; 0.7894736842105263 0.0; 1.3157894736842106 41.32631578947368; 1.8421052631578947 53.53684210526316; 2.3684210526315788 65.74736842105263; 2.8947368421052633 77.9578947368421; 3.4210526315789473 90.16842105263157; 3.9473684210526314 102.37894736842104; 4.473684210526316 0.0; 5.0 126.8; 5.526315789473684 139.0105263157895; 6.052631578947368 151.22105263157894; 6.578947368421052 163.43157894736842; 7.105263157894737 0.0; 7.631578947368421 0.0; 8.157894736842104 200.06315789473683; 8.68421052631579 212.2736842105263; 9.210526315789474 224.48421052631582; 9.736842105263158 236.69473684210527; 10.263157894736842 248.90526315789475; 10.789473684210526 261.1157894736842; 11.31578947368421 546.6526315789474; 11.842105263157896 285.5368421052632; 12.368421052631579 297.7473684210526; 12.894736842105264 309.9578947368421; 13.421052631578947 322.1684210526316; 13.947368421052632 0.0; 14.473684210526315 0.0; 15.0 358.8]
npts :	58
nout :	17
model :	(x,t) -> x[1]t + x[2]
dim :	2
cluster :	false
noise :	false
solution :	[23.2, 10.8]
description :	type2: line model
