name :	line2d
data :	[-15.0 -313.4; -14.433962264150944 0.0; -13.867924528301886 -582.1962264150942; -13.30188679245283 -279.94716981132075; -12.735849056603774 -268.79622641509434; -12.169811320754716 -515.2905660377357; -11.60377358490566 0.0; -11.037735849056604 -235.3433962264151; -10.471698113207546 0.0; -9.90566037735849 -213.04150943396226; -9.339622641509434 -201.89056603773585; -8.773584905660377 -190.7396226415094; -8.20754716981132 -179.588679245283; -7.6415094339622645 -168.43773584905662; -7.0754716981132075 -157.28679245283018; -6.509433962264151 -146.13584905660377; -5.943396226415095 -134.98490566037736; -5.377358490566038 -123.83396226415093; -4.811320754716981 -112.68301886792452; -4.245283018867925 -101.5320754716981; -3.6792452830188678 -90.3811320754717; -3.1132075471698113 -79.23018867924529; -2.547169811320755 -68.07924528301886; -1.9811320754716981 0.0; -1.4150943396226414 -45.77735849056603; -0.8490566037735849 -34.62641509433962; -0.2830188679245283 -23.475471698113207; 0.2830188679245283 -12.32452830188679; 0.8490566037735849 0.0; 1.4150943396226414 9.977358490566036; 1.9811320754716981 42.2566037735849; 2.547169811320755 32.27924528301887; 3.1132075471698113 86.86037735849057; 3.6792452830188678 54.58113207547169; 4.245283018867925 65.73207547169812; 4.811320754716981 76.8830188679245; 5.377358490566038 88.03396226415094; 5.943396226415095 99.18490566037735; 6.509433962264151 220.67169811320753; 7.0754716981132075 121.48679245283017; 7.6415094339622645 132.6377358490566; 8.20754716981132 0.0; 8.773584905660377 154.9396226415094; 9.339622641509434 0.0; 9.90566037735849 177.24150943396225; 10.471698113207546 188.39245283018866; 11.037735849056604 199.5433962264151; 11.60377358490566 210.69433962264148; 12.169811320754716 221.8452830188679; 12.735849056603774 465.99245283018865; 13.30188679245283 488.29433962264153; 13.867924528301886 510.59622641509424; 14.433962264150944 266.4490566037736; 15.0 555.2]
npts :	54
nout :	16
model :	(x,t) -> x[1]t + x[2]
dim :	2
cluster :	false
noise :	false
solution :	[19.7, -17.9]
description :	type2: line model
