name :	line2d
data :	[-15.0 -184.8; -14.62962962962963 -359.6; -14.25925925925926 0.0; -13.88888888888889 -169.8; -13.518518518518519 0.0; -13.148148148148149 -159.8; -12.777777777777779 -309.6; -12.407407407407407 -149.8; -12.037037037037036 -289.6; -11.666666666666666 -139.8; -11.296296296296296 -134.8; -10.925925925925926 0.0; -10.555555555555555 -124.8; -10.185185185185185 -119.8; -9.814814814814815 0.0; -9.444444444444445 -109.8; -9.074074074074074 0.0; -8.703703703703704 -99.8; -8.333333333333334 -94.80000000000001; -7.962962962962963 -89.8; -7.592592592592593 -84.8; -7.222222222222222 -159.6; -6.851851851851852 -74.8; -6.481481481481482 -69.8; -6.111111111111111 -129.6; -5.7407407407407405 -119.6; -5.37037037037037 -54.8; -5.0 -49.8; -4.62962962962963 -44.8; -4.2592592592592595 -39.8; -3.888888888888889 -34.8; -3.5185185185185186 -29.8; -3.1481481481481484 -24.8; -2.7777777777777777 0.0; -2.4074074074074074 0.0; -2.037037037037037 -9.800000000000004; -1.6666666666666667 -4.800000000000001; -1.2962962962962963 0.3999999999999986; -0.9259259259259259 0.0; -0.5555555555555556 20.4; -0.18518518518518517 15.2; 0.18518518518518517 20.2; 0.5555555555555556 25.2; 0.9259259259259259 60.4; 1.2962962962962963 0.0; 1.6666666666666667 0.0; 2.037037037037037 45.2; 2.4074074074074074 50.2; 2.7777777777777777 55.2; 3.1481481481481484 60.2; 3.5185185185185186 65.2; 3.888888888888889 70.2; 4.2592592592592595 75.2; 4.62962962962963 80.2; 5.0 85.2; 5.37037037037037 90.2; 5.7407407407407405 95.2; 6.111111111111111 100.2; 6.481481481481482 105.2; 6.851851851851852 110.2; 7.222222222222222 115.2; 7.592592592592593 120.2; 7.962962962962963 125.2; 8.333333333333334 130.20000000000002; 8.703703703703704 270.4; 9.074074074074074 140.2; 9.444444444444445 145.2; 9.814814814814815 150.2; 10.185185185185185 310.4; 10.555555555555555 160.2; 10.925925925925926 0.0; 11.296296296296296 170.2; 11.666666666666666 175.2; 12.037037037037036 180.2; 12.407407407407407 370.4; 12.777777777777779 190.2; 13.148148148148149 195.2; 13.518518518518519 200.2; 13.88888888888889 410.4; 14.25925925925926 210.2; 14.62962962962963 215.2; 15.0 220.2]
npts :	82
nout :	24
model :	(x,t) -> x[1]t + x[2]
dim :	2
cluster :	false
noise :	false
solution :	[13.5, 17.7]
description :	type2: line model
