name :	line2d
data :	[-15.0 0.0; -13.88888888888889 0.0; -12.777777777777779 175.6777777777778; -11.666666666666666 158.56666666666666; -10.555555555555555 141.45555555555555; -9.444444444444445 124.34444444444446; -8.333333333333334 107.23333333333335; -7.222222222222222 0.0; -6.111111111111111 73.01111111111112; -5.0 55.9; -3.888888888888889 38.78888888888889; -2.7777777777777777 43.355555555555554; -1.6666666666666667 9.133333333333333; -0.5555555555555556 -12.544444444444446; 0.5555555555555556 -29.65555555555556; 1.6666666666666667 -93.53333333333333; 2.7777777777777777 -63.87777777777778; 3.888888888888889 -80.9888888888889; 5.0 -98.1; 6.111111111111111 0.0; 7.222222222222222 -132.32222222222222; 8.333333333333334 -149.43333333333334; 9.444444444444445 -166.54444444444445; 10.555555555555555 -183.65555555555554; 11.666666666666666 0.0; 12.777777777777779 -217.8777777777778; 13.88888888888889 -234.98888888888888; 15.0 -252.1]
npts :	28
nout :	8
model :	(x,t) -> x[1]t + x[2]
dim :	2
cluster :	false
noise :	false
solution :	[-15.4, -21.1]
description :	type2: line model
