name :	line2d
data :	[-15.0 -83.2; -14.6875 0.0; -14.375 -80.7; -14.0625 -158.9; -13.75 0.0; -13.4375 -76.95; -13.125 -151.4; -12.8125 -74.45; -12.5 -73.2; -12.1875 -71.95; -11.875 -70.7; -11.5625 -69.45; -11.25 0.0; -10.9375 -133.9; -10.625 -65.7; -10.3125 -64.45; -10.0 -63.2; -9.6875 -61.95; -9.375 -60.7; -9.0625 -59.45; -8.75 -58.2; -8.4375 -56.95; -8.125 -55.7; -7.8125 -54.45; -7.5 -53.2; -7.1875 0.0; -6.875 0.0; -6.5625 -49.45; -6.25 -48.2; -5.9375 -46.95; -5.625 0.0; -5.3125 -88.9; -5.0 -43.2; -4.6875 -41.95; -4.375 -40.7; -4.0625 -39.45; -3.75 -38.2; -3.4375 -36.95; -3.125 -35.7; -2.8125 -34.45; -2.5 -33.2; -2.1875 -63.9; -1.875 -61.4; -1.5625 -58.9; -1.25 -28.2; -0.9375 -53.9; -0.625 0.0; -0.3125 0.0; 0.0 -23.2; 0.3125 -21.95; 0.625 -20.7; 0.9375 -19.45; 1.25 -36.4; 1.5625 -16.95; 1.875 -15.7; 2.1875 -28.9; 2.5 -13.2; 2.8125 -11.95; 3.125 -10.7; 3.4375 -9.45; 3.75 -8.2; 4.0625 -6.949999999999999; 4.375 -5.699999999999999; 4.6875 -4.449999999999999; 5.0 -3.1999999999999993; 5.3125 0.0; 5.625 -0.6999999999999993; 5.9375 0.5500000000000007; 6.25 1.8000000000000007; 6.5625 3.0500000000000007; 6.875 4.300000000000001; 7.1875 0.0; 7.5 6.800000000000001; 7.8125 0.0; 8.125 9.3; 8.4375 10.55; 8.75 11.8; 9.0625 0.0; 9.375 14.3; 9.6875 15.55; 10.0 33.6; 10.3125 18.05; 10.625 19.3; 10.9375 20.55; 11.25 21.8; 11.5625 0.0; 11.875 0.0; 12.1875 25.55; 12.5 26.8; 12.8125 28.05; 13.125 29.3; 13.4375 61.1; 13.75 0.0; 14.0625 33.05; 14.375 34.3; 14.6875 0.0; 15.0 73.6]
npts :	97
nout :	29
model :	(x,t) -> x[1]t + x[2]
dim :	2
cluster :	false
noise :	false
solution :	[4.0, -23.2]
description :	type2: line model
