name :	line2d
data :	[-15.0 251.10000000000002; -13.636363636363637 228.4636363636364; -12.272727272727273 205.82727272727274; -10.909090909090908 183.1909090909091; -9.545454545454545 160.55454545454546; -8.181818181818182 137.9181818181818; -6.818181818181818 0.0; -5.454545454545454 185.29090909090908; -4.090909090909091 70.0090909090909; -2.727272727272727 0.0; -1.3636363636363635 49.472727272727276; 0.0 2.1; 1.3636363636363635 -20.536363636363635; 2.727272727272727 0.0; 4.090909090909091 -65.80909090909091; 5.454545454545454 -88.44545454545455; 6.818181818181818 -111.0818181818182; 8.181818181818182 -133.71818181818182; 9.545454545454545 -156.35454545454547; 10.909090909090908 -178.9909090909091; 12.272727272727273 -201.62727272727275; 13.636363636363637 -448.5272727272728; 15.0 -246.90000000000003]
npts :	23
nout :	6
model :	(x,t) -> x[1]t + x[2]
dim :	2
cluster :	false
noise :	false
solution :	[-16.6, 2.1]
description :	type2: line model
