name :	line2d
data :	[-15.0 -57.0; -14.268292682926829 -54.4390243902439; -13.536585365853659 -51.87804878048781; -12.804878048780488 -49.3170731707317; -12.073170731707316 -46.756097560975604; -11.341463414634147 -88.39024390243902; -10.609756097560975 -41.63414634146341; -9.878048780487806 0.0; -9.146341463414634 0.0; -8.414634146341463 0.0; -7.682926829268292 0.0; -6.951219512195122 -28.829268292682926; -6.219512195121951 -26.26829268292683; -5.487804878048781 -47.41463414634147; -4.7560975609756095 0.0; -4.024390243902439 -18.585365853658537; -3.292682926829268 -16.024390243902438; -2.5609756097560976 -13.463414634146341; -1.829268292682927 -21.804878048780488; -1.0975609756097562 -8.341463414634147; -0.36585365853658536 -5.780487804878049; 0.36585365853658536 -3.2195121951219514; 1.0975609756097562 0.0; 1.829268292682927 0.0; 2.5609756097560976 4.463414634146341; 3.292682926829268 7.024390243902438; 4.024390243902439 9.585365853658537; 4.7560975609756095 12.146341463414632; 5.487804878048781 14.707317073170735; 6.219512195121951 17.26829268292683; 6.951219512195122 19.829268292682926; 7.682926829268292 44.78048780487805; 8.414634146341463 24.95121951219512; 9.146341463414634 27.512195121951223; 9.878048780487806 30.07317073170732; 10.609756097560975 65.26829268292683; 11.341463414634147 35.19512195121951; 12.073170731707316 37.756097560975604; 12.804878048780488 40.3170731707317; 13.536585365853659 42.87804878048781; 14.268292682926829 45.4390243902439; 15.0 48.0]
npts :	42
nout :	12
model :	(x,t) -> x[1]t + x[2]
dim :	2
cluster :	false
noise :	false
solution :	[3.5, -4.5]
description :	type2: line model
