name :	line2d
data :	[-15.0 -441.5; -14.318181818181818 0.0; -13.636363636363637 0.0; -12.954545454545455 -381.77272727272725; -12.272727272727273 0.0; -11.590909090909092 -341.9545454545455; -10.909090909090908 -322.0454545454545; -10.227272727272727 -302.1363636363636; -9.545454545454545 -282.2272727272727; -8.863636363636363 -262.3181818181818; -8.181818181818182 -484.8181818181818; -7.5 -222.5; -6.818181818181818 -202.5909090909091; -6.136363636363637 -182.6818181818182; -5.454545454545454 -162.77272727272725; -4.7727272727272725 -142.86363636363635; -4.090909090909091 0.0; -3.409090909090909 -103.04545454545455; -2.727272727272727 -83.13636363636363; -2.0454545454545454 -126.45454545454545; -1.3636363636363635 -43.31818181818181; -0.6818181818181818 -23.409090909090907; 0.0 -3.5; 0.6818181818181818 16.409090909090907; 1.3636363636363635 36.31818181818181; 2.0454545454545454 56.22727272727273; 2.727272727272727 152.27272727272725; 3.409090909090909 96.04545454545455; 4.090909090909091 115.95454545454545; 4.7727272727272725 135.86363636363635; 5.454545454545454 155.77272727272725; 6.136363636363637 0.0; 6.818181818181818 195.5909090909091; 7.5 0.0; 8.181818181818182 235.4090909090909; 8.863636363636363 255.3181818181818; 9.545454545454545 275.2272727272727; 10.227272727272727 295.1363636363636; 10.909090909090908 315.0454545454545; 11.590909090909092 0.0; 12.272727272727273 354.8636363636364; 12.954545454545455 374.77272727272725; 13.636363636363637 0.0; 14.318181818181818 829.1818181818181; 15.0 0.0]
npts :	45
nout :	13
model :	(x,t) -> x[1]t + x[2]
dim :	2
cluster :	false
noise :	false
solution :	[29.2, -3.5]
description :	type2: line model
