name :	line2d
data :	[-15.0 241.50000000000003; -12.0 191.70000000000002; -9.0 141.9; -6.0 92.10000000000001; -3.0 0.0; 0.0 -7.5; 3.0 -114.60000000000001; 6.0 -214.20000000000002; 9.0 -156.9; 12.0 -206.70000000000002; 15.0 -256.5]
npts :	11
nout :	3
model :	(x,t) -> x[1]t + x[2]
dim :	2
cluster :	false
noise :	false
solution :	[-16.6, -7.5]
description :	type2: line model
