name :	line2d
data :	[-15.0 -150.1; -14.361702127659575 -144.41914893617022; -13.72340425531915 -138.73829787234044; -13.085106382978724 -133.05744680851066; -12.446808510638299 -127.37659574468086; -11.808510638297872 -121.69574468085105; -11.170212765957446 -116.01489361702127; -10.53191489361702 -110.3340425531915; -9.893617021276595 -104.65319148936172; -9.25531914893617 0.0; -8.617021276595745 -93.29148936170213; -7.9787234042553195 -175.2212765957447; -7.340425531914893 -81.92978723404255; -6.702127659574468 -76.24893617021277; -6.0638297872340425 0.0; -5.425531914893617 -64.88723404255319; -4.787234042553192 0.0; -4.148936170212766 -107.05106382978724; -3.5106382978723403 -47.84468085106383; -2.872340425531915 0.0; -2.234042553191489 0.0; -1.5957446808510638 -30.80212765957447; -0.9574468085106383 -25.121276595744682; -0.3191489361702128 -19.440425531914894; 0.3191489361702128 -13.759574468085107; 0.9574468085106383 -8.078723404255319; 1.5957446808510638 -2.3978723404255327; 2.234042553191489 3.282978723404252; 2.872340425531915 8.963829787234044; 3.5106382978723403 14.644680851063828; 4.148936170212766 20.325531914893617; 4.787234042553192 0.0; 5.425531914893617 0.0; 6.0638297872340425 37.36808510638298; 6.702127659574468 43.04893617021276; 7.340425531914893 48.729787234042554; 7.9787234042553195 54.410638297872346; 8.617021276595745 60.09148936170212; 9.25531914893617 65.77234042553192; 9.893617021276595 71.4531914893617; 10.53191489361702 0.0; 11.170212765957446 82.81489361702128; 11.808510638297872 176.99148936170212; 12.446808510638299 94.17659574468087; 13.085106382978724 199.7148936170213; 13.72340425531915 211.07659574468084; 14.361702127659575 0.0; 15.0 116.9]
npts :	48
nout :	14
model :	(x,t) -> x[1]t + x[2]
dim :	2
cluster :	false
noise :	false
solution :	[8.9, -16.6]
description :	type2: line model
