name :	line2d
data :	[-15.0 -379.1; -14.333333333333334 -363.3; -13.666666666666666 0.0; -13.0 -663.4; -12.333333333333334 -631.8000000000001; -11.666666666666666 0.0; -11.0 0.0; -10.333333333333334 0.0; -9.666666666666666 -252.69999999999996; -9.0 -236.89999999999998; -8.333333333333334 -221.1; -7.666666666666667 -205.29999999999998; -7.0 -189.5; -6.333333333333333 -173.7; -5.666666666666667 -157.9; -5.0 -142.1; -4.333333333333333 -126.29999999999998; -3.6666666666666665 -110.5; -3.0 -189.39999999999998; -2.3333333333333335 -78.9; -1.6666666666666667 -63.1; -1.0 -47.3; -0.3333333333333333 -31.5; 0.3333333333333333 -31.400000000000006; 1.0 0.19999999999999574; 1.6666666666666667 15.899999999999999; 2.3333333333333335 31.700000000000003; 3.0 0.0; 3.6666666666666665 63.29999999999999; 4.333333333333333 79.1; 5.0 94.9; 5.666666666666667 110.70000000000002; 6.333333333333333 126.5; 7.0 142.3; 7.666666666666667 0.0; 8.333333333333334 173.9; 9.0 0.0; 9.666666666666666 205.49999999999997; 10.333333333333334 221.3; 11.0 237.1; 11.666666666666666 252.9; 12.333333333333334 268.7; 13.0 284.49999999999994; 13.666666666666666 300.29999999999995; 14.333333333333334 0.0; 15.0 331.9]
npts :	46
nout :	13
model :	(x,t) -> x[1]t + x[2]
dim :	2
cluster :	false
noise :	false
solution :	[23.7, -23.6]
description :	type2: line model
