name :	line2d
data :	[-15.0 0.0; -14.433962264150944 136.79622641509437; -13.867924528301886 262.38490566037734; -13.30188679245283 125.58867924528303; -12.735849056603774 119.98490566037738; -12.169811320754716 0.0; -11.60377358490566 108.77735849056604; -11.037735849056604 0.0; -10.471698113207546 97.56981132075472; -9.90566037735849 91.96603773584907; -9.339622641509434 0.0; -8.773584905660377 161.51698113207547; -8.20754716981132 75.15471698113208; -7.6415094339622645 69.55094339622643; -7.0754716981132075 63.947169811320755; -6.509433962264151 58.34339622641509; -5.943396226415095 0.0; -5.377358490566038 47.135849056603774; -4.811320754716981 41.53207547169811; -4.245283018867925 35.928301886792454; -3.6792452830188678 30.324528301886794; -3.1132075471698113 24.720754716981133; -2.547169811320755 19.116981132075473; -1.9811320754716981 13.513207547169811; -1.4150943396226414 15.818867924528302; -0.8490566037735849 4.611320754716981; -0.2830188679245283 -3.2981132075471695; 0.2830188679245283 -17.80377358490566; 0.8490566037735849 -14.50566037735849; 1.4150943396226414 0.0; 1.9811320754716981 -51.42641509433962; 2.547169811320755 -31.316981132075476; 3.1132075471698113 -36.92075471698113; 3.6792452830188678 -42.5245283018868; 4.245283018867925 -48.12830188679246; 4.811320754716981 -53.73207547169811; 5.377358490566038 -59.33584905660378; 5.943396226415095 -64.93962264150943; 6.509433962264151 -141.08679245283017; 7.0754716981132075 -76.14716981132075; 7.6415094339622645 -163.50188679245284; 8.20754716981132 -87.35471698113207; 8.773584905660377 -92.95849056603772; 9.339622641509434 -98.56226415094339; 9.90566037735849 0.0; 10.471698113207546 -109.76981132075471; 11.037735849056604 -115.37358490566038; 11.60377358490566 -120.97735849056603; 12.169811320754716 -126.58113207547169; 12.735849056603774 -132.18490566037738; 13.30188679245283 -137.78867924528302; 13.867924528301886 0.0; 14.433962264150944 -148.99622641509436; 15.0 -154.6]
npts :	54
nout :	16
model :	(x,t) -> x[1]t + x[2]
dim :	2
cluster :	false
noise :	false
solution :	[-9.9, -6.1]
description :	type2: line model
