name :	line2d
data :	[-15.0 795.6; -14.545454545454545 772.8727272727273; -14.090909090909092 375.0727272727273; -13.636363636363637 0.0; -13.181818181818182 352.3454545454546; -12.727272727272727 340.9818181818182; -12.272727272727273 329.6181818181818; -11.818181818181818 0.0; -11.363636363636363 306.8909090909091; -10.909090909090908 295.5272727272727; -10.454545454545455 284.1636363636364; -10.0 0.0; -9.545454545454545 261.43636363636364; -9.090909090909092 250.0727272727273; -8.636363636363637 0.0; -8.181818181818182 227.34545454545454; -7.7272727272727275 431.9636363636364; -7.2727272727272725 204.61818181818182; -6.818181818181818 193.25454545454548; -6.363636363636363 181.8909090909091; -5.909090909090909 170.52727272727273; -5.454545454545454 0.0; -5.0 147.8; -4.545454545454546 136.43636363636364; -4.090909090909091 0.0; -3.6363636363636362 113.7090909090909; -3.1818181818181817 102.34545454545454; -2.727272727272727 181.96363636363634; -2.272727272727273 79.61818181818182; -1.8181818181818181 0.0; -1.3636363636363635 56.89090909090909; -0.9090909090909091 91.05454545454546; -0.45454545454545453 34.163636363636364; 0.0 22.8; 0.45454545454545453 0.0; 0.9090909090909091 0.07272727272727408; 1.3636363636363635 0.0; 1.8181818181818181 -22.654545454545453; 2.272727272727273 -34.018181818181816; 2.727272727272727 -90.76363636363635; 3.1818181818181817 -56.74545454545455; 3.6363636363636362 -68.10909090909091; 4.090909090909091 -79.47272727272727; 4.545454545454546 -90.83636363636364; 5.0 -102.2; 5.454545454545454 -113.56363636363635; 5.909090909090909 -124.92727272727272; 6.363636363636363 0.0; 6.818181818181818 -147.65454545454546; 7.2727272727272725 -159.0181818181818; 7.7272727272727275 -170.38181818181818; 8.181818181818182 -181.74545454545452; 8.636363636363637 -193.1090909090909; 9.090909090909092 -204.47272727272727; 9.545454545454545 -215.83636363636361; 10.0 0.0; 10.454545454545455 -477.1272727272727; 10.909090909090908 -249.92727272727268; 11.363636363636363 -261.29090909090905; 11.818181818181818 -272.6545454545454; 12.272727272727273 0.0; 12.727272727272727 -295.3818181818182; 13.181818181818182 -306.74545454545455; 13.636363636363637 -318.1090909090909; 14.090909090909092 -329.4727272727273; 14.545454545454545 0.0; 15.0 -352.2]
npts :	67
nout :	20
model :	(x,t) -> x[1]t + x[2]
dim :	2
cluster :	false
noise :	false
solution :	[-25.0, 22.8]
description :	type2: line model
