name :	line2d
data :	[-15.0 -438.2; -10.714285714285714 -313.91428571428565; -6.428571428571429 -189.62857142857143; -2.142857142857143 -65.34285714285714; 2.142857142857143 117.88571428571427; 6.428571428571429 366.4571428571429; 10.714285714285714 307.5142857142857; 15.0 431.8]
npts :	8
nout :	2
model :	(x,t) -> x[1]t + x[2]
dim :	2
cluster :	false
noise :	false
solution :	[29.0, -3.2]
description :	type2: line model
