name :	line2d
data :	[-15.0 408.1; -13.8 746.1200000000001; -12.6 338.02; -11.4 605.96; -10.2 535.88; -9.0 232.9; -7.8 395.71999999999997; -6.6 162.82; -5.4 0.0; -4.2 185.48000000000002; -3.0 57.699999999999996; -1.8 22.660000000000004; -0.6 -24.759999999999998; 0.6 -47.42; 1.8 -82.46000000000001; 3.0 -117.5; 4.2 -152.54; 5.4 -187.58; 6.6 -222.62; 7.8 -257.65999999999997; 9.0 -292.7; 10.2 -327.73999999999995; 11.4 -362.78; 12.6 -397.81999999999994; 13.8 -432.86; 15.0 -467.9]
npts :	26
nout :	7
model :	(x,t) -> x[1]t + x[2]
dim :	2
cluster :	false
noise :	false
solution :	[-29.2, -29.9]
description :	type2: line model
