name :	line2d
data :	[-15.0 -33.2; -10.714285714285714 -11.028571428571428; -6.428571428571429 -5.457142857142857; -2.142857142857143 0.11428571428571432; 2.142857142857143 5.685714285714285; 6.428571428571429 11.257142857142858; 10.714285714285714 16.82857142857143; 15.0 0.0]
npts :	8
nout :	2
model :	(x,t) -> x[1]t + x[2]
dim :	2
cluster :	false
noise :	false
solution :	[1.3, 2.9]
description :	type2: line model
