name :	line2d
data :	[-15.0 168.9; -13.125 148.8375; -11.25 128.77499999999998; -9.375 108.7125; -7.5 88.65; -5.625 137.17499999999998; -3.75 48.525; -1.875 0.0; 0.0 8.4; 1.875 0.0; 3.75 -63.45; 5.625 -51.787499999999994; 7.5 -71.85; 9.375 0.0; 11.25 -111.97499999999998; 13.125 -132.0375; 15.0 -152.1]
npts :	17
nout :	5
model :	(x,t) -> x[1]t + x[2]
dim :	2
cluster :	false
noise :	false
solution :	[-10.7, 8.4]
description :	type2: line model
