name :	line2d
data :	[-15.0 -357.5; -13.846153846153847 -657.3076923076924; -12.692307692307692 -299.80769230769226; -11.538461538461538 -270.96153846153845; -10.384615384615385 -242.11538461538464; -9.23076923076923 -213.26923076923075; -8.076923076923077 0.0; -6.923076923076923 -155.5769230769231; -5.769230769230769 -126.73076923076923; -4.615384615384615 -97.88461538461537; -3.4615384615384617 -69.03846153846155; -2.3076923076923075 -80.38461538461537; -1.1538461538461537 -11.346153846153843; 0.0 17.5; 1.1538461538461537 46.34615384615384; 2.3076923076923075 75.19230769230768; 3.4615384615384617 104.03846153846155; 4.615384615384615 0.0; 5.769230769230769 161.73076923076923; 6.923076923076923 190.5769230769231; 8.076923076923077 219.4230769230769; 9.23076923076923 0.0; 10.384615384615385 0.0; 11.538461538461538 305.96153846153845; 12.692307692307692 0.0; 13.846153846153847 0.0; 15.0 392.5]
npts :	27
nout :	8
model :	(x,t) -> x[1]t + x[2]
dim :	2
cluster :	false
noise :	false
solution :	[25.0, 17.5]
description :	type2: line model
