name :	line2d
data :	[-15.0 -7.600000000000001; -14.473684210526315 0.0; -13.947368421052632 -9.073684210526316; -13.421052631578947 -9.810526315789478; -12.894736842105264 -21.09473684210527; -12.368421052631579 -11.284210526315793; -11.842105263157896 -12.02105263157895; -11.31578947368421 -12.757894736842108; -10.789473684210526 -13.494736842105267; -10.263157894736842 -14.231578947368423; -9.736842105263158 -14.968421052631582; -9.210526315789474 0.0; -8.68421052631579 -16.4421052631579; -8.157894736842104 -17.178947368421056; -7.631578947368421 -17.915789473684214; -7.105263157894737 -18.65263157894737; -6.578947368421052 -38.77894736842106; -6.052631578947368 -20.126315789473686; -5.526315789473684 -20.863157894736844; -5.0 -21.6; -4.473684210526316 -22.33684210526316; -3.9473684210526314 0.0; -3.4210526315789473 -23.810526315789474; -2.8947368421052633 -24.54736842105263; -2.3684210526315788 -25.284210526315793; -1.8421052631578947 -52.0421052631579; -1.3157894736842106 0.0; -0.7894736842105263 0.0; -0.2631578947368421 -28.231578947368423; 0.2631578947368421 -28.96842105263158; 0.7894736842105263 -59.410526315789475; 1.3157894736842106 -30.442105263157895; 1.8421052631578947 -31.178947368421053; 2.3684210526315788 -31.91578947368421; 2.8947368421052633 -32.65263157894737; 3.4210526315789473 -33.38947368421053; 3.9473684210526314 -68.25263157894737; 4.473684210526316 -34.863157894736844; 5.0 0.0; 5.526315789473684 -36.33684210526316; 6.052631578947368 -37.07368421052632; 6.578947368421052 -37.810526315789474; 7.105263157894737 -38.54736842105263; 7.631578947368421 -39.28421052631579; 8.157894736842104 -40.02105263157895; 8.68421052631579 -40.757894736842104; 9.210526315789474 -41.49473684210527; 9.736842105263158 -42.23157894736842; 10.263157894736842 -85.93684210526317; 10.789473684210526 -43.705263157894734; 11.31578947368421 -44.4421052631579; 11.842105263157896 0.0; 12.368421052631579 -91.83157894736843; 12.894736842105264 -46.652631578947364; 13.421052631578947 -94.77894736842106; 13.947368421052632 -96.25263157894737; 14.473684210526315 -48.863157894736844; 15.0 0.0]
npts :	58
nout :	17
model :	(x,t) -> x[1]t + x[2]
dim :	2
cluster :	false
noise :	false
solution :	[-1.4, -28.6]
description :	type2: line model
