name :	line2d
data :	[-15.0 415.2; -12.272727272727273 164.50909090909093; -9.545454545454545 121.41818181818181; -6.818181818181818 0.0; -4.090909090909091 0.0; -1.3636363636363635 -7.854545454545455; 1.3636363636363635 -50.94545454545454; 4.090909090909091 -94.03636363636363; 6.818181818181818 -137.12727272727273; 9.545454545454545 -180.21818181818182; 12.272727272727273 -223.30909090909094; 15.0 -266.4]
npts :	12
nout :	3
model :	(x,t) -> x[1]t + x[2]
dim :	2
cluster :	false
noise :	false
solution :	[-15.8, -29.4]
description :	type2: line model
