name :	sphere2D
data :	[12.094621765936875 36.621159910767055; 10.730190806854873 40.64936592588785; 12.928930417793833 41.90166356081351; 12.958064885411714 45.294726523566375; 12.259963981307987 45.25466034486058; 11.006346368637466 47.35548903005356; 9.183539953885875 47.431703559789774; 6.830888639110766 49.78825521853904; 6.945697441047994 56.06691518035714; -0.9118274332656005 52.15579850384165; 1.9215641720356975 51.086868826585615; -0.3013598067837041 55.11060742348758; -1.1044044381645848 52.31885637224529; -3.359143583287945 54.033298473602244; -4.512516715149475 52.81886588563236; -5.949026455625717 52.54585132830664; -9.41781559551083 51.15511635892406; -9.449814763630616 49.78843247531941; -12.238088551453801 48.554630398414155; -13.900005474771802 47.29303779761438; -14.831255804320397 44.94619195345604; -18.173345410514003 44.55053604675008; -16.327538249833328 43.16664844155402; -9.408987915139434 44.92141155113929; -17.702340043874372 38.796797585398174; -17.72141895717105 37.34737624189982; -17.501123847818356 34.46744169115136; -16.126231590490015 32.786211595921365; -20.95852990208029 28.317420645332238; -10.290411323566364 33.6477338032291; -5.316342038473747 27.69657522976209; -8.171622491704593 27.213457962771667; -11.207072439792029 26.46698317385498; -7.562937123381218 24.75842283756062; -4.908050962536057 29.817428985176065; -1.7969511455275353 28.400426466385845; -3.4598509838466307 22.27646823245847; -1.236513557797236 22.800632885834627; 1.2410477680401646 24.520551132096983; 1.5250553996266976 23.102747494025937; 3.2461424178467917 24.128513625001997; 5.931248784987811 25.277991556141355; 8.366906325194394 26.183835142549846; 7.770682133448012 26.60117148147875; 15.591695359337251 32.09398874163882; 12.268521656666241 30.62431510966587; 12.515233430742388 34.40999583812437; 12.607022736640209 34.40591242221154; 13.876547725753692 33.383805238893785; 13.475262048425419 37.63281560414272]
npts :	50
nout :	10
model :	(x,t) -> (x[1]-t[1])^2 + (x[2]-t[2])^2 - t[3]^2
dim :	3
cluster :	false
noise :	false
solution :	[-2.0, 38.0, 15.0]
description :	type3: test sphere2d with noise and outliers
