name :	plane
data :	[-31.8125 -49.0 1.0; 26.0 -20.875 1.0; 15.0625 -14.625 1.0; -41.1875 32.25 1.0; -16.1875 49.4375 1.0; -8.375 -11.5 1.0; -44.3125 -20.875 1.0; -25.4625 41.525 1.75; 44.75 -28.6875 1.0; -51.625 -5.25 4.25; -33.8125 -17.3875 -1.35; -3.675 -21.975 1.95; -45.875 7.25 1.0; -30.25 11.9375 1.0; -29.65 46.425 -0.44999999999999996; 8.8125 33.8125 1.0; -3.3375 -2.9625 6.85; 41.625 -30.25 1.0; 20.8875 -13.0125 0.65; 5.6875 15.0625 1.0; -36.9875 -32.35 -1.15; 36.9375 33.8125 1.0; 16.625 -16.1875 1.0; 7.775 22.9375 -1.0499999999999998; -22.4375 46.3125 1.0; 43.1875 -22.4375 1.0; -2.125 24.4375 1.0; 43.1875 15.0625 1.0; -5.25 -33.375 1.0; -42.6625 41.3625 3.85; 43.1875 41.625 1.0; -5.25 -30.25 1.0; 5.175 19.5125 4.25; -49.0 13.5 1.0; 21.3125 -28.6875 1.0; 51.0 -49.0 1.0; -24.0 29.125 1.0; 0.7999999999999998 -21.8 4.85; -14.625 36.9375 1.0; -39.625 -22.4375 1.0; 36.9375 18.1875 1.0; 47.875 46.3125 1.0; -28.6875 5.6875 1.0; -49.0 30.6875 1.0; 41.625 -22.4375 1.0; 35.375 51.0 1.0; 32.25 -22.4375 1.0; 35.375 -19.3125 1.0; 6.65 -1.8250000000000002 1.75; 11.9375 -31.8125 1.0; -35.175 -20.6125 6.45; -24.175 -42.875 5.75; 26.0 30.6875 1.0; -45.875 -16.1875 1.0; 8.8125 26.0 1.0; 3.575 34.975 0.65; 51.0 -2.125 1.0; 15.2125 6.95 -1.35; 11.9375 -47.4375 1.0; -2.125 22.0625 -4.85; 22.875 41.625 1.0; 30.6875 4.125 1.0; -45.875 10.375 1.0; 11.9375 41.625 1.0; -20.875 -11.5 1.0]
npts :	65
nout :	18
model :	(x,t) -> p0 + λu + μv
dim :	4
cluster :	false
noise :	false
solution :	[0.0, 0.0, 1.0]
description :	[[1.0, 1.0, 1.0], [1.0, 1.0, 1.0]]
