name :	plane
data :	[-14.0625 10.9375 -14.0625; 4.7375 2.5875000000000004 10.5375; -43.75 -31.25 -43.75; -48.4375 39.0625 -48.4375; 32.8125 -18.75 32.8125; 29.6875 -35.9375 29.6875; 40.4625 -31.7125 40.2625; -34.3375 50.75 -30.2375; -8.4125 49.125 -9.3125; 42.1875 21.875 42.1875; 29.6875 4.6875 29.6875; -23.4375 -40.625 -23.4375; 21.0125 9.7375 20.7125; -45.4 -18.5125 -41.2; 28.125 -34.375 28.125; -35.9375 10.9375 -35.9375; -9.375 -35.9375 -9.375; -46.875 -6.25 -46.875; -6.25 14.0625 -6.25; -26.5625 14.0625 -26.5625; -20.3125 21.875 -20.3125; 41.1375 36.05 45.9375; -39.0625 -29.6875 -39.0625; -39.8375 19.8625 -39.6375; -42.1875 -17.1875 -42.1875; -32.8125 26.5625 -32.8125; 32.0125 10.8375 29.0125; -10.425 18.6 -15.525; -31.25 -45.3125 -31.25; -22.825 0.2749999999999999 -21.225; 18.75 6.25 18.75; 6.25 -10.9375 6.25; 45.575 -35.225 46.175; -9.7625 49.95 -5.7625; -9.375 7.8125 -9.375; 7.8125 18.75 7.8125; -39.0625 12.5 -39.0625; 4.7625 33.975 4.7625; 34.6 -2.0999999999999996 27.4; -18.75 -37.5 -18.75; -28.125 6.25 -28.125; 25.25 -5.2375 27.65; -43.75 -50.0 -43.75; -6.25 -18.75 -6.25; -42.1875 28.125 -42.1875; -23.4375 26.5625 -23.4375; 43.75 31.25 43.75; 29.6875 -40.625 29.6875; -29.6875 -10.9375 -29.6875; 15.625 21.875 15.625; 29.55 -34.45 24.85; -31.25 7.8125 -31.25; -50.0 42.1875 -50.0; -40.625 -15.625 -40.625; 17.1875 -1.5625 17.1875; 6.25 10.9375 6.25; -46.875 -9.375 -46.875; -10.9375 9.375 -10.9375; -1.5625 40.625 -1.5625; 4.6875 42.1875 4.6875; 9.375 34.375 9.375; -26.1125 40.4125 -23.2125; -3.125 -17.1875 -3.125; -3.125 10.9375 -3.125; -40.625 -23.4375 -40.625]
npts :	65
nout :	18
model :	(x,t) -> p0 + λu + μv
dim :	4
cluster :	false
noise :	false
solution :	[0.7071067811865475, 0.0, -0.7071067811865475]
description :	[[0.0, 0.0, 0.0], [0.0, 0.0, 0.0]]
