name :	sphere2D
data :	[6.0 2.0; 5.96034360147096 2.744054399531558; 5.841823728725067 3.47967836540737; 5.645783259278669 4.198536984153641; 7.724443409984392 13.042485300378647; 5.030878569756642 5.553660602371879; 5.968981465516746 4.824571509769509; 4.143419056041471 6.748182853887313; 1.7595796534552703 6.41799538899297; 9.773511871500848 4.878119431357183; -2.658143907671448 14.573341591723729; 10.371769228313244 10.99918384509289; -2.1291563686226516 12.151954268534038; -1.2529789313901984 13.528788872147645; -0.44149726112841825 8.97768404921525; 0.6636563499355772 0.24751927786416772; -1.929078690986053 8.938069817028051; -2.6612868990978025 8.80000925285297; -3.3746720628262104 8.584901866697233; -11.311151243211988 16.345184911198537; -7.5629463568381965 10.484140995227698; -0.0726723046233424 12.4558608906185; -6.233420647944892 2.365197182088207; -6.388837884009343 6.467709285513742; 0.11680256642239595 7.419600457528355; -5.861464525396 4.277647510145283; -9.569353242166368 6.8991240267697584; -7.303375081701612 9.791717949592648; -7.910878483049412 3.1134444721335046; -9.340078869737333 6.522555223895251; -7.990078869737333 1.6274447761047504; -13.360878483049412 -1.5634444721335032; -16.503375081701613 5.408282050407353; -7.519353242166369 -0.5491240267697535; -15.961464525396003 -7.977647510145279; -6.833197433577606 -1.8696004575283514; 1.261162115990655 -1.617709285513738; -2.133420647944895 5.634802817911797; -5.322672304623344 -3.5058608906184974; -4.712946356838199 -3.934140995227696; -10.71115124321199 -2.845184911198534; -3.3746720628262135 -4.5849018666972325; 6.088713100902194 -8.850009252852969; 4.520921309013945 -1.1880698170280493; 0.26365634993557374 -11.547519277864168; -0.44149726112842147 -4.977684049215251; 0.29702106860979693 -4.878788872147648; 1.0208436313773435 -4.70195426853404; 6.97176922831324 1.2008161549071081; 2.3918560923285472 -4.123341591723731; 8.673511871500844 -8.078119431357186; -3.8404203465447333 -0.617995388992973; 6.593419056041467 5.701817146112683; 4.618981465516742 -2.174571509769515; 5.780878569756642 2.296339397628121; 4.824443409984392 2.8575146996213525; 5.645783259278669 -0.1985369841536424; 7.791823728725066 5.370321634592628; 5.96034360147096 1.2559456004684408; 0.6500000000000004 -0.8500000000000019]
npts :	60
nout :	35
model :	(x,t) -> (x[1]-t[1])^2 + (x[2]-t[2])^2 - t[3]^2
dim :	3
cluster :	false
noise :	false
solution :	[-1.0, 2.0, 7.0]
description :	[[-1.0, 2.0, 7.0], [-1.0, 2.0, 7.0]]
