name :	sphere2D
data :	[6.0 2.0; 5.96034360147096 2.744054399531558; 4.291823728725067 4.02967836540737; 7.695783259278669 -4.251463015846358; 5.3744434099843925 4.892485300378647; 5.030878569756642 5.553660602371879; 4.618981465516746 6.1745715097695095; 4.143419056041471 6.748182853887313; 3.6095796534552704 7.267995388992969; 3.0235118715008484 7.728119431357183; 2.3918560923285517 8.12334159172373; 0.47176922831324486 11.29918384509289; 7.670843631377348 14.351954268534039; 0.2970210686098016 8.878788872147645; -4.491497261128418 12.22768404921525; 6.163656349935577 8.047519277864168; -5.579078690986053 15.088069817028051; -2.6612868990978025 8.80000925285297; -3.3746720628262104 8.584901866697233; -4.061151243211987 8.295184911198534; -4.712946356838197 7.934140995227697; 1.6273276953766578 0.8558608906184979; -5.8834206479448925 7.015197182088207; -2.2388378840093424 14.517709285513742; -15.283197433577604 13.619600457528355; -11.861464525396 -2.122352489854716; -7.5193532421663685 4.549124026769758; -7.753375081701612 3.841717949592649; -1.0608784830494127 3.4634444721335047; -2.340078869737333 1.3225552238952514; -12.040078869737332 4.67744477610475; -7.910878483049412 0.8865555278664969; -7.753375081701613 0.15828205040735277; -13.069353242166368 -1.3991240267697536; -4.661464525396003 -1.377647510145279; -6.833197433577606 -1.8696004575283514; -13.138837884009344 -8.317709285513738; -5.883420647944895 -3.0151971820882038; -8.872672304623343 4.144139109381503; -12.162946356838198 -12.384140995227696; -0.5111512432119891 -9.045184911198534; 3.6753279371737864 -3.6349018666972324; -2.6612868990978056 -4.800009252852969; -5.379078690986056 -9.08806981702805; -1.1863436500644262 -4.997519277864168; -7.0914972611284215 -0.8276840492152511; -3.252978931390203 -10.328788872147648; 1.0208436313773435 -4.70195426853404; 1.7217692283132409 -4.449183845092892; -0.1581439076714526 -10.773341591723732; 3.023511871500844 -3.728119431357186; 6.059579653455267 -11.517995388992972; 4.143419056041467 -2.7481828538873163; 4.618981465516742 -2.174571509769515; 5.030878569756642 -1.5536606023718793; -3.0755565900156077 -4.842485300378648; 5.645783259278669 -0.1985369841536424; 5.841823728725066 0.5203216345926287; 5.96034360147096 1.2559456004684408; 4.75 -1.450000000000002]
npts :	60
nout :	28
model :	(x,t) -> (x[1]-t[1])^2 + (x[2]-t[2])^2 - t[3]^2
dim :	3
cluster :	false
noise :	false
solution :	[-1.0, 2.0, 7.0]
description :	[[-1.0, 2.0, 7.0], [-1.0, 2.0, 7.0]]
