name :	sphere2D
data :	[6.0 2.0; 13.91034360147096 -0.005945600468442169; 1.3918237287250665 -3.57032163459263; 9.39578325927867 -3.9514630158463593; 5.3744434099843925 4.892485300378647; -1.7191214302433577 9.00366060237188; 4.618981465516746 6.1745715097695095; 9.293419056041472 7.798182853887313; 7.759579653455271 10.21799538899297; 3.0235118715008484 7.728119431357183; 2.3918560923285517 8.12334159172373; 1.7217692283132449 8.44918384509289; -3.429156368622652 11.851954268534039; 0.2970210686098016 8.878788872147645; -0.44149726112841825 8.97768404921525; -1.1863436500644229 8.997519277864168; -1.929078690986053 8.938069817028051; -2.6612868990978025 8.80000925285297; -3.3746720628262104 8.584901866697233; -4.061151243211987 8.295184911198534; -4.712946356838197 7.934140995227697; -5.322672304623342 7.505860890618498; -5.8834206479448925 7.015197182088207; -6.388837884009343 6.467709285513742; -6.833197433577604 5.869600457528355; -3.2614645253959997 9.377647510145284; -0.7693532421663685 -2.9008759732302423; -7.753375081701612 3.841717949592649; -7.910878483049412 3.1134444721335046; -7.990078869737333 2.3725552238952514; -7.990078869737333 1.6274447761047504; -7.910878483049412 0.8865555278664969; -6.903375081701613 -2.2917179495926474; -9.569353242166368 7.300875973230246; -7.211464525396003 -1.227647510145279; -6.833197433577606 -1.8696004575283514; -1.4388378840093452 -9.617709285513738; -14.333420647944894 -3.465197182088204; -5.322672304623344 -3.5058608906184974; 0.8370536431618012 -9.284140995227695; -4.061151243211989 -4.295184911198534; -3.3746720628262135 -4.5849018666972325; -2.6612868990978056 -4.800009252852969; -1.929078690986056 -4.938069817028049; -1.1863436500644262 -4.997519277864168; -0.44149726112842147 -4.977684049215251; 0.29702106860979693 -4.878788872147648; 1.0208436313773435 -4.70195426853404; 6.97176922831324 -6.299183845092893; 2.3918560923285472 -4.123341591723731; 11.473511871500843 -9.778119431357187; 3.609579653455267 -3.267995388992973; 0.693419056041467 -3.6981828538873165; 4.618981465516742 -2.174571509769515; -3.2191214302433577 -3.8036606023718793; 5.374443409984392 -0.8924853003786475; 5.645783259278669 -0.1985369841536424; 5.841823728725066 0.5203216345926287; 1.71034360147096 1.605945600468441; 7.85 4.849999999999998]
npts :	60
nout :	20
model :	(x,t) -> (x[1]-t[1])^2 + (x[2]-t[2])^2 - t[3]^2
dim :	3
cluster :	false
noise :	false
solution :	[-1.0, 2.0, 7.0]
description :	[[-1.0, 2.0, 7.0], [-1.0, 2.0, 7.0]]
