name :	plane
data :	[36.18154122577347 -80.7078327416625 -329.62416254793527; 102.00803531775692 -183.03272193066314 -308.2922349771727; -41.74388963414008 63.8847712721846 335.9870984925732; -240.53028548386823 366.3350143181093 -158.81648995007646; 43.84415239679835 -86.80124160769725 -174.38184807740492; -199.58956350602946 304.5389233723152 -184.79358220054158; -84.2697365226759 130.28755260793417 161.11305069098125; 45.68343137829814 -91.19102560841138 -220.22595896071087; -149.16837885641672 217.6184275686276 -231.59055339625925; -203.54293628956233 308.91283369407927 -139.72929757601122; 73.99685235445128 -119.74391762956357 349.9051149122915; -73.42098851107183 94.76151269897426 -190.9701080896172; 96.72081734139182 -153.36862860462762 438.35148347198543; 171.5709717557831 -281.00166739562223 191.84536663729128; -227.27871288674012 354.8665481885536 147.49751976371888; 19.790812383326294 -33.450070382338914 400.1981600108453; -64.37455417124788 77.18279970879699 -410.92834739905817; -45.56046339275339 71.52196617998013 182.14399295341298; -199.43530455478682 301.0530051646221 -228.42665386092563; 78.98821796172477 -132.32700381170392 220.70898317209193; -102.93289002250486 140.23294310474353 -386.5625792946287; -54.42533523346653 73.74199553266007 -16.34751204701694; 248.99474787370428 -403.8395588361718 188.2471115337059; 112.88648897475207 -179.1770918291363 371.94566835917874; 54.977837768475446 -114.52772740884014 -483.3454020426692; 55.26028153584554 -100.93274692334457 -108.97562271523209; 48.664494840218524 -77.73851533476399 351.16181844011385; -66.05138113753975 90.78640008345188 -36.56497853225389; 78.97889483241812 -148.29401168588353 -397.33983575031016; -92.71334695538472 147.54270494570133 338.72742369023916]
npts :	30
nout :	0
model :	(x,t) -> x[1]*t[1] + x[2]*t[2] + x[3]*t[3] + t[4]
dim :	4
cluster :	false
noise :	true
solution :	[0.8476324663519496, 0.5303238654422463, -0.01660721916833753, -5.96425026324008]
description :	[[-1.9, -8.1, 3.5], [-1.9, -8.1, 3.5]]
