name :	plane
data :	[306.763177979386 -8.8317863437148 27.07682865038663; 127.90372207781384 -109.78158573132089 -2.8455496034031182; 239.7470373551884 31.010355315853918 27.366282683249462; -135.53887597353145 -563.3895970646063 -93.95382381871069; 124.5180980405914 252.7248523290614 50.62997451993668; 468.2590821516329 -50.13315265207149 34.26409401114033; -170.1739727781869 -239.89628046813334 -49.20550683839375; 259.90777843818995 426.40771325873845 88.86027215380257; -169.94580592226205 -239.4387401699342 -48.316130087236196; 331.80089350172113 208.2068519084749 60.91384866800587; 162.45914826211086 -431.0892539802175 -47.06602491648847; -467.62872216208007 59.436074399203754 -27.84701610456558; 121.30513469716752 251.02066241166 50.48748552697057; -48.28198399679439 -206.118951254988 -33.193489737584024; 436.33694610844253 94.03119100344361 53.28877334194334; -130.0669107683845 117.2112219482739 9.54129509984749; 21.931146393226573 614.7333455153367 96.92073202486684; -127.78017328295172 -491.80941341155204 -80.47900778628964; 24.67612223898537 -607.5650553216793 -87.24242824620102; -458.1497623096164 -46.75408057879026 -44.111891385071594; -365.5776765656816 126.52382842533108 -9.785054017716028; 198.9856758410897 -326.5648099543284 -29.751476928182672]
npts :	22
nout :	0
model :	(x,t) -> x[1]*t[1] + x[2]*t[2] + x[3]*t[3] + t[4]
dim :	4
cluster :	false
noise :	true
solution :	[0.0855965123318307, 0.14794458921550985, -0.9852845454986497, -2.3317784474346315]
description :	[[-0.2, 5.0, 3.1], [-0.2, 5.0, 3.1]]
