name :	plane
data :	[-63.35668201842162 360.6176787331314 -489.32165470711715; -7.0203041497344385 -106.29786427304029 284.95257949129746; -36.855013258168285 280.8726737808313 -466.3797868581189; -146.50077717539455 571.3268521652726 -486.16508621151144; -146.32809716412478 252.62192374527424 263.33630193769704; 16.19538889001916 -76.21954048575623 68.74492276302375; 117.84399960897086 -520.8807987308966 519.5546890417407; 76.197075915424 -189.33808687093529 -9.196249358445517; -77.63068442414237 149.7971382332883 93.21195445385813; -147.07261977753686 390.63039620662056 -44.5913845692465; -157.0010240778979 433.8069722753032 -105.46658749253957; -47.66045535844179 88.20701156445679 67.1570929892329; 132.42614995169376 -475.93547308099414 325.5636174864824; -127.63845623132356 211.02928172367217 254.27146254817038; -17.3370685193036 63.12560113280614 -62.12963801191371; -147.99612589730674 379.92652474766544 -21.298682675973136; -61.524785382916605 207.0790592373443 -126.87498340860438; 47.723223724710444 -264.73098069623836 329.8563875431311; -47.21016112615496 -20.077517649343957 303.4824503082507; -89.71249490855831 294.4759448781535 -175.43380548715845; 74.98010343780098 -182.53553097384855 -33.34701910511769; 101.94429902890376 -235.3797455798187 -83.7307473805276; 34.566130679376876 40.04813099300067 -323.7531758886906; 118.11017238600321 -204.55793033372623 -229.36269714131438; -6.972696270641244 -105.27026335699937 282.6971031090388; 70.04944394132063 -74.35188172207557 -270.7536559916553; -97.4254745204075 194.3298169029111 102.51602049763659; 103.43720430632418 -421.8886308071141 378.68792505106205; -32.54445991136514 171.44782437451795 -229.78304969700434; -134.2839796210683 444.69972907493786 -266.649393122986; 165.22557115922072 -301.4332305675943 -289.62976376850924; 144.8178328375663 -286.5401279656053 -204.86475811157305; 65.55110957816315 -326.35552243120765 370.72352859542013; -92.44260654437677 86.17837141052887 338.3345084701534; -41.95134025729309 16.97473119101216 199.9738665405883]
npts :	35
nout :	0
model :	(x,t) -> x[1]*t[1] + x[2]*t[2] + x[3]*t[3] + t[4]
dim :	4
cluster :	false
noise :	true
solution :	[-0.919569166543167, -0.36233929204656157, -0.15199600449453193, 2.0904845743486327]
description :	[[-0.4, -6.6, 4.4], [-0.4, -6.6, 4.4]]
