name :	sphere2D
data :	[135.1494200738468 -95.56539350132257; 133.30713185486002 -70.03567187793834; 124.42232978953268 -45.52370404777827; 111.72735477573266 -15.636978134685943; 91.22235199000116 -1.459592705004049; 47.5390057713494 10.267514457457258; 45.99827010258436 21.407083945749296; 17.925497412272403 26.825588497778444; -16.747015948952125 35.54985812364107; -40.20730996728299 -1.6144643874683098; -69.20822969774359 28.465136749543813; -65.89971171676812 4.62770238733893; -91.7438976422645 -32.194062456687796; -103.22634475769081 -57.158971585857394; -110.98596629781343 -83.00859837739412; -110.28294665943146 -110.20568833308752; -105.09123025200832 -135.52619264846504; -92.14378632193204 -161.35065437127352; -85.84949693139606 -201.2416478934934; -57.931245870254855 -197.29792782666814; -33.196783570270405 -211.27613338550572; -22.754255681610616 -203.00053678342024; 16.60244454666669 -219.73322211494397; 45.17498807577589 -215.25448926467186; 70.5121029527537 -204.71395343085553; 92.94868674398678 -189.45257352000718; 110.24243627547371 -171.35909928878004; 111.57125050909073 -143.84645744891532; 134.0734876211164 -123.27188803223251; 136.5509555176225 -99.12987011332861]
npts :	30
nout :	9
model :	(x,t) -> (x[1]-t[1])^2 + (x[2]-t[2])^2 - t[3]^2
dim :	3
cluster :	false
noise :	true
solution :	[12.4, -96.3, 123.0]
description :	type3: test sphere2d with noise and outliers
