name :	sphere2D
data :	[54.732557230398136 81.01595310847517; 61.552084549727795 83.40883437578483; 62.83948588009128 90.13049344484047; 58.08024125396148 85.16058114148956; 58.1990672723242 92.7983399681007; 57.88182885316686 96.2231649315657; 55.740269464362555 99.55117251258743; 49.476738422441116 97.41888879833147; 55.7600348198158 96.20139072279943; 49.45247418876779 104.65807217839952; 45.956808171032215 107.64980478989814; 36.550554419989496 107.47509240592461; 38.730842934132504 104.0209824073241; 33.15161371381229 117.01693168519994; 37.72805965526106 108.35606749088997; 30.45115674782113 109.66907257662865; 27.810959742381044 110.77401491412677; 24.00220580099937 109.2968969570501; 23.15367387105252 108.76361457053895; 22.387428726269544 104.04660857280301; 17.45129569516603 105.72799709746914; 14.026273815845075 104.36973658631901; 9.770116282456783 101.10013709221998; 9.633397395401278 99.893714469792; 7.018202104629955 99.02742605308131; 6.410449311664711 93.5235590595822; 3.1130189217801805 92.08595743778872; 3.09135159150694 88.17705366231175; 1.4384782071268196 85.05294725427157; 1.1707387169820056 80.82999803947699; 0.7848825548893594 80.94204786957266; 2.4958665851635766 76.31711637032974; 0.9865848840308633 72.37904243061683; 3.1884119944861595 72.07420065084206; 5.315614655598148 66.0431886093617; 6.561608749381799 63.19620939438691; 8.660486603282457 62.22067315625332; 14.375343696908404 61.71220917371582; 10.709025908710842 61.77715200836535; 13.987515990441432 55.05618277174522; 17.792148418773852 55.20874854432055; 23.335442695162445 51.33104312746885; 27.636703668988318 49.07823830014161; 28.235919932433806 50.30577169987166; 28.556855955667295 46.28650973977195; 33.79114453961621 52.805970109627445; 37.13556051665842 52.34374371737662; 39.16412831327297 51.948619483504174; 41.78554293958314 50.66597157544805; 46.78484357000572 53.27337941501355; 49.20986435806813 53.70347276378344; 48.61906591360257 61.9900143387096; 53.02015212330452 60.69362063644232; 55.78523563030944 61.90749922282314; 55.44010424139218 65.13560750281215; 58.4617294904781 68.0695475159032; 58.81337806311204 74.8121547364745; 62.51570168029028 74.51385811489025; 59.406184534278495 78.53728509929; 60.29802390542115 80.74797973680536]
npts :	60
nout :	18
model :	(x,t) -> (x[1]-t[1])^2 + (x[2]-t[2])^2 - t[3]^2
dim :	3
cluster :	false
noise :	true
solution :	[31.8, 80.5, 30.0]
description :	type3: test sphere2d with noise and outliers
