name :	sphere2D
data :	[89.75287238556002 49.5979640288602; 88.1615602538118 51.25775433419926; 88.03890090236294 58.8428268344321; 88.72403515624269 62.35051113080817; 92.48284672892397 68.14547863989557; 83.9433686963529 73.10225457104336; 80.38764769262318 71.2514981844642; 75.64359106033717 74.0279035856024; 74.0706844605526 78.51521558632447; 75.29466519424952 85.88087593640866; 63.45528456203262 81.47693355043324; 60.22598342109687 81.66751965578327; 56.53025326615993 84.15162923253564; 50.81476190340386 82.57326091278124; 48.16516968791474 82.25387204982924; 43.716871270289616 79.74339336569534; 39.25439514435974 79.23948236730598; 35.47054566609146 76.20995337615149; 31.53146939027256 74.09007640915668; 29.827185825255636 73.35241772600219; 30.313984057561772 71.55395435752536; 23.069439897828012 63.73488200700632; 26.849366965731942 59.83073161329153; 21.904693785896548 55.35487037266578; 25.32806778234766 54.63908659498573; 21.60118280022418 43.91087125473559; 17.934615129720843 38.127130194120745; 22.295463640160282 39.335747308577005; 25.66901758282015 35.556757141275966; 26.871607726986472 31.342986870776524; 28.63107125036291 26.90620559573602; 33.50331071025395 25.899451276954714; 34.60687480324256 21.057073455466842; 35.822931780140856 22.550159737229592; 42.03330969500797 17.33736669059983; 47.25232951923806 17.39030555348097; 52.327449289327994 16.552705101470714; 57.783898289556504 15.234880665538801; 62.73313806442899 7.534788496842501; 65.0264264586536 16.009987012509526; 69.21459892191521 18.996682038670734; 71.9169154059435 19.9981410808025; 70.9181844852338 16.97806616862578; 76.24726716975167 28.02871732441433; 80.83788906049547 27.319850690157192; 85.31454788643971 32.626448937300474; 86.24541884249177 36.908574136617936; 88.5067538879165 40.308194278761675; 89.59896054556134 43.56775333544033; 85.92719213690826 51.14988959834068]
npts :	50
nout :	15
model :	(x,t) -> (x[1]-t[1])^2 + (x[2]-t[2])^2 - t[3]^2
dim :	3
cluster :	false
noise :	true
solution :	[54.7, 49.0, 34.0]
description :	type3: test sphere2d with noise and outliers
