name :	sphere2D
data :	[90.7 58.2; 89.72982523800778 73.9297012050834; 86.83400781248122 89.42095617387227; 82.05644536375755 104.43893327195558; 75.46956086858042 118.75597527500929; 67.17320478159638 132.15505042025615; 57.293141404244366 144.43304238675933; 45.979142426143 155.4038293318025; 33.402716538944745 164.9011053083033; 19.754509539396906 172.78090129344798; 5.241414333396435 178.9237676123235; -9.916565349568312 183.2365846732289; -25.489649988697337 185.65397456576443; -41.241767495189784 186.13929212331084; -43.43413182447172 152.1851804264012; -72.32886272922661 181.31368232612084; -87.19259178146294 176.0759062969541; -94.39999999999996 216.55125168440816; -114.4372334565448 160.34620509187067; -126.4051450832546 150.0927261522486; -60.02231353928582 63.54624715444564; -146.1277933733906 125.58331684830158; -153.583554792899 111.6989241455083; -159.276576054676 97.00354228646958; -163.12055675953943 81.719938280521; -165.05722607834164 66.07979598514468; -165.05722607834164 50.320204014855356; -163.12055675953943 34.68006171947903; -159.27657605467604 19.396457713530452; -153.58355479289904 4.701075854491727; -146.1277933733906 -9.183316848301544; -137.02231353928585 -22.046247154445595; -126.40514508325462 -33.692726152248554; -114.43723345654483 -43.94620509187064; -101.30000000000005 -52.65125168440812; -87.19259178146294 -59.67590629695407; -70.92886272922664 -72.41368232612083; -56.93413182447169 -68.28518042640121; -41.24176749518981 -69.73929212331083; -25.4896499886974 -69.25397456576442; -9.916565349568312 -66.83658467322888; 103.7414143333964 19.87623238767648; 19.754509539396828 -56.380901293448005; 33.402716538944745 -48.501105308303295; 45.97914242614296 -39.00382933180255; 57.29314140424438 -28.033042386759305; 67.17320478159635 -15.755050420256168; 75.46956086858039 -2.3559752750093566; 82.05644536375755 11.961066728044415; 86.8340078124812 26.979043826127675; 89.72982523800778 42.47029879491661; 90.7 58.199999999999974]
npts :	52
nout :	5
model :	(x,t) -> (x[1]-t[1])^2 + (x[2]-t[2])^2 - t[3]^2
dim :	3
cluster :	false
noise :	false
solution :	[-37.3, 58.2, 128.0]
description :	[[-37.3, 58.2, 128.0], [-37.3, 58.2, 128.0]]
