name :	circle3d
data :	[-12.171192411618716 -13.401909450748269 -13.118719782732368; -16.81743486831823 -9.650415536687232 -9.327230196074026; -19.40676870645237 -4.842088766386873 -2.564124123536388; -20.257864038693302 -1.8756184036139165 4.524936683334937; -20.524466553264656 2.8581228731316695 13.236927084706053; -20.719249048330674 5.812701382728894 24.090189075634466; -14.124540399050083 4.682362237547873 30.909048348560088; -11.826633075084171 -11.833140630097565 -11.768018309324061; -9.99242981694211 -18.171532339905927 -14.889367581404123; -3.172729703298 -22.854122928851385 -16.542468609874046; 4.190162900934159 -28.75928144906234 -18.660550074179405; 11.915181368633036 -33.234588826794564 -16.258049927716318; 24.06283404586803 -39.924145755452805 -12.351695675755337; 29.618453113078345 -39.485463850892636 -10.178546598461327; 40.178312562132 -20.60463335554018 46.77640047932271; 34.15682690333103 -17.752918283093678 50.373063705412896; 29.460670126324654 -13.318866327384578 52.59137741206943; 19.756832846896675 -7.693179460741524 54.78016013665435; 12.490094038644925 -1.7901796250403328 54.20564329076197; 0.5337679124008545 3.887288449546974 49.40853549095044; -3.9418572203365856 5.094444696464256 45.267437124454645; -11.091847533710203 7.052588275665828 40.09088891946666; 39.78894253222618 -21.357173130868425 47.39390555683912; 41.603818875489324 -24.416727334658432 44.405773767132985; 44.48390548960704 -30.02839681078278 40.678398640795336; 46.141994746177176 -32.20222398283231 33.331779095577595; 48.10236313041654 -38.60832996676149 23.013958575876906; 44.93797230510855 -39.44168494043077 12.623018497177007; 42.999300141832144 -42.749183557573055 4.661147793367364]
npts :	29
nout :	0
model :	(x,t) -> ( (x[1] - t[4])*t[1] +(x[2]-t[5])*t[2] +(x[3]-t[6])*t[3])^2 + ((x[1]-t[4])^2 + (x[2]-t[5])^2 + (x[3]-t[6])^2 - t[7]^2)^2
dim :	7
cluster :	false
noise :	true
solution :	[-0.5054730473895287, -0.7915898666666203, 0.34334018313251, 13.0, -17.5, 18.1, 39.5]
description :	[[-0.6, 0.6, 0.5], [-0.7, 0.1, -0.8]]
