name :	cubic
data :	[-5.0 -180.2; -4.787234042553192 -187.39582688444042; -4.574468085106383 -147.6028876067923; -4.361702127659575 -512.0082801080803; -4.148936170212766 -118.29136703813221; -3.9361702127659575 -104.85325602226867; -3.723404255319149 -92.21920576365544; -3.5106382978723403 -80.38343719599703; -3.297872340425532 -69.34017125299792; -3.0851063829787235 -59.0836288683625; -2.872340425531915 -49.60803097579535; -2.6595744680851063 -40.90759850900089; -2.4468085106382977 -32.976552401683634; -2.234042553191489 -25.809113587548023; -2.021276595744681 -19.39950300029859; -1.8085106382978724 -13.741941573639757; -1.5957446808510638 228.07910200184597; -1.3829787234042554 -4.659849936911862; -1.1702127659574468 -1.223761594251755; -0.9574468085106383 1.4833938529998156; -0.7446808510638298 3.467395471138379; -0.5319148936170213 4.734022326459455; -0.3191489361702128 5.289053485258565; -0.10638297872340426 5.138268013831232; 0.10638297872340426 249.1685177960273; 0.3191489361702128 2.742363445479325; 0.5319148936170213 0.5088024811457963; 0.7446808510638298 -2.4074588482320864; 0.9574468085106383 -43.37329166424254; 1.1702127659574468 -10.264966336938826; 1.3829787234042554 -15.194654363676644; 1.5957446808510638 -20.783926490276723; 1.8085106382978724 -27.027003650443547; 2.021276595744681 -33.9181067778816; 2.234042553191489 -41.451456806295326; 2.4468085106382977 -49.62127466938925; 2.6595744680851063 -58.42178130086782; 2.872340425531915 -53.3798431142889; 3.0851063829787235 -77.89174460379685; 3.297872340425532 -64.67519045128248; 3.5106382978723403 -99.81511418471823; 3.723404255319149 -111.68237866368723; 3.9361702127659575 -124.14565751326778; 4.148936170212766 -393.6227757531649; 4.361702127659575 -324.4444468451575; 4.574468085106383 -197.16718140112755; 4.787234042553192 -179.84333529179472; 5.0 -195.2]
npts :	48
nout :	10
model :	(x,t) -> x[1]*t[1]^3 + x[2]*t[1]^2 + x[3]*t[1] + x[4] - t[2] 
dim :	4
cluster :	false
noise :	false
solution :	[0.1, -7.7, -4.0, 4.8]
description :	type: cubic model with noise and outliers
