name :	cubic
data :	[-5.0 194.7; -4.8 56.67073599983618; -4.6 134.98319999999993; -4.4 109.6968000000001; -4.2 450.067432418218; -4.0 67.50000000000001; -3.8 50.28239999999999; -3.6 35.44720000000001; -3.4 -117.22035457248585; -3.2 100.4966710546704; -3.0 3.7; -2.8 -3.14160000000001; -2.6 -8.368799999999993; -2.4 159.6631561220199; -2.2 -17.61855541732654; -2.0 -15.900000000000002; -1.8 -16.2056; -1.6 -15.664800000000003; -1.4 113.08849052530532; -1.2 -12.6584; -1.0 -10.5; -0.8 -8.1096; -0.6 -5.6408; -0.4 -3.2472000000000003; -0.2 -197.30816031847831; 0.0 0.7; 0.2 1.9464; 0.4 -290.8443912239537; 0.6 -36.48866985334036; 0.8 0.9335999999999982; 1.0 -1.5000000000000002; 1.2 -5.2376; 1.4 -10.432799999999999; 1.6 10.735478895096797; 1.8 -25.810400000000005; 2.0 -36.300000000000004; 2.2 -48.861600000000024; 2.4 -63.648799999999994; 2.6 -80.81520000000003; 2.8 -100.51439999999997; 3.0 -122.90000000000002; 3.2 -132.43236829690468; 3.4 -176.3448; 3.6 -207.71120000000005; 3.8 -412.46133036806975; 4.0 -280.5; 4.2 -322.22960000000006; 4.4 -367.7208000000001; 4.6 -417.1271999999999; 4.8 -470.60240000000005; 5.0 -528.3]
npts :	51
nout :	13
model :	(x,t) -> x[1]*t[1]^3 + x[2]*t[1]^2 + x[3]*t[1] + x[4] - t[2] 
dim :	4
cluster :	false
noise :	false
solution :	[-3.2, -6.7, 7.7, 0.7]
description :	type: cubic model with noise and outliers
