name :	cubic
data :	[-5.0 -210.8; -4.5 -148.35000000000002; -4.0 -98.89999999999999; -3.5 -196.64255332689225; -3.0 -33.0; -2.5 -13.55; -2.0 -1.1000000000000014; -1.5 -46.30025146813201; -1.0 8.799999999999999; -0.5 9.25; 0.0 406.593177182678; 0.5 8.649999999999999; 1.0 10.6; 1.5 16.049999999999997; 2.0 26.5; 2.5 282.8919555869337; 3.0 68.4; 3.5 102.85000000000001; 4.0 148.29999999999998; 4.5 206.25; 5.0 184.78859075656973]
npts :	21
nout :	5
model :	(x,t) -> x[1]*t[1]^3 + x[2]*t[1]^2 + x[3]*t[1] + x[4] - t[2] 
dim :	4
cluster :	false
noise :	false
solution :	[2.0, 1.0, -1.1, 8.7]
description :	type: cubic model with noise and outliers
