name :	cubic
data :	[-5.0 -813.0; -4.565217391304348 -813.2209251375809; -4.130434782608695 -443.38349634256576; -3.6956521739130435 -309.7456234075778; -3.260869565217391 -205.4214679049889; -2.8260869565217392 -126.81112846223391; -2.391304347826087 -70.31470370674776; -1.9565217391304348 -32.332292265965314; -1.5217391304347827 -119.24406783285522; -1.0869565217391304 2.490096161748994; -0.6521739130434783 -44.89892862204961; -0.21739130434782608 6.455247801430097; 0.21739130434782608 5.866113257171037; 0.6521739130434783 8.36237363359908; 1.0869565217391304 493.675262926418; 1.5217391304347827 -205.0641447442237; 1.9565217391304348 70.3625380126572; 2.391304347826087 121.19939179748499; 2.8260869565217392 193.1211473658256; 3.260869565217391 289.7277060902441; 3.6956521739130435 414.6189693433056; 4.130434782608695 571.3948384975753; 4.565217391304348 763.6552149256183; 5.0 995.0]
npts :	24
nout :	5
model :	(x,t) -> x[1]*t[1]^3 + x[2]*t[1]^2 + x[3]*t[1] + x[4] - t[2] 
dim :	4
cluster :	false
noise :	false
solution :	[7.3, 3.4, -1.7, 6.0]
description :	type: cubic model with noise and outliers
