name :	cubic
data :	[-5.0 240.7824767127105; -4.824561403508772 251.84609353485288; -4.649122807017544 488.00166740117743; -4.473684210526316 205.76809041738755; -4.298245614035087 175.6247784743483; -4.12280701754386 216.7504306050861; -3.9473684210526314 -108.60553007799484; -3.7719298245614037 115.73529021075313; -3.5964912280701755 99.08391569875751; -3.4210526315789473 83.97504009330805; -3.245614035087719 70.3406262655716; -3.0701754385964914 58.11263708671497; -2.8947368421052633 47.22303542790496; -2.719298245614035 37.60378416030844; -2.543859649122807 257.20059673435605; -2.3684210526315788 21.904184283423234; -2.192982456140351 15.687761416468234; -2.017543859649123 10.469540425394044; -1.8421052631578947 6.181484181367542; -1.6666666666666667 2.7555555555555573; -1.4912280701754386 -46.55796557596975; -1.3157894736842106 -1.7820673567575434; -1.1403508771929824 -3.029835900924982; -0.9649122807017544 -3.6876253422105583; -0.7894736842105263 -3.8234728094474413; -0.6140350877192983 -3.5054154314687924; -0.43859649122807015 -2.801490337107774; -0.2631578947368421 -1.7797346551975506; -0.08771929824561403 218.85981118876893; 0.08771929824561403 0.9451199559378596; 0.2631578947368421 221.04624788009502; 0.43859649122807015 -98.06320082903171; 0.6140350877192983 5.7152030584309355; 0.7894736842105263 7.215162560139963; 0.9649122807017544 8.556692747566052; 1.1403508771929824 9.671756491876042; 1.3157894736842106 10.492316664236768; 1.4912280701754386 10.950336135815068; 1.6666666666666667 10.977777777777778; 1.8421052631578947 10.506604461291735; 2.017543859649123 37.234228716059135; 2.192982456140351 7.796264437640729; 2.3684210526315788 5.421023472809451; 2.543859649122807 -48.276678388423484; 2.719298245614035 -1.7097860070305118; 2.8947368421052633 -6.601428779705503; 3.0701754385964914 -12.467946412661398; 3.245614035087719 -19.37737603473134; 3.4210526315789473 -27.397754774748506; 3.5964912280701755 -36.59711976154605; 3.7719298245614037 -47.04350812395717; 3.9473684210526314 -58.80495699081499; 4.12280701754386 -71.9495034909527; 4.298245614035087 -86.54518475320334; 4.473684210526316 -102.66003790640036; 4.649122807017544 -120.36210007937665; 4.824561403508772 -139.71940840096553; 5.0 -160.8]
npts :	58
nout :	12
model :	(x,t) -> x[1]*t[1]^3 + x[2]*t[1]^2 + x[3]*t[1] + x[4] - t[2] 
dim :	4
cluster :	false
noise :	false
solution :	[-2.1, 2.4, 8.3, 0.2]
description :	type: cubic model with noise and outliers
