name :	cubic
data :	[-5.0 441.76185521818525; -4.705882352941177 458.51748422552413; -4.411764705882353 371.13848972114806; -4.117647058823529 295.777610421331; -3.823529411764706 231.5494402605333; -3.5294117647058822 177.56857317321393; -3.235294117647059 132.94960309383268; -2.9411764705882355 174.07065893516108; -2.6470588235294117 68.25572969672298; -2.3529411764705883 211.2055787648888; -2.0588235294117645 30.384571544880913; -1.7647058823529411 19.293995522084266; -1.4705882352941178 12.252880113983313; -1.1764705882352942 8.375819255037655; -0.8823529411764706 21.27772419699932; -0.5882352941176471 6.5722369224506405; -0.29411764705882354 6.874903317728475; 0.0 6.8; 0.29411764705882354 5.462120903724811; 0.5882352941176471 1.975859963362507; 0.8823529411764706 -4.544188886627313; 1.1764705882352942 -14.983431711785059; 1.4705882352941178 -30.22727457765114; 1.7647058823529411 -51.161123549765925; 2.0588235294117645 -78.67038469366982; 2.3529411764705883 -144.49991942194282; 2.6470588235294117 -156.95676775900668; 2.9411764705882355 -209.5047018115205; 3.235294117647059 -43.796107291366326; 3.5294117647058822 -555.5286346707234; 3.823529411764706 -431.3923468349277; 4.117647058823529 -529.7208630164868; 4.411764705882353 -641.7080398941586; 4.705882352941177 -768.2392835334826; 5.0 -910.2]
npts :	35
nout :	7
model :	(x,t) -> x[1]*t[1]^3 + x[2]*t[1]^2 + x[3]*t[1] + x[4] - t[2] 
dim :	4
cluster :	false
noise :	false
solution :	[-5.8, -7.3, -1.9, 6.8]
description :	type: cubic model with noise and outliers
