name :	cubic
data :	[-5.0 -173.0; -4.642857142857143 -155.46720116618076; -4.285714285714286 -138.29883381924196; -3.9285714285714284 -121.60422740524781; -3.5714285714285716 -179.80393167523079; -3.2142857142857144 -26.01012028477551; -2.857142857142857 -75.45626822157435; -2.5 -61.75; -2.142857142857143 -174.16250162612516; -1.7857142857142858 -319.8042151955528; -1.4285714285714286 -27.190962099125365; -1.0714285714285714 -18.222303206997083; -0.7142857142857143 -10.71137026239067; -0.35714285714285715 -4.767492711370262; 0.0 -0.5; 0.35714285714285715 1.9817784256559765; 0.7142857142857143 2.5685131195335273; 1.0714285714285714 224.74289409915582; 1.4285714285714286 -8.660933000745803; 1.7857142857142858 -8.134839650145775; 2.142857142857143 -16.22157434402332; 2.5 -26.75; 2.857142857142857 -39.829446064139944; 3.2142857142857144 -64.10827802175025; 3.5714285714285716 -74.07871720116619; 3.9285714285714284 -95.46720116618074; 4.285714285714286 -119.84402332361515; 4.642857142857143 -147.31851311953355; 5.0 -178.0]
npts :	29
nout :	7
model :	(x,t) -> x[1]*t[1]^3 + x[2]*t[1]^2 + x[3]*t[1] + x[4] - t[2] 
dim :	4
cluster :	false
noise :	false
solution :	[-0.4, -7.0, 9.5, -0.5]
description :	type: cubic model with noise and outliers
