name :	cubic
data :	[-5.0 -456.6; -4.285714285714286 -300.7020408163265; -3.5714285714285716 -185.21224489795918; -2.857142857142857 -104.00816326530611; -2.142857142857143 -176.92744957492692; -1.4285714285714286 -264.0716200048582; -0.7142857142857143 -4.885714285714285; 0.0 0.4; 0.7142857142857143 -128.23648987883988; 1.4285714285714286 6.073469387755102; 2.142857142857143 18.70612244897958; 2.857142857142857 46.032653061224494; 3.5714285714285716 94.17551020408165; 4.285714285714286 169.2571428571428; 5.0 277.4]
npts :	15
nout :	3
model :	(x,t) -> x[1]*t[1]^3 + x[2]*t[1]^2 + x[3]*t[1] + x[4] - t[2] 
dim :	4
cluster :	false
noise :	false
solution :	[2.8, -3.6, 3.4, 0.4]
description :	type: cubic model with noise and outliers
