name :	cubic
data :	[-5.0 -882.7; -4.814814814814815 -808.2807224125552; -4.62962962962963 -689.7133109790176; -4.444444444444445 -689.6862813450858; -4.2592592592592595 -526.3867347457198; -4.074074074074074 -672.9910842777261; -3.888888888888889 -390.2816186556927; -3.7037037037037037 -331.67502921302645; -3.5185185185185186 -278.9593100645227; -3.3333333333333335 -231.8296296296297; -3.1481481481481484 248.60383274554158; -2.962962962962963 -283.9218714489906; -2.7777777777777777 -21.274803122962084; -2.5925925925925926 -93.0746634151298; -2.4074074074074074 -69.30270284001423; -2.2222222222222223 -49.28779149519893; -2.037037037037037 -32.72509780013212; -1.8518518518518519 -19.309790174262055; -1.6666666666666667 -8.737037037037041; -1.4814814814814814 -0.7020068079052937; -1.2962962962962963 5.100132093684907; -1.1111111111111112 8.974211248285322; -0.9259259259259259 272.216606038408; -0.7407407407407407 12.157516638723774; -0.5555555555555556 12.076406035665295; -0.37037037037037035 -199.35118951180164; -0.18518518518518517 10.092816135751665; 0.0 8.8; 0.18518518518518517 7.712945181120765; 0.37037037037037035 7.136483259665702; 0.5555555555555556 7.3754458161865575; 0.7407407407407407 8.734664431235075; 0.9259259259259259 11.518970685363003; 1.1111111111111112 16.033196159122088; 1.2962962962962963 22.582172433064066; 1.4814814814814814 -283.79208313427887; 1.6666666666666667 -71.55820442475932; 1.8518518518518519 57.48592186150485; 2.037037037037037 75.22221714169591; 2.2222222222222223 96.51742112482854; 2.4074074074074074 121.67636539145454; 2.5925925925925926 151.00388152212568; 2.7777777777777777 184.8048010973937; 2.962962962962963 223.38395569781025; 3.1481481481481484 267.0461769039273; 3.3333333333333335 336.7431577664198; 3.5185185185185186 370.8391454554692; 3.7037037037037037 431.57955596199764; 3.888888888888889 498.6223593964334; 4.074074074074074 826.9405571989156; 4.2592592592592595 311.6712632255758; 4.444444444444445 740.6134430727024; 4.62962962962963 742.3320176693295; 4.814814814814815 939.0413758065336; 5.0 1050.3]
npts :	55
nout :	14
model :	(x,t) -> x[1]*t[1]^3 + x[2]*t[1]^2 + x[3]*t[1] + x[4] - t[2] 
dim :	4
cluster :	false
noise :	false
solution :	[8.0, 3.0, -6.7, 8.8]
description :	type: cubic model with noise and outliers
