name :	cubic
data :	[-5.0 899.8; -4.814814814814815 811.7925062236446; -4.62962962962963 729.7414215312708; -4.444444444444445 604.3258290715241; -4.2592592592592595 582.6701925519485; -4.074074074074074 744.3677019587988; -3.888888888888889 456.9097393689986; -3.7037037037037037 401.49712442209017; -3.5185185185185186 350.7834882893868; -3.3333333333333335 304.5592592592593; -3.1481481481481484 262.6148656200783; -2.962962962962963 224.74073566021437; -2.7777777777777777 190.72729766803843; -2.5925925925925926 671.2376693375268; -2.4074074074074074 133.44421074023268; -2.2222222222222223 109.75541838134433; -2.037037037037037 122.12241277150054; -1.8518518518518519 -402.4245092737733; -1.6666666666666667 55.9851851851852; -1.4814814814814814 522.6247823397925; -1.2962962962962963 -190.86521072268786; -1.1111111111111112 23.758161865569278; -0.9259259259259259 130.73024125817102; -0.7407407407407407 11.447640095513895; -0.5555555555555556 333.5948318691877; -0.37037037037037035 4.520444038002337; -0.18518518518518517 -94.91516590597375; 0.0 1.3; 0.18518518518518517 0.5558807092414775; 0.37037037037037035 0.10973428847228583; 0.5555555555555556 -0.24801097393690008; 0.7407407407407407 -0.7269267896154032; 0.9259259259259259 -1.536584870192551; 1.1111111111111112 -2.8865569272976694; 1.2962962962962963 -4.986414672560076; 1.4814814814814814 -8.045729817609097; 1.6666666666666667 91.09479537807648; 1.8518518518518519 -17.881019153584308; 2.037037037037037 -25.076136767769146; 2.2222222222222223 -34.0689986282579; 2.4074074074074074 -45.069176446679876; 2.5925925925925926 -372.0842326119458; 2.7777777777777777 -73.92976680384088; 2.962962962962963 -224.67487369263105; 3.1481481481481484 -113.33448153228677; 3.3333333333333335 -150.11874156674548; 3.5185185185185186 -164.95989432505206; 3.7037037037037037 -195.87929177462783; 3.888888888888889 -230.48257887517144; 4.074074074074074 -268.9793273383123; 4.2592592592592595 -311.57910887567954; 4.444444444444445 -358.49149519890267; 4.62962962962963 -409.9260580196109; 4.814814814814815 -466.09236904943344; 5.0 -527.2]
npts :	55
nout :	14
model :	(x,t) -> x[1]*t[1]^3 + x[2]*t[1]^2 + x[3]*t[1] + x[4] - t[2] 
dim :	4
cluster :	false
noise :	false
solution :	[-5.5, 7.4, -5.2, 1.3]
description :	type: cubic model with noise and outliers
