name :	cubic
data :	[-5.0 -319.2; -4.8076923076923075 -283.93813723258984; -4.615384615384615 -251.35065999089665; -4.423076923076923 -221.33088871187988; -4.230769230769231 -310.4001532937459; -4.038461538461538 -168.5677457897132; -3.8461538461538463 -145.61101502048245; -3.6538461538461537 92.45314083368994; -3.4615384615384617 -106.01383705052345; -3.269230769230769 -89.16003072371414; -3.076923076923077 -74.1271734182977; -2.8846153846153846 -60.80858557123351; -2.6923076923076925 -49.097587619481125; -2.5 -38.8875; -2.3076923076923075 109.29919981387322; -2.1153846153846154 -22.543337505689575; -1.9230769230769231 -16.195903504779245; -1.7307692307692308 94.21408383293279; -1.5384615384615385 -6.616932180245791; -1.3461538461538463 -3.1720357305416487; -1.1538461538461537 -0.48129267182521485; -0.9615384615384616 1.5619765589440142; -0.7692307692307693 3.064451524806554; -0.5769230769230769 4.132811788802913; -0.38461538461538464 4.8737369139736; -0.19230769230769232 489.0968969840625; 0.0 -527.2651420049515; 0.19230769230769232 6.198697086936732; 0.38461538461538464 6.696677287209831; 0.5769230769230769 314.26648043069406; 0.7692307692307693 8.417205279927174; 0.9615384615384616 113.18588192268071; 1.1538461538461537 -33.273484057570116; 1.3461538461538463 14.40960969503869; 1.5384615384615385 17.743559399180704; 1.7307692307692308 21.92354915794265; 1.9230769230769231 27.056258534365043; 2.1153846153846154 8.477386773839584; 2.3076923076923075 -114.85417710382043; 2.5 49.2375; 2.6923076923076925 59.24788347746928; 2.8846153846153846 70.74438438780155; 3.076923076923077 83.83368229403735; 3.269230769230769 98.62245675921709; 3.4615384615384617 -132.5927458657126; 3.6538461538461537 133.72515361857077; 3.8461538461538463 154.25243513882566; 4.038461538461538 176.90591147018662; 4.230769230769231 201.79226217569413; 4.423076923076923 -14.329339661079871; 4.615384615384615 258.6903049613108; 4.8076923076923075 290.91535616750116; 5.0 325.8]
npts :	53
nout :	13
model :	(x,t) -> x[1]*t[1]^3 + x[2]*t[1]^2 + x[3]*t[1] + x[4] - t[2] 
dim :	4
cluster :	false
noise :	false
solution :	[2.5, -0.1, 2.0, 5.8]
description :	type: cubic model with noise and outliers
