name :	cubic
data :	[-5.0 140.1; -4.583333333333333 92.56440972222222; -4.166666666666667 55.59305555555559; -3.75 28.0140625; -3.3333333333333335 8.655555555555571; -2.9166666666666665 38.763082410359274; -2.5 -10.0875; -2.0833333333333335 -11.815798611111111; -1.6666666666666667 -10.011111111111111; -1.25 -5.8453125; -0.8333333333333334 -147.1120204861107; -0.4166666666666667 -180.4382344831446; 0.0 -33.69616567391278; 0.4166666666666667 10.991493055555555; 0.8333333333333334 9.384722222222221; 1.25 3.1078124999999996; 1.6666666666666667 -63.85798085341898; 2.0833333333333335 -28.143923611111127; 2.5 -55.4625; 2.9166666666666665 -92.13871527777776; 3.3333333333333335 -139.3444444444445; 3.75 -198.2515625; 4.166666666666667 -270.0319444444445; 4.583333333333333 -836.36600390034; 5.0 -456.9]
npts :	25
nout :	6
model :	(x,t) -> x[1]*t[1]^3 + x[2]*t[1]^2 + x[3]*t[1] + x[4] - t[2] 
dim :	4
cluster :	false
noise :	false
solution :	[-2.7, -6.7, 7.8, 9.1]
description :	type: cubic model with noise and outliers
