name :	cubic
data :	[-5.0 895.6; -4.6 711.5247999999998; -4.2 554.0224000000001; -3.8 421.0575999999999; -3.4 310.5952; -3.0 220.6; -2.6 113.35720364501562; -2.2 -182.40544176487901; -1.8 53.0656; -1.4 -100.27976981287513; -1.0 6.399999999999999; -0.6 -3.5312; -0.2 -7.2416; 0.2 -6.7664; 0.6 -4.1408000000000005; 1.0 -152.4884853832045; 1.4 -0.5791999999999957; 1.8 -3.7136000000000045; 2.2 -12.838400000000007; 2.6 -29.988800000000005; 3.0 -57.19999999999998; 3.4 -96.50719999999997; 3.8 -6.918845987252837; 4.2 -219.5504; 4.6 -307.3567999999998; 5.0 -415.4]
npts :	26
nout :	5
model :	(x,t) -> x[1]*t[1]^3 + x[2]*t[1]^2 + x[3]*t[1] + x[4] - t[2] 
dim :	4
cluster :	false
noise :	false
solution :	[-5.3, 9.9, 1.4, -7.4]
description :	type: cubic model with noise and outliers
