name :	cubic
data :	[-5.0 -125.1; -4.583333333333333 -92.30167824074076; -4.166666666666667 -65.17175925925926; -3.75 -43.2328125; -3.3333333333333335 -26.007407407407424; -2.9166666666666665 -13.01811342592592; -2.5 -3.7875; -2.0833333333333335 2.1618634259259237; -1.6666666666666667 86.8680684304725; -1.25 6.1265625; -0.8333333333333334 5.09675925925926; -0.4166666666666667 121.10276538306535; 0.0 -80.66705798963223; 0.4166666666666667 -4.312094907407407; 0.8333333333333334 -7.963425925925925; 1.25 -11.0765625; 1.6666666666666667 -13.174074074074072; 2.0833333333333335 -13.778530092592591; 2.5 -12.4125; 2.9166666666666665 -180.03572221432538; 3.3333333333333335 -1.859259259259249; 3.75 8.282812500000007; 4.166666666666667 -457.78766698312313; 4.583333333333333 40.68501157407408; 5.0 129.57622378291654]
npts :	25
nout :	6
model :	(x,t) -> x[1]*t[1]^3 + x[2]*t[1]^2 + x[3]*t[1] + x[4] - t[2] 
dim :	4
cluster :	false
noise :	false
solution :	[1.1, -1.2, -8.6, -0.6]
description :	type: cubic model with noise and outliers
