name :	cubic
data :	[-5.0 -967.8; -4.722222222222222 -820.0555727023319; -4.444444444444445 -688.3631001371743; -4.166666666666667 -618.7883307094427; -3.888888888888889 -469.37887517146777; -3.611111111111111 -380.2095507544581; -3.3333333333333335 -303.33703703703713; -3.0555555555555554 -237.8225480109739; -2.7777777777777777 91.15606920527946; -2.5 -268.5981852148936; -2.2222222222222223 -100.03936899862828; -1.9444444444444444 -70.56911865569272; -1.6666666666666667 -33.46595076937217; -1.3888888888888888 -30.682115912208506; -1.1111111111111112 -18.387791495198908; -0.8333333333333334 -9.941203703703707; -0.5555555555555556 -4.403566529492456; -0.2777777777777778 -24.773606537409176; 0.0 -35.043942462350536; 0.2777777777777778 -59.183596363493336; 0.5555555555555556 7.433196159122086; 0.8333333333333334 12.507870370370371; 1.1111111111111112 20.306310013717425; 1.3888888888888888 31.767301097393688; 1.6666666666666667 47.82962962962964; 1.9444444444444444 69.43208161865569; 2.2222222222222223 97.51344307270236; 2.5 133.0125; 2.7777777777777777 176.86803840877914; 3.0555555555555554 230.01884430727017; 3.3333333333333335 216.76703972636955; 3.611111111111111 367.96140260630995; 3.888888888888889 271.8664006181067; 4.166666666666667 554.3504629629631; 4.444444444444445 668.0593964334707; 4.722222222222222 796.6963134430727; 5.0 941.2]
npts :	37
nout :	9
model :	(x,t) -> x[1]*t[1]^3 + x[2]*t[1]^2 + x[3]*t[1] + x[4] - t[2] 
dim :	4
cluster :	false
noise :	false
solution :	[7.3, -0.6, 8.4, 1.7]
description :	type: cubic model with noise and outliers
