name :	cubic
data :	[-5.0 -341.8; -4.814814814814815 -428.20976099942266; -4.62962962962963 -280.836427373876; -4.444444444444445 -425.69565397456665; -4.2592592592592595 -226.8870294162476; -4.074074074074074 -202.42833409541237; -3.888888888888889 -179.58600823045268; -3.7037037037037037 -602.9801054246414; -3.5185185185185186 -138.5675659198293; -3.3333333333333335 -120.3; -3.1481481481481484 -103.4659045877153; -2.962962962962963 -88.01955494589237; -2.7777777777777777 -21.587656576191115; -2.5925925925925926 -61.10719402530101; -2.4074074074074074 214.23374298558542; -2.2222222222222223 -39.1971193415638; -2.037037037037037 -30.003627495808576; -1.8518518518518519 -124.32865678949533; -1.6666666666666667 -14.911111111111115; -1.4814814814814814 -8.920637098003354; -1.2962962962962963 -112.05375916384241; -1.1111111111111112 0.17736625514403048; -0.9259259259259259 3.376345069349183; -0.7407407407407407 5.736274958085659; -0.5555555555555556 7.302880658436213; -0.37037037037037035 8.121886907483615; -0.18518518518518517 8.239018442310623; 0.0 7.7; 0.18518518518518517 6.550556317634507; 0.37037037037037035 4.836412132296907; 0.5555555555555556 2.6032921810699587; 0.7407407407407407 -0.10307879896357175; 0.9259259259259259 -24.43614757009257; 1.1111111111111112 306.83572342506227; 1.2962962962962963 -10.604450541076055; 1.4814814814814814 -14.746578265508305; 1.6666666666666667 -19.133333333333336; 1.8518518518518519 -23.71899100746838; 2.037037037037037 -28.457826550830678; 2.2222222222222223 -33.30411522633745; 2.4074074074074074 -38.21213229690596; 2.5925925925925926 -43.13615302545344; 2.7777777777777777 -48.03045267489711; 2.962962962962963 -52.84930650815424; 3.1481481481481484 -57.54698978814206; 3.3333333333333335 -62.07777777777778; 3.5185185185185186 -66.39594573997866; 3.7037037037037037 -477.286903792231; 3.888888888888889 -74.21152263374485; 4.074074074074074 -77.61748209114465; 4.2592592592592595 -80.62792257277856; 4.444444444444445 -83.1971193415638; 4.62962962962963 149.48458954966776; 4.814814814814815 -86.82888279225729; 5.0 -87.8]
npts :	55
nout :	11
model :	(x,t) -> x[1]*t[1]^3 + x[2]*t[1]^2 + x[3]*t[1] + x[4] - t[2] 
dim :	4
cluster :	false
noise :	false
solution :	[1.2, -8.9, -4.6, 7.7]
description :	type: cubic model with noise and outliers
