name :	cubic
data :	[-5.0 -784.7; -4.696969696969697 -831.5615065545247; -4.393939393939394 -781.5679734791028; -4.090909090909091 -425.21465063861757; -3.787878787878788 -232.3057098780869; -3.484848484848485 -259.68747808665165; -3.1818181818181817 -196.00728775356873; -2.878787878787879 -143.64690708740298; -2.5757575757575757 -68.60410553130838; -2.272727272727273 -68.67821187077388; -1.9696969696969697 -43.96621587778613; -1.6666666666666667 -26.366666666666667; -1.3636363636363635 -80.73299088529012; -1.0606060606060606 284.489926134554; -0.7575757575757576 -315.39259467029297; -0.45454545454545453 -6.0561232156273475; -0.15151515151515152 -8.241197094916103; 0.15151515151515152 -11.227673428499873; 0.45454545454545453 -13.963711495116453; 0.7575757575757576 -15.397470573503632; 1.0606060606060606 -14.4771099423992; 1.3636363636363635 -10.150788880540949; 1.6666666666666667 -1.3666666666666636; 1.9696969696969697 12.927097420485854; 2.272727272727273 33.782344102178826; 2.5757575757575757 62.25091409967443; 2.878787878787879 99.38464813423492; 3.1818181818181817 146.23538692712248; 3.484848484848485 -229.14622871314887; 3.787878787878788 273.2952416729277; 4.090909090909091 355.6080390683697; 4.393939393939394 451.84520410718744; 4.696969696969697 563.0585775106435; 5.0 690.3]
npts :	34
nout :	8
model :	(x,t) -> x[1]*t[1]^3 + x[2]*t[1]^2 + x[3]*t[1] + x[4] - t[2] 
dim :	4
cluster :	false
noise :	false
solution :	[6.3, -1.5, -10.0, -9.7]
description :	type: cubic model with noise and outliers
