name :	cubic
data :	[-5.0 -455.1; -4.9 -629.7058593093709; -4.8 -403.7736; -4.7 -379.69140000000004; -4.6 -356.6327999999999; -4.5 -298.90600760338333; -4.4 -313.4952000000001; -4.3 -293.37059999999997; -4.2 -274.1784; -4.1 -408.9140684233615; -4.0 -424.61719658460765; -3.9 -221.9682; -3.8 -757.5695321909952; -3.7 -191.40540000000001; -3.6 -177.3288; -3.5 -164.02499999999998; -3.4 277.7224637469076; -3.3 -139.6446; -3.2 -128.52240000000003; -3.1 -118.0818; -3.0 -108.3; -2.9 -99.15419999999999; -2.8 136.94698927139382; -2.7 -499.5119783807411; -2.6 -75.3048; -2.5 -179.3935688597442; -2.4 -62.1672; -2.3 -56.35859999999999; -2.2 -180.83083418007857; -2.1 -46.147800000000004; -2.0 192.05953722209705; -1.9 2.070748692303951; -1.8 -34.00560000000001; -1.7 -30.7134; -1.6 -27.760800000000003; -1.5 -25.125; -1.4 13.649490843623145; -1.3 -20.712600000000002; -1.2 -18.8904; -1.1 -17.2938; -1.0 -15.9; -0.9 -14.686200000000001; -0.8 -13.6296; -0.7 -12.7074; -0.6 -91.91526473003421; -0.5 -11.175; -0.4 -10.5192; -0.3 -9.9066; -0.2 -9.3144; -0.1 -8.7198; 0.0 -8.1; 0.1 -267.23770608626177; 0.2 -6.693599999999999; 0.3 -5.8614; 0.4 -4.912799999999999; 0.5 -3.8249999999999993; 0.6 -2.5751999999999997; 0.7 -1.140600000000001; 0.8 0.5016000000000016; 0.9 2.3742; 1.0 -164.1165696675334; 1.1 6.901800000000003; 1.2 9.602399999999998; 1.3 12.624600000000003; 1.4 15.991199999999994; 1.5 19.725; 1.6 -4.345887183186701; 1.7 28.385399999999997; 1.8 33.357600000000005; 1.9 38.788199999999996; 2.0 90.46625911777411; 2.1 227.83497211872768; 2.2 58.05840000000001; 2.3 65.55059999999999; 2.4 73.6152; 2.5 82.275; 2.6 91.55280000000002; 2.7 101.47140000000002; 2.8 112.05359999999997; 2.9 482.71152389584574; 3.0 135.29999999999998; 3.1 -69.62000891124569; 3.2 458.58497792434355; 3.3 175.7166; 3.4 289.4388246515674; 3.5 206.625; 3.6 223.33680000000004; 3.7 240.91740000000001; 3.8 259.3896; 3.9 278.77619999999996; 4.0 299.09999999999997; 4.1 320.38379999999995; 4.2 254.60355342444984; 4.3 365.9225999999999; 4.4 390.2232000000001; 4.5 415.575; 4.6 442.00079999999986; 4.7 279.93117750156273; 4.8 498.1655999999999; 4.9 527.9502000000001; 5.0 558.9]
npts :	101
nout :	25
model :	(x,t) -> x[1]*t[1]^3 + x[2]*t[1]^2 + x[3]*t[1] + x[4] - t[2] 
dim :	4
cluster :	false
noise :	false
solution :	[3.8, 2.4, 6.4, -8.1]
description :	type: cubic model with noise and outliers
