name :	cubic
data :	[-5.0 701.8; -4.7727272727272725 609.6287471825694; -4.545454545454546 406.78593067681624; -4.318181818181818 450.0542731029302; -4.090909090909091 213.14042831521206; -3.8636363636363638 320.8272821187078; -3.6363636363636362 266.5903831705484; -3.409090909090909 218.73590345604813; -3.1818181818181817 143.2198604498326; -2.9545454545454546 -36.38970011947484; -2.727272727272727 109.45214124718255; -2.5 83.1125; -2.272727272727273 61.147858752817456; -2.0454545454545454 43.15673365890308; -1.8181818181818181 28.737640871525162; -1.5909090909090908 17.489096543951916; -1.3636363636363635 9.009616829451538; -1.1363636363636365 2.897717881292265; -0.9090909090909091 -1.2480841472577016; -0.6818181818181818 -3.829273102930128; -0.45454545454545453 125.74069753859436; -0.22727272727272727 -5.9037471825694965; 0.0 -6.2; 0.22727272727272727 -233.9059770733582; 0.45454545454545453 -7.317956423741547; 0.6818181818181818 -8.942627723516154; 0.9090909090909091 -11.813072877535687; 1.1363636363636365 -16.330775732531933; 1.3636363636363635 -22.89722013523666; 1.5909090909090908 -31.913889932381664; 1.8181818181818181 -43.78226897069872; 2.0454545454545454 -58.90384109691962; 2.272727272727273 -77.68009015777614; 2.5 -100.5125; 2.727272727272727 -127.80255447032305; 2.9545454545454546 -159.95173741547708; 3.1818181818181817 66.8942696793882; 3.409090909090909 -240.43342411720513; 3.6363636363636362 -289.56889556724263; 3.8636363636363638 -345.1694308790384; 4.090909090909091 -407.63651389932386; 4.318181818181818 -408.78956599457933; 4.545454545454546 -576.1449630830998; 4.7727272727272725 -640.2518876784372; 5.0 -734.2]
npts :	45
nout :	9
model :	(x,t) -> x[1]*t[1]^3 + x[2]*t[1]^2 + x[3]*t[1] + x[4] - t[2] 
dim :	4
cluster :	false
noise :	false
solution :	[-5.7, -0.4, -1.1, -6.2]
description :	type: cubic model with noise and outliers
