name :	cubic
data :	[-5.0 362.53534225265923; -4.666666666666667 139.71111111111117; -4.333333333333333 105.77777777777774; -4.0 78.00000000000001; -3.6666666666666665 55.77777777777778; -3.3333333333333335 38.51111111111112; -3.0 -172.33976055940897; -2.6666666666666665 16.44444444444445; -2.3333333333333335 -33.4426834887081; -2.0 7.0; -1.6666666666666667 5.51111111111111; -1.3333333333333333 -377.956070042645; -1.0 6.0; -0.6666666666666666 -125.32196982639005; -0.3333333333333333 7.111111111111112; 0.0 6.4; 0.3333333333333333 4.044444444444445; 0.6666666666666666 -454.85289880486374; 1.0 -165.42108751424638; 1.3333333333333333 -18.888888888888893; 1.6666666666666667 -33.82222222222223; 2.0 -53.400000000000006; 2.3333333333333335 -78.22222222222223; 2.6666666666666665 -108.88888888888889; 3.0 63.51723617434544; 3.3333333333333335 -190.15555555555562; 3.6666666666666665 -241.95555555555555; 4.0 -302.00000000000006; 4.333333333333333 -370.88888888888886; 4.666666666666667 -449.22222222222234; 5.0 -537.6]
npts :	31
nout :	8
model :	(x,t) -> x[1]*t[1]^3 + x[2]*t[1]^2 + x[3]*t[1] + x[4] - t[2] 
dim :	4
cluster :	false
noise :	false
solution :	[-2.7, -7.4, -4.3, 6.4]
description :	type: cubic model with noise and outliers
