name :	cubic
data :	[-5.0 -899.8473433217284; -4.795918367346939 -252.84289368208417; -4.591836734693878 -434.86361975027427; -4.387755102040816 -383.75957296704604; -4.183673469387755 -684.4715966741292; -3.979591836734694 -293.66377954763755; -3.7755102040816326 -254.34563829696813; -3.5714285714285716 -218.62973760932948; -3.36734693877551 -186.35288017747706; -3.163265306122449 -157.35186869416657; -2.9591836734693877 -131.46350585215342; -2.7551020408163267 -241.44594532059102; -2.5510204081632653 88.84688117282185; -2.3469387755102042 -70.84233610145435; -2.142857142857143 -55.77259475218658; -1.9387755102040816 -42.99951550799412; -1.7346938775510203 102.4629012682029; -1.530612244897959 -23.690554105857245; -1.3265306122448979 -369.4440871724105; -1.1224489795918366 -14.430599600302227; -0.9183673469387755 -7.872145109605692; -0.7142857142857143 -5.451895043731779; -0.5102040816326531 -4.185925932222118; -0.30612244897959184 -3.9110404678322808; -0.10204081632653061 -4.464041343317835; 0.10204081632653061 -5.681731251434352; 0.30612244897959184 -7.400912884937398; 0.5102040816326531 -9.458388936582548; 0.7142857142857143 -11.690962099125365; 0.9183673469387755 -111.7553193831023; 1.1224489795918366 -286.5717129438866; 1.3265306122448979 -17.807291179695532; 1.530612244897959 -19.10827971338473; 1.7346938775510203 -19.76837882174944; 1.9387755102040816 -19.624391197545236; 2.142857142857143 -18.513119533527696; 2.3469387755102042 -16.271366522452375; 2.5510204081632653 -12.735934857074858; 2.7551020408163267 -7.743627230150686; 2.9591836734693877 -1.131246334435481; 3.163265306122449 7.264405137315254; 3.36734693877551 17.606524492345866; 3.5714285714285716 30.058309037900898; 3.7755102040816326 44.782956081224675; 3.979591836734694 61.94366292956168; 4.183673469387755 81.7036268901563; 4.387755102040816 260.6423426956155; 4.591836734693878 3.8898559386493474; 4.795918367346939 158.2110345179305; 5.0 190.0]
npts :	50
nout :	12
model :	(x,t) -> x[1]*t[1]^3 + x[2]*t[1]^2 + x[3]*t[1] + x[4] - t[2] 
dim :	4
cluster :	false
noise :	false
solution :	[3.2, -7.0, -6.0, -5.0]
description :	type: cubic model with noise and outliers
