name :	cubic
data :	[-5.0 286.9; -4.6 227.88879999999995; -4.2 177.59440000000004; -3.8 135.32559999999998; -3.4 69.01216115902656; -3.0 -278.6696072050106; -2.6 49.76080000000001; -2.2 32.68240000000001; -1.8 20.1736; -1.4 11.543199999999997; -1.0 233.02148371450775; -0.6 74.61545156113608; -0.2 2.0103999999999997; 0.2 1.9815999999999998; 0.6 2.3752; 1.0 -232.57839006842727; 1.4 1.6648; 1.8 -0.8216000000000023; 2.2 -5.650400000000005; 2.6 -13.512800000000007; 3.0 -25.100000000000005; 3.4 -41.103199999999994; 3.8 -62.21359999999999; 4.2 -89.12240000000001; 4.6 -122.52079999999995; 5.0 -163.1]
npts :	26
nout :	5
model :	(x,t) -> x[1]*t[1]^3 + x[2]*t[1]^2 + x[3]*t[1] + x[4] - t[2] 
dim :	4
cluster :	false
noise :	false
solution :	[-1.8, 2.4, 0.0, 1.9]
description :	type: cubic model with noise and outliers
