name :	cubic
data :	[-5.0 -41.8; -4.375 -28.6173828125; -3.75 -18.2765625; -3.125 -10.3380859375; -2.5 39.23711427594098; -1.875 225.4910931261113; -1.25 3.4578124999999993; -0.625 6.181445312499999; 0.0 8.7; 0.625 11.4529296875; 1.25 30.358599571557132; 1.875 19.4197265625; 2.5 25.5125; 3.125 33.5974609375; 3.75 44.1140625; 4.375 57.5017578125; 5.0 74.2]
npts :	17
nout :	3
model :	(x,t) -> x[1]*t[1]^3 + x[2]*t[1]^2 + x[3]*t[1] + x[4] - t[2] 
dim :	4
cluster :	false
noise :	false
solution :	[0.3, 0.3, 4.1, 8.7]
description :	type: cubic model with noise and outliers
