name :	cubic
data :	[-5.0 709.1598563639793; -4.714285714285714 650.2113702623908; -4.428571428571429 529.1419825072886; -4.142857142857143 423.9723032069972; -3.857142857142857 333.5827988338193; -3.5714285714285716 256.8539358600584; -3.2857142857142856 286.6550405341246; -3.0 139.89999999999998; -2.7142857142857144 97.43586005830903; -2.4285714285714284 362.7087656578291; -2.142857142857143 38.93556851311952; -1.8571428571428572 20.660349854227405; -1.5714285714285714 8.20903790087463; -1.2857142857142858 0.46209912536443465; -1.0 -3.7000000000000006; -0.7142857142857143 -5.3967930029154525; -0.42857142857142855 -5.747813411078718; -0.14285714285714285 -5.872594752186589; 0.14285714285714285 -6.89067055393586; 0.42857142857142855 -9.921574344023323; 0.7142857142857143 -16.084839650145774; 1.0 -26.499999999999996; 1.2857142857142858 5.688956357023088; 1.5714285714285714 -64.56413994169095; 1.8571428571428572 -94.4521865889213; 2.142857142857143 -133.07026239067054; 2.4285714285714284 304.1882011308194; 2.7142857142857144 -240.97463556851315; 3.0 -312.5; 3.2857142857142856 -397.2335276967929; 3.5714285714285716 -496.294752186589; 3.857142857142857 -635.3862202621982; 4.142857142857143 -741.8784256559768; 4.428571428571429 -1231.8953089412314; 4.714285714285714 -1058.2072886297378; 5.0 -1245.7]
npts :	36
nout :	7
model :	(x,t) -> x[1]*t[1]^3 + x[2]*t[1]^2 + x[3]*t[1] + x[4] - t[2] 
dim :	4
cluster :	false
noise :	false
solution :	[-8.0, -8.9, -3.4, -6.2]
description :	type: cubic model with noise and outliers
