name :	cubic
data :	[-5.0 540.4; -4.72972972972973 462.2959785205219; -4.45945945945946 586.1216715771311; -4.1891891891891895 330.1860146486882; -3.918918918918919 275.2561388269204; -3.6486486486486487 227.1270447949776; -3.3783783783783785 185.33676583815375; -3.108108108108108 149.42333524174282; -2.8378378378378377 197.05183463199825; -2.5675675675675675 251.37384021119368; -2.2972972972972974 72.32446646792886; -2.027027027027027 55.2987621661106; -1.7567567567567568 -344.17369058642726; -1.4864864864864864 31.486431208418054; -1.2162162162162162 -308.7705820134724; -0.9459459459459459 18.246425680611218; -0.6756756756756757 14.43612816615008; -0.40540540540540543 11.883011865042544; -0.13513513513513514 10.12511006258267; 0.13513513513513514 8.700456044064518; 0.40540540540540543 7.147083094782145; 0.6756756756756757 5.003024500029613; 0.9459459459459459 -303.5077933029293; 1.2162162162162162 -2.905016484709691; 1.4864864864864864 -101.63165853845736; 1.7567567567567568 -18.719400627800923; 2.027027027027027 -30.74638817049337; 2.2972972972972974 -24.2347023788416; 2.5675675675675675 47.51034257305375; 2.8378378378378377 -88.85013325962922; 3.108108108108108 -117.09886482538049; 3.3783783783783785 -150.5579491836614; 3.6486486486486487 -189.68935304917775; 3.918918918918919 -234.9550431366355; 4.1891891891891895 -286.8169861607408; 4.45945945945946 -345.7371488361993; 4.72972972972973 -447.9357613260629; 5.0 -486.6]
npts :	38
nout :	10
model :	(x,t) -> x[1]*t[1]^3 + x[2]*t[1]^2 + x[3]*t[1] + x[4] - t[2] 
dim :	4
cluster :	false
noise :	false
solution :	[-3.9, 0.7, -5.2, 9.4]
description :	type: cubic model with noise and outliers
