name :	cubic
data :	[-5.0 20.7; -4.787234042553192 28.028732554443632; -4.574468085106383 33.95276672798898; -4.361702127659575 38.570346647659996; -4.148936170212766 41.979716440480466; -3.9361702127659575 44.279120233474295; -3.723404255319149 45.56680215366538; -3.5106382978723403 45.941006328077606; -3.297872340425532 45.49997688373483; -3.0851063829787235 17.594346706856513; -2.872340425531915 42.56519364687979; -2.6595744680851063 40.26792810841529; -2.4468085106382977 219.8007759385197; -2.234042553191489 34.50486982653169; -2.021276595744681 351.11369296553096; -1.8085106382978724 27.838736118201172; -1.5957446808510638 117.76867211228004; -1.3829787234042554 21.055479999614732; -1.1702127659574468 17.865541354035233; -0.9574468085106383 14.941054486963392; -0.7446808510638298 12.380263525423075; -0.5319148936170213 10.28141259643817; -0.3191489361702128 8.742745827032547; -0.10638297872340426 7.862507344230084; 0.10638297872340426 7.7389412750546605; 0.3191489361702128 8.470291746530153; 0.5319148936170213 -105.61267559415676; 0.7446808510638298 12.890718819529392; 0.9574468085106383 16.776283675100895; 1.1702127659574468 21.909741579418817; 1.3829787234042554 28.389336659507048; 1.5957446808510638 36.31331304238945; 1.8085106382978724 -105.08435008754364; 2.021276595744681 56.88738622463232; 2.234042553191489 -295.6411124223941; 2.4468085106382977 84.4179141423384; 2.6595744680851063 101.03745894454985; 2.872340425531915 119.69084981169877; 3.0851063829787235 140.47633087080897; 3.297872340425532 163.49214624890442; 3.5106382978723403 46.154057201870756; 3.723404255319149 225.25895410479603; 3.9361702127659575 246.90403956734056; 4.148936170212766 279.8236334916155; 4.361702127659575 315.46478236999513; 4.574468085106383 353.92573032950304; 4.787234042553192 637.6629418568933; 5.0 439.7]
npts :	48
nout :	10
model :	(x,t) -> x[1]*t[1]^3 + x[2]*t[1]^2 + x[3]*t[1] + x[4] - t[2] 
dim :	4
cluster :	false
noise :	false
solution :	[1.7, 8.9, -0.6, 7.7]
description :	type: cubic model with noise and outliers
