name :	cubic
data :	[-5.0 120.0; -4.6 92.83199999999997; -4.2 70.112; -3.8 -159.45718382257664; -3.4 -206.57638422569823; -3.0 24.799999999999997; -2.6 16.032000000000004; -2.2 9.792000000000002; -1.8 5.696; -1.4 3.3599999999999994; -1.0 67.18825097061932; -0.6 2.432; -0.2 3.072; 0.2 3.936; 0.6 4.640000000000001; 1.0 4.800000000000001; 1.4 4.032000000000001; 1.8 1.9519999999999995; 2.2 -1.8240000000000025; 2.6 -7.680000000000005; 3.0 52.397957806760374; 3.4 -27.167999999999996; 3.8 -41.56799999999999; 4.2 -59.58400000000001; 4.6 -81.59999999999997; 5.0 156.59499611122186]
npts :	26
nout :	5
model :	(x,t) -> x[1]*t[1]^3 + x[2]*t[1]^2 + x[3]*t[1] + x[4] - t[2] 
dim :	4
cluster :	false
noise :	false
solution :	[-1.0, 0.1, 2.2, 3.5]
description :	type: cubic model with noise and outliers
