name :	cubic
data :	[-5.0 -246.6; -4.375 -168.7767578125; -3.75 -110.2015625; -3.125 -89.10440893095553; -2.5 -39.6625; -1.875 -22.1322265625; -1.25 -12.7171875; -0.625 -8.6341796875; 0.0 -7.1; 0.625 -5.3314453125; 1.25 -0.5453124999999996; 1.875 8.19502355183069; 2.5 29.2125; 3.125 29.345011820534836; 3.75 104.4390625; 4.375 166.0611328125; 5.0 247.4]
npts :	17
nout :	3
model :	(x,t) -> x[1]*t[1]^3 + x[2]*t[1]^2 + x[3]*t[1] + x[4] - t[2] 
dim :	4
cluster :	false
noise :	false
solution :	[1.9, 0.3, 1.9, -7.1]
description :	type: cubic model with noise and outliers
