name :	cubic
data :	[-5.0 354.5; -4.411764705882353 216.76480765316512; -3.823529411764706 117.0267657235905; -3.235294117647059 28.276521410114846; -2.6470588235294117 8.58263789945045; -2.0588235294117645 -126.42197208461685; -1.4705882352941178 -16.75137390596377; -0.8823529411764706 -12.60177081213108; -0.29411764705882354 -4.894260126195808; 0.29411764705882354 0.6312843476490944; 0.8823529411764706 -1.7650111947893325; 1.4705882352941178 -17.823020557704055; 2.0588235294117645 -53.282617545288005; 2.6470588235294117 -113.88367596173418; 3.235294117647059 2.851918201488104; 3.823529411764706 -333.4696722979849; 4.411764705882353 -503.9343578261755; 5.0 -826.3383065094906]
npts :	18
nout :	4
model :	(x,t) -> x[1]*t[1]^3 + x[2]*t[1]^2 + x[3]*t[1] + x[4] - t[2] 
dim :	4
cluster :	false
noise :	false
solution :	[-4.7, -7.3, 9.8, -1.5]
description :	type: cubic model with noise and outliers
