name :	cubic
data :	[-5.0 -924.0; -4.821428571428571 -823.4464285714286; -4.642857142857143 -730.3801020408165; -4.464285714285714 -588.3832353763304; -4.285714285714286 -565.5612244897959; -4.107142857142857 -502.00405873727266; -3.9285714285714284 -427.24744897959175; -3.75 -367.3125; -3.5714285714285716 -313.1428571428572; -3.392857142857143 -264.4515306122449; -3.2142857142857144 -184.58838477230364; -3.0357142857142856 -182.35586734693877; -2.857142857142857 -55.26796980828503; -2.6785714285714284 -118.72959183673468; -2.5 -25.546656728969978; -2.3214285714285716 -71.27678571428575; -2.142857142857143 -52.897959183673464; -1.9642857142857142 -37.701530612244895; -1.7857142857142858 -25.400510204081645; -1.6071428571428572 -15.707908163265312; -1.4285714285714286 -8.33673469387755; -1.25 -3.0; -1.0714285714285714 -81.43698038952677; -0.8928571428571429 -38.83040922167429; -0.7142857142857143 315.75946769222026; -0.5357142857142857 3.74234693877551; -0.35714285714285715 3.2117346938775513; -0.17857142857142858 2.368622448979592; 0.0 1.5; 0.17857142857142858 0.8928571428571428; 0.35714285714285715 0.8341836734693876; 0.5357142857142857 1.6109693877551017; 0.7142857142857143 80.8166409103928; 0.8928571428571429 106.38590191233467; 1.0714285714285714 11.823979591836732; 1.25 197.26312142154788; 1.4285714285714286 28.071428571428577; 1.6071428571428572 49.27572823262099; 1.7857142857142858 54.548469387755105; 1.9642857142857142 72.34056122448979; 2.142857142857143 93.55102040816325; 2.3214285714285716 118.46683673469391; 2.5 147.375; 2.6785714285714284 180.5625; 2.857142857142857 218.31632653061226; 3.0357142857142856 260.9234693877551; 3.2142857142857144 308.670918367347; 3.392857142857143 361.8456632653061; 3.5714285714285716 420.7346938775511; 3.75 485.625; 3.9285714285714284 556.8035714285713; 4.107142857142857 634.5573979591836; 4.285714285714286 719.173469387755; 4.464285714285714 810.9387755102043; 4.642857142857143 999.820298695473; 4.821428571428571 1017.0650510204081; 5.0 1079.9534695240902]
npts :	57
nout :	14
model :	(x,t) -> x[1]*t[1]^3 + x[2]*t[1]^2 + x[3]*t[1] + x[4] - t[2] 
dim :	4
cluster :	false
noise :	false
solution :	[8.4, 4.1, -4.4, 1.5]
description :	type: cubic model with noise and outliers
