name :	cubic
data :	[-5.0 -481.7; -4.827586206896552 -431.1193693878387; -4.655172413793103 -384.02166140473145; -4.482758620689655 -340.2869449341915; -4.310344827586207 -299.79528885973195; -4.137931034482759 -167.49348940466064; -3.9655172413793105 -228.06143343310512; -3.793103448275862 -196.57937184796424; -3.6206896551724137 -511.6717102150986; -3.4482758620689653 -141.78532535159286; -3.2758620689655173 -118.23347820738859; -3.103448275862069 -97.08517364385584; -2.9310344827586206 -78.22048054450774; -2.7586206896551726 -358.23695797537505; -2.586206896551724 -46.86220427241787; -2.413793103448276 -34.128758866702185; -2.2413793103448274 -23.19920045922341; -2.0689655172413794 280.8190854048851; -1.896551724137931 -166.35199644770728; -1.7241379310344827 -0.03453606133912146; -1.5517241379310345 4.878785518061424; -1.3793103448275863 8.587875681659765; -1.206896551724138 11.212665545942844; -1.0344827586206897 -310.5669850410962; -0.8620689655172413 -236.32709404125396; -0.6896551724137931 13.780544507769898; -0.5172413793103449 13.267444339661324; -0.3448275862068966 170.93135971705263; -0.1724137931034483 10.907240969289434; 0.0 0.5332083971005588; 0.1724137931034483 7.567907663290828; 0.3448275862068966 -286.9564324068242; 0.5172413793103449 4.208893353561032; 0.6896551724137931 2.821833613514289; 0.8620689655172413 1.7896469719955714; 1.0344827586206897 1.2322645454918195; 1.206896551724138 1.2696174504899744; 1.3793103448275863 2.0216368034769774; 1.5517241379310345 3.608253720939768; 1.7241379310344827 6.149399319365283; 1.896551724137931 9.765004715240476; 2.0689655172413794 14.575001025052284; 2.2413793103448274 20.699319365287618; 2.413793103448276 28.257890852433466; 2.586206896551724 37.370646602976734; 2.7586206896551726 48.157517733404404; 2.9310344827586206 -187.82879516433047; 3.103448275862069 75.2333305998606; 3.2758620689655173 91.762134568863; 3.4482758620689653 110.44477838369754; 3.6206896551724137 334.9890799571109; 3.793103448275862 154.75131001681086; 3.9655172413793105 180.6150600680635; 4.137931034482759 209.11237443109604; 4.310344827586207 -254.22627347528277; 4.482758620689655 274.48742055844843; 4.655172413793103 578.3631633588583; 4.827586206896552 751.5866081779177; 5.0 395.3]
npts :	59
nout :	15
model :	(x,t) -> x[1]*t[1]^3 + x[2]*t[1]^2 + x[3]*t[1] + x[4] - t[2] 
dim :	4
cluster :	false
noise :	false
solution :	[3.9, -2.1, -9.8, 9.3]
description :	type: cubic model with noise and outliers
