name :	cubic
data :	[-5.0 -253.6; -4.875 -164.9097238401287; -4.75 -571.1293713973979; -4.625 -199.17167968750002; -4.5 -183.0875; -4.375 -167.97988281250002; -4.25 -153.81718750000002; -4.125 -140.5677734375; -4.0 -128.20000000000002; -3.875 -116.68222656250002; -3.75 -105.9828125; -3.625 -96.0701171875; -3.5 246.1684786191802; -3.375 -78.4783203125; -3.25 -70.7359375; -3.125 18.263764835854694; -3.0 103.52942682530407; -2.875 -51.3431640625; -2.75 -46.0515625; -2.625 -41.2935546875; -2.5 -37.0375; -2.375 -33.2517578125; -2.25 -29.9046875; -2.125 -26.964648437500003; -2.0 -24.4; -1.875 -22.1791015625; -1.75 -55.68951642657461; -1.625 -18.6419921875; -1.5 -17.2625; -1.375 -16.1001953125; -1.25 -15.1234375; -1.125 -14.3005859375; -1.0 -13.6; -0.875 -12.9900390625; -0.75 -12.439062499999999; -0.625 -11.9154296875; -0.5 247.87141259413937; -0.375 2.9871571557685836; -0.25 -10.1921875; -0.125 -9.4615234375; 0.0 -8.6; 0.125 -7.575976562499999; 0.25 -187.12298803708123; 0.375 -267.31358050076756; 0.5 -3.2124999999999995; 0.625 -1.2220703124999996; 0.75 1.0890625000000007; 0.875 3.7525390625000004; 1.0 6.800000000000001; 1.125 10.2630859375; 1.25 -32.50350105605123; 1.375 -332.7921132371432; 1.5 23.4625; 1.625 28.904492187500004; 1.75 34.9203125; 1.875 107.17231321126698; 2.0 48.800000000000004; 2.125 56.7271484375; 2.25 65.35468750000001; 2.375 74.71425781250001; 2.5 84.8375; 2.625 95.75605468750001; 2.75 107.5015625; 2.875 120.10566406250001; 3.0 312.6627202257289; 3.125 148.0162109375; 3.25 163.3859375; 3.375 179.7408203125; 3.5 197.1125; 3.625 215.5326171875; 3.75 235.0328125; 3.875 255.64472656250004; 4.0 277.4; 4.125 300.3302734375; 4.25 271.2715245202998; 4.375 349.8423828125; 4.5 376.4875; 4.625 404.4341796875; 4.75 433.7140625; 4.875 667.5673636418328; 5.0 496.4]
npts :	81
nout :	16
model :	(x,t) -> x[1]*t[1]^3 + x[2]*t[1]^2 + x[3]*t[1] + x[4] - t[2] 
dim :	4
cluster :	false
noise :	false
solution :	[2.7, 5.2, 7.5, -8.6]
description :	type: cubic model with noise and outliers
