name :	cubic
data :	[-5.0 1099.6; -4.821428571428571 1009.9528606458036; -4.642857142857143 872.5754008746359; -4.464285714285714 771.6827942784258; -4.285714285714286 678.77055393586; -4.107142857142857 593.5141080539358; -3.9285714285714284 515.5888848396501; -3.75 444.6703125; -3.5714285714285716 380.4338192419826; -3.392857142857143 322.55483327259475; -3.2142857142857144 332.77714135643976; -3.0357142857142856 224.57109602769674; -2.857142857142857 183.81720116618078; -2.6785714285714284 148.12252642128277; -2.5 117.1625; -2.3214285714285716 90.61255010932948; -2.142857142857143 68.1481049562682; -1.9642857142857142 269.92926709948034; -1.7857142857142858 34.177441690962105; -1.6071428571428572 22.02207999271137; -1.4285714285714286 -4.521803699334507; -1.25 106.8591174935539; -1.0714285714285714 -117.30098187079611; -0.8928571428571429 284.5220894954298; -0.7142857142857143 -3.437900874635568; -0.5357142857142857 -250.18014922272386; -0.35714285714285715 -3.199380466472303; -0.17857142857142858 -2.145011844023324; 0.0 -0.9; 0.17857142857142858 0.21108327259475212; 0.35714285714285715 0.8636661807580176; 0.5357142857142857 0.7331769314868807; 0.7142857142857143 -0.5049562682215744; 0.8928571428571429 -3.175305211370263; 1.0714285714285714 -7.602441690962096; 1.25 -14.1109375; 1.4285714285714286 -23.02536443148688; 1.6071428571428572 -34.67029427842566; 1.7857142857142858 -49.37029883381924; 1.9642857142857142 36.006259240814686; 2.142857142857143 12.27601290241823; 2.3214285714285716 -115.04647868075807; 2.5 -145.2125; 2.6785714285714284 -180.05645499271134; 2.857142857142857 -219.90291545189507; 3.0357142857142856 -265.07645317055386; 3.2142857142857144 -315.9016399416909; 3.392857142857143 -372.70304755830904; 3.5714285714285716 -435.8052478134111; 3.75 -564.1495314346446; 3.9285714285714284 -582.2103134110787; 4.107142857142857 -666.16232233965; 4.285714285714286 -757.7134110787171; 4.464285714285714 -857.1881514212829; 4.642857142857143 -964.91111516035; 4.821428571428571 -1081.206874088921; 5.0 -1206.4]
npts :	57
nout :	11
model :	(x,t) -> x[1]*t[1]^3 + x[2]*t[1]^2 + x[3]*t[1] + x[4] - t[2] 
dim :	4
cluster :	false
noise :	false
solution :	[-9.5, -2.1, 6.9, -0.9]
description :	type: cubic model with noise and outliers
