name :	cubic
data :	[-5.0 -670.9; -4.696969696969697 -562.0741380749645; -4.393939393939394 -465.70173637198417; -4.090909090909091 -381.0314800901578; -3.787878787878788 -307.3120544285834; -3.484848484848485 -75.22753632329827; -3.1818181818181817 -189.72043576258451; -2.878787878787879 -269.49079273304125; -2.5757575757575757 -106.9163619667752; -2.272727272727273 -76.68136739293767; -1.9696969696969697 -52.88931463394273; -1.6666666666666667 -34.7888888888889; -1.3636363636363635 -21.628775356874527; -1.0606060606060606 -450.9283693903561; -0.7575757575757576 -44.8695208583036; -0.45454545454545453 -4.277160030052592; -0.15151515151515152 -3.365147341180399; 0.15151515151515152 -3.636872860839803; 0.45454545454545453 -185.17929375986577; 0.7575757575757576 -4.72627932214709; 1.0606060606060606 -90.13803255240269; 1.3636363636363635 -1.5348610067618347; 1.6666666666666667 3.5444444444444474; 1.9696969696969697 11.947900492528587; 2.272727272727273 24.426821938392195; 2.5757575757575757 41.7325235829368; 2.878787878787879 64.61632022706405; 3.1818181818181817 109.28299402017022; 3.484848484848485 130.12345771767255; 3.787878787878788 174.24942816595714; 4.090909090909091 226.95875281743054; 4.393939393939394 289.0027464729944; 4.696969696969697 361.13272393355044; 5.0 444.1]
npts :	34
nout :	7
model :	(x,t) -> x[1]*t[1]^3 + x[2]*t[1]^2 + x[3]*t[1] + x[4] - t[2] 
dim :	4
cluster :	false
noise :	false
solution :	[4.5, -4.4, -1.0, -3.4]
description :	type: cubic model with noise and outliers
