name :	cubic
data :	[-5.0 187.8; -4.791666666666667 155.94981192129632; -4.583333333333333 127.52627314814812; -4.375 102.344921875; -4.166666666666667 80.22129629629629; -3.9583333333333335 60.97093460648148; -3.75 177.0229099595404; -3.5416666666666665 30.3521556712963; -3.3333333333333335 391.2645972867364; -3.125 9.012890625; -2.9166666666666665 1.3619212962962859; -2.7083333333333335 -4.522554976851843; -2.5 -213.5089285990695; -2.2916666666666665 -11.729875578703707; -2.0833333333333335 -13.421643518518525; -1.875 -14.084765625; -1.6666666666666667 -13.903703703703705; -1.4583333333333333 -13.062919560185186; -1.25 -11.746875; -1.0416666666666667 17.48310024393741; -0.8333333333333334 -8.426851851851852; -0.625 -6.791796875; -0.4166666666666667 -5.4193287037037035; -0.20833333333333334 -4.493909143518518; 0.0 212.6047833792698; 0.20833333333333334 -4.7220630787037035; 0.4166666666666667 -6.244560185185186; 0.625 -8.951953125; 0.8333333333333334 -13.028703703703705; 1.0416666666666667 -18.659273726851854; 1.25 -26.028125; 1.4583333333333333 -35.3197193287037; 1.6666666666666667 -46.71851851851853; 1.875 -60.408984375; 2.0833333333333335 -76.57557870370371; 2.2916666666666665 -95.40276331018518; 2.5 -117.075; 2.7083333333333335 -141.7767505787037; 2.9166666666666665 -181.12684246847513; 3.125 -201.006640625; 3.3333333333333335 -235.90370370370374; 3.5416666666666665 -274.5681278935185; 3.75 -317.184375; 3.9583333333333335 -352.7437987487297; 4.166666666666667 -504.0706980317426; 4.375 -470.588671875; 4.583333333333333 -708.7309335592956; 4.791666666666667 -580.9451129697525; 5.0 -666.2]
npts :	49
nout :	10
model :	(x,t) -> x[1]*t[1]^3 + x[2]*t[1]^2 + x[3]*t[1] + x[4] - t[2] 
dim :	4
cluster :	false
noise :	false
solution :	[-3.4, -9.4, -0.4, -4.2]
description :	type: cubic model with noise and outliers
