name :	cubic
data :	[-5.0 441.8183104182295; -4.722222222222222 603.1082304526749; -4.444444444444445 498.7893004115227; -4.166666666666667 559.8213737062264; -3.888888888888889 327.7748971193415; -3.611111111111111 -235.3862828951951; -3.3333333333333335 201.26666666666668; -3.0555555555555554 152.5804526748971; -2.7777777777777777 24.7329396116903; -2.5 80.1; -2.2222222222222223 54.6082304526749; -1.9444444444444444 35.15041152263374; -1.6666666666666667 20.87777777777778; -1.3888888888888888 10.941563786008226; -1.1111111111111112 4.493004115226338; -0.8333333333333334 0.683333333333334; -0.5555555555555556 -1.3362139917695472; -0.2777777777777778 -2.4144032921810696; 0.0 -3.4; 0.2777777777777778 -5.141769547325103; 0.5555555555555556 -8.488477366255145; 0.8333333333333334 465.8064283834368; 1.1111111111111112 -23.391769547325104; 1.3888888888888888 -36.64588477366255; 1.6666666666666667 184.57969220254842; 1.9444444444444444 -79.00288065843621; 2.2222222222222223 -109.80329218106996; 2.5 -148.15; 2.7777777777777777 186.80587744543462; 3.0555555555555554 -250.87736625514398; 3.3333333333333335 -316.9555555555556; 3.611111111111111 -393.9751028806584; 3.888888888888889 -482.7847736625513; 4.166666666666667 -584.2333333333335; 4.444444444444445 -699.1695473251029; 4.722222222222222 -719.4010243454668; 5.0 -962.2572509477711]
npts :	37
nout :	9
model :	(x,t) -> x[1]*t[1]^3 + x[2]*t[1]^2 + x[3]*t[1] + x[4] - t[2] 
dim :	4
cluster :	false
noise :	false
solution :	[-6.6, -4.9, -4.4, -3.4]
description :	type: cubic model with noise and outliers
