name :	cubic
data :	[-5.0 421.4; -4.743589743589744 367.75175913282413; -4.487179487179487 374.73518644944534; -4.230769230769231 274.7909877105143; -3.9743589743589745 235.01317621672655; -3.717948717948718 199.39356024208095; -3.4615384615384617 167.6994993172508; -3.2051282051282053 139.69835297290922; -2.948717948717949 115.15748073972928; -2.6923076923076925 93.84424214838417; -2.4358974358974357 298.0556828945573; -2.1794871794871793 59.97010401389098; -1.9230769230769231 46.94392353208921; -1.6666666666666667 230.15808497685518; -1.4102564102564104 27.55013739274095; -1.1538461538461537 -191.05026747346588; -0.8974358974358975 15.483514556887338; -0.6410256410256411 11.616288204453886; -0.38461538461538464 -304.6226462556421; -0.1282051282051282 -267.2839942943797; 0.1282051282051282 5.887263777204606; 0.38461538461538464 5.15967228038234; 0.6410256410256411 4.635388324145721; 0.8974358974358975 4.081771439167889; 1.1538461538461537 3.2661811561219856; 1.4102564102564104 1.9559770056811479; 1.6666666666666667 -0.0814814814814806; 1.9230769230769231 -3.0788347746927602; 2.1794871794871793 -7.268723343279548; 2.4358974358974357 -12.883787656568716; 2.6923076923076925 -20.156668183887113; 2.948717948717949 -29.320005394561612; 3.2051282051282053 -40.606439757919055; 3.4615384615384617 -54.24861174328628; 3.717948717948718 -70.47916181999021; 3.9743589743589745 -89.53073045735768; 4.230769230769231 -89.75472276724796; 4.487179487179487 -137.0274852913906; 4.743589743589744 -165.93795242670976; 5.0 -76.95092937349455]
npts :	40
nout :	8
model :	(x,t) -> x[1]*t[1]^3 + x[2]*t[1]^2 + x[3]*t[1] + x[4] - t[2] 
dim :	4
cluster :	false
noise :	false
solution :	[-2.3, 4.2, -4.5, 6.4]
description :	type: cubic model with noise and outliers
