name :	cubic
data :	[-5.0 -267.1; -4.84375 -244.60550842285156; -4.6875 -223.3803955078125; -4.53125 -203.39032897949218; -4.375 -184.6009765625; -4.21875 -166.9780059814453; -4.0625 -150.4870849609375; -3.90625 -135.09388122558593; -3.75 -120.7640625; -3.59375 88.5867295031536; -3.4375 -95.1572509765625; -3.28125 68.43140428142826; -3.125 -169.3840008916789; -2.96875 -63.864114379882814; -2.8125 -55.1936279296875; -2.65625 -69.90461646526164; -2.5 -40.2875; -2.34375 -33.983193969726564; -2.1875 152.8081313538381; -2.03125 -23.50043640136719; -1.875 -19.2533203125; -1.71875 -15.623269653320312; -1.5625 -12.5759521484375; -1.40625 19.71751225279511; -1.25 66.31494394949837; -1.09375 -6.587075805664062; -0.9375 81.72823044604823; -0.78125 174.71703897304744; -0.625 -4.6068359375; -0.46875 -4.677346801757812; -0.3125 -83.2960145487963; -0.15625 -5.708261108398437; 0.0 -6.6; 0.15625 -7.696817016601562; 0.3125 -8.9643798828125; 0.46875 -10.368356323242187; 0.625 109.55034477730734; 0.78125 -45.544678210872114; 0.9375 -15.0554443359375; 1.09375 -16.66175231933594; 1.25 -18.2328125; 1.40625 -19.734292602539064; 1.5625 -21.1318603515625; 1.71875 -22.39118347167969; 1.875 -23.4779296875; 2.03125 -104.26996031565557; 2.1875 -36.46915240831869; 2.34375 -25.35938415527344; 2.5 -25.4125; 2.65625 -25.121377563476564; 2.8125 -24.4516845703125; 2.96875 -23.36908874511719; 3.125 -21.8392578125; 3.28125 -19.827859497070314; 3.4375 -17.3005615234375; 3.59375 -14.223031616210937; 3.75 -10.5609375; 3.90625 -133.13803368274276; 4.0625 -1.3457275390624996; 4.21875 4.276052856445313; 4.375 63.43004247053102; 4.53125 17.719625854492186; 4.6875 25.6100830078125; 4.84375 34.32543029785156; 5.0 43.9]
npts :	65
nout :	16
model :	(x,t) -> x[1]*t[1]^3 + x[2]*t[1]^2 + x[3]*t[1] + x[4] - t[2] 
dim :	4
cluster :	false
noise :	false
solution :	[1.5, -4.2, -6.4, -6.6]
description :	type: cubic model with noise and outliers
