name :	cubic
data :	[-5.0 96.98859632163871; -4.8076923076923075 239.19807692307688; -4.615384615384615 208.71065088757393; -4.423076923076923 180.82677514792906; -4.230769230769231 155.43550295857986; -4.038461538461538 132.4258875739645; -3.8461538461538463 111.68698224852072; -3.6538461538461537 93.10784023668639; -3.4615384615384617 76.57751479289942; -3.269230769230769 61.98505917159763; -3.076923076923077 49.219526627218954; -2.8846153846153846 38.16997041420118; -2.6923076923076925 5.367161413881686; -2.5 141.01269277074456; -2.3076923076923075 14.207692307692303; -2.1153846153846154 8.912573964497042; -1.9230769230769231 312.6180859772331; -1.7307692307692308 1.6951183431952663; -1.5384615384615385 -0.44911242603550106; -1.3461538461538463 -1.7649408284023669; -1.1538461538461537 -2.3633136094674554; -0.9615384615384616 -2.3551775147928997; -0.7692307692307693 -342.0634723771933; -0.5769230769230769 -0.9631656804733724; -0.38461538461538464 0.19881656804733705; -0.19230769230769232 45.15988195312626; 0.0 -6.615857290683433; 0.19230769230769232 4.217307692307692; 0.38461538461538464 5.364497041420119; 0.5769230769230769 6.230621301775148; 0.7692307692307693 6.70473372781065; 0.9615384615384616 -15.814236491272657; 1.1538461538461537 6.033136094674557; 1.3461538461538463 4.6655325443786975; 1.5384615384615385 2.46213017751479; 1.7307692307692308 -533.9279907416244; 1.9230769230769231 -4.8958579881656785; 2.1153846153846154 -10.272337278106509; 2.3076923076923075 -16.928402366863903; 2.5 -24.975; 2.6923076923076925 -34.523076923076935; 2.8846153846153846 -292.28508872323215; 3.076923076923077 -254.71859072378385; 3.269230769230769 -73.28565088757395; 3.4615384615384617 -89.9491124260355; 3.6538461538461537 111.81875120618567; 3.8461538461538463 -129.55562130177512; 4.038461538461538 -152.7205621301775; 4.230769230769231 -178.27455621301775; 4.423076923076923 -206.32855029585804; 4.615384615384615 -236.99349112426032; 4.8076923076923075 -270.380325443787; 5.0 -458.53936771123733]
npts :	53
nout :	13
model :	(x,t) -> x[1]*t[1]^3 + x[2]*t[1]^2 + x[3]*t[1] + x[4] - t[2] 
dim :	4
cluster :	false
noise :	false
solution :	[-2.6, -0.8, 7.1, 2.9]
description :	type: cubic model with noise and outliers
