name :	cubic
data :	[-5.0 -1231.7; -4.7368421052631575 -1059.8445545997959; -4.473684210526316 -904.6569908149876; -4.2105263157894735 -765.2844146377022; -3.9473684210526314 -754.2338005761277; -3.6842105263157894 -478.42270000837976; -3.4210526315789473 -433.5276716722554; -3.1578947368421053 -286.3683937436063; -2.8947368421052633 -296.34310033685006; -2.6315789473684212 -213.40163289109202; -2.3684210526315788 -160.8529377460271; -2.1052631578947367 -117.29607814550225; -1.8421052631578947 -81.87816008164455; -1.5789473684210527 -53.74628954658114; -1.3157894736842106 -32.04757253243915; -1.0526315789473684 -15.929115031345674; -0.7894736842105263 -4.538023035427905; -0.5263157894736842 -84.21295206252645; -0.2631578947368421 7.473640472372066; 0.0 422.2047471775294; 0.2631578947368421 6.69941855875708; 0.5263157894736842 11.358244642076105; 0.7894736842105263 -104.13534103854565; 1.0526315789473684 14.476483452398307; 1.3157894736842106 18.75283569033387; 1.5789473684210527 25.977868493949554; 1.8421052631578947 37.00447587111823; 2.1052631578947367 52.685551829712765; 2.3684210526315788 73.87399037760605; 2.6315789473684212 -0.7229826147489433; 2.8947368421052633 136.1845312727803; 3.1578947368421053 179.01242163580702; 3.4210526315789473 230.75925061962383; 3.6842105263157894 292.2779122321037; 3.9473684210526314 345.232627642259; 4.2105263157894735 448.04230937454423; 4.473684210526316 543.9938329202506; 4.7368421052631575 653.1287651261116; 5.0 776.3]
npts :	39
nout :	10
model :	(x,t) -> x[1]*t[1]^3 + x[2]*t[1]^2 + x[3]*t[1] + x[4] - t[2] 
dim :	4
cluster :	false
noise :	false
solution :	[7.8, -9.5, 5.8, 9.8]
description :	type: cubic model with noise and outliers
