name :	cubic
data :	[-5.0 1395.484913242689; -4.777777777777778 994.2153635116597; -4.555555555555555 863.9994513031548; -4.333333333333333 745.5925925925924; -4.111111111111111 591.6221970496746; -3.888888888888889 444.40235066118146; -3.6666666666666665 455.6296296296296; -3.4444444444444446 378.86227709190683; -3.2222222222222223 311.1056241426612; -3.0 251.8; -2.7777777777777777 209.1880746464034; -2.5555555555555554 156.30315500685867; -2.3333333333333335 118.99259259259262; -2.111111111111111 87.89437585733883; -1.8888888888888888 62.448834019204384; -1.6666666666666667 143.6629223435018; -1.4444444444444444 -139.31723456421372; -1.2222222222222223 14.43155006858711; -1.0 6.000000000000001; -0.7777777777777778 0.4227709190672151; -0.5555555555555556 -2.859807956104252; -0.3333333333333333 210.77535231154042; -0.1111111111111111 -4.7796982167352535; 0.1111111111111111 -4.536351165980796; 0.3333333333333333 -4.237037037037037; 0.5555555555555556 -4.441426611796983; 0.7777777777777778 -116.9045553874451; 1.0 -8.6; 1.2222222222222223 -13.673525377229083; 1.4444444444444444 -21.48943758573388; 1.6666666666666667 -32.60740740740742; 1.8888888888888888 -137.93776492089515; 2.111111111111111 -66.98820301783265; 2.3333333333333335 -91.37037037037041; 2.5555555555555554 -121.2932784636488; 2.7777777777777777 -157.31659807956103; 3.0 -200.0; 3.2222222222222223 -249.9031550068587; 3.4444444444444446 -307.5857338820303; 3.6666666666666665 -373.6074074074074; 3.888888888888889 -448.5278463648833; 4.111111111111111 -532.906721536351; 4.333333333333333 -627.3037037037036; 4.555555555555555 -732.278463648834; 4.777777777777778 -848.390672153635; 5.0 -976.2]
npts :	46
nout :	9
model :	(x,t) -> x[1]*t[1]^3 + x[2]*t[1]^2 + x[3]*t[1] + x[4] - t[2] 
dim :	4
cluster :	false
noise :	false
solution :	[-8.5, 3.4, 1.2, -4.7]
description :	type: cubic model with noise and outliers
