name :	cubic
data :	[-5.0 -576.1; -4.67741935483871 -689.3894408029719; -4.354838709677419 -389.2504145547312; -4.032258064516129 -313.12312779027224; -3.7096774193548385 -247.4802155013259; -3.3870967741935485 -191.53620556543925; -3.064516129032258 -293.41567035041464; -2.7419354838709675 -105.60300426303242; -2.4193548387096775 -74.0428686516062; -2.096774193548387 -45.77433765217265; -1.7741935483870968 -29.80816689604243; -1.4516129032258065 -15.562656506998758; -1.1290322580645162 -5.517743613843111; -0.8064516129032258 327.4563087490296; -0.4838709677419355 5.112178174616496; -0.16129032258064516 7.2681313148266256; 0.16129032258064516 8.365375448961096; 0.4838709677419355 -470.8133239226173; 0.8064516129032258 10.525625188815415; 1.1290322580645162 13.159575039441442; 1.4516129032258065 -86.7983935029194; 1.7741935483870968 25.462485314356684; 2.096774193548387 36.70238998355208; 2.4193548387096775 52.381890503843444; 2.7419354838709675 73.28645899768384; 3.064516129032258 115.67762376754855; 3.3870967741935485 133.91268839582426; 3.7096774193548385 175.2052935450304; 4.032258064516129 99.20589531003883; 4.354838709677419 283.6768453559799; 4.67741935483871 352.4267362626297; 5.0 431.9]
npts :	32
nout :	8
model :	(x,t) -> x[1]*t[1]^3 + x[2]*t[1]^2 + x[3]*t[1] + x[4] - t[2] 
dim :	4
cluster :	false
noise :	false
solution :	[3.9, -3.2, 3.3, 7.9]
description :	type: cubic model with noise and outliers
