name :	cubic
data :	[-5.0 -953.0697215423354; -4.811320754716981 -560.0568704366691; -4.622641509433962 -504.9493387158527; -4.433962264150943 -453.64037897055954; -4.245283018867925 -405.99296533379913; -4.056603773584905 -361.8700719385801; -3.8679245283018866 -321.13467291791216; -3.6792452830188678 -373.05995455996117; -3.490566037735849 -249.27825453226487; -3.30188679245283 -217.88318343330397; -3.1132075471698113 -189.3275032409304; -2.9245283018867925 -358.40185334683576; -2.7358490566037736 268.3123133080932; -2.547169811320755 -119.3265494334249; -2.358490566037736 -547.0769197903487; -2.169811320754717 -84.34406053319184; -1.9811320754716981 -69.94718257353385; -1.7924528301886793 -57.43051445152711; -1.6037735849056605 -46.657030300180686; -1.4150943396226414 -37.489704252503735; -1.2264150943396226 -29.7915104415054; -1.0377358490566038 -23.42542300019479; -0.8490566037735849 -18.25441606158104; -0.660377358490566 -14.141463758673266; -0.4716981132075472 -10.94954022448061; -0.2830188679245283 -8.541619592012196; -0.09433962264150944 -6.780675994277154; 0.09433962264150944 -5.5296835642846105; 0.2830188679245283 -4.651616435043694; 0.4716981132075472 147.10253947371135; 0.660377358490566 -3.4661546108532546; 0.8490566037735849 -2.8847081819219893; 1.0377358490566038 68.73275268047776; 1.2264150943396226 -1.0592549554330093; 1.4150943396226414 0.4588035761064475; 1.6037735849056605 2.5631178758303843; 1.7924528301886793 5.390713810729663; 1.9811320754716981 9.078617247795158; 2.169811320754717 -171.02445529267956; 2.358490566037736 19.583450096388297; 2.547169811320755 26.674431241897665; 2.7358490566037736 124.4946643772033; 2.9245283018867925 45.21865231029641; 3.1132075471698113 56.94594396716753; 3.30188679245283 73.63295431896682; 3.490566037735849 85.99601886120755; 3.6792452830188678 266.79538984871346; 3.8679245283018866 446.3429837300183; 4.056603773584905 145.6152481578753; 4.245283018867925 170.31485924622342; 4.433962264150943 -52.29316324841872; 4.622641509433962 227.77603860905313; 4.811320754716981 260.81165861751634; 5.0 618.8883069716101]
npts :	54
nout :	14
model :	(x,t) -> x[1]*t[1]^3 + x[2]*t[1]^2 + x[3]*t[1] + x[4] - t[2] 
dim :	4
cluster :	false
noise :	false
solution :	[3.4, -6.2, 6.6, -6.1]
description :	type: cubic model with noise and outliers
