name :	cubic
data :	[-5.0 952.5; -4.6875 748.6231326740232; -4.375 663.2021484375; -4.0625 543.4830322265625; -3.75 438.9921875; -3.4375 348.6859130859375; -3.125 398.4215367923937; -2.8125 206.4522705078125; -2.5 326.54834449938613; -2.1875 108.4324951171875; -1.875 73.3935546875; -1.5625 74.53299127581374; -1.25 26.0390625; -0.9375 11.6361083984375; -0.625 2.0244140625; -0.3125 -3.8397216796875; 0.0 -7.0; 0.3125 -8.5001220703125; 0.625 -9.3837890625; 0.9375 -70.6121489728101; 1.25 -13.4765625; 1.5625 -18.7730712890625; 1.875 -27.6279296875; 2.1875 167.9847790135523; 2.5 -60.1875; 2.8125 -85.9796142578125; 3.125 -119.5048828125; 3.4375 -161.8070068359375; 3.75 -213.9296875; 4.0625 -97.52383811484339; 4.375 -351.8115234375; 4.6875 -439.6580810546875; 5.0 -541.5]
npts :	33
nout :	7
model :	(x,t) -> x[1]*t[1]^3 + x[2]*t[1]^2 + x[3]*t[1] + x[4] - t[2] 
dim :	4
cluster :	false
noise :	false
solution :	[-5.7, 8.5, -6.9, -7.0]
description :	type: cubic model with noise and outliers
