name :	cubic
data :	[-5.0 267.6; -4.705882352941177 226.35422348870344; -4.411764705882353 102.1147561622877; -4.117647058823529 156.7010584164461; -3.823529411764706 127.83570120089558; -3.5294117647058822 -82.63932081931692; -3.235294117647059 80.88251577447589; -2.9411764705882355 62.3367189090169; -2.6470588235294117 46.77280683899857; -2.3529411764705883 33.961795237126; -2.0588235294117645 23.67469977610421; -1.7647058823529411 498.15783250943764; -1.4705882352941178 9.756319967433344; -1.1764705882352942 -105.11193108914351; -0.8823529411764706 3.1857927946265012; -0.5882352941176471 -20.957913802665157; -0.29411764705882354 2.131243639324242; 0.0 3.1; 0.29411764705882354 4.760797883167108; 0.5882352941176471 6.884652961530633; 0.8823529411764706 9.242580907795643; 1.1764705882352942 11.605597394667209; 1.4705882352941178 13.744718094850397; 1.7647058823529411 15.430958681050274; 2.0588235294117645 16.43533482597191; 2.3529411764705883 65.91154479515573; 2.6470588235294117 15.482556482800733; 2.9411764705882355 -24.648318968608965; 3.235294117647059 9.054508446977405; 3.5294117647058822 3.214797476083865; 3.823529411764706 -29.866698838905627; 4.117647058823529 -14.860920008141656; 4.411764705882353 414.90308207442524; 4.705882352941177 -42.99159373091799; 5.0 -61.4]
npts :	35
nout :	9
model :	(x,t) -> x[1]*t[1]^3 + x[2]*t[1]^2 + x[3]*t[1] + x[4] - t[2] 
dim :	4
cluster :	false
noise :	false
solution :	[-1.5, 4.0, 4.6, 3.1]
description :	type: cubic model with noise and outliers
