name :	cubic
data :	[-5.0 -521.1; -4.666666666666667 -422.8740740740742; -4.333333333333333 -337.53703703703695; -4.0 45.50939519403772; -3.6666666666666665 -201.97407407407405; -3.3333333333333335 -149.9703703703704; -3.0 -161.52705987024132; -2.6666666666666665 -73.07407407407408; -2.3333333333333335 -46.40370370370373; -2.0 -26.400000000000002; -1.6666666666666667 -12.17407407407408; -1.3333333333333333 -2.8370370370370375; -1.0 2.4999999999999996; -0.6666666666666666 8.919621589124956; -0.3333333333333333 4.729629629629629; 0.0 3.4; 0.3333333333333333 1.6259259259259262; 0.6666666666666666 0.2962962962962967; 1.0 0.30000000000000027; 1.3333333333333333 2.5259259259259266; 1.6666666666666667 7.862962962962966; 2.0 17.2; 2.3333333333333335 161.534803318024; 2.6666666666666665 -223.1805201087219; 3.0 78.10000000000001; 3.3333333333333335 112.32592592592596; 3.6666666666666665 154.9962962962963; 4.0 207.0; 4.333333333333333 212.02068326824892; 4.666666666666667 342.56296296296307; 5.0 427.9]
npts :	31
nout :	6
model :	(x,t) -> x[1]*t[1]^3 + x[2]*t[1]^2 + x[3]*t[1] + x[4] - t[2] 
dim :	4
cluster :	false
noise :	false
solution :	[4.0, -2.0, -5.1, 3.4]
description :	type: cubic model with noise and outliers
