name :	cubic
data :	[-5.0 693.2; -4.811320754716981 525.5608622563643; -4.622641509433962 536.688893516124; -4.433962264150943 468.20570269417016; -4.245283018867925 405.8558971499963; -4.056603773584905 349.35333463194445; -3.8679245283018866 471.0125722454856; -3.6792452830188678 155.8343800441275; -3.490566037735849 212.06768271794834; -3.30188679245283 176.09266978781136; -3.1132075471698113 144.5341886255096; -2.9245283018867925 117.10609697938565; -2.7358490566037736 93.52225259778206; -2.547169811320755 73.49651322904141; -2.358490566037736 56.74273662150635; -2.169811320754717 -37.39724042138357; -1.9811320754716981 -210.07137548269475; -1.7924528301886793 23.251760849560377; -1.6037735849056605 -509.0513673064134; -1.4150943396226414 12.038316193905032; -1.2264150943396226 8.90732886879773; -1.0377358490566038 7.045308543294127; -0.8490566037735849 6.166112965736816; -0.660377358490566 5.983599884468386; -0.4716981132075472 6.211627047831431; -0.2830188679245283 6.564052204168542; -0.09433962264150944 -80.80878491264697; 0.09433962264150944 6.497527489135327; 0.2830188679245283 5.506293114450184; 0.4716981132075472 3.494887726109473; 0.660377358490566 0.1771690724557864; 0.8490566037735849 -4.733005098168287; 1.0377358490566038 9.839775721405285; 1.2264150943396226 -20.475288996957218; 1.4150943396226414 276.7479853388341; 1.6037735849056605 -46.0211019835166; 1.7924528301886793 46.19780895299654; 1.9811320754716981 -173.75603251668497; 2.169811320754717 -107.72892790692991; 2.358490566037736 -135.67986727298376; 2.547169811320755 -167.79854242092466; 2.7358490566037736 -204.37109560241004; 2.9245283018867925 -245.6836690690973; 3.1132075471698113 -292.0224050726439; 3.30188679245283 -343.6734458647071; 3.490566037735849 -400.9229336969444; 3.6792452830188678 -464.05701082101325; 3.8679245283018866 -533.361819488571; 4.056603773584905 -742.1258736415296; 4.245283018867925 -742.946346521521; 4.433962264150943 -531.8434503376571; 4.622641509433962 -878.0112146268394; 4.811320754716981 -982.4618147867028; 5.0 -1094.8]
npts :	54
nout :	14
model :	(x,t) -> x[1]*t[1]^3 + x[2]*t[1]^2 + x[3]*t[1] + x[4] - t[2] 
dim :	4
cluster :	false
noise :	false
solution :	[-7.1, -8.3, -1.3, 6.7]
description :	type: cubic model with noise and outliers
