name :	cubic
data :	[-5.0 -415.0; -4.803921568627451 -375.22985880242135; -4.607843137254902 -338.1668212075295; -4.411764705882353 -303.7113779767963; -4.215686274509804 -305.5174646785603; -4.019607843137255 -242.22523765369283; -3.823529411764706 -214.99552208426627; -3.627450980392157 -189.97536392488558; -3.4313725490196076 -167.06525393702267; -3.235294117647059 -146.1656828821494; -3.0392156862745097 -127.1771415217375; -2.843137254901961 -110.00012061725883; -2.6470588235294117 -94.53511093018521; -2.450980392156863 42.752155679060365; -2.2549019607843137 -68.34308825414057; -2.0588235294117645 -57.417056788113165; -1.8627450980392157 -47.80499958537818; -1.6666666666666667 -39.40740740740741; -1.4705882352941178 -32.124771015672714; -1.2745098039215685 43.63184397650269; -1.0784313725490196 213.12003125257726; -0.8823529411764706 -15.971504172603298; -0.6862745098039216 85.32875586721505; -0.49019607843137253 -8.953102502054263; -0.29411764705882354 -173.68211364949693; -0.09803921568627451 -4.006302251773451; 0.09803921568627451 -2.060979562913208; 0.29411764705882354 -0.3350295135355177; 0.49019607843137253 1.271057134887788; 0.6862745098039216 71.02544066094042; 0.8823529411764706 4.521677182983922; 1.0784313725490196 6.365229059713082; 1.2745098039215685 8.486954489600532; 1.4705882352941178 144.68502628675196; 1.6666666666666667 13.962962962962965; 1.8627450980392157 -202.03901456616182; 2.0588235294117645 21.745776511296558; 2.2549019607843137 99.78788415553181; 2.450980392156863 32.63146904282668; 2.6470588235294117 39.48666802361083; 2.843137254901961 47.41611446577863; 3.0392156862745097 56.51931760785823; 3.235294117647059 66.8957866883778; 3.4313725490196076 78.64503094586546; 3.627450980392157 91.86655961884946; 3.823529411764706 106.65988194585795; 4.019607843137255 123.12450716541906; 4.215686274509804 141.35994451606095; 4.411764705882353 161.46570323631187; 4.607843137254902 183.54129256469986; 4.803921568627451 207.6862217397532; 5.0 234.0]
npts :	52
nout :	10
model :	(x,t) -> x[1]*t[1]^3 + x[2]*t[1]^2 + x[3]*t[1] + x[4] - t[2] 
dim :	4
cluster :	false
noise :	false
solution :	[2.2, -3.5, 9.9, -3.0]
description :	type: cubic model with noise and outliers
