name :	cubic
data :	[-5.0 -985.2676644930184; -4.787234042553192 -777.5540814655714; -4.574468085106383 -671.8815426254298; -4.361702127659575 -576.2738256455699; -4.148936170212766 -490.2223726919853; -3.9361702127659575 -413.2186259306705; -3.723404255319149 -344.7540275276191; -3.5106382978723403 -284.3200196488254; -3.297872340425532 -231.40804446028343; -3.0851063829787235 -185.50954412798706; -2.872340425531915 -146.11596081793056; -2.6595744680851063 -112.7187366961078; -2.4468085106382977 -84.80931392851294; -2.234042553191489 -61.87913468113999; -2.021276595744681 -43.41964111998307; -1.8085106382978724 103.95488426814713; -1.5957446808510638 -17.8784797202932; -1.3829787234042554 -9.779696213748402; -1.1702127659574468 -4.117367057395762; -0.9574468085106383 -0.38293441722932453; -0.7446808510638298 180.11901319267875; -0.5319148936170213 3.3364726505687567; -0.3191489361702128 4.338562746212304; -0.10638297872340426 28.73716231596737; 0.10638297872340426 7.170305231018175; 0.3191489361702128 196.45449301936097; 0.5319148936170213 14.4958496672221; 0.7446808510638298 21.11519220211321; 0.9574468085106383 30.383658726871698; 1.1702127659574468 35.7460698314702; 1.3829787234042554 58.902195082014586; 1.5957446808510638 79.1693805804109; 1.8085106382978724 457.5315134247293; 2.021276595744681 134.26237538888302; 2.234042553191489 170.10530036697065; 2.4468085106382977 212.15725417296744; 2.6595744680851063 260.9267946408792; 2.872340425531915 316.9224796047119; 3.0851063829787235 380.6528668984714; 3.297872340425532 452.62651435616397; 3.5106382978723403 533.3519798117951; 3.723404255319149 623.3378210993711; 3.9361702127659575 788.05346029974; 4.148936170212766 702.8686955614954; 4.361702127659575 953.9431782938271; 4.574468085106383 1212.5572136864787; 4.787234042553192 1229.972189206631; 5.0 1386.2]
npts :	48
nout :	10
model :	(x,t) -> x[1]*t[1]^3 + x[2]*t[1]^2 + x[3]*t[1] + x[4] - t[2] 
dim :	4
cluster :	false
noise :	false
solution :	[8.8, 9.6, 8.0, 6.2]
description :	type: cubic model with noise and outliers
