name :	cubic
data :	[-5.0 -86.07488578084434; -4.7368421052631575 -68.52727802886719; -4.473684210526316 -65.61074500656073; -4.2105263157894735 -339.24522426207; -3.9473684210526314 -446.2720086598189; -3.6842105263157894 -54.25435194634786; -3.4210526315789473 -49.818647033095196; -3.1578947368421053 -45.167167225543075; -2.8947368421052633 -40.36551975506634; -2.6315789473684212 -35.479311853039796; -2.3684210526315788 108.79665076078743; -2.1052631578947367 -25.71564367983671; -1.8421052631578947 -20.969397871409825; -1.5789473684210527 -16.401020556932494; -1.3157894736842106 -12.07611896777956; -1.0526315789473684 -8.06030033532585; -0.7894736842105263 199.7326717611598; -0.5263157894736842 11.537684864127721; -0.2631578947368421 1.4765855080915586; 0.0 3.6; 0.2631578947368421 5.086295378335034; 0.5263157894736842 5.869864411721826; 0.7894736842105263 286.520945160797; 1.0526315789473684 307.2623473306472; 1.3157894736842106 3.348141128444379; 1.5789473684210527 0.6647324682898383; 1.8421052631578947 -3.049438693687122; 2.1052631578947367 -7.859979588861345; 2.3684210526315788 -13.832497448607667; 2.6315789473684212 -21.032599504300922; 2.8947368421052633 -29.525892987315935; 3.1578947368421053 -39.37798512902755; 3.4210526315789473 -161.7738897794942; 3.6842105263157894 -63.42099431403994; 3.9473684210526314 -77.7431258200904; 4.2105263157894735 -93.68648491033676; 4.473684210526316 -111.31667881615394; 4.7368421052631575 -130.69931476891674; 5.0 -297.6916742427569]
npts :	39
nout :	10
model :	(x,t) -> x[1]*t[1]^3 + x[2]*t[1]^2 + x[3]*t[1] + x[4] - t[2] 
dim :	4
cluster :	false
noise :	false
solution :	[-0.6, -4.6, 6.9, 3.6]
description :	type: cubic model with noise and outliers
