name :	cubic
data :	[-5.0 544.2; -4.818181818181818 484.19684447783624; -4.636363636363637 428.8259954921113; -4.454545454545454 377.89992486851975; -4.2727272727272725 331.23110443275726; -4.090909090909091 288.6320060105184; -3.909090909090909 387.66763308131885; -3.727272727272727 610.734372264046; -3.5454545454545454 183.37776108189334; -3.3636363636363638 155.18226897069874; -3.1818181818181817 130.11885800150262; -3.0 108.0; -2.8181818181818183 88.63816679188584; -2.6363636363636362 71.845830202855; -2.4545454545454546 139.27660776873563; -2.272727272727273 74.92873477607992; -2.090909090909091 35.01051840721262; -1.9090909090909092 26.62088655146507; -1.7272727272727273 191.5371125957394; -1.5454545454545454 14.549661908339592; -1.3636363636363635 317.4797449460447; -1.1818181818181819 7.505634861006764; -1.0 5.4; -0.8181818181818182 3.9885800150262964; -0.6363636363636364 3.083846731780616; -0.45454545454545453 2.498271975957926; -0.2727272727272727 2.044327573253193; -0.09090909090909091 1.5344853493613824; 0.09090909090909091 0.7812171299774606; 0.2727272727272727 229.3963917657942; 0.45454545454545453 -2.2057099924868515; 0.6363636363636364 -4.81442524417731; 0.8181818181818182 -8.416679188580016; 1.0 -13.200000000000001; 1.1818181818181819 -19.351915852742305; 1.3636363636363635 -27.05995492111194; 1.5454545454545454 -36.51164537941397; 1.7272727272727273 -47.89451540195341; 1.9090909090909092 -61.39609316303532; 2.090909090909091 -77.20390683696468; 2.272727272727273 -95.50548459804659; 2.4545454545454546 -116.48835462058604; 2.6363636363636362 -423.03136042176624; 2.8181818181818183 -5.7955683026882525; 3.0 -197.40000000000003; 3.1818181818181817 -230.98332081142; 3.3636363636363638 -268.18557475582276; 3.5454545454545454 -309.1942900075132; 3.727272727272727 -354.19699474079636; 3.909090909090909 -403.3812171299775; 4.090909090909091 -456.9344853493614; 4.2727272727272725 -515.0443275732531; 4.454545454545454 -757.7126488096872; 4.636363636363637 -645.6838467317807; 4.818181818181818 -718.5885800150263; 5.0 -640.6863644640323]
npts :	56
nout :	11
model :	(x,t) -> x[1]*t[1]^3 + x[2]*t[1]^2 + x[3]*t[1] + x[4] - t[2] 
dim :	4
cluster :	false
noise :	false
solution :	[-5.2, -5.1, -4.1, 1.2]
description :	type: cubic model with noise and outliers
