name :	cubic
data :	[-5.0 -335.8; -4.7560975609756095 -281.5312285080019; -4.512195121951219 -233.0525645304043; -4.2682926829268295 -190.05060576602204; -4.024390243902439 -152.2119499136693; -3.7804878048780486 -119.22319467216083; -3.5365853658536586 133.04667165287643; -3.292682926829268 -66.54177681693531; -3.048780487804878 -46.22230960084734; -2.8048780487804876 -29.499133790861993; -2.5609756097560976 -16.05884708579389; -2.317073170731707 -5.588047184457557; -2.073170731707317 2.2266682143323466; -1.829268292682927 7.698701411761291; -1.5853658536585367 -293.22813351661836; -1.3414634146341464 12.868330407277897; -1.0975609756097562 -80.70507453292839; -0.8536585365853658 12.428058211575571; -0.6097560975609756 10.887714919980848; -0.36585365853658536 8.885103234137635; -0.12195121951219512 6.733625455231352; 0.12195121951219512 -410.37832314102036; 0.36585365853658536 3.2376808229712286; 0.6097560975609756 2.5200185719882198; 0.8536585365853658 2.9070994326837987; 1.0975609756097562 174.41809191221307; 1.3414634146341464 -170.60590279797222; 1.5853658536585367 43.80492416769225; 1.829268292682927 21.770900015960304; 2.073170731707317 32.38273095283006; 2.317073170731707 45.97971880849087; 2.5609756097560976 62.875265884128225; 2.8048780487804876 83.38277448092744; 3.048780487804878 -103.13268178696079; 3.292682926829268 136.48728544275326; 3.5365853658536586 169.71109241015074; 3.7804878048780486 207.80047010345174; 4.024390243902439 251.0688208238418; 4.2682926829268295 299.8295468725063; 4.512195121951219 354.3960505506303; 4.7560975609756095 415.0817341593998; 5.0 482.2]
npts :	42
nout :	8
model :	(x,t) -> x[1]*t[1]^3 + x[2]*t[1]^2 + x[3]*t[1] + x[4] - t[2] 
dim :	4
cluster :	false
noise :	false
solution :	[3.6, 2.7, -8.2, 5.7]
description :	type: cubic model with noise and outliers
