name :	cubic
data :	[-5.0 234.09999999999997; -4.818181818181818 200.03027798647634; -4.636363636363637 169.0728024042074; -4.454545454545454 141.08692712246423; -4.2727272727272725 115.93200601051834; -4.090909090909091 93.46739293764088; -3.909090909090909 73.55244177310291; -3.727272727272727 -41.758236301409376; -3.5454545454545454 40.808940646130715; -3.3636363636363638 27.699098422238933; -3.1818181818181817 16.576333583771593; -3.0 408.1557234454677; -2.8181818181818183 -0.27054845980465636; -2.6363636363636362 -6.275957926371154; -2.4545454545454546 -10.856874530428257; -2.272727272727273 187.8279845522881; -2.090909090909091 -16.307813673929374; -1.9090909090909092 -17.459128474830962; -1.7272727272727273 -17.748534936138242; -1.5454545454545454 -17.316679188580018; -1.3636363636363635 -285.7483526534248; -1.1818181818181819 -14.85176558978212; -1.0 -13.1; -0.8181818181818182 -11.189556724267469; -0.6363636363636364 -9.261081893313298; -0.45454545454545453 -7.455221637866266; -0.2727272727272727 -87.22773164268088; -0.09090909090909091 -4.773929376408716; 0.09090909090909091 -4.179789631855748; 0.2727272727272727 -4.270848985725019; 0.45454545454545453 -5.187753568745305; 0.6363636363636364 -7.07114951164538; 0.8181818181818182 -118.67709857191286; 1.0 -233.9808373549338; 1.1818181818181819 -19.9267468069121; 1.3636363636363635 -27.08256949661908; 1.5454545454545454 -35.908114199849734; 1.7272727272727273 4.2808619830310946; 1.9090909090909092 -59.13095416979716; 2.090909090909091 -73.80954169797144; 2.272727272727273 -90.72043576258456; 2.4545454545454546 -110.00428249436516; 2.6363636363636362 -131.80172802404206; 2.8181818181818183 -156.25341848234413; 3.0 -183.5; 3.1818181818181817 -213.68211870773857; 3.3636363636363638 -246.94042073628856; 3.5454545454545454 -283.41555221637867; 3.727272727272727 -203.15120631374373; 3.909090909090909 -366.5788880540947; 4.090909090909091 -413.5483846731781; 4.2727272727272725 -464.2972952667167; 4.454545454545454 -518.9662659654393; 4.636363636363637 -633.6941234330512; 4.818181818181818 -640.6269722013524; 5.0 -723.4319523540809]
npts :	56
nout :	11
model :	(x,t) -> x[1]*t[1]^3 + x[2]*t[1]^2 + x[3]*t[1] + x[4] - t[2] 
dim :	4
cluster :	false
noise :	false
solution :	[-3.9, -9.3, 3.3, -4.4]
description :	type: cubic model with noise and outliers
