name :	cubic
data :	[-5.0 -1293.6; -4.777777777777778 -1132.598353909465; -4.555555555555555 -985.5720164609053; -4.333333333333333 -851.8888888888887; -4.111111111111111 -730.9168724279832; -3.888888888888889 -622.0238683127573; -3.6666666666666665 -524.5777777777777; -3.4444444444444446 -437.94650205761326; -3.2222222222222223 -361.4979423868313; -3.0 -340.45571017470763; -2.7777777777777777 -236.6205761316872; -2.5555555555555554 -186.92757201646086; -2.3333333333333335 -144.8888888888889; -2.111111111111111 -409.3495375827754; -1.8888888888888888 -106.49911405092281; -1.6666666666666667 -58.37777777777779; -1.4444444444444444 -40.63539094650206; -1.2222222222222223 -27.38683127572017; -1.0 -18.0; -0.7777777777777778 -115.22078944210764; -0.5555555555555556 -223.8575688645219; -0.3333333333333333 -6.688888888888888; -0.1111111111111111 -6.42798353909465; 0.1111111111111111 -6.868312757201646; 0.3333333333333333 -7.377777777777777; 0.5555555555555556 -7.324279835390946; 0.7777777777777778 -6.075720164609053; 1.0 71.06736696825425; 1.2222222222222223 2.5349794238683163; 1.4444444444444444 11.161316872427983; 1.6666666666666667 23.511111111111113; 1.8888888888888888 40.216460905349784; 2.111111111111111 61.90946502057613; 2.3333333333333335 89.22222222222226; 2.5555555555555554 122.78683127572012; 2.7777777777777777 163.23539094650204; 3.0 211.2; 3.2222222222222223 -12.02865551310822; 3.4444444444444446 219.17450179323316; 3.6666666666666665 406.511111111111; 3.888888888888889 490.86090534979417; 4.111111111111111 585.8872427983536; 4.333333333333333 692.222222222222; 4.555555555555555 810.4979423868311; 4.777777777777778 859.0559964819064; 5.0 1085.4]
npts :	46
nout :	9
model :	(x,t) -> x[1]*t[1]^3 + x[2]*t[1]^2 + x[3]*t[1] + x[4] - t[2] 
dim :	4
cluster :	false
noise :	false
solution :	[9.6, -3.9, -2.1, -6.6]
description :	type: cubic model with noise and outliers
