name :	cubic
data :	[-5.0 -1231.0; -4.565217391304348 -941.6117366647488; -4.130434782608695 -701.8560861346261; -3.6956521739130435 -506.9989315361222; -3.260869565217391 -352.30615599572616; -2.8260869565217392 -233.04364263992773; -2.391304347826087 155.29564459249838; -1.9565217391304348 -186.72793951708303; -1.5217391304347827 -40.496506945015206; -1.0869565217391304 -15.613873592504312; -0.6521739130434783 -2.490918057039533; -0.21739130434782608 3.606476534889455; 0.21739130434782608 -44.4792546280387; 0.6521739130434783 -164.6008773391689; 1.0869565217391304 27.08646338456481; 1.5217391304347827 52.42278293745377; 1.9565217391304348 94.40412591435852; 2.391304347826087 157.76460918878934; 2.8260869565217392 247.23834963425662; 3.260869565217391 497.83982614860787; 3.6956521739130435 523.4620695323415; 4.130434782608695 719.6802827319796; 4.565217391304348 960.9482205966958; 5.0 1252.0]
npts :	24
nout :	5
model :	(x,t) -> x[1]*t[1]^3 + x[2]*t[1]^2 + x[3]*t[1] + x[4] - t[2] 
dim :	4
cluster :	false
noise :	false
solution :	[9.6, 0.2, 8.3, 5.5]
description :	type: cubic model with noise and outliers
