name :	cubic
data :	[-5.0 -1055.5; -4.743589743589744 -999.5486997972469; -4.487179487179487 -755.7066791415904; -4.230769230769231 -629.6147018661812; -3.9743589743589745 -518.1922234022826; -3.717948717948718 -420.5390262816299; -3.4615384615384617 -335.7548930359581; -3.2051282051282053 -299.16753215769165; -2.948717948717949 -201.19294829649863; -2.6923076923076925 -149.61470186618118; -2.4358974358974357 -107.30464943778551; -2.1794871794871793 -73.3625735430469; -1.9230769230769231 -46.8882567137005; -1.6666666666666667 -26.981481481481488; -1.4102564102564104 -12.742030378125058; -1.1538461538461537 -3.2696859353664056; -0.8974358974358975 2.3357693150592547; -0.6410256410256411 4.974552841416746; -0.38461538461538464 5.546882111970869; -0.1282051282051282 4.952974594986429; 0.1282051282051282 -133.85479180151827; 0.38461538461538464 3.8673190714610834; 0.6410256410256411 5.176006001449789; 0.8974358974358975 8.919326016959154; 1.1538461538461537 -220.9512029551471; 1.4102564102564104 97.60512191753989; 1.6666666666666667 17.668554681323; 1.9230769230769231 105.39947814416075; 2.1794871794871793 95.66303376658406; 2.4358974358974357 132.9187191287783; 2.6923076923076925 178.91055985434684; 2.948717948717949 234.53877341155453; 3.2051282051282053 300.7035772686661; 3.4615384615384617 378.3051888939463; 3.717948717948718 468.2438257556601; 3.9743589743589745 571.4197053220722; 4.230769230769231 513.2555640699444; 4.487179487179487 858.581804490013; 4.743589743589744 969.3729749321465; 5.0 940.0540483010492]
npts :	40
nout :	10
model :	(x,t) -> x[1]*t[1]^3 + x[2]*t[1]^2 + x[3]*t[1] + x[4] - t[2] 
dim :	4
cluster :	false
noise :	false
solution :	[8.9, 1.4, -3.5, 4.5]
description :	type: cubic model with noise and outliers
