name :	cubic
data :	[-5.0 -948.2; -4.333333333333333 -606.9999999999999; -3.6666666666666665 -359.04444444444437; -3.0 -189.4; -2.3333333333333335 -153.2159887510599; -1.6666666666666667 -25.311111111111124; -1.0 -1.0000000000000009; -0.3333333333333333 -290.1391213155923; 0.3333333333333333 6.822222222222222; 1.0 20.2; 1.6666666666666667 59.800000000000004; 2.3333333333333335 140.5555555555556; 3.0 277.40000000000003; 3.6666666666666665 468.6827714792629; 4.333333333333333 779.0888888888886; 5.0 1173.8]
npts :	16
nout :	3
model :	(x,t) -> x[1]*t[1]^3 + x[2]*t[1]^2 + x[3]*t[1] + x[4] - t[2] 
dim :	4
cluster :	false
noise :	false
solution :	[8.4, 4.3, 2.2, 5.3]
description :	type: cubic model with noise and outliers
