name :	cubic
data :	[-5.0 308.6; -4.821428571428571 279.96290543002914; -4.642857142857143 253.18691690962103; -4.464285714285714 228.20712008017492; -4.285714285714286 204.95860058309034; -4.107142857142857 292.8954233223645; -3.9285714285714284 346.5557574697074; -3.75 144.9515625; -3.5714285714285716 127.9790087463557; -3.392857142857143 112.41316053206995; -3.2142857142857144 98.18910349854228; -3.0357142857142856 85.24192328717199; -2.857142857142857 73.50670553935859; -2.6785714285714284 62.918535896501446; -2.5 53.4125; -2.3214285714285716 44.923683491253655; -2.142857142857143 37.387172011661804; -1.9642857142857142 30.738051202623907; -1.7857142857142858 180.38519949535726; -1.6071428571428572 19.842324161807582; -1.4285714285714286 15.465889212827987; -1.25 11.7171875; -1.0714285714285714 8.53130466472303; -0.8928571428571429 -23.866001985832476; -0.7142857142857143 -23.90261965028399; -0.5357142857142857 1.7014258381924194; -0.35714285714285715 0.11767492711370275; -0.17857142857142858 58.920257761692596; 0.0 -2.4; 0.17857142857142858 -3.4637527332361513; 0.35714285714285715 -4.484001457725947; 0.5357142857142857 -5.5256605320699705; 0.7142857142857143 -6.653644314868805; 0.8928571428571429 -7.932867164723033; 1.0714285714285714 -170.12130031176272; 1.25 88.03659449302708; 1.4285714285714286 -13.327113702623908; 1.6071428571428572 -15.86043640670554; 1.7857142857142858 136.5640625751135; 1.9642857142857142 -218.31420824094363; 2.142857142857143 -26.57492711370262; 2.3214285714285716 -31.400979409620994; 2.5 -36.9625; 2.6785714285714284 -43.32440324344022; 2.857142857142857 -50.55160349854228; 3.0357142857142856 -58.7090151239067; 3.2142857142857144 12.852007033845524; 3.392857142857143 -78.07412991982507; 3.5714285714285716 -89.4116618075802; 3.75 -101.9390625; 3.9285714285714284 -115.72124635568512; 4.107142857142857 -130.82312773323613; 4.285714285714286 -147.3096209912536; 4.464285714285714 -165.24564048833818; 4.642857142857143 -184.69610058309044; 4.821428571428571 -205.72591563411072; 5.0 -228.4]
npts :	57
nout :	11
model :	(x,t) -> x[1]*t[1]^3 + x[2]*t[1]^2 + x[3]*t[1] + x[4] - t[2] 
dim :	4
cluster :	false
noise :	false
solution :	[-1.9, 1.7, -6.2, -2.4]
description :	type: cubic model with noise and outliers
