name :	cubic
data :	[-5.0 -402.3280274230283; -4.444444444444445 -250.50274348422502; -3.888888888888889 -22.648613472711105; -3.3333333333333335 -215.7317892332136; -2.7777777777777777 -72.74965706447188; -2.2222222222222223 -41.38614540466393; -1.6666666666666667 -20.53703703703704; -1.1111111111111112 -8.144718792866943; -0.5555555555555556 -2.1515775034293556; 0.0 -0.5; 0.5555555555555556 -1.1323731138545954; 1.1111111111111112 375.0036902671967; 1.6666666666666667 -1.018518518518519; 2.2222222222222223 3.842935528120715; 2.7777777777777777 14.650891632373112; 3.3333333333333335 33.46296296296297; 3.888888888888889 62.33676268861453; 4.444444444444445 103.32990397805214; 5.0 158.5]
npts :	19
nout :	4
model :	(x,t) -> x[1]*t[1]^3 + x[2]*t[1]^2 + x[3]*t[1] + x[4] - t[2] 
dim :	4
cluster :	false
noise :	false
solution :	[2.0, -3.7, 0.3, -0.5]
description :	type: cubic model with noise and outliers
