name :	cubic
data :	[-5.0 -263.69169041112514; -4.705882352941177 -523.0901892937108; -4.411764705882353 -187.13975272473948; -4.117647058823529 -143.7954363912755; -3.823529411764706 -272.62194178709547; -3.5294117647058822 -211.10687970690003; -3.235294117647059 -159.2559739466721; -2.9411764705882355 -116.27541217178914; -2.6470588235294117 -81.37138204762876; -2.3529411764705883 -53.750071239568506; -2.0588235294117645 -32.617667412985945; -1.7647058823529411 -17.180358233258698; -1.4705882352941178 -6.644331365764303; -1.1764705882352942 -0.21577447588032045; -0.8823529411764706 2.8991247710156722; -0.5882352941176471 283.804862098452; -0.29411764705882354 83.50056869688814; 0.0 453.298249538129; 0.29411764705882354 -1.9016079788316709; 0.5882352941176471 -3.4478119275391816; 0.8823529411764706 -3.544799511500102; 1.1764705882352942 -1.398758396091999; 1.4705882352941178 3.7841237533075534; 1.7647058823529411 12.797659271320986; 2.0588235294117645 -522.9705294832386; 2.3529411764705883 45.49193975167923; 2.6470588235294117 -16.4901748488292; 2.9411764705882355 103.03458172196217; 3.235294117647059 143.10856910238147; 3.5294117647058822 98.80714315963142; 3.823529411764706 249.83093832688792; 4.117647058823529 318.0669448402197; 4.411764705882353 397.27791573376766; 4.705882352941177 488.25766334215353; 5.0 591.8]
npts :	35
nout :	9
model :	(x,t) -> x[1]*t[1]^3 + x[2]*t[1]^2 + x[3]*t[1] + x[4] - t[2] 
dim :	4
cluster :	false
noise :	false
solution :	[5.2, -0.8, -7.7, 0.3]
description :	type: cubic model with noise and outliers
