name :	cubic
data :	[-5.0 394.9; -4.7368421052631575 330.4878407931185; -4.473684210526316 273.5694853477183; -4.2105263157894735 223.67474850561297; -3.9473684210526314 180.3334451086164; -3.6842105263157894 143.07538999854202; -3.4210526315789473 46.96113571594066; -3.1578947368421053 84.92828400641493; -2.8947368421052633 63.09886280798951; -2.6315789473684212 45.471949263741074; -2.3684210526315788 9.085536349129498; -2.1052631578947367 20.944904505029875; -1.8421052631578947 13.104402974194484; -1.5789473684210527 37.0406815734306; -1.3157894736842106 3.918515818632453; -1.0526315789473684 1.6327598775331666; -0.7894736842105263 0.2582154833066035; -0.5263157894736842 -0.675302522233562; -0.2631578947368421 -1.6379792972736553; 0.0 -69.55414842012463; 0.2631578947368421 -0.6928540146217674; 0.5263157894736842 -9.402813821256743; 0.7894736842105263 -15.183977256159789; 1.0526315789473684 -23.345225251494384; 1.3157894736842106 -34.35674296544686; 1.5789473684210527 -48.68871555620353; 1.8421052631578947 -66.81132818195071; 2.1052631578947367 -89.19476600087474; 2.3684210526315788 -116.30921417116195; 2.6315789473684212 -148.6248578509987; 2.8947368421052633 -416.25773035845816; 3.1578947368421053 -230.7404723720659; 3.4210526315789473 -259.1296865955897; 3.6842105263157894 -421.832903318003; 3.9473684210526314 -404.67748942994604; 4.2105263157894735 -478.0741944889924; 4.473684210526316 -559.9633911648929; 4.7368421052631575 -650.8152646158331; 5.0 -751.1]
npts :	39
nout :	8
model :	(x,t) -> x[1]*t[1]^3 + x[2]*t[1]^2 + x[3]*t[1] + x[4] - t[2] 
dim :	4
cluster :	false
noise :	false
solution :	[-4.3, -7.0, -7.1, -3.1]
description :	type: cubic model with noise and outliers
