name :	cubic
data :	[-5.0 1264.9; -4.824561403508772 1141.878411711026; -4.649122807017544 1218.0865982717085; -4.473684210526316 735.8468846006941; -4.298245614035087 1036.3224162082718; -4.12280701754386 747.7433985334178; -3.9473684210526314 644.8408076979151; -3.7719298245614037 567.0289195595947; -3.5964912280701755 495.74276403535765; -3.4210526315789473 430.69399329348295; -3.245614035087719 371.594259502249; -3.0701754385964914 318.15521482993427; -2.8947368421052633 270.088511444817; -2.719298245614035 193.57150550586687; -2.543859649122807 188.91873720928973; -2.3684210526315788 155.23897069543665; -2.192982456140351 5.356250279151865; -2.017543859649123 -115.89234584249571; -1.8421052631578947 78.35997958886135; -1.6666666666666667 -351.8607838765916; -1.4912280701754386 41.91408514027549; -1.3157894736842106 31.666146668610594; -1.1403508771929824 21.463725410787667; -0.9649122807017544 13.46181929122591; -0.7894736842105263 7.37208047820382; -0.6140350877192983 -265.1580618016497; -0.43859649122807015 -0.2242865551073745; -0.2631578947368421 -369.12396177055444; -0.08771929824561403 -3.6321583429179287; 0.08771929824561403 -4.4862780990642195; 0.2631578947368421 -5.158317538999854; 0.43859649122807015 -5.936624494446334; 0.6140350877192983 -7.109546797125161; 0.7894736842105263 -8.965432278757836; 0.9649122807017544 -11.79262877106586; 1.1403508771929824 -15.879484105770736; 1.3157894736842106 -21.51434611459397; 1.4912280701754386 -28.985562629257046; 1.6666666666666667 -182.7561508917809; 1.8421052631578947 -50.590450502988766; 2.017543859649123 -65.30081752550042; 2.192982456140351 21.687531201437395; 2.3684210526315788 -103.97913690042279; 2.543859649122807 -128.5237849162765; 2.719298245614035 -156.92322226002062; 2.8947368421052633 -189.4657967633766; 3.0701754385964914 -226.43985625806596; 3.245614035087719 -268.13374857581016; 3.4210526315789473 -314.83582154833067; 3.5964912280701755 -366.83442300734913; 3.7719298245614037 -424.417900784587; 3.9473684210526314 -487.87460271176565; 4.12280701754386 -557.4928766206066; 4.298245614035087 -633.5610703428314; 4.473684210526316 -805.2172743469098; 4.649122807017544 -806.2006085543189; 4.824561403508772 -903.3486487070248; 5.0 -1008.1]
npts :	58
nout :	14
model :	(x,t) -> x[1]*t[1]^3 + x[2]*t[1]^2 + x[3]*t[1] + x[4] - t[2] 
dim :	4
cluster :	false
noise :	false
solution :	[-8.9, 5.3, -4.8, -4.1]
description :	type: cubic model with noise and outliers
