name :	cubic
data :	[-5.0 1220.091447476404; -4.722222222222222 848.7163751714678; -4.444444444444445 715.3618655692732; -4.166666666666667 597.1976851851854; -3.888888888888889 493.28504801097387; -3.611111111111111 402.68516803840873; -3.3333333333333335 324.45925925925934; -3.0555555555555554 257.6685356652949; -2.7777777777777777 201.3742112482853; -2.5 479.7286880785577; -2.2222222222222223 116.51961591220852; -1.9444444444444444 86.08177297668038; -1.6666666666666667 62.38518518518519; -1.3888888888888888 44.49106652949246; -1.1111111111111112 31.460631001371745; -0.8333333333333334 22.355092592592595; -0.5555555555555556 16.235665294924555; -0.2777777777777778 12.163563100137173; 0.0 4.5017191575626985; 0.2777777777777778 6.406189986282579; 0.5555555555555556 2.843347050754457; 0.8333333333333334 -2.4273148148148174; 1.1111111111111112 -10.344581618655695; 1.3888888888888888 -21.847239368998626; 1.6666666666666667 -37.87407407407409; 1.9444444444444444 -59.36387174211248; 2.2222222222222223 26.445846825945466; 2.5 -122.4875; 2.7777777777777777 -165.99890260631003; 3.0555555555555554 -419.89052755677983; 3.3333333333333335 -294.79721372988877; 3.611111111111111 -355.59689643347053; 3.888888888888889 -105.06562672402009; 4.166666666666667 -540.6032407407407; 4.444444444444445 -653.5050754458163; 4.722222222222222 -781.2577331961592; 5.0 -924.8]
npts :	37
nout :	7
model :	(x,t) -> x[1]*t[1]^3 + x[2]*t[1]^2 + x[3]*t[1] + x[4] - t[2] 
dim :	4
cluster :	false
noise :	false
solution :	[-7.3, 1.1, -9.8, 9.2]
description :	type: cubic model with noise and outliers
