name :	cubic
data :	[-5.0 -835.1; -4.642857142857143 -1110.86448038099; -4.285714285714286 -511.82303206997074; -3.9285714285714284 -386.39992711370263; -3.5714285714285716 -282.496501457726; -3.2142857142857144 -194.60463397454006; -2.857142857142857 -131.37696793002914; -2.5 -153.65435759182452; -2.142857142857143 -42.72099125364429; -1.7857142857142858 -16.89701166180759; -1.4285714285714286 -0.7851311953352784; -1.0714285714285714 7.5825801749271164; -0.7142857142857143 10.174052478134112; -0.35714285714285715 8.957215743440234; 0.0 5.9; 0.35714285714285715 2.9703352769679303; 0.7142857142857143 470.98478263363; 1.0714285714285714 5.365379008746352; 1.4285714285714286 -130.89260747891737; 1.7857142857142858 31.885787172011675; 2.142857142857143 59.112827988338175; 2.5 98.275; 2.857142857142857 117.24669038852682; 3.2142857142857144 220.27645772594755; 3.5714285714285716 307.05160349854236; 3.9285714285714284 413.6336005830903; 4.285714285714286 541.9903790087461; 4.642857142857143 694.0898688046649; 5.0 871.9]
npts :	29
nout :	6
model :	(x,t) -> x[1]*t[1]^3 + x[2]*t[1]^2 + x[3]*t[1] + x[4] - t[2] 
dim :	4
cluster :	false
noise :	false
solution :	[7.2, 0.5, -9.3, 5.9]
description :	type: cubic model with noise and outliers
