name :	cubic
data :	[-5.0 -224.7; -4.84375 -194.2146331787109; -4.6875 -166.16472167968746; -4.53125 -140.45642395019527; -4.375 -100.42729143881009; -4.21875 -318.05325550734517; -4.0625 -69.78783465922254; -3.90625 -59.16253967285154; -3.75 -43.754687499999974; -3.59375 -30.125399780273423; -3.4375 -18.180834960937485; -3.28125 -7.827151489257826; -3.125 1.029492187500015; -2.96875 8.482937622070327; -2.8125 14.627026367187515; -2.65625 19.555599975585938; -2.5 23.362499999999994; -2.34375 -15.464794650939876; -2.1875 27.986645507812508; -2.03125 28.991574096679688; -1.875 29.250195312500004; -1.71875 180.1143214507753; -1.5625 27.9038818359375; -1.40625 26.486630249023438; -1.25 24.6984375; -1.09375 22.633145141601563; -0.9375 20.3845947265625; -0.78125 18.046627807617188; -0.625 15.7130859375; -0.46875 13.477810668945313; -0.3125 11.4346435546875; -0.15625 26.903697910607576; 0.0 8.3; 0.15625 7.396206665039063; 0.3125 7.059887695312501; 0.46875 7.384884643554688; 0.625 156.6437852298381; 0.78125 10.394192504882813; 0.9375 -213.29663734398267; 1.09375 17.174862670898438; 1.25 22.2140625; 1.40625 28.477627563476563; 1.5625 36.0593994140625; 1.71875 45.053219604492185; 1.875 55.5529296875; 2.03125 177.7380165858184; 2.1875 81.4453857421875; 2.34375 97.02581481933592; 2.5 114.4875; 2.65625 133.92428283691407; 2.8125 155.4300048828125; 2.96875 179.0985076904297; 3.125 205.0236328125; 3.28125 233.29922180175782; 3.4375 491.2882486943817; 3.59375 297.2771575927734; 3.75 452.04276924530177; 3.90625 371.7830474853516; 4.0625 413.2185791015625; 4.21875 727.3921310477167; 4.375 475.6774767864851; 4.53125 555.3816192626952; 4.6875 609.0342529296873; 4.84375 665.9757659912108; 5.0 726.3]
npts :	65
nout :	13
model :	(x,t) -> x[1]*t[1]^3 + x[2]*t[1]^2 + x[3]*t[1] + x[4] - t[2] 
dim :	4
cluster :	false
noise :	false
solution :	[4.1, 9.7, -7.4, 8.3]
description :	type: cubic model with noise and outliers
