name :	cubic
data :	[-5.0 208.5; -4.8 181.7712; -4.6 -19.137643833620814; -4.4 135.03840000000005; -4.2 114.83280000000002; -4.0 96.60000000000001; -3.8 5.714666254326872; -3.6 65.6496; -3.4 52.730399999999996; -3.2 41.38080000000002; -3.0 31.5; -2.8 22.98719999999999; -2.6 15.741600000000012; -2.4 9.662399999999998; -2.2 4.648800000000007; -2.0 258.4746554521533; -1.8 -2.5847999999999995; -1.6 88.58620092253179; -1.4 18.27141103364015; -1.2 386.6983828734743; -1.0 -8.7; -0.8 -9.0768; -0.6 -9.1944; -0.4 -9.1536; -0.2 -9.0552; 0.0 -9.0; 0.2 -9.0888; 0.4 -9.4224; 0.6 -10.1016; 0.8 -11.2272; 1.0 -12.9; 1.2 -15.2208; 1.4 -182.47462174108017; 1.6 -22.209600000000005; 1.8 -27.0792; 2.0 -33.0; 2.2 -40.07280000000001; 2.4 -424.516122111087; 2.6 -313.3901285340839; 2.8 -69.21119999999999; 3.0 -81.9; 3.2 -96.24480000000003; 3.4 -112.34639999999999; 3.6 -130.30560000000003; 3.8 -150.2232; 4.0 -529.2996852809401; 4.2 -549.1723392413589; 4.4 -79.85231823713303; 4.6 -459.13774737998915; 4.8 -282.7152; 5.0 -316.5]
npts :	51
nout :	13
model :	(x,t) -> x[1]*t[1]^3 + x[2]*t[1]^2 + x[3]*t[1] + x[4] - t[2] 
dim :	4
cluster :	false
noise :	false
solution :	[-2.1, -1.8, 0.0, -9.0]
description :	type: cubic model with noise and outliers
