name :	cubic
data :	[-5.0 824.8; -4.7368421052631575 699.0224085143604; -4.473684210526316 663.6663737143799; -4.2105263157894735 487.3673567575446; -3.9473684210526314 399.93719201049714; -3.6842105263157894 323.73679836710886; -3.4210526315789473 -35.460935719596534; -3.1578947368421053 201.91991543956846; -2.8947368421052633 -21.502641990672913; -2.6315789473684212 115.70589007143899; -2.3684210526315788 84.00906837731446; -2.1052631578947367 58.88390435923601; -1.8421052631578947 39.55404577926811; -1.5789473684210527 25.24314039947514; -1.3157894736842106 15.174835981921564; -1.0526315789473684 8.572780288671815; -0.7894736842105263 4.660621081790349; -0.5263157894736842 -14.38943525092375; -0.2631578947368421 -340.8810554247735; 0.0 1.3; 0.2631578947368421 0.3839043592360404; 0.5263157894736842 -1.7240559848374393; 0.7894736842105263 -5.800233270156; 1.0526315789473684 -12.620979734655192; 1.3157894736842106 -22.962647616270598; 1.5789473684210527 -237.29802803486075; 1.8421052631578947 -57.314156582592204; 2.1052631578947367 -82.87670214316954; 2.3684210526315788 -115.06557807260532; 2.6315789473684212 -154.65713660883512; 2.8947368421052633 -270.9710304355233; 3.1578947368421053 -259.15371045341885; 3.4210526315789473 -325.6114302376439; 3.6842105263157894 -402.5772415804052; 3.9473684210526314 -759.6961775943001; 4.2105263157894735 -554.5054805602931; 4.473684210526316 -704.2867473392623; 4.7368421052631575 -831.048447295524; 5.0 -622.5923027861743]
npts :	39
nout :	10
model :	(x,t) -> x[1]*t[1]^3 + x[2]*t[1]^2 + x[3]*t[1] + x[4] - t[2] 
dim :	4
cluster :	false
noise :	false
solution :	[-7.1, -3.0, -2.2, 1.3]
description :	type: cubic model with noise and outliers
