name :	cubic
data :	[-5.0 971.9; -4.7560975609756095 826.2333091510568; -4.512195121951219 759.2872342183891; -4.2682926829268295 579.4918515401693; -4.024390243902439 476.76301707752356; -3.7804878048780486 386.69273370960946; -3.5365853658536586 308.45396758607677; -3.292682926829268 241.21968485657487; -3.048780487804878 184.16285167075344; -2.8048780487804876 136.45643417826204; -2.5609756097560976 97.27339852875035; -2.317073170731707 65.78671087186775; -2.073170731707317 41.1693373572641; -1.829268292682927 22.594244134588877; -1.5853658536585367 9.234397353491682; -1.3414634146341464 0.26276316362211727; -1.0975609756097562 -5.147692285370205; -0.8536585365853658 -7.824002843835696; -0.6097560975609756 -8.593202362124751; -0.36585365853658536 -8.282324690587775; -0.12195121951219512 -7.718403679575165; 0.12195121951219512 124.76578962468638; 0.36585365853658536 -228.60590787989284; 0.6097560975609756 -12.778719113187563; 0.8536585365853658 221.10109940944454; 1.0975609756097562 -30.0493332946417; 1.3414634146341464 -45.334863104133724; 1.5853658536585367 -66.15658652660294; 1.829268292682927 55.890334501699556; 2.073170731707317 -149.95986011378665; 2.317073170731707 -24.94873911779203; 2.5609756097560976 -221.3460933532596; 2.8048780487804876 -326.4564635953176; 3.048780487804878 -16.106297985048514; 3.292682926829268 -436.392915076682; 3.5365853658536586 -531.2774060155831; 3.7804878048780486 -639.1413952206149; 4.024390243902439 -760.8119165421281; 4.2682926829268295 -635.5861021742618; 4.512195121951219 -1048.8806909359987; 4.7560975609756095 -1216.9330117090578; 5.0 -1402.1]
npts :	42
nout :	10
model :	(x,t) -> x[1]*t[1]^3 + x[2]*t[1]^2 + x[3]*t[1] + x[4] - t[2] 
dim :	4
cluster :	false
noise :	false
solution :	[-9.5, -8.3, 0.1, -7.6]
description :	type: cubic model with noise and outliers
