name :	cubic
data :	[-5.0 90.1; -4.72972972972973 69.42136299923004; -4.45945945945946 51.82210925315383; -4.1891891891891895 37.065332754229786; -3.918918918918919 24.914127494916393; -3.6486486486486487 15.1315874676722; -3.3783783783783785 -54.64868157075774; -3.108108108108108 87.33414082263134; -2.8378378378378377 -2.373101297060394; -2.5675675675675675 100.95498591164427; -2.2972972972972974 -6.542844451463878; -2.027027027027027 -7.08841924466468; -1.7567567567567568 -6.9236708585868545; -1.4864864864864864 -227.89081319871596; -1.2162162162162162 -5.410828578761375; -0.9459459459459459 -4.5365467000967366; -0.6756756756756757 -3.8995656723195076; -0.40540540540540543 -3.7367915029711964; -0.13513513513513514 -4.285130199593311; 0.13513513513513514 -5.781487769727361; 0.40540540540540543 -8.462770220914852; 0.6756756756756757 -12.565883560697294; 0.9459459459459459 -275.2978887248993; 1.2162162162162162 -25.985226936213053; 1.4864864864864864 358.79365979638044; 1.7567567567567568 -47.93476595660672; 2.027027027027027 -189.77952686093985; 2.2972972972972974 -80.30974868221033; 2.5675675675675675 -253.64258464856255; 2.8378378378378377 -319.4101324137203; 3.108108108108108 -152.5657848498608; 3.3783783783783785 -183.91703749037575; 3.6486486486486487 -219.29608710244213; 3.918918918918919 -258.9398396936015; 4.1891891891891895 -303.0852012713956; 4.45945945945946 -399.00379262904426; 4.72972972972973 -405.8283754170533; 5.0 -464.9]
npts :	38
nout :	10
model :	(x,t) -> x[1]*t[1]^3 + x[2]*t[1]^2 + x[3]*t[1] + x[4] - t[2] 
dim :	4
cluster :	false
noise :	false
solution :	[-2.0, -7.3, -5.5, -4.9]
description :	type: cubic model with noise and outliers
