name :	cubic
data :	[-5.0 1477.9; -4.795918367346939 1313.780032979456; -4.591836734693878 1162.3080272675504; -4.387755102040816 849.2082419814484; -4.183673469387755 895.288333092504; -3.979591836734694 778.7308612907888; -3.7755102040816326 672.801784120562; -3.5714285714285716 863.7344217437258; -3.36734693877551 490.80924699742445; -3.163265306122449 413.73600370593897; -2.9591836734693877 345.27158836879187; -2.7551020408163267 284.9111093166963; -2.5510204081632653 232.14967488036444; -2.3469387755102042 186.48239339050912; -2.142857142857143 147.40437317784253; -1.9387755102040816 114.41072257307754; -1.7346938775510203 86.99654990692653; -1.530612244897959 64.65696351010207; -1.3265306122448979 46.88707171331673; -1.1224489795918366 33.18198284728302; -0.9183673469387755 23.0368052427135; -0.7142857142857143 110.27322165479774; -0.5102040816326531 11.406617140817177; -0.30612244897959184 8.911823304915469; -0.10204081632653061 -200.7336648818555; 0.10204081632653061 -110.73449577085124; 0.30612244897959184 8.649942625946672; 0.5102040816326531 9.287177111577659; 0.7142857142857143 9.445189504373179; 0.9183673469387755 439.6575181379623; 1.1224489795918366 6.303981334307988; 1.3265306122448979 1.994977432872357; 1.530612244897959 -4.812815238548561; 1.7346938775510203 58.81200242087559; 1.9387755102040816 -27.94433356849612; 2.142857142857143 0.881826226434697; 2.3469387755102042 -67.12970700983436; 2.5510204081632653 -94.00481857049357; 2.7551020408163267 -126.40806891686293; 2.9591836734693877 -164.8443497182296; 3.163265306122449 -209.81855264388145; 3.36734693877551 -261.8355693631055; 3.5714285714285716 -321.4002915451896; 3.7755102040816326 -389.01761085942087; 3.979591836734694 -465.192418975087; 4.183673469387755 -858.3421371397775; 4.387755102040816 -645.2340682878732; 4.591836734693878 -750.1106928235687; 4.795918367346939 -865.5643728378484; 5.0 -1328.566574070843]
npts :	50
nout :	10
model :	(x,t) -> x[1]*t[1]^3 + x[2]*t[1]^2 + x[3]*t[1] + x[4] - t[2] 
dim :	4
cluster :	false
noise :	false
solution :	[-9.9, 9.4, 0.5, 7.9]
description :	type: cubic model with noise and outliers
