name :	cubic
data :	[-5.0 -151.0; -4.642857142857143 -120.00856413994174; -4.285714285714286 -93.3338192419825; -3.9285714285714284 -66.14601288454915; -3.5714285714285716 -51.73177842565599; -3.2142857142857144 -58.65951383544942; -2.857142857142857 -372.2611448903661; -2.5 -14.1875; -2.142857142857143 -7.099125364431485; -1.7857142857142858 -2.222849854227407; -1.4285714285714286 0.7419825072886308; -1.0714285714285714 -189.9257737885293; -0.7142857142857143 2.1399416909620994; -0.35714285714285715 1.1743804664723034; 0.0 -0.5; 0.35714285714285715 -2.582543731778426; 0.7142857142857143 -4.772594752186589; 1.0714285714285714 -6.769497084548105; 1.4285714285714286 -8.27259475218659; 1.7857142857142858 -54.92781820680554; 2.142857142857143 -8.594752186588922; 2.5 -6.8125; 2.857142857142857 -3.333819241982507; 3.2142857142857144 2.141946064139944; 3.5714285714285716 9.915451895043738; 3.9285714285714284 20.28735422740524; 4.285714285714286 67.44539806207965; 4.642857142857143 50.02897230320702; 5.0 70.0]
npts :	29
nout :	6
model :	(x,t) -> x[1]*t[1]^3 + x[2]*t[1]^2 + x[3]*t[1] + x[4] - t[2] 
dim :	4
cluster :	false
noise :	false
solution :	[1.1, -1.6, -5.4, -0.5]
description :	type: cubic model with noise and outliers
