name :	cubic
data :	[-5.0 982.3; -4.761904761904762 859.5385271568944; -4.523809523809524 747.4961991145665; -4.285714285714286 645.6790087463555; -4.0476190476190474 553.5929489256018; -3.8095238095238093 470.7440125256451; -3.5714285714285716 396.63819241982515; -3.3333333333333335 330.78148148148153; -3.0952380952380953 272.67987258395425; -2.857142857142857 221.8393586005831; -2.619047619047619 177.7659324047079; -2.380952380952381 238.58269181175262; -2.142857142857143 323.9404905063087; -1.9047619047619047 81.2081092754562; -1.6666666666666667 59.262962962962966; -1.4285714285714286 41.614868804664724; -1.1904761904761905 -392.39786093025475; -0.9523809523809523 17.233808444012524; -0.7142857142857143 9.512827988338195; -0.47619047619047616 -512.7324292510056; -0.23809523809523808 -186.48347888231143; 0.0 -309.8478285724187; 0.23809523809523808 -3.100928625418421; 0.47619047619047616 -4.156862109923334; 0.7142857142857143 -5.3618075801749265; 0.9523809523809523 -7.209772162833386; 1.1904761904761905 49.66338207098409; 1.4285714285714286 -14.81078717201166; 1.6666666666666667 -21.551851851851847; 1.9047619047619047 -30.911964150739653; 2.142857142857143 -43.38513119533526; 2.380952380952381 -250.93188691864708; 2.619047619047619 -79.64665802829067; 2.857142857142857 -104.42303206997084; 3.0952380952380953 -134.28848936399956; 3.3333333333333335 -169.73703703703703; 3.5714285714285716 -349.5129082295897; 3.8095238095238093 -259.3594320267789; 4.0476190476190474 -314.5212935968037; 4.285714285714286 -377.242274052478; 4.523809523809524 -448.0163805204622; 4.761904761904762 -527.337620127416; 5.0 -615.7]
npts :	43
nout :	9
model :	(x,t) -> x[1]*t[1]^3 + x[2]*t[1]^2 + x[3]*t[1] + x[4] - t[2] 
dim :	4
cluster :	false
noise :	false
solution :	[-6.1, 7.4, -7.3, -1.7]
description :	type: cubic model with noise and outliers
