name :	cubic
data :	[-5.0 132.9; -4.285714285714286 62.71195335276967; -3.5714285714285716 19.783381924198274; -2.857142857142857 -1.7895043731778362; -2.142857142857143 -7.910495626822156; -1.4285714285714286 268.4827959593759; -0.7142857142857143 2.588046647230321; 0.0 -66.63638366736639; 0.7142857142857143 4.04868804664723; 1.4285714285714286 -13.369679300291546; 2.142857142857143 -50.758892128279875; 2.857142857142857 -114.02274052478134; 3.5714285714285716 -469.918955691485; 4.285714285714286 -341.78950437317786; 5.0 -518.1]
npts :	15
nout :	3
model :	(x,t) -> x[1]*t[1]^3 + x[2]*t[1]^2 + x[3]*t[1] + x[4] - t[2] 
dim :	4
cluster :	false
noise :	false
solution :	[-2.7, -8.0, 2.4, 7.4]
description :	type: cubic model with noise and outliers
