name :	cubic
data :	[-5.0 575.7181869958658; -4.666666666666667 413.77777777777794; -4.333333333333333 508.40343607531105; -4.0 280.6; -3.6666666666666665 225.81111111111107; -3.3333333333333335 162.1629345666433; -3.0 34.27328674344929; -2.6666666666666665 103.04444444444444; -2.3333333333333335 74.43333333333335; -2.0 51.199999999999996; -1.6666666666666667 32.87777777777778; -1.3333333333333333 19.0; -1.0 9.1; -0.6666666666666666 2.7111111111111117; -0.3333333333333333 -105.26717393981924; 0.0 -1.4; 0.3333333333333333 -0.05555555555555536; 0.6666666666666666 2.933333333333334; 1.0 7.1; 1.3333333333333333 11.977777777777778; 1.6666666666666667 17.1; 2.0 -58.617769471050565; 2.3333333333333335 26.211111111111116; 2.6666666666666665 29.26666666666667; 3.0 30.699999999999996; 3.3333333333333335 30.04444444444444; 3.6666666666666665 26.83333333333332; 4.0 20.599999999999994; 4.333333333333333 10.877777777777785; 4.666666666666667 -2.800000000000026; 5.0 -20.9]
npts :	31
nout :	6
model :	(x,t) -> x[1]*t[1]^3 + x[2]*t[1]^2 + x[3]*t[1] + x[4] - t[2] 
dim :	4
cluster :	false
noise :	false
solution :	[-2.1, 9.5, 1.1, -1.4]
description :	type: cubic model with noise and outliers
