name :	cubic
data :	[-5.0 -565.1; -4.72972972972973 -474.41451246717867; -4.45945945945946 -393.754887173514; -4.1891891891891895 -202.43243929982225; -3.918918918918919 -260.1915444297475; -3.6486486486486487 -206.12698754269243; -3.3783783783783785 -159.76661402088726; -3.108108108108108 -367.0920816214706; -2.8378378378378377 -87.83673819911948; -2.5675675675675675 -61.10639646220363; -2.2972972972972974 -166.6458744121569; -2.027027027027027 -23.21280674392436; -1.7567567567567568 -10.88871932560757; -1.4864864864864864 -2.2058772432037586; -1.2162162162162162 3.416139221763766; -0.9459459459459459 6.5577497877717015; -0.6756756756756757 7.799374173296744; -0.40540540540540543 7.7214320968155885; -0.13513513513513514 6.904343276804928; 0.13513513513513514 5.928527431741457; 0.40540540540540543 5.37440428010187; 0.6756756756756757 188.4535602991874; 0.9459459459459459 7.852914931001125; 1.2162162162162162 12.046388170493357; 1.4864864864864864 18.98323297731625; 1.7567567567567568 29.243869069946506; 2.027027027027027 43.40871616686081; 2.2972972972972974 -153.5131852652677; 2.5675675675675675 -85.81016293564151; 2.8378378378378377 115.13272066807494; 3.108108108108108 150.71860896689236; 3.3783783783783785 193.11080686237742; 3.6486486486486487 457.36953977816563; 3.918918918918919 60.86663450456919; 4.1891891891891895 366.9294553136044; 4.45945945945946 442.3510887805264; 4.72972972972973 527.4811304364993; 5.0 622.9]
npts :	38
nout :	8
model :	(x,t) -> x[1]*t[1]^3 + x[2]*t[1]^2 + x[3]*t[1] + x[4] - t[2] 
dim :	4
cluster :	false
noise :	false
solution :	[4.9, 0.9, -3.7, 6.4]
description :	type: cubic model with noise and outliers
