name :	cubic
data :	[-5.0 989.842323315659; -4.821428571428571 992.3902278198552; -4.642857142857143 874.1707361516037; -4.464285714285714 731.5213644554798; -4.285714285714286 627.9536323397363; -4.107142857142857 595.3632243075801; -3.9285714285714284 517.3394679300292; -3.75 446.24218750000006; -3.5714285714285716 381.7536443148689; -3.392857142857143 323.55609967201167; -3.2142857142857144 271.3318148688047; -3.0357142857142856 224.7630512026239; -2.857142857142857 28.981247338823692; -2.6785714285714284 147.32113247084547; -2.5 115.8125; -2.3214285714285716 88.68843385568518; -2.142857142857143 -127.24909441953923; -1.9642857142857142 46.3230457361516; -1.7857142857142858 30.446246355685147; -1.6071428571428572 1.6086798108801332; -1.4285714285714286 7.71574344023324; -1.25 0.2265625; -1.0714285714285714 -5.102223032069972; -0.8928571428571429 -8.588351858600582; -0.7142857142857143 -10.549562682215743; -0.5357142857142857 -11.303594205539358; -0.35714285714285715 -11.168185131195335; -0.17857142857142858 -10.46107416180758; 0.0 -9.5; 0.17857142857142858 -8.6027013483965; 0.35714285714285715 -8.08691690962099; 0.5357142857142857 -8.270385386297376; 0.7142857142857143 -9.470845481049563; 0.8928571428571429 -12.006035896501459; 1.0714285714285714 -16.193695335276967; 1.25 -54.56891851706003; 1.4285714285714286 91.50702266722675; 1.6071428571428572 -41.848874817784264; 1.7857142857142858 -55.82379737609331; 1.9642857142857142 -73.03988247084548; 2.142857142857143 -93.81486880466471; 2.3214285714285716 -124.33848855344942; 2.5 -147.3125; 2.6785714285714284 -180.67062226676384; 2.857142857142857 -218.8586005830904; 3.0357142857142856 -262.19417365160353; 3.2142857142857144 -310.9950801749271; 3.392857142857143 -571.3101183992943; 3.5714285714285716 -426.26384839650154; 3.75 -493.36718750000006; 3.9285714285714284 -567.2068148688046; 4.107142857142857 -648.1004692055394; 4.285714285714286 -736.3658892128279; 4.464285714285714 -832.3208135932946; 4.642857142857143 -936.282981049563; 4.821428571428571 -1048.5701302842565; 5.0 -1169.5]
npts :	57
nout :	11
model :	(x,t) -> x[1]*t[1]^3 + x[2]*t[1]^2 + x[3]*t[1] + x[4] - t[2] 
dim :	4
cluster :	false
noise :	false
solution :	[-9.3, -1.0, 5.5, -9.5]
description :	type: cubic model with noise and outliers
