name :	cubic
data :	[-5.0 -1037.3; -4.583333333333333 -792.8946180555555; -4.166666666666667 -428.3720139272549; -3.75 -265.7643232178443; -3.3333333333333335 -26.64502307127418; -2.9166666666666665 -197.39114583333333; -2.5 -123.8625; -2.0833333333333335 -72.39982638888891; -1.6666666666666667 -38.966666666666676; -1.25 -19.5265625; -0.8333333333333334 -10.043055555555558; -0.4166666666666667 -6.4796875; 0.0 346.13596892490386; 0.4166666666666667 -0.9675347222222213; 0.8333333333333334 9.05416666666667; 1.25 29.3015625; 1.6666666666666667 63.81111111111113; 2.0833333333333335 -61.104947340766174; 2.5 191.7625; 2.9166666666666665 293.2772569444444; 3.3333333333333335 425.20000000000016; 3.75 591.5671875; 4.166666666666667 796.4152777777781; 4.583333333333333 1043.7807291666668; 5.0 1337.7]
npts :	25
nout :	5
model :	(x,t) -> x[1]*t[1]^3 + x[2]*t[1]^2 + x[3]*t[1] + x[4] - t[2] 
dim :	4
cluster :	false
noise :	false
solution :	[9.3, 6.2, 5.0, -4.8]
description :	type: cubic model with noise and outliers
