name :	cubic
data :	[-5.0 -475.1; -4.5 -348.575; -4.0 -247.29999999999998; -3.5 -168.42499999999995; -3.0 45.44775696495233; -2.5 -66.475; -2.0 -37.7; -1.5 -19.924999999999997; -1.0 140.374148072009; -0.5 -5.975; 0.0 -4.1; 0.5 -1.8249999999999993; 1.0 3.7; 1.5 441.75934372928384; 2.0 35.9; 2.5 68.275; 3.0 115.30000000000001; 3.5 254.5697881028843; 4.0 264.7; 4.5 372.7749999999999; 5.0 506.9]
npts :	21
nout :	4
model :	(x,t) -> x[1]*t[1]^3 + x[2]*t[1]^2 + x[3]*t[1] + x[4] - t[2] 
dim :	4
cluster :	false
noise :	false
solution :	[3.8, 0.8, 3.2, -4.1]
description :	type: cubic model with noise and outliers
