name :	cubic
data :	[-5.0 290.5; -4.696969696969697 233.3999638255837; -4.393939393939394 434.7633894887257; -4.090909090909091 141.5924117205109; -3.787878787878788 272.95637203641206; -3.484848484848485 76.19107048445892; -3.1818181818181817 -86.45317392860673; -2.878787878787879 33.05536077023682; -2.5757575757575757 18.54318668781479; -2.272727272727273 8.044703230653646; -1.9696969696969697 1.0423379803545103; -1.6666666666666667 -2.981481481481479; -1.3636363636363635 -4.544327573253195; -1.0606060606060606 -4.16377271335949; -0.7575757575757576 -2.3573893201992373; -0.45454545454545453 0.35725018782870066; -0.15151515151515152 3.4625733923254582; 0.15151515151515152 6.441007874892172; 0.45454545454545453 438.9945850557989; 0.7575757575757576 471.596206967876; 1.0606060606060606 9.439254807023403; 1.3636363636363635 6.734410217881294; 1.6666666666666667 1.3148148148148096; 1.9696969696969697 -7.337103820574896; 2.272727272727273 -19.738918106686707; 2.5757575757575757 -36.40820046191948; 2.878787878787879 -57.86252330467208; 3.1818181818181817 -84.61945905334335; 3.484848484848485 -329.4055454822055; 3.787878787878788 -156.1114589420375; 4.090909090909091 97.0430811560565; 4.393939393939394 -255.0247794751926; 4.696969696969697 -316.0583660294405; 5.0 -385.5]
npts :	34
nout :	7
model :	(x,t) -> x[1]*t[1]^3 + x[2]*t[1]^2 + x[3]*t[1] + x[4] - t[2] 
dim :	4
cluster :	false
noise :	false
solution :	[-3.1, -2.1, 9.9, 5.0]
description :	type: cubic model with noise and outliers
