name :	cubic
data :	[-5.0 998.5; -4.583333333333333 495.8379196974507; -4.166666666666667 607.8773148148149; -3.75 459.0546875; -3.3333333333333335 337.462962962963; -2.9166666666666665 240.2809606481481; -2.5 164.6875; -2.0833333333333335 -29.64933303267955; -1.6666666666666667 -22.094779944328067; -1.25 39.2265625; -0.8333333333333334 21.775462962962965; -0.4166666666666667 11.807002314814815; 0.0 6.5; 0.4166666666666667 3.033275462962963; 0.8333333333333334 -1.414351851851853; 1.25 -9.6640625; 1.6666666666666667 -24.537037037037045; 2.0833333333333335 -48.854456018518526; 2.5 -248.01016957226997; 2.9166666666666665 -137.107349537037; 3.3333333333333335 -214.6436916354742; 3.75 -296.9921875; 4.166666666666667 -410.8495370370371; 4.583333333333333 -551.0784143518518; 5.0 -720.5]
npts :	25
nout :	5
model :	(x,t) -> x[1]*t[1]^3 + x[2]*t[1]^2 + x[3]*t[1] + x[4] - t[2] 
dim :	4
cluster :	false
noise :	false
solution :	[-6.5, 5.3, -9.4, 6.5]
description :	type: cubic model with noise and outliers
