name :	cubic
data :	[-5.0 -85.0; -4.8076923076923075 -84.44421370050065; -4.615384615384615 -83.26968593536638; -4.423076923076923 -81.52335571233499; -4.230769230769231 334.5609022356929; -4.038461538461538 -76.50304392353206; -3.8461538461538463 -73.32294037323622; -3.6538461538461537 -69.75879039599454; -3.4615384615384617 20.63411506002916; -3.269230769230769 -61.666107191624945; -3.076923076923077 -57.23145197997269; -2.8846153846153846 -52.60050637232588; -2.6923076923076925 -47.8202093764224; -2.5 -42.9375; -2.3076923076923075 -37.99931725079653; -2.1153846153846154 -33.05260013654984; -1.9230769230769231 -402.7887821891969; -1.7307692307692308 -23.321318843878014; -1.5384615384615385 -18.63063268092854; -1.3461538461538463 -95.1856475897506; -1.1538461538461537 -16.969170672731135; -0.9615384615384616 -5.821660218479744; -0.7692307692307693 -2.12949476558944; -0.5769230769230769 232.18576396703077; -0.38461538461538464 4.106964041875284; -0.19230769230769232 6.557379380974055; 0.0 -16.53434765347376; 0.19230769230769232 9.887886891215294; 0.38461538461538464 10.674101046882111; 0.5769230769230769 10.811703459262631; 0.7692307692307693 10.253755120619026; 0.9615384615384616 8.953317023213472; 1.1538461538461537 6.863450159308147; 1.3461538461538463 -90.24698187929762; 1.5384615384615385 0.1276741010468836; 1.7307692307692308 -4.612113108784708; 1.9230769230769231 214.87700904400606; 2.1153846153846154 -17.070180928538917; 2.3076923076923075 -24.88233955393718; 2.5 -33.8125; 2.6923076923076925 108.46466343383021; 2.8846153846153846 -55.21458238507056; 3.076923076923077 -67.78038233955394; 3.269230769230769 -81.65194014565316; 3.4615384615384617 -27.02435808650779; 3.6538461538461537 -113.50008534365044; 3.8461538461538463 -131.57055075102414; 4.038461538461538 -151.13453004096496; 4.230769230769231 -196.40296394349323; 4.423076923076923 -194.93078629949935; 4.615384615384615 -219.25694128356844; 4.8076923076923075 64.39469050200702; 5.0 -273.0]
npts :	53
nout :	13
model :	(x,t) -> x[1]*t[1]^3 + x[2]*t[1]^2 + x[3]*t[1] + x[4] - t[2] 
dim :	4
cluster :	false
noise :	false
solution :	[-1.1, -7.5, 8.7, 8.5]
description :	type: cubic model with noise and outliers
