name :	cubic
data :	[-5.0 151.1; -4.666666666666667 126.46296296296299; -4.333333333333333 104.80370370370368; -4.0 -105.30969799007418; -3.6666666666666665 69.52962962962962; -3.3333333333333335 55.47037037037038; -3.0 43.5; -2.6666666666666665 33.39629629629629; -2.3333333333333335 8.540880172713766; -2.0 17.9; -1.6666666666666667 12.062962962962962; -1.3333333333333333 86.5471736697749; -1.0 3.0999999999999996; -0.6666666666666666 -0.47037037037037166; -0.3333333333333333 -3.7296296296296303; 0.0 -6.9; 0.3333333333333333 -10.203703703703704; 0.6666666666666666 -13.862962962962962; 1.0 -18.1; 1.3333333333333333 -23.137037037037032; 1.6666666666666667 -29.196296296296296; 2.0 -36.5; 2.3333333333333335 -45.27037037037038; 2.6666666666666665 -55.72962962962962; 3.0 -68.1; 3.3333333333333335 -102.62204255133656; 3.6666666666666665 -99.46296296296296; 4.0 -118.9; 4.333333333333333 -141.137037037037; 4.666666666666667 -475.81330851632606; 5.0 -427.23089646530934]
npts :	31
nout :	6
model :	(x,t) -> x[1]*t[1]^3 + x[2]*t[1]^2 + x[3]*t[1] + x[4] - t[2] 
dim :	4
cluster :	false
noise :	false
solution :	[-1.0, -0.6, -9.6, -6.9]
description :	type: cubic model with noise and outliers
