name :	cubic
data :	[-5.0 -782.7; -4.705882352941177 -663.2083452065949; -4.411764705882353 -556.3342357012011; -4.117647058823529 -461.39071850193346; -3.823529411764706 -377.69084062690814; -3.5294117647058822 -304.5476490942398; -3.235294117647059 -241.27419092204357; -2.9411764705882355 -187.1835131284348; -2.6470588235294117 -160.11439058915286; -2.3529411764705883 -103.80268674944027; -2.0588235294117645 -73.13863220028495; -1.7647058823529411 -48.90954610217789; -1.4705882352941178 -30.428475473234283; -1.1764705882352942 -17.00846733156931; -0.8823529411764706 -7.962568695298189; -0.5882352941176471 -2.6038265825361293; -0.29411764705882354 -63.50464552912218; 0.0 -0.2; 0.29411764705882354 43.64860016197694; 0.5882352941176471 -164.23281607102064; 0.8823529411764706 -7.074109505393852; 1.1764705882352942 -78.11198427998038; 1.4705882352941178 -10.628963973132509; 1.7647058823529411 -10.03716670059027; 2.0588235294117645 -259.7519871733499; 2.3529411764705883 -0.6803582332587019; 2.6470588235294117 9.45855892530021; 2.9411764705882355 24.153755342967635; 3.235294117647059 116.61219142522468; 3.5294117647058822 69.96079788316709; 3.823529411764706 102.44654996946876; 4.117647058823529 142.23639324241805; 4.411764705882353 190.0172806838999; 4.705882352941177 246.4761652757989; 5.0 312.3]
npts :	35
nout :	7
model :	(x,t) -> x[1]*t[1]^3 + x[2]*t[1]^2 + x[3]*t[1] + x[4] - t[2] 
dim :	4
cluster :	false
noise :	false
solution :	[4.5, -9.4, -3.0, -0.2]
description :	type: cubic model with noise and outliers
