name :	cubic
data :	[-5.0 894.7; -4.473684210526316 887.6433063781644; -3.9473684210526314 395.09947514214895; -3.4210526315789473 300.77530151169975; -2.8947368421052633 120.2780726053361; -2.3684210526315788 46.8213004811197; -1.8421052631578947 5.153418865723871; -1.3157894736842106 -12.860868931331098; -0.7894736842105263 -15.356859600524857; -0.2631578947368421 -10.469849832337076; 0.2631578947368421 -344.6424382928518; 0.7894736842105263 -11.08801574573553; 1.3157894736842106 -32.863784808281096; 1.8421052631578947 -79.79774019536374; 2.3684210526315788 -160.0251785974632; 2.8947368421052633 -281.6813967050591; 3.4210526315789473 -465.3957116151028; 3.9473684210526314 -681.8213587986586; 4.473684210526316 -976.5756961656217; 5.0 -1087.289351974558]
npts :	20
nout :	5
model :	(x,t) -> x[1]*t[1]^3 + x[2]*t[1]^2 + x[3]*t[1] + x[4] - t[2] 
dim :	4
cluster :	false
noise :	false
solution :	[-9.3, -8.7, 8.5, -7.8]
description :	type: cubic model with noise and outliers
