name :	cubic
data :	[-5.0 97.7; -4.62962962962963 90.07223182107705; -4.2592592592592595 69.38002845094753; -3.888888888888889 57.16639231824418; -3.5185185185185186 46.16903419194229; -3.1481481481481484 36.326987755931526; -2.7777777777777777 213.8258860234968; -2.4074074074074074 19.864964690341917; -2.037037037037037 13.123055428542404; -1.6666666666666667 7.2925925925925945; -1.2962962962962963 2.3126098663821573; -0.9259259259259259 -1.8778590661992585; -0.5555555555555556 -5.3397805212620035; -0.18518518518518517 -8.134120814916425; 0.18518518518518517 -10.321846263272876; 0.5555555555555556 -11.963923182441702; 0.9259259259259259 -13.121317888533254; 1.2962962962962963 -13.854996697657878; 1.6666666666666667 -14.225925925925928; 2.037037037037037 -14.295071889447748; 2.4074074074074074 32.35988498176561; 2.7777777777777777 4.491135299236042; 3.1481481481481484 -13.301473352639334; 3.5185185185185186 -5.96339276178093; 3.888888888888889 -12.247873799725653; 4.2592592592592595 -11.786612813087434; 4.62962962962963 -11.450332774475438; 5.0 -23.788737269274495]
npts :	28
nout :	6
model :	(x,t) -> x[1]*t[1]^3 + x[2]*t[1]^2 + x[3]*t[1] + x[4] - t[2] 
dim :	4
cluster :	false
noise :	false
solution :	[-0.2, 2.1, -5.9, -9.3]
description :	type: cubic model with noise and outliers
