name :	cubic
data :	[-5.0 -479.99527288044334; -4.5 -466.625; -4.0 -330.6; -3.5 -224.47500000000002; -3.0 109.99342812310442; -2.5 -86.925; -2.0 -44.24025124304138; -1.5 -118.40956011481308; -1.0 -11.1; -0.5 -12.896981224908146; 0.0 -3.8; 0.5 -1.8749999999999998; 1.0 3.9000000000000004; 1.5 17.275; 2.0 42.0; 2.5 81.825; 3.0 140.5; 3.5 221.77499999999998; 4.0 329.4; 4.5 467.125; 5.0 638.7]
npts :	21
nout :	5
model :	(x,t) -> x[1]*t[1]^3 + x[2]*t[1]^2 + x[3]*t[1] + x[4] - t[2] 
dim :	4
cluster :	false
noise :	false
solution :	[5.0, 0.2, 2.5, -3.8]
description :	type: cubic model with noise and outliers
