name :	cubic
data :	[-5.0 -1365.7; -4.787234042553192 -1210.6762961964116; -4.574468085106383 -769.3672291663756; -4.361702127659575 -1162.5469780503001; -4.148936170212766 -817.5464694720823; -3.9361702127659575 -708.7691657917803; -3.723404255319149 -467.44343061559874; -3.5106382978723403 -521.5274948710786; -3.297872340425532 -388.48242846074066; -3.0851063829787235 -371.2741598682373; -2.872340425531915 -308.73227608526054; -2.6595744680851063 -253.89446558084433; -2.4468085106382977 -206.24639145468728; -2.234042553191489 -165.27371680648793; -2.021276595744681 -130.46210473594485; -1.8085106382978724 -6.58025303679409; -1.5957446808510638 -77.26472072662128; -1.3829787234042554 -57.85027498723791; -1.1702127659574468 -42.539544224304834; -0.9574468085106383 -48.058641471539104; -0.7446808510638298 -22.1718800265837; -0.5319148936170213 -16.0862727911927; -0.3191489361702128 -12.047032931046108; -0.10638297872340426 17.988250047217456; 0.10638297872340426 -8.050307735280235; 0.3191489361702128 -7.0641485990580115; 0.5319148936170213 -6.067009236874295; 0.7446808510638298 -4.544552748427612; 0.9574468085106383 -1.9824422334164868; 1.1702127659574468 119.24348171213596; 1.3829787234042554 108.26681330819204; 1.5957446808510638 17.085182474018286; 1.8085106382978724 28.94927809830192; 2.021276595744681 44.42471225065738; 2.234042553191489 64.02582183138608; 2.4468085106382977 356.14507282493406; 2.6595744680851063 117.66241487916935; 2.872340425531915 152.72657214682687; 3.0851063829787235 193.97375244406348; 3.297872340425532 116.9084287305433; 3.5106382978723403 297.07452972848023; 3.723404255319149 359.95680051626323; 3.9361702127659575 431.0794419348314; 4.148936170212766 646.5989359184258; 4.361702127659575 600.1031842655289; 4.574468085106383 699.0329589782609; 4.787234042553192 808.2604519229843; 5.0 928.3]
npts :	48
nout :	12
model :	(x,t) -> x[1]*t[1]^3 + x[2]*t[1]^2 + x[3]*t[1] + x[4] - t[2] 
dim :	4
cluster :	false
noise :	false
solution :	[8.9, -8.4, 6.9, -8.7]
description :	type: cubic model with noise and outliers
