name :	cubic
data :	[-5.0 117.7; -4.821428571428571 101.37725036443146; -4.642857142857143 275.54533911931117; -4.464285714285714 73.03933126822157; -4.285714285714286 60.90116618075798; -4.107142857142857 50.034866982507296; -3.9285714285714284 40.3789358600583; -3.75 31.871875; -3.5714285714285716 24.452186588921297; -3.392857142857143 265.05262040114934; -3.2142857142857144 12.628935860058306; -3.0357142857142856 -64.35481373996785; -2.857142857142857 4.417201166180757; -2.6785714285714284 1.5119077988338177; -2.5 -57.707417599819934; -2.3214285714285716 -2.2050200437317784; -2.142857142857143 -3.139650145772599; -1.9642857142857142 75.65993884184084; -1.7857142857142858 298.7677731169002; -1.6071428571428572 -2.9861789358600603; -1.4285714285714286 -2.1542274052478163; -1.25 -1.0343750000000007; -1.0714285714285714 -81.65558889240361; -0.8928571428571429 137.24818909896283; -0.7142857142857143 3.4376093294460626; -0.5357142857142857 5.094087099125364; -0.35714285714285715 6.730976676384838; -0.17857142857142858 8.286780247813411; 0.0 9.7; 0.17857142857142858 10.909138119533527; 0.35714285714285715 11.852696793002915; 0.5357142857142857 12.469178206997084; 0.7142857142857143 12.697084548104957; 0.8928571428571429 12.474918002915452; 1.0714285714285714 11.741180758017492; 1.25 10.434375; 1.4285714285714286 8.493002915451896; 1.6071428571428572 -120.78823027942789; 1.7857142857142858 2.4605685131195294; 1.9642857142857142 -1.7534894314868783; 2.142857142857143 -6.848104956268216; 2.3214285714285716 -12.884775874635583; 2.5 -19.925; 2.6785714285714284 -28.030275145772595; 2.857142857142857 -37.26209912536443; 3.0357142857142856 75.42271881890915; 3.2142857142857144 -59.35138483965015; 3.392857142857143 -72.33184220116617; 3.5714285714285716 -86.68483965014579; 3.75 -102.471875; 3.9285714285714284 -119.75444606413991; 4.107142857142857 -245.530620167765; 4.285714285714286 -159.05218658892124; 4.464285714285714 -181.19035167638486; 4.642857142857143 -205.0700437317785; 4.821428571428571 -230.7527605685131; 5.0 -258.3]
npts :	57
nout :	11
model :	(x,t) -> x[1]*t[1]^3 + x[2]*t[1]^2 + x[3]*t[1] + x[4] - t[2] 
dim :	4
cluster :	false
noise :	false
solution :	[-1.8, -3.2, 7.4, 9.7]
description :	type: cubic model with noise and outliers
