name :	cubic
data :	[-5.0 558.7; -4.642857142857143 451.0576895043733; -4.285714285714286 358.49008746355673; -3.9285714285714284 132.8618370037527; -3.5714285714285716 370.73471712920764; -3.2142857142857144 159.4826166180758; -2.857142857142857 155.8261743820016; -2.5 80.6375; -2.142857142857143 -27.76363368847889; -1.7857142857142858 33.88422011661808; -1.4285714285714286 19.603790087463555; -1.0714285714285714 9.820444606413993; -0.7142857142857143 3.3588921282798836; -0.35714285714285715 -0.9561588921282795; 0.0 -4.3; 0.35714285714285715 -7.847922740524782; 0.7142857142857143 -12.775218658892129; 1.0714285714285714 -20.257179300291543; 1.4285714285714286 -31.46909620991254; 1.7857142857142858 -47.586260932944604; 2.142857142857143 -211.91659941005287; 2.5 -99.2375; 2.857142857142857 -137.12215743440234; 3.2142857142857144 -184.61322886297378; 3.5714285714285716 -242.88600583090383; 3.9285714285714284 -476.021015542349; 4.285714285714286 -396.4778425655976; 4.642857142857143 -494.14748542274066; 5.0 -607.3]
npts :	29
nout :	6
model :	(x,t) -> x[1]*t[1]^3 + x[2]*t[1]^2 + x[3]*t[1] + x[4] - t[2] 
dim :	4
cluster :	false
noise :	false
solution :	[-4.3, -0.8, -9.1, -4.3]
description :	type: cubic model with noise and outliers
