name :	cubic
data :	[-5.0 554.9; -4.545454545454546 437.7809166040572; -4.090909090909091 214.79255009516572; -3.6363636363636362 -19.710819152813087; -3.1818181818181817 283.41524524182057; -2.727272727272727 131.62614575507135; -2.272727272727273 88.62426746806914; -1.8181818181818181 56.219684447783614; -1.3636363636363635 33.00368144252441; -0.9090909090909091 17.56754320060105; -0.45454545454545453 8.502554470323066; 0.0 4.4; 0.45454545454545453 3.8511645379413975; 0.9090909090909091 5.447332832456799; 1.3636363636363635 433.69477363611253; 1.8181818181818181 9.43981968444778; 2.272727272727273 9.018707738542446; 2.727272727272727 -40.94162275119451; 3.1818181818181817 -3.701803155522157; 3.6363636363636362 -18.81863260706237; 4.090909090909091 -41.65146506386177; 4.545454545454546 -73.60901577761086; 5.0 150.78476543154332]
npts :	23
nout :	6
model :	(x,t) -> x[1]*t[1]^3 + x[2]*t[1]^2 + x[3]*t[1] + x[4] - t[2] 
dim :	4
cluster :	false
noise :	false
solution :	[-2.5, 8.6, -4.6, 4.4]
description :	type: cubic model with noise and outliers
