name :	cubic
data :	[-5.0 684.6; -4.705882352941177 559.4739059637697; -4.411764705882353 450.48052106655825; -4.117647058823529 398.6677877063296; -3.823529411764706 332.77808729623644; -3.5294117647058822 190.07066117943864; -3.235294117647059 153.85157744758803; -2.9411764705882355 109.03486668023612; -2.6470588235294117 217.4524279842606; -2.3529411764705883 -41.03855930344331; -2.0588235294117645 27.415998371666994; -1.7647058823529411 14.156381029920619; -1.4705882352941178 6.038225117036433; -1.1764705882352942 1.9624058619987776; -0.8823529411764706 0.8297984937919805; -0.5882352941176471 1.5412782414003656; -0.29411764705882354 2.9977203338082634; 0.0 4.1; 0.29411764705882354 3.748992468959902; 0.5882352941176471 0.8455729696722973; 0.8823529411764706 -5.709383268878485; 1.1764705882352942 -17.015001017708123; 1.4705882352941178 -498.5451487108675; 1.7647058823529411 -58.27472013026663; 2.0588235294117645 31.92417056624467; 2.3529411764705883 -75.94647644277615; 2.6470588235294117 -183.2723794015876; 2.9411764705882355 -246.16358640341957; 3.235294117647059 -321.49932831263993; 3.5294117647058822 -410.37872990026455; 3.823529411764706 -588.1804636068154; 4.117647058823529 -633.165011194789; 4.411764705882353 -769.2701404437208; 4.705882352941177 -923.3154284551191; 5.0 -1096.4]
npts :	35
nout :	9
model :	(x,t) -> x[1]*t[1]^3 + x[2]*t[1]^2 + x[3]*t[1] + x[4] - t[2] 
dim :	4
cluster :	false
noise :	false
solution :	[-7.2, -8.4, 1.9, 4.1]
description :	type: cubic model with noise and outliers
