name :	cubic
data :	[-5.0 -882.4; -4.75 -751.8953125; -4.5 -634.7125; -4.25 -530.1484374999999; -4.0 -437.49999999999994; -3.75 -387.0207551955252; -3.5 -628.0597247952628; -3.25 -224.0171875; -3.0 -172.00000000000003; -2.75 -128.3828125; -2.5 -92.4625; -2.25 -63.535937499999996; -2.0 -95.51993779491593; -1.75 -23.851562499999996; -1.5 -11.687499999999998; -1.25 -3.7046875; -1.0 0.8000000000000003; -0.75 2.529687500000001; -0.5 2.1875000000000004; -0.25 0.4765625; 0.0 16.704862632908977; 0.25 18.466901822633226; 0.5 -5.8375; 0.75 79.15566548411063; 1.0 -4.0; 1.25 0.8421875000000001; 1.5 9.237499999999999; 1.75 21.889062500000005; 2.0 96.88924270199244; 2.25 62.77343749999999; 2.5 92.4125; 2.75 -109.16210713131628; 3.0 173.6; 3.25 226.55468749999997; 3.5 288.68750000000006; 3.75 360.7015625; 4.0 443.3; 4.25 537.1859375; 4.5 643.0625000000001; 4.75 761.6328125; 5.0 893.6]
npts :	41
nout :	8
model :	(x,t) -> x[1]*t[1]^3 + x[2]*t[1]^2 + x[3]*t[1] + x[4] - t[2] 
dim :	4
cluster :	false
noise :	false
solution :	[7.5, 0.3, -9.9, -1.9]
description :	type: cubic model with noise and outliers
