name :	cubic
data :	[-5.0 -1108.8; -4.5 -819.3; -4.0 -584.3; -3.5 -398.25; -3.0 -617.2065641081175; -2.5 -150.8; -2.0 -78.3; -1.5 -32.55; -1.0 -7.999999999999999; -0.5 0.9000000000000001; 0.0 -0.3; 0.5 -6.05; 1.0 -10.8; 1.5 -8.999999999999998; 2.0 4.900000000000003; 2.5 36.45; 3.0 145.82844943618687; 3.5 148.41992107404008; 4.0 292.5; 4.5 595.0119676717572; 5.0 653.2]
npts :	21
nout :	4
model :	(x,t) -> x[1]*t[1]^3 + x[2]*t[1]^2 + x[3]*t[1] + x[4] - t[2] 
dim :	4
cluster :	false
noise :	false
solution :	[7.4, -9.1, -8.8, -0.3]
description :	type: cubic model with noise and outliers
