name :	line3d
data :	[-25.408695652173915 193.59565217391307 180.58260869565217; 39.04347826086956 -4.778260869565219 57.48695652173913; 9.808695652173913 -193.79565217391306 -198.98260869565215; 49.40869565217392 -155.19565217391306 -238.78260869565213; 18.391304347826082 145.69565217391306 206.68260869565216; 33.286956521739135 -452.05652173913046 -452.0260869565217; -5.843478260869565 -21.621739130434783 -30.28695652173913; 13.721739130434784 -236.83913043478262 -241.15652173913043; 5.895652173913043 -150.7521739130435 -156.8086956521739; 29.373913043478257 -409.0130434782609 -409.85217391304343; 21.547826086956523 -322.9260869565218 -325.5043478260869; 45.52173913043478 -211.83913043478262 -246.25652173913042; -33.23478260869565 279.68260869565216 264.9304347826087; 33.286956521739135 -452.05652173913046 -452.0260869565217; -13.669565217391304 64.46521739130435 54.06086956521739; -33.23478260869565 279.68260869565216 264.9304347826087; -9.756521739130434 21.42173913043478 11.88695652173913; 17.63478260869565 -279.8826086956522 -283.3304347826087; 45.18260869565218 -64.00869565217391 -97.33478260869565; 33.286956521739135 -452.05652173913046 -452.0260869565217; -13.669565217391304 64.46521739130435 54.06086956521739; -33.23478260869565 279.68260869565216 264.9304347826087; -13.669565217391304 64.46521739130435 54.06086956521739; 17.63478260869565 -279.8826086956522 -283.3304347826087]
npts :	24
nout :	5
model :	(x,t) -> (x[1]-t[1])^2 + (x[2]-t[2])^2 +(x[3]-t[3])^2 - t[4]^2
dim :	3
cluster :	false
noise :	false
solution :	[-0.9, 9.9, 9.7, 50.0]
description :	[[-7.8, -0.1, -9.2]]
