name :	line3d
data :	[33.07142857142857 -25.666666666666668 -14.476190476190474; -296.92857142857144 207.66666666666666 62.19047619047619; 504.5 -359.0 -123.99999999999999; 262.0857142857143 -170.63333333333333 -40.938095238095244; -438.3571428571429 307.6666666666667 95.04761904761905; 409.5714285714286 -298.7 -96.74285714285713; 410.2142857142857 -292.3333333333333 -102.09523809523809; 80.21428571428572 -59.0 -25.428571428571427; -155.50000000000003 107.66666666666667 29.333333333333336; -391.2142857142857 274.3333333333333 84.09523809523809; 315.92857142857144 -225.66666666666666 -80.19047619047619; -485.5 341.0 105.99999999999999; -249.78571428571428 174.33333333333331 51.238095238095234; -344.0714285714286 241.0 73.14285714285714; -202.64285714285714 141.0 40.28571428571428; -296.92857142857144 207.66666666666666 62.19047619047619; 332.72857142857146 -192.26666666666665 -111.39047619047619; -277.42857142857144 172.36666666666667 56.99047619047619; -438.3571428571429 307.6666666666667 95.04761904761905; -249.78571428571428 174.33333333333331 51.238095238095234; -202.64285714285714 141.0 40.28571428571428; 315.92857142857144 -225.66666666666666 -80.19047619047619]
npts :	22
nout :	4
model :	(x,t) -> (x[1]-t[1])^2 + (x[2]-t[2])^2 +(x[3]-t[3])^2 - t[4]^2
dim :	3
cluster :	false
noise :	false
solution :	[9.9, -7.0, -2.3, 50.0]
description :	[[9.5, -9.0, -9.0]]
