name :	line3d
data :	[-118.4 316.1 350.8; 60.17142857142857 -126.75714285714287 -149.2; 83.98095238095237 -185.8047619047619 -215.86666666666665; -118.4 316.1 350.8; -35.06666666666667 109.43333333333334 117.46666666666667; 119.6952380952381 -274.37619047619046 -315.8666666666667; -11.257142857142858 50.38571428571429 50.8; -82.6857142857143 227.52857142857144 250.8; -118.4 316.1 350.8; 12.552380952380952 -8.661904761904763 -15.866666666666667; -9.56666666666667 120.93333333333334 99.26666666666667; 0.6476190476190471 20.86190476190476 17.46666666666667; 60.17142857142857 -126.75714285714287 -149.2; 95.77142857142857 -124.65714285714287 -159.5; 119.6952380952381 -274.37619047619046 -315.8666666666667; -82.6857142857143 227.52857142857144 250.8; -106.49523809523811 286.5761904761905 317.4666666666667; -23.161904761904765 79.9095238095238 84.13333333333334; -94.5904761904762 257.052380952381 284.1333333333333; 57.06666666666668 -94.43333333333335 -84.16666666666667; -23.161904761904765 79.9095238095238 84.13333333333334; -17.057142857142857 41.1857142857143 20.599999999999998]
npts :	22
nout :	4
model :	(x,t) -> (x[1]-t[1])^2 + (x[2]-t[2])^2 +(x[3]-t[3])^2 - t[4]^2
dim :	3
cluster :	false
noise :	false
solution :	[-2.5, 6.2, 7.0, 50.0]
description :	[[6.6, 6.1, 0.8]]
