name :	line3d
data :	[-121.95185185185186 89.72592592592594 -78.86296296296298; -278.9259259259259 267.06296296296296 -187.1814814814815; 191.3814814814815 -156.94074074074072 134.47037037037038; -441.48518518518523 315.8925925925926 -298.7962962962963; -6.692592592592593 -28.903703703703705 -19.448148148148146; 191.3814814814815 -156.94074074074072 134.47037037037038; -156.76666666666668 117.13333333333334 -102.56666666666669; 23.607407407407408 -9.003703703703705 4.151851851851852; -470.1 363.8 -315.9; 330.64074074074074 -266.57037037037037 229.28518518518518; 469.9 -376.2 324.1; 435.0851851851852 -348.7925925925926 300.3962962962963; 226.1962962962963 -184.34814814814814 158.17407407407407; 52.12222222222222 -47.31111111111112 39.65555555555556; -365.65555555555557 281.5777777777778 -244.7888888888889; 435.0851851851852 -348.7925925925926 300.3962962962963; -226.3962962962963 171.94814814814816 -149.97407407407408; -330.8407407407408 254.1703703703704 -221.0851851851852; -17.50740740740741 7.503703703703704 -7.751851851851853; 52.12222222222222 -47.31111111111112 39.65555555555556; -330.8407407407408 254.1703703703704 -221.0851851851852; 156.5666666666667 -129.53333333333333 110.76666666666668; -17.50740740740741 7.503703703703704 -7.751851851851853; 351.2703703703704 -352.7851851851852 275.79259259259265; -52.32222222222222 34.91111111111111 -31.455555555555556; -435.28518518518524 336.3925925925926 -292.1962962962963; 156.5666666666667 -129.53333333333333 110.76666666666668; -353.37037037037044 296.6851851851852 -257.39259259259256]
npts :	28
nout :	6
model :	(x,t) -> (x[1]-t[1])^2 + (x[2]-t[2])^2 +(x[3]-t[3])^2 - t[4]^2
dim :	3
cluster :	false
noise :	false
solution :	[9.4, -7.4, 6.4, 50.0]
description :	[[-0.1, -6.2, 4.1]]
