name :	line3d
data :	[202.2 34.9 -204.09999999999997; -77.78378378378379 -10.783783783783784 29.82702702702702; 117.7864864864865 -24.813513513513517 -138.18918918918916; 134.0918918918919 26.791891891891893 -137.61351351351348; -195.09729729729733 -12.397297297297298 183.73783783783784; 135.63783783783785 -17.06216216216216 -126.57027027027027; 88.68648648648649 21.386486486486486 -93.28918918918917; -138.34054054054056 -5.64054054054054 128.33243243243243; -13.475675675675674 9.224324324324325 6.440540540540541; -139.74324324324323 -25.54324324324324 122.29459459459459; 179.4972972972973 32.1972972972973 -181.93783783783783; 88.68648648648649 21.386486486486486 -93.28918918918917; -92.93513513513514 -0.23513513513513473 84.0081081081081; -206.44864864864869 -13.748648648648649 194.8189189189189; 9.227027027027027 11.927027027027027 -15.72162162162162; -104.28648648648648 -1.5864864864864856 95.08918918918918; -195.09729729729733 -12.397297297297298 183.73783783783784; -81.58378378378379 1.1162162162162161 72.92702702702702; -138.34054054054056 -5.64054054054054 128.33243243243243; 134.0918918918919 26.791891891891893 -137.61351351351348; -81.58378378378379 1.1162162162162161 72.92702702702702; 43.28108108108108 15.981081081081081 -48.96486486486486; 145.44324324324322 28.14324324324324 -148.69459459459458; -24.82702702702703 7.872972972972973 17.52162162162162; -131.4837837837838 -8.683783783783785 24.927027027027023; 91.88108108108108 40.48108108108108 -82.36486486486486; -2.1243243243243244 10.575675675675676 -4.64054054054054; 43.28108108108108 15.981081081081081 -48.96486486486486; -58.88108108108108 3.8189189189189197 50.764864864864855; -78.57837837837837 14.821621621621622 71.8027027027027; 20.57837837837838 13.27837837837838 -26.802702702702703; 43.28108108108108 15.981081081081081 -48.96486486486486; -206.44864864864869 -13.748648648648649 194.8189189189189; -2.1243243243243244 10.575675675675676 -4.64054054054054; 122.74054054054055 25.44054054054054 -126.53243243243242; 134.0918918918919 26.791891891891893 -137.61351351351348; -47.52972972972973 5.1702702702702705 39.68378378378378; 128.29459459459457 10.494594594594595 -159.97567567567563]
npts :	38
nout :	8
model :	(x,t) -> (x[1]-t[1])^2 + (x[2]-t[2])^2 +(x[3]-t[3])^2 - t[4]^2
dim :	3
cluster :	false
noise :	false
solution :	[4.2, 0.5, -4.1, 50.0]
description :	[[-7.8, 9.9, 0.9]]
