name :	line3d
data :	[129.3 -4.139130434782608 -85.47391304347826; -350.7 37.6 206.7; 159.30000000000004 -6.747826086956522 -103.73478260869565; 249.30000000000004 -14.573913043478262 -158.51739130434785; 189.3 -9.356521739130434 -121.99565217391304; 9.3 6.2956521739130435 -12.430434782608696; 189.3 -9.356521739130434 -121.99565217391304; -121.50000000000001 32.64782608695652 116.83478260869566; -50.7 11.513043478260869 24.091304347826085; 9.3 6.2956521739130435 -12.430434782608696; -170.70000000000002 21.94782608695652 97.13478260869566; -346.7 42.6 162.29999999999998; 339.3 -22.4 -213.3; -80.7 14.121739130434783 42.35217391304349; -350.7 37.6 206.7; 189.3 -9.356521739130434 -121.99565217391304; -140.0 65.8391304347826 59.57391304347827; 189.3 -9.356521739130434 -121.99565217391304; 147.8 -33.03913043478261 -87.97391304347826; 39.3 3.6869565217391305 -30.691304347826087; 9.3 6.2956521739130435 -12.430434782608696; 233.10000000000002 -5.056521739130434 -103.89565217391305; -50.7 11.513043478260869 24.091304347826085; 69.3 1.0782608695652174 -48.95217391304348]
npts :	24
nout :	5
model :	(x,t) -> (x[1]-t[1])^2 + (x[2]-t[2])^2 +(x[3]-t[3])^2 - t[4]^2
dim :	3
cluster :	false
noise :	false
solution :	[6.9, -0.6, -4.2, 50.0]
description :	[[-5.7, 7.6, -3.3]]
