name :	line3d
data :	[-115.38235294117648 92.62941176470588 -118.23529411764706; -406.55882352941177 322.33529411764704 -415.8823529411764; -380.0882352941177 301.45294117647063 -388.8235294117647; -115.38235294117648 92.62941176470588 -118.23529411764706; -223.59411764705885 140.0764705882353 -150.31176470588235; -9.5 9.1 -10.0; -115.38235294117648 92.62941176470588 -118.23529411764706; -459.5 364.1 -469.99999999999994; -274.20588235294116 217.9235294117647 -280.5882352941176; 334.61764705882354 -262.37058823529406 341.7647058823529; -141.85294117647058 113.51176470588234 -145.2941176470588; 207.70588235294116 -162.8235294117647 309.68823529411765; 281.6764705882353 -220.60588235294117 287.6470588235294; -300.6764705882353 238.80588235294115 -307.6470588235294; 361.0882352941177 -283.2529411764706 368.8235294117647; -194.79411764705884 155.2764705882353 -199.41176470588235; -140.95294117647057 157.11176470588234 -96.49411764705881; 228.73529411764704 -178.8411764705882 233.52941176470586; 149.32352941176472 -116.19411764705883 152.35294117647058; 334.61764705882354 -262.37058823529406 341.7647058823529; -402.9294117647059 352.01764705882357 -441.6411764705882; -88.91176470588236 71.74705882352941 -91.17647058823529; -183.39411764705883 161.9764705882353 -214.41176470588235; 96.38235294117648 -74.42941176470589 98.23529411764706; 361.0882352941177 -283.2529411764706 368.8235294117647; -194.79411764705884 155.2764705882353 -199.41176470588235; -221.26470588235296 176.15882352941176 -226.47058823529412; 43.44117647058824 -32.66470588235294 44.11764705882353; -62.44117647058824 50.86470588235294 -64.11764705882354; 228.73529411764704 -178.8411764705882 233.52941176470586; 16.97058823529412 -11.782352941176471 17.058823529411764; -353.61764705882354 280.5705882352941 -361.7647058823529; -407.8294117647059 362.51764705882357 -398.94117647058823; 149.32352941176472 -116.19411764705883 152.35294117647058; -415.6882352941177 281.45294117647063 -341.8235294117647]
npts :	35
nout :	7
model :	(x,t) -> (x[1]-t[1])^2 + (x[2]-t[2])^2 +(x[3]-t[3])^2 - t[4]^2
dim :	3
cluster :	false
noise :	false
solution :	[9.0, -7.1, 9.2, 50.0]
description :	[[-9.5, 9.1, -10.0]]
