name :	line3d
data :	[-134.7 -21.799999999999997 -84.9; -221.1 -30.2 -138.9; 182.10000000000002 9.0 113.1; 239.70000000000002 14.599999999999998 149.1; -105.89999999999999 -19.0 -66.9; -163.5 -24.599999999999998 -102.9; 95.7 0.5999999999999996 59.1; -192.3 -27.4 -120.9; -307.50000000000006 -38.599999999999994 -192.9; -221.1 -30.2 -138.9; -152.7 -66.2 -104.30000000000001; -241.1 -76.9 -110.4; 182.10000000000002 9.0 113.1; 99.60000000000001 -11.6 52.400000000000006; 182.10000000000002 9.0 113.1; -19.5 -10.6 -12.9; 307.7 69.7 189.5; -19.5 -10.6 -12.9; 258.7 39.2 178.5; 210.9 11.8 131.1; -77.1 -16.2 -48.9; -192.3 -27.4 -120.9; 354.9 25.8 221.1; -19.5 -10.6 -12.9; -249.9 -33.0 -156.9; 297.3 20.2 185.1]
npts :	26
nout :	5
model :	(x,t) -> (x[1]-t[1])^2 + (x[2]-t[2])^2 +(x[3]-t[3])^2 - t[4]^2
dim :	3
cluster :	false
noise :	false
solution :	[7.2, 0.7, 4.5, 50.0]
description :	[[-5.1, -9.2, -3.9]]
