name :	line3d
data :	[-165.5 -118.1 -158.0; 54.2375 49.0875 77.0; -37.16875 -25.44375 -24.25; -189.5125 -149.6625 -193.0; 287.83125 239.55625 335.75; 125.33125 107.05625 155.75; -57.48125 -42.00625 -46.75; 308.14375 256.11875 358.25; -250.45 -199.35 -260.5; 226.89375 189.86875 268.25; 135.4875 115.3375 167.0; 44.08125 40.80625 65.75; -270.7625 -215.9125 -283.0; 13.6125 15.9625 32.0; -191.08749999999998 -138.6375 -166.5; 115.175 98.775 144.5; 321.375 262.375 301.5; 74.55 65.65 99.5; -118.41875 -91.69375 -114.25; 297.9875 247.8375 347.0; -138.73125 -108.25625 -136.75; 135.4875 115.3375 167.0; -189.5125 -149.6625 -193.0; 28.099999999999998 -47.300000000000004 8.3; 13.6125 15.9625 32.0; -108.2625 -83.4125 -103.0; -148.34375 -103.71875 -192.55; 135.4875 115.3375 167.0; -325.01875 -264.69375 -341.65; -270.7625 -215.9125 -283.0; -301.23125 -240.75625 -316.75; -57.48125 -42.00625 -46.75; -47.325 -33.725 -35.5; -179.35625 -141.38125 -181.75; 206.58125 173.30625 245.75; -6.7 -0.6 9.5; -98.10625 -75.13125 -91.75; 216.7375 181.5875 257.0; -321.54375 -257.31875 -339.25; -67.6375 -50.2875 -58.0; -311.3875 -249.0375 -328.0; 94.8625 82.2125 122.0; 267.51875 222.99375 313.25; -209.825 -166.225 -215.5; 165.95625 140.18125 200.75; -301.23125 -240.75625 -316.75; -235.16875 -173.54375 -174.45; 136.94375000000002 87.71875 197.35; 64.39375 57.36875 88.25; 125.33125 107.05625 155.75; 23.237499999999997 37.287499999999994 114.2; 64.39375 57.36875 88.25; -300.4 -248.50000000000003 -364.7; -6.7 -0.6 9.5; -128.575 -99.975 -125.5; -179.35625 -141.38125 -181.75; -128.575 -99.975 -125.5; 226.89375 189.86875 268.25; -199.66875 -157.94375 -204.25; -67.6375 -50.2875 -58.0; 239.73125000000002 226.35625000000002 332.45; -179.35625 -141.38125 -181.75; -186.03125 -85.95625 -155.05; 55.912499999999994 -4.937499999999998 65.4; -27.0125 -17.1625 -13.0]
npts :	65
nout :	13
model :	(x,t) -> (x[1]-t[1])^2 + (x[2]-t[2])^2 +(x[3]-t[3])^2 - t[4]^2
dim :	3
cluster :	false
noise :	false
solution :	[-6.5, -5.3, -7.2, 50.0]
description :	[[-6.7, -0.6, 9.5]]
