name :	line3d
data :	[12.657142857142858 -214.3047619047619 -104.45714285714286; -100.32857142857144 301.35238095238094 88.22857142857143; -83.18571428571428 244.92380952380955 71.08571428571427; 31.1 -131.26666666666668 -43.2; -31.75714285714286 75.63809523809525 19.65714285714286; 82.52857142857142 -300.552380952381 -94.62857142857143; 36.81428571428572 -150.07619047619048 -48.91428571428572; 135.97142857142856 -377.78095238095244 -158.27142857142857; 105.69999999999999 -435.3 -120.9; -75.48571428571428 73.25714285714287 -9.514285714285716; 58.028571428571425 -156.28571428571428 -34.82857142857142; 82.52857142857142 -300.552380952381 -94.62857142857143; -48.9 132.0666666666667 36.8; -8.9 0.4 -3.2; 76.8142857142857 -281.7428571428572 -88.91428571428571; -9.399999999999999 -154.46666666666667 -52.400000000000006; 82.52857142857142 -300.552380952381 -94.62857142857143; 37.32857142857142 -126.48571428571427 -91.82857142857142; -71.75714285714285 207.3047619047619 59.65714285714285; 82.52857142857142 -300.552380952381 -94.62857142857143; -123.1857142857143 376.5904761904762 111.08571428571429; -60.32857142857142 169.68571428571428 48.22857142857142; -43.18571428571428 113.25714285714287 31.085714285714285; -77.47142857142858 226.11428571428573 65.37142857142857; -116.8857142857143 398.29047619047617 78.78571428571429; 88.24285714285713 -319.3619047619048 -100.34285714285714; 8.242857142857142 -56.02857142857143 -20.34285714285714; 36.81428571428572 -150.07619047619048 -48.91428571428572; 48.24285714285715 -187.6952380952381 -60.34285714285715; -83.18571428571428 244.92380952380955 71.08571428571427; 101.85714285714285 -305.9714285714286 -136.65714285714284; 13.957142857142857 -74.83809523809524 -26.057142857142857; -128.9 395.4 116.8; -71.75714285714285 207.3047619047619 59.65714285714285; 59.67142857142857 -225.31428571428572 -71.77142857142857; -60.32857142857142 169.68571428571428 48.22857142857142; 111.1 -394.6 -123.2; 93.95714285714284 -338.1714285714286 -106.05714285714285; -106.04285714285714 320.16190476190474 93.94285714285714; -83.18571428571428 244.92380952380955 71.08571428571427; 111.1 -394.6 -123.2; 48.24285714285715 -187.6952380952381 -60.34285714285715; -100.32857142857144 301.35238095238094 88.22857142857143]
npts :	43
nout :	9
model :	(x,t) -> (x[1]-t[1])^2 + (x[2]-t[2])^2 +(x[3]-t[3])^2 - t[4]^2
dim :	3
cluster :	false
noise :	false
solution :	[-2.4, 7.9, 2.4, 50.0]
description :	[[-8.9, 0.4, -3.2]]
