name :	line3d
data :	[31.200000000000003 2.1333333333333337 63.56666666666667; -141.3 16.744444444444444 -258.5111111111112; 82.30000000000001 -32.78888888888889 42.02222222222223; -108.80000000000001 -1.7555555555555558 -259.21111111111117; -68.8 -0.6444444444444444 -166.98888888888888; 31.200000000000003 2.1333333333333337 63.56666666666667; -105.20000000000002 -36.36666666666667 -309.4333333333334; -158.8 -3.144444444444445 -374.48888888888894; 31.200000000000003 2.1333333333333337 63.56666666666667; -118.80000000000001 -2.033333333333334 -282.2666666666667; 161.2 5.7444444444444445 363.2888888888889; -138.8 -2.5888888888888886 -328.3777777777778; -148.8 -2.866666666666667 -351.4333333333334; 171.2 6.022222222222222 386.34444444444443; -68.8 -0.6444444444444444 -166.98888888888888; 81.2 3.522222222222222 178.84444444444446; 81.2 3.522222222222222 178.84444444444446; 131.20000000000002 4.911111111111111 294.12222222222226; -78.8 -0.9222222222222223 -190.04444444444445; 61.20000000000001 2.966666666666667 132.73333333333335; 121.20000000000002 4.633333333333334 271.06666666666666; 27.0 16.944444444444443 179.2888888888889; -88.8 -1.2 -213.10000000000002; -8.8 1.0222222222222221 -28.65555555555556; 81.2 3.522222222222222 178.84444444444446; -23.099999999999998 25.511111111111113 -129.77777777777777; -38.8 0.18888888888888888 -97.82222222222222; 171.2 6.022222222222222 386.34444444444443; -98.8 -1.477777777777778 -236.15555555555557; 131.20000000000002 4.911111111111111 294.12222222222226; 1.2 1.3 -5.6; -105.2 -0.7666666666666669 -164.33333333333334; -68.8 -0.6444444444444444 -166.98888888888888; -68.8 -0.6444444444444444 -166.98888888888888; -48.8 -0.08888888888888902 -120.87777777777778; 41.2 2.4111111111111114 86.62222222222223; 131.8 -25.444444444444443 286.31111111111113]
npts :	37
nout :	7
model :	(x,t) -> (x[1]-t[1])^2 + (x[2]-t[2])^2 +(x[3]-t[3])^2 - t[4]^2
dim :	3
cluster :	false
noise :	false
solution :	[3.6, 0.1, 8.3, 50.0]
description :	[[1.2, 1.3, -5.6]]
