name :	line3d
data :	[-356.9666666666667 -397.96666666666664 -367.8666666666666; 261.2 335.0 282.3; -73.8 -90.0 -67.7; 15.533333333333335 23.333333333333336 25.633333333333336; -297.1333333333334 -373.33333333333337 -301.03333333333336; -297.1333333333334 -373.33333333333337 -301.03333333333336; -118.46666666666667 -146.66666666666669 -114.36666666666667; -230.13333333333335 -288.33333333333337 -231.03333333333333; 238.86666666666665 306.66666666666663 258.96666666666664; 283.53333333333336 363.33333333333337 305.6333333333334; -230.13333333333335 -288.33333333333337 -231.03333333333333; 77.5 153.6 126.4; -230.13333333333335 -288.33333333333337 -231.03333333333333; 328.2 420.0 352.3; 216.53333333333333 278.33333333333337 235.63333333333335; 226.46666666666664 313.3666666666666 214.76666666666665; 305.8666666666667 391.66666666666663 328.96666666666664; -237.56666666666666 -357.8666666666666 -233.76666666666662; 305.8666666666667 391.66666666666663 328.96666666666664; 104.86666666666667 136.66666666666669 118.96666666666667; -140.8 -175.0 -137.7; 64.06666666666668 156.9666666666667 70.06666666666666; 114.06666666666668 133.9666666666667 143.46666666666667; 15.533333333333335 23.333333333333336 25.633333333333336; 261.2 335.0 282.3; -185.4666666666667 -231.66666666666669 -184.36666666666667; 82.53333333333335 108.33333333333334 95.63333333333334; -230.13333333333335 -288.33333333333337 -231.03333333333333; 305.8666666666667 391.66666666666663 328.96666666666664; 328.2 420.0 352.3; -6.8 -5.0 2.3]
npts :	31
nout :	6
model :	(x,t) -> (x[1]-t[1])^2 + (x[2]-t[2])^2 +(x[3]-t[3])^2 - t[4]^2
dim :	3
cluster :	false
noise :	false
solution :	[-6.7, -8.5, -7.0, 50.0]
description :	[[-6.8, -5.0, 2.3]]
