name :	circle3d
data :	[-1.1593059381922082 35.71162687480222 -6.840694061807792; 2.3695118743187873 32.828006551348295 -4.820016378370742; 7.852306041307198 29.465382551633997 -3.274226848104604; -22.812291895329118 60.70166483736707 -13.952497256050616; 22.800777500287623 24.65782299919465 -5.27735649902208; 28.870579421465465 24.38441123970022 -8.484411239700222; -1.1593059381922082 35.71162687480222 -6.840694061807792; -4.078959684811679 38.84351612831105 -9.576370962332918; 7.306385678627409 73.67936143213726 -5.192873555382333; -52.37500447145967 79.32307829891066 3.4115391494553364; -5.961801767838949 52.98515882517839 -28.625547647553518; -2.4778049312919563 55.63996048854527 -34.47568888549339; 70.9593059381922 64.48837312519777 -74.9593059381922; 38.07895968481168 42.956483871688945 -40.423629037667084; 40.79361432137259 38.52063856786274 -35.70712644461767; 41.77500447145967 33.276921701089336 -28.811539149455335; 39.96180176783895 28.81484117482161 -21.374452352446482; 36.477804931291956 26.16003951145473 -15.524311114506611; 35.159305938192205 46.088373125197776 -43.159305938192205; 31.63048812568121 48.9719934486517 -45.17998362162926; 26.147693958692802 52.334617448366004 -46.725773151895396; 18.812291895329114 55.398335162632925 -46.74750274394938; 1.5992224997123774 20.442177000805344 -61.822643500977925; 5.129420578534534 57.41558876029978 -41.51558876029978]
npts :	24
nout :	5
model :	(x,t) -> ( (x[1] - t[4])*t[1] +(x[2]-t[5])*t[2] +(x[3]-t[6])*t[3])^2 + ((x[1]-t[4])^2 + (x[2]-t[5])^2 + (x[3]-t[6])^2 - t[7]^2)^2
dim :	7
cluster :	false
noise :	false
solution :	[-0.322116820616725, -0.7750935996089946, -0.5435721347907235, 17.0, 40.9, -25.0, 26.2]
description :	[[0.6, -0.6, 0.5], [-0.7, -0.2, 0.7]]
