name :	circle3d
data :	[-18.87848453482232 20.607171821725895 1.7286872869035754; -14.65346130684997 17.46290810143659 -1.3472793237560694; 19.554093674071428 -6.966374271490032 15.15847960172093; -7.21902649090967 8.250049153939496 -13.800098307878994; -6.525615997735528 3.535834892894316 -22.336222638105152; -8.140790288665226 0.044844619400711494 -30.138238320217926; -18.87848453482232 20.607171821725895 1.7286872869035754; -48.55004313231811 31.69597239531641 -38.41208281405077; -31.3494854938745 27.114525056034957 5.502058024502002; -35.84265643454831 16.34614718668759 5.002085793977433; -51.367413758620806 32.087373174442355 1.0898173711969932; -59.147739268128035 32.09795804863177 -4.3023336587065515; -64.06501360785197 31.16700937429801 -9.503991532892119; -59.12151546517768 7.192828178274106 -51.92868728690358; -54.14995686768189 4.204027604683592 -54.18791718594923; -46.650514506125496 0.685474943965044 -55.70205802450201; -36.75734356545169 -2.5461471866875893 -55.002085793977436; -26.632586241379194 -4.287373174442353 -51.289817371196996; -59.05226073187197 33.002041951368234 3.3023336587065515; -13.93498639214804 -3.3670093742980125 -40.69600846710789; -59.12151546517768 7.192828178274106 -51.92868728690358; -75.54653869315003 -35.46290810143658 -2.252720676243932; -67.65409367407143 14.566374271490034 -43.758479601720936; -70.78097350909033 19.549950846060504 -36.399901692121006; -71.47438400226447 24.264165107105683 -27.86377736189485; -69.85920971133477 27.75515538059929 -20.061761679782077]
npts :	26
nout :	5
model :	(x,t) -> ( (x[1] - t[4])*t[1] +(x[2]-t[5])*t[2] +(x[3]-t[6])*t[3])^2 + ((x[1]-t[4])^2 + (x[2]-t[5])^2 + (x[3]-t[6])^2 - t[7]^2)^2
dim :	7
cluster :	false
noise :	false
solution :	[-0.3067296165996613, -0.8435064456490686, 0.4409238238620131, -39.0, 13.9, -25.1, 34.2]
description :	[[0.8, -0.5, -0.4], [0.6, 0.2, 0.8]]
