name :	circle3d
data :	[27.85130742932747 -90.8130742932747 -5.253922287982412; -16.640991281909677 -64.23269523546543 -37.59466073173087; -67.87803541823303 -29.720134345021833 -83.6620500740536; -30.63089438943652 -59.6604018637115 -38.929507474274985; -38.01456298684384 -54.06464943943929 -38.61560041798934; -43.58949421707138 -46.99973379845862 -37.46981365892104; -46.763605074727636 -40.07015514736606 -35.88717066210267; -48.10058840228695 -34.28853153973287 -34.30444777317191; -31.74869257067253 -110.61307429327469 -10.35392228798241; -6.781805994899809 -63.880764262515896 -35.51020576298505; -2.852140839542857 -81.19930407157423 9.113794529187679; 5.6683764226968005 -58.72831707308278 -31.37138617884713; 11.64134216208757 -53.25510288903598 -28.425364492073996; 15.859128786265012 -46.54720418393572 -25.435279581606427; 17.99874739694399 -39.924084730961944 -22.887957634519022; -18.15130742932747 0.6130742932746998 -17.14607771201759; -23.01819400510019 0.08076426251590263 -18.289794237014945; -28.947859160457142 -1.6006959284257682 -20.013794529187674; -35.4683764226968 -5.071682926917216 -22.42861382115287; -32.44134216208757 21.85510288903598 -60.674635507926; -20.959128786265016 -28.752795816064275 -73.16472041839357; -47.79874739694399 -23.875915269038053 -30.912042365480975; -18.15130742932747 0.6130742932746998 -17.14607771201759; -13.159008718090323 0.4326952354654239 -16.205339268269128; -6.721964581766972 -0.8798656549781612 -15.337949925946406; 0.830894389436521 -4.139598136288498 -14.870492525725012; 8.21456298684384 -9.7353505605607 -15.184399582010656; 13.789494217071384 -16.800266201541373 -16.33018634107896; 16.96360507472764 -23.72984485263394 -17.91282933789733; 18.300588402286955 -29.511468460267125 -19.49555222682809]
npts :	30
nout :	6
model :	(x,t) -> ( (x[1] - t[4])*t[1] +(x[2]-t[5])*t[2] +(x[3]-t[6])*t[3])^2 + ((x[1]-t[4])^2 + (x[2]-t[5])^2 + (x[3]-t[6])^2 - t[7]^2)^2
dim :	7
cluster :	false
noise :	false
solution :	[-0.18712029714127992, -0.29939247542604785, 0.9356014857063996, -14.9, -31.9, -26.9, 34.1]
description :	[[-1.0, -0.0, -0.2], [0.1, -1.0, -0.3]]
