name :	circle3d
data :	[-50.85674484835789 -27.83604595970175 -39.35674484835789; -47.54793279286823 -27.652067207131765 -42.07405618555494; -43.14432076477783 -27.798576132257864 -44.888641529555656; -37.538788176970435 -28.494666010665046 -47.42739507248764; 8.939528563619263 -21.123164172479296 -82.5536716550414; -39.079838928392455 -63.07236120089194 -56.11722756589501; -17.749623177856666 -34.668420280624574 -48.775942055358335; -12.545608341559713 -37.32636058936527 -47.01129435580695; -8.587327677285735 -39.75870519609428 -44.82771368016569; -50.85674484835789 -27.83604595970175 -39.35674484835789; -100.37627433882729 -59.198641832467914 -64.37322268894398; -57.11892404766648 -29.260276900482243 -32.009462023833244; -60.24500100269638 -43.87342057767013 -17.65921079018326; -62.228157240874495 -33.59497755071785 -19.514764042788777; -62.708110808631766 -36.95895487916141 -12.283233578051702; -61.534273703173156 -40.55485894452402 -5.7462905187307385; -59.28635844001719 -43.85476925704833 -0.5754875035961255; -56.658434680276855 -46.59476296840049 3.1793828066748837; -8.943255151642106 -62.763954040298245 2.5567448483578943; -5.923725661172707 -62.30135816753207 -0.5267773110560157; -2.6810759523335115 -61.339723099517755 -4.790537976166755; 0.34500100269637457 -59.62657942232986 -10.440789209816739; 33.4281572408745 -61.90502244928214 -38.28523595721122; 2.9081108086317684 -53.641045120838584 -24.516766421948297; 1.7342737031731552 -50.04514105547597 -31.05370948126926; -0.5136415599828084 -46.74523074295166 -36.224512496403875; -3.1415653197231457 -44.005237031599506 -39.97938280667488; -8.943255151642106 -62.763954040298245 2.5567448483578943; -21.152067207131765 -94.64793279286823 -44.22594381444506; 1.2443207647778287 -19.901423867742132 38.48864152955566; -22.261211823029562 -62.10533398933495 10.627395072487644; -28.83952856361926 -60.6768358275207 12.353671655041396; -35.72016107160754 -58.527638799108054 12.817227565895013; -42.050376822143335 -55.93157971937542 11.975942055358338; -47.254391658440284 -53.27363941063472 10.211294355806952; -51.21267232271426 -50.84129480390571 8.02771368016569]
npts :	36
nout :	7
model :	(x,t) -> ( (x[1] - t[4])*t[1] +(x[2]-t[5])*t[2] +(x[3]-t[6])*t[3])^2 + ((x[1]-t[4])^2 + (x[2]-t[5])^2 + (x[3]-t[6])^2 - t[7]^2)^2
dim :	7
cluster :	false
noise :	false
solution :	[0.2963197383671923, 0.8583054490635914, 0.4189348025191339, -29.9, -45.3, -18.4, 34.4]
description :	[[0.7, 0.1, -0.7], [-0.6, 0.5, -0.6]]
