name :	circle3d
data :	[28.112976326856508 22.71297632685651 23.225952653713016; 27.124691362130477 21.72469136213048 24.3413888953555; 26.069263665004655 20.669263665004657 25.882456744053158; -8.75979458252047 29.140205417479528 48.72926364651687; 24.183636824236252 18.783636824236254 30.469723560471085; 23.650771344682987 18.25077134468299 33.33663509982318; 42.5149087357737 -18.4850912642263 16.435403650569047; 23.730251347668805 18.330251347668806 38.877812111249376; 24.17609671861406 18.77609671861406 41.101283182940854; 24.729626312929806 19.329626312929808 42.88009502089067; -10.78702367314349 -21.78702367314349 4.425952653713015; 29.207833160305025 23.807833160305027 22.263279310795248; 30.67844021816049 25.27844021816049 21.327267515068574; 32.58686237343985 27.18686237343985 20.61497237755875; 34.88078071661193 29.480780716611935 20.415017068418038; 37.318662907116526 31.918662907116527 20.963463555490982; 39.54753345266961 34.147533452669606 22.229229988416478; 41.31891934512868 35.91891934512868 23.908107375560085; 42.593251551639725 37.19325155163972 25.655974269398435; 40.687023673143486 35.287023673143494 48.37404734628698; 39.59216683969497 34.19216683969497 49.336720689204746; 38.12155978183951 32.72155978183951 50.272732484931424; 36.21313762656015 30.81313762656015 50.985027622441244; 33.91921928338807 28.519219283388065 51.184982931581956; 31.48133709288347 26.081337092883473 50.63653644450901; 15.752466547330389 25.952466547330392 14.57077001158352; 27.481080654871324 22.081080654871325 47.69189262443991; 23.006748448360277 21.40674844836028 56.54402573060156; 40.687023673143486 35.287023673143494 48.37404734628698; 58.07530863786952 50.17530863786952 79.3586111046445; 42.73073633499534 37.33073633499534 45.717543255946836; 43.75979458252047 38.35979458252047 43.67073635348312; 44.616363175763745 39.216363175763746 41.13027643952891; 11.64922865531701 -4.35077134468299 71.86336490017682; 45.285091264226295 39.8850912642263 35.36459634943095; 45.06974865233119 39.669748652331194 32.72218788875062; 90.42390328138593 38.723903281385944 63.59871681705914; 44.07037368707019 38.670373687070196 28.719904979109323]
npts :	38
nout :	8
model :	(x,t) -> ( (x[1] - t[4])*t[1] +(x[2]-t[5])*t[2] +(x[3]-t[6])*t[3])^2 + ((x[1]-t[4])^2 + (x[2]-t[5])^2 + (x[3]-t[6])^2 - t[7]^2)^2
dim :	7
cluster :	false
noise :	false
solution :	[0.7071067811865475, -0.7071067811865475, 0.0, 34.4, 29.0, 35.8, 15.4]
description :	[[-0.6, -0.6, 0.5], [-0.4, -0.4, -0.8]]
