name :	circle3d
data :	[22.344157815229817 -60.38831563045963 -2.644157815229816; 15.866594517184229 -59.60885478351203 -8.342260266327793; -19.199999999999996 -36.08929650063132 -21.989296500631312; -4.929518467870419 -48.717306305218955 -18.246824773089372; 31.730001719677343 -11.765453607448723 -25.735451887771376; -19.77393884676115 -31.46047743597105 -15.834416282732201; 22.344157815229817 -60.38831563045963 -2.644157815229816; 57.142260266327796 -32.10885478351203 -6.266594517184229; 34.08929650063131 -56.08929650063132 13.399999999999997; 37.94682477308937 -48.717306305218955 24.62951846787042; 37.93545188777137 -39.46545360744872 33.869998280322655; -9.744157815229816 3.788315630459632 29.444157815229815; -15.442260266327793 3.0088547835120245 22.96659451718423; -21.489296500631312 -0.5107034993686845 13.400000000000004; -25.34682477308937 -7.88269369478105 2.170481532129582; -25.335451887771374 -17.13454639255128 -7.069998280322656; -9.744157815229816 3.788315630459632 29.444157815229815; -3.26659451718423 3.0088547835120245 35.142260266327796; 6.299999999999997 -0.5107034993686845 41.189296500631315; 17.529518467870417 -7.88269369478105 45.04682477308937; 3.8699982803226582 2.5654536074487204 12.535451887771373; 32.37393884676115 -25.13952256402895 42.634416282732204]
npts :	22
nout :	4
model :	(x,t) -> ( (x[1] - t[4])*t[1] +(x[2]-t[5])*t[2] +(x[3]-t[6])*t[3])^2 + ((x[1]-t[4])^2 + (x[2]-t[5])^2 + (x[3]-t[6])^2 - t[7]^2)^2
dim :	7
cluster :	false
noise :	false
solution :	[-0.5773502691896257, -0.5773502691896257, 0.5773502691896257, 6.3, -28.3, 13.4, 39.3]
description :	[[-0.7, -0.0, -0.7], [0.4, -0.8, -0.4]]
