name :	plane
data :	[-132.3900299832916 273.9706877898426 -354.59618307652755; -239.78095491850019 159.8092856357057 163.5512279601684; -180.83307051202198 -19.245129384914225 445.09380525123777; 305.8469200211181 -71.27421297348334 -547.9100128034103; -92.78525518876732 -151.88143886521968 564.0718168052158; 105.51372763873759 156.98890078993918 -630.2687905779364; 157.6809443104578 -247.97697076662922 208.49131668819513; 192.38702647395235 22.989547501890314 -510.52723368772956; 31.61208763112209 -229.04378147304877 446.52005797547594; -509.69522341460356 490.74958338299774 2.3082601953335833; 448.96967483922185 -383.33776826243326 -149.84280565794992; 116.58393161115774 -309.2760534298322 447.04457495732953; 73.24129458438037 -164.08007709636232 207.36583853237482; -351.01381011283365 146.08074523306956 441.84028118533496; -468.16027735373547 449.9241004988265 1.536573959666504; 205.30114178264716 -8.019495567174024 -470.00664369587446; 83.93116493399725 -90.59924692638026 8.14631860876393; -161.0972922675129 284.13553350170884 -314.2533064134353; -21.926543714568766 -310.1539445396395 762.6658527596528; -31.735777771892067 55.68414365756605 -71.96145052373056; -278.7809339478858 -8.371128725289642 641.6335438508802; -127.19840851420084 64.75742946212858 123.93050904368431; 410.5504716899328 -445.7679743332221 89.39981509738874; -427.5852337337746 460.0902856170327 -115.71297960135493; 305.5889245986088 -122.86961631432531 -426.9699375103488]
npts :	25
nout :	0
model :	(x,t) -> x[1]*t[1] + x[2]*t[2] + x[3]*t[3] + t[4]
dim :	4
cluster :	false
noise :	true
solution :	[0.6682817354508812, 0.6845590438629132, 0.2911673703014338, -4.337811482750761]
description :	[[-1.2, -8.1, 6.9], [-1.2, -8.1, 6.9]]
