name :	sphere2D
data :	[112.5 8.5; 111.44319042217768 19.229967710887053; 108.31337428812077 29.547588780079938; 103.23082867663999 39.05636281607812; 96.39087296526012 47.39087296526011; 78.76706149831023 51.80329863680994; 69.25828746231204 56.885844248290724; 68.22996771088705 62.44319042217767; 57.5 63.5; 46.77003228911295 62.44319042217767; 36.452411219920066 59.31337428812077; 26.943637183921894 54.230828676639995; 18.609127034739892 47.390872965260115; 2.4798700055921064 36.628832776248075; -2.6026756058886686 27.120058740249902; 3.556809577822328 19.229967710887074; 2.5 8.500000000000007; -5.732491739945571 -4.657497750717104; 6.686625711879223 -12.54758878007993; 2.4798700055920992 -24.48389285590815; 18.609127034739878 -30.390872965260108; 26.94363718392188 -37.23082867663999; 36.45241121992003 -42.313374288120755; 46.770032289112926 -45.443190422177665; 48.21069868223209 -48.927530039830046; 58.94066639311915 -47.87072046200772; 78.54758878007995 -42.31337428812076; 88.0563628160781 -37.23082867664; 96.3908729652601 -30.390872965260122; 93.9415273588721 -24.483892855908163; 99.02407297035286 -14.975118819910017; 111.44319042217766 -2.2299677108870792; 112.5 8.499999999999986]
npts :	33
nout :	10
model :	(x,t) -> (x[1]-t[1])^2 + (x[2]-t[2])^2 - t[3]^2
dim :	3
cluster :	false
noise :	false
solution :	[57.5, 8.5, 55.0]
description :	[[57.5, 8.5, 55.0], [57.5, 8.5, 55.0]]
