name :	plane
data :	[-156.29473684210524 278.4315789473684 66.84210526315789; 123.9578947368421 15.094736842105277 -189.07894736842104; -59.97894736842105 -39.19999999999999 -31.052631578947366; -85.7684210526316 371.58947368421053 131.05263157894737; 170.54736842105268 -548.1473684210526 -160.52631578947367; -306.2947368421053 -8.67368421052629 -106.84210526315789; -327.3473684210527 205.0105263157895 -25.263157894736846; 257.91578947368424 -114.98947368421054 51.57894736842105; -88.4 291.8526315789474 96.8421052631579; -103.13684210526316 526.5894736842106 189.47368421052633; 48.03157894736842 -427.35263157894735 -425.92105263157896; 243.17894736842106 119.74736842105267 144.21052631578948; -259.4526315789474 218.43157894736842 4.7368421052631575; -247.2052631578947 -49.66842105263157 53.66842105263158; 201.07368421052632 -304.4631578947368 -47.89473684210526; 263.94736842105266 -730.4947368421052 131.5157894736842; -15.768421052631581 108.16842105263159 46.31578947368422; 165.81052631578947 -351.04210526315785 -80.0; 315.8105263157895 -63.936842105263196 93.68421052631578; 57.3894736842105 -570.5157894736842 -210.5263157894737; -103.13684210526316 526.5894736842106 189.47368421052633; 94.23157894736845 -305.7789473684211 -86.8421052631579; 26.33684210526316 -319.2 -116.84210526315789; 310.5473684210527 -223.41052631578947 25.263157894736846; 479.46315789473687 334.98947368421057 251.17368421052635; -211.55789473684212 307.11578947368423 58.94736842105264; -81.03157894736842 174.4842105263158 50.52631578947369; -404.1684210526316 -467.3894736842105 -214.61052631578949; 155.81052631578947 -313.41052631578947 -67.89473684210526; -31.5578947368421 -370.2526315789474 -158.94736842105266; 304.23157894736846 -244.46315789473687 14.210526315789469; -99.45263157894738 -383.6736842105263 -188.94736842105263; -384.18947368421055 15.53684210526319 -124.73684210526315; 105.28421052631579 369.74736842105267 198.94736842105266; -289.45263157894743 331.3263157894737 41.05263157894737; -141.49473684210525 -363.6736842105263 257.8578947368421; -44.189473684210526 -412.3578947368421 -181.0526315789474; 321.0736842105263 95.53684210526319 162.10526315789477; -55.63157894736841 -243.6 359.77894736842103]
npts :	39
nout :	8
model :	(x,t) -> x[1]*t[1] + x[2]*t[2] + x[3]*t[3] + t[4]
dim :	4
cluster :	false
noise :	false
solution :	[-0.3148218439026887, -0.365442381142416, 0.8759789225013763, 6.006573395292812]
description :	[[-8.4, -9.2, 0.0], [-8.4, -9.2, 0.0]]
