name :	plane
data :	[-323.9758620689655 517.6344827586207 -278.2; 43.265517241379314 -83.4 25.93793103448276; -528.3172413793104 603.3793103448276 53.13103448275862; -72.25172413793103 20.393103448275895 -133.37241379310342; 194.9896551724138 -261.6758620689655 203.86896551724138; -201.56206896551726 317.2896551724138 -176.8206896551724; 244.98965517241382 -385.1241379310345 214.2137931034483; 1.886206896551755 63.4965517241379 50.765517241379314; -20.527586206896558 -55.12413793103448 -83.71724137931032; -10.182758620689658 16.25517241379311 -9.234482758620691; -372.91379310344826 176.63793103448276 93.34137931034486; -108.45862068965516 239.01379310344828 -44.406896551724145; -408.45862068965516 691.4275862068965 -321.64827586206894; 107.05862068965516 -255.8137931034483 28.00689655172414; 571.8448275862069 -280.52758620689656 -431.59655172413795; 148.43793103448274 -258.57241379310346 110.7655172413793; -63.63103448275862 115.91034482758621 -44.40689655172414; 334.07586206896553 -705.2068965517241 -250.18275862068967; 24.30000000000001 37.97931034482758 77.66206896551725; -165.35517241379313 314.87586206896555 -104.40689655172415; -49.837931034482764 66.9448275862069 -52.68275862068966; -165.3551724137931 242.80689655172412 -158.2; -94.6655172413793 190.04827586206898 -52.682758620689654; -256.7344827586207 441.0827586206897 -197.5103448275862; -217.0793103448276 390.39310344827584 -154.06206896551726; -122.25172413793103 215.91034482758624 -89.9241379310345; -99.83793103448275 118.32413793103447 -116.8206896551724; 82.65862068965517 -395.18620689655177 -32.07586206896551; -208.7103448275862 781.0931034482758 234.06206896551723; 220.85172413793106 -335.4689655172414 201.8]
npts :	30
nout :	6
model :	(x,t) -> x[1]*t[1] + x[2]*t[2] + x[3]*t[3] + t[4]
dim :	4
cluster :	false
noise :	false
solution :	[0.8541671412566268, 0.3110412559197801, -0.4167155287643207, 0.206403787261638]
description :	[[-0.7, -8.4, -8.2], [-0.7, -8.4, -8.2]]
