name :	plane
data :	[-49.12631578947369 178.15263157894742 -557.2105263157895; -202.91578947368424 -824.2947368421053 -363.37368421052633; 170.34736842105264 419.2052631578948 -161.42105263157896; 33.76842105263158 -91.84736842105265 314.36842105263156; 233.50526315789477 409.20526315789476 111.21052631578948; -48.81052631578948 -538.7947368421053 117.04736842105262; 160.87368421052633 128.67894736842106 381.7368421052632; -80.70526315789475 -357.6368421052632 388.0526315789474; -49.12631578947369 178.15263157894742 -557.2105263157895; 27.584210526315793 -302.18421052631584 101.10526315789474; -431.70000000000005 -477.01052631578943 1.2210526315789139; -56.23157894736842 176.57368421052635 -582.4736842105262; 62.97894736842104 371.3105263157895 -495.10526315789474; 137.18947368421053 51.31052631578948 441.7368421052632; 60.61052631578947 82.36315789473684 73.31578947368419; 178.2421052631579 444.9947368421053 -181.42105263157896; -23.073684210526295 328.1526315789474 -753.0; -127.2842105263158 -271.84736842105264 30.15789473684208; 3.768421052631581 286.0473684210526 -561.4210526315788; 490.5947368421053 564.9526315789474 542.8736842105263; -102.8263157894737 -153.8263157894737 73.5473684210526; 171.13684210526316 227.10000000000002 225.9473684210526; -18.336842105263166 -175.53157894736844 273.31578947368416; -44.38947368421053 107.1 -396.1578947368421; 144.29473684210527 52.88947368421053 467.0; 257.18947368421055 486.5736842105264 51.21052631578948; 76.4 -82.37368421052633 465.9473684210526; -38.07368421052631 84.4684210526316 -325.6315789473684; 128.50526315789475 1.3105263157894704 507.0; -83.86315789473684 -238.16315789473688 136.4736842105263; 66.92631578947369 59.73157894736843 143.8421052631579; 21.926315789473687 -22.37368421052632 128.05263157894737; -38.86315789473685 60.257894736842104 -280.36842105263156; -179.96315789473684 -433.9684210526315 53.784210526315775; -282.9736842105263 -169.1157894736842 181.73684210526315; 65.34736842105264 443.94210526315794 -630.8947368421052; 186.92631578947368 494.99473684210534 -246.6842105263158; -114.65263157894736 -317.11052631578946 171.21052631578945; 118.24210526315788 335.521052631579 -202.4736842105263]
npts :	39
nout :	8
model :	(x,t) -> x[1]*t[1] + x[2]*t[2] + x[3]*t[3] + t[4]
dim :	4
cluster :	false
noise :	false
solution :	[0.8728715609439696, -0.4364357804719847, -0.21821789023599242, 0.9601587170383661]
description :	[[1.4, -2.9, 7.0], [1.4, -2.9, 7.0]]
