name :	plane
data :	[-31.9 153.70000000000002 -56.06666666666666; -27.9 246.7 -171.06666666666663; 8.099999999999994 444.69999999999993 -555.0666666666666; -25.233333333333334 95.7 -30.73333333333332; -311.4 -183.3 216.20000000000002; -39.9 -103.29999999999998 246.2666666666667; -454.59999999999997 -634.6 321.0; 390.8666666666667 444.3 -189.76666666666665; 8.1 160.7 -265.73333333333335; 8.1 89.7 -193.4; -31.9 -201.3 305.6; 11.433333333333334 273.7 -397.73333333333335; -10.566666666666666 -202.3 198.6; -27.9 -179.3 262.9333333333334; -8.566666666666666 -191.3 177.26666666666668; -2.566666666666667 -16.3 -31.400000000000006; -100.0 -157.59999999999997 480.46666666666664; -21.9 -359.3 415.9333333333334; -9.233333333333333 -242.3 232.6; 16.76666666666667 113.69999999999999 -261.73333333333335; -41.9 -114.30000000000001 267.6; -15.9 241.7 -226.73333333333335; -37.233333333333334 -112.30000000000001 241.9333333333334; -32.56666666666666 102.7 -0.7333333333333201; 9.43333333333333 191.7 -304.06666666666666; -22.566666666666666 -339.3 398.93333333333334; -46.56666666666666 96.70000000000002 76.26666666666671; 86.46666666666667 324.3 614.2; -490.46666666666664 -581.9000000000001 404.0333333333334; 22.766666666666666 -137.3 -36.39999999999998; -45.9 147.7 20.933333333333422]
npts :	31
nout :	6
model :	(x,t) -> x[1]*t[1] + x[2]*t[2] + x[3]*t[3] + t[4]
dim :	4
cluster :	false
noise :	false
solution :	[-0.962478404500432, -0.19365583103995704, -0.1900861383018933, 11.595656026848527]
description :	[[-9.9, -9.3, -1.4], [-9.9, -9.3, -1.4]]
