name :	sphere3D
data :	[68.7 -14.9 90.7; 80.9596287980953 -12.675205385692692 90.14042686533823; 91.93679559120523 -6.179084747724936 88.46621281520952; 100.4446822691198 4.066564713774708 85.6908376367236; 105.48083919038997 17.23445146758833 81.83664701892347; 106.30257002796645 32.252131409254275 76.93467263843627; 102.48351834491089 47.88029686469048 71.02438231065939; 93.9473528481863 62.80336221811768 64.15336221811769; 107.95625229546259 85.12602855925044 82.6462632059398; 64.19249841680633 85.46732099183805 47.7577082091742; 67.03221097320672 91.78593333835772 45.258057618676624; 24.118294822794415 113.36653614548784 46.66504779856055; 1.2686785671680951 87.2540854745425 17.567744083746817; 1.1687274677190125 78.74787813551548 25.746738563111933; -38.24950291684003 62.803362218117705 -5.3466377818823005; -53.3947779281648 43.89774613914585 -17.36959018007229; -45.497458362066126 47.90363549878604 -27.13121090829897; -69.60102656749281 -2.452682316312142 -42.063788581278416; -69.60102656749284 -27.347317683687827 -54.536211418721564; -64.07818863519732 -51.544451674274725 -66.9584239486541; -48.25321629820406 -67.7869472763967 -73.74136469127444; -38.24950291684006 -92.6033622181177 -91.25336221811767; -19.62773046597914 -107.28356320940942 -102.93047939989538; 17.769702212297215 -111.53295610055788 -107.16080026377776; 23.106863054874694 -121.57044661852589 -124.87468042184223; 44.5176318371422 -120.84987754840013 -134.96508245836395; 64.1924984168063 -115.26732099183806 -144.35770820917418; 80.9760996808205 -105.52580709817211 -152.9769337745019; 93.94735284818628 -92.60336221811772 -160.75336221811767; 102.48351834491089 -77.6802968646905 -167.62438231065937; 106.30257002796645 -62.0521314092543 -173.53467263843623; 105.48083919038997 -47.03445146758835 -178.43664701892345; 100.44468226911981 -33.86656471377472 -182.2908376367236; 91.93679559120525 -23.620915252275076 -185.0662128152095; 80.95962879809531 -17.124794614307316 -186.74042686533824; 68.70000000000002 -14.9 -187.3]
npts :	36
nout :	7
model :	(x,t) -> (x[1]-t[1])^2 + (x[2]-t[2])^2 +(x[3]-t[3])^2 - t[4]^2
dim :	4
cluster :	false
noise :	true
solution :	[68.7, -14.9, -48.3, 139.0]
description :	[[68.7, -14.9, -48.3, 139.0], [68.7, -14.9, -48.3, 139.0]]
