name :	sphere3D
data :	[-25.076828552435376 43.5544282136471 9.187322965707372; -14.653009906732674 44.965176841119 -5.931992518363103; -7.859357606383124 68.50472479638609 -13.106019813465338; -20.64226529688125 94.56218824690102 -24.662346200601107; -50.97546555249787 109.53624548341591 -40.02148921970284; -88.58925539014858 103.92736508802003 -58.41327730559686; -110.42509589207836 85.5747773318308 -75.35053046305359; -131.1 35.600000000000016 -100.5; -119.3028306405179 -5.431520687029817 -122.0845305937625; -88.5892553901486 -32.72736508802 -142.58672269440314; -50.975465552497894 -38.336245483415915 -160.97851078029714; -18.67093350164893 -6.639295125159034 -172.36302929493894; -7.859357606383124 2.6952752036139103 -187.89398018653463; -14.653009906732667 26.234823158880992 -195.0680074816369; -34.09999999999999 35.6 -197.5]
npts :	15
nout :	3
model :	(x,t) -> (x[1]-t[1])^2 + (x[2]-t[2])^2 +(x[3]-t[3])^2 - t[4]^2
dim :	4
cluster :	false
noise :	true
solution :	[-34.1, 35.6, -100.5, 97.0]
description :	[[-34.1, 35.6, -100.5, 97.0], [-34.1, 35.6, -100.5, 97.0]]
