name :	sphere3D
data :	[21.9 95.9 163.6; 49.04603503417285 114.16082277197144 182.50920859870308; 46.95335381474143 106.27743893299763 160.92915397604904; 55.44944143952508 118.31702008401516 157.614706666777; 59.51312896016069 133.5131289601607 153.01925501906885; 58.30326529431085 150.3813366193062 147.18705574442134; 64.56417334789704 171.7757738796457 155.90091323894282; 56.94925831536189 199.14038283524712 158.95817149074276; 21.900000000000006 194.1878425849301 122.88784258493013; 0.9378467006966247 201.28386112158404 112.78066649874671; -22.328360674905973 202.67670818288687 101.82426238972471; -42.88758734826922 200.0164214961088 113.33640205116697; -68.90612605890817 186.70612605890818 77.79299709874749; -88.69768658276189 169.79901157789536 64.94957013837026; -104.05171504305142 148.0709085749833 51.71755476024184; -113.77269183710621 122.88697632208965 38.22438250580895; -117.1 95.90000000000002 24.60000000000001; -113.77269183710621 68.91302367791039 10.975617494191072; -104.05171504305144 43.729091425016755 -2.5175547602418185; -70.78919182878566 29.624576749599495 9.299291463591675; -49.82531046311891 9.443619850492382 -22.972470346824245; -46.20571912511513 -6.027411713124522 -40.924146418813685; -22.32836067490605 -10.876708182886858 -52.62426238972467; 0.9378467006965714 -9.483861121584042 -63.5806664987467; 21.89999999999998 -2.3878425849301124 -73.68784258493011; 39.103194622837314 9.413700281882939 -82.84845301742044; 51.45244579316218 24.554084564852218 -90.97427611005381; 58.30326529431084 41.41866338069376 -97.98705574442133; 59.51312896016069 58.28687103983929 -103.81925501906886; 55.44944143952508 73.48297991598486 -108.41470666677702; 46.953353814741476 85.52256106700236 -111.72915397604905; 35.2625938162807 93.24201482967082 -113.73067700743536; 21.900000000000016 95.9 -114.4]
npts :	33
nout :	6
model :	(x,t) -> (x[1]-t[1])^2 + (x[2]-t[2])^2 +(x[3]-t[3])^2 - t[4]^2
dim :	4
cluster :	false
noise :	true
solution :	[21.9, 95.9, 24.6, 139.0]
description :	[[21.9, 95.9, 24.6, 139.0], [21.9, 95.9, 24.6, 139.0]]
