name :	sphere3D
data :	[88.510254599443 4.397363633227471 249.43833230711596; 77.85377887985999 -0.3008645736604505 233.26883038948702; 91.7675452954967 9.26008650366267 230.7838504829041; 101.60442173111159 24.104695182043265 226.6705595368079; 105.81509843973471 42.703857260808235 220.97116548247735; 103.38657811583771 63.119493231775415 213.7441518154223; 93.94152120548438 83.18469385074575 205.06367747557874; 77.77901375657483 100.70549277460003 195.0188158762321; 55.852955334941285 113.66572838324669 183.71264089026124; 29.689989572225237 120.41616732759937 171.2611691727214; 9.606910556113153 121.69978071110592 169.3122922981928; -27.227347832411553 111.41385151762043 143.44385255233675; -52.19317142593458 126.7467957144693 150.56081460483952; -75.32246239372127 72.50917555808698 112.70571022591272; -90.98810197580708 44.3375762540391 96.63129995574141; -99.16197135143231 12.768232653806455 80.30516535187147; -99.16197135143231 -19.968232653806417 63.894834648128544; -90.98810197580711 -51.53757625403906 47.56870004425859; -75.32246239372127 -79.70917555808694 31.494289774087285; -53.467381668931125 -102.55380138814158 15.836549039139129; -27.22734783241151 -118.61385151762043 0.7561474476632242; 16.760039348622076 -97.28102712217287 7.862776817553282; 29.68998957222523 -127.61616732759936 -27.061169172721392; 73.06053951088657 -91.42710114941589 -19.38221074907292; 77.77901375657483 -107.90549277460002 -50.81881587623214; 93.94152120548438 -90.38469385074573 -60.863677475578754; 103.38657811583771 -70.31949323177543 -69.54415181542231; 124.34070674015369 -25.882679190405618 -49.1289973698206; 101.60442173111159 -31.304695182043282 -82.47055953680791; 91.76754529549672 -16.460086503662684 -86.58385048290413; 77.85377887986 -6.899135426339557 -89.06883038948703; 61.80000000000002 -3.6 -89.9]
npts :	32
nout :	6
model :	(x,t) -> (x[1]-t[1])^2 + (x[2]-t[2])^2 +(x[3]-t[3])^2 - t[4]^2
dim :	4
cluster :	false
noise :	true
solution :	[61.8, -3.6, 72.1, 162.0]
description :	[[61.8, -3.6, 72.1, 162.0], [61.8, -3.6, 72.1, 162.0]]
