name :	sphere3D
data :	[-32.7 114.0 -18.700000000000003; -30.053501176571118 114.90854419366798 -18.931857842153722; -28.34403042300832 117.39038721041477 -19.621106891089212; -28.274584650258433 120.77360244874033 -20.74894622948969; -30.13673478129419 124.12210543941958 -22.284611340261314; -33.73284518285944 126.46458768868814 -24.186213282362402; -38.41686104784526 127.03313042296377 -26.401881311918743; -43.2440187648078 125.45385766400564 -28.871177780899522; -45.41465110323311 124.66262948519011 -30.873152078725767; -49.410870451041006 116.78855107721162 -34.29615112697035; -49.410870451041006 111.21144892278838 -37.10384887302965; -47.19355550120593 106.15648000048441 -39.87325328139359; -41.967859024150805 104.2273513530126 -41.07364022005981; -35.22681786490514 102.75544212113695 -44.31366906252546; -33.73284518285945 101.53541231131186 -47.213786717637596; -30.136734781294194 103.87789456058042 -49.11538865973869; -28.274584650258436 107.22639755125967 -50.651053770510316; -28.003907101261042 112.20076824983587 -49.75091364935565; -30.053501176571114 113.09145580633202 -52.46814215784629; -32.7 114.0 -52.7]
npts :	20
nout :	4
model :	(x,t) -> (x[1]-t[1])^2 + (x[2]-t[2])^2 +(x[3]-t[3])^2 - t[4]^2
dim :	4
cluster :	false
noise :	true
solution :	[-32.7, 114.0, -35.7, 17.0]
description :	[[-32.7, 114.0, -35.7, 17.0], [-32.7, 114.0, -35.7, 17.0]]
