name :	sphere3D
data :	[-3.1 42.7 85.6; 14.487990249059353 51.930889374080465 83.18817084636231; 18.811406635252848 74.4441528340123 76.09285012921642; 3.5342401175937366 97.33788303844366 64.72639209820139; -27.32223036665308 106.56877241252413 49.749373978685945; -61.18918571126112 94.16252787687344 32.032205624530455; -83.10059234651395 62.41837504286113 12.604544461191809; -83.10059234651396 22.981624957138894 -7.404544461191799; -61.189185711261125 -8.76252787687342 -26.83220562453044; -27.322230366653113 -21.168772412524113 -44.54937397868592; 3.5342401175937472 -11.937883038443658 -59.5263920982014; 26.638813886983243 17.832060214190307 -65.94179074788447; 25.21227156498877 42.87869279348419 -64.76697463141178; -3.09999999999999 42.7 -80.4]
npts :	14
nout :	2
model :	(x,t) -> (x[1]-t[1])^2 + (x[2]-t[2])^2 +(x[3]-t[3])^2 - t[4]^2
dim :	4
cluster :	false
noise :	true
solution :	[-3.1, 42.7, 2.6, 83.0]
description :	[[-3.1, 42.7, 2.6, 83.0], [-3.1, 42.7, 2.6, 83.0]]
