name :	sphere3D
data :	[-73.8 65.9 219.0; -58.27613972469459 70.68847672858767 217.782560058539; -47.25434121088665 83.9985237140437 214.15743583068934; -44.31309256799753 102.87541240006271 208.20560660136368; -34.503138462143525 143.62874054328523 205.81181517400142; -68.25959841400747 139.83152121602652 189.90265402945107; -92.7631520126007 148.98299750198282 177.96038840260195; -120.99838450625188 147.65 164.5; -148.17928308301606 134.91388912865037 149.82217165593704; -169.543387008417 112.00758510192013 134.25478180123827; -181.28117816028367 82.10018100107929 118.14558020092026; -181.28117816028367 49.69981899892075 101.85441979907975; -169.54338700841703 19.792414898079905 85.74521819876173; -148.1792830830161 -3.1138891286503423 70.17782834406296; -120.99838450625195 -15.84999999999998 55.50000000000002; -78.65641403488313 -17.094350468342906 59.393501092542564; -68.25959841400747 -8.031521216026505 30.09734597054893; -37.952614861895114 21.804379627160593 36.705199154572455; -44.31309256799753 28.924587599937283 11.79439339863633; -47.25434121088666 47.80147628595632 5.8425641693106485; -44.627577837569994 72.23781973326022 14.943428358549117; -73.79999999999998 65.9 1.0]
npts :	22
nout :	4
model :	(x,t) -> (x[1]-t[1])^2 + (x[2]-t[2])^2 +(x[3]-t[3])^2 - t[4]^2
dim :	4
cluster :	false
noise :	true
solution :	[-73.8, 65.9, 110.0, 109.0]
description :	[[-73.8, 65.9, 110.0, 109.0], [-73.8, 65.9, 110.0, 109.0]]
