name :	sphere3D
data :	[-56.31048065791188 20.63543226677848 132.90648319147684; -54.90234497356291 17.01553039429982 124.06964551993187; -50.54756858335879 19.684411026765765 123.3805473829307; -47.235659966988436 23.87950998720907 122.23858473133222; -45.384116120466444 29.241814587951076 120.65350038783521; -45.294661914501184 35.30817188553928 118.63881773317337; -39.02520160784281 51.83498959393465 122.9342533892382; -50.89438498832231 47.39999012361959 113.39293027313293; -56.443317241890576 52.32437594719772 110.20648152991558; -63.482105582717864 55.836247515023516 106.67956475691409; -71.59294014951334 57.54788537615753 102.84227036447984; -80.26461695919042 57.19849115765454 98.72733679537721; -88.93064584763408 54.675209297431884 94.36987121193306; -97.01168579988413 50.02293385363982 89.80704997410626; -93.82037280221802 53.431397453995594 92.72700354282235; -103.46335965343951 41.29597073333154 82.47004567296553; -112.65411512563205 25.980146437455396 75.2824914110183; -113.8 16.10000000000001 70.3; -112.65411512563205 6.219853562544621 65.3175085889817; -109.29613635616494 -3.0749053787359912 60.377526037905206; -103.95907474412314 -11.242141496904033 55.522198536107524; -96.81605750529111 -9.770958189783496 60.30983508282982; -88.93064584763408 -22.475209297431874 46.230128788066935; -80.26461695919042 -24.99849115765454 41.872663204622775; -71.59294014951334 -25.347885376157528 37.75772963552016; -54.28429025157424 -14.179780388922824 36.51308309859595; -56.44331724189059 -20.124375947197734 30.39351847008441; -42.945311353930784 -10.740604711622481 32.890843451511856; -47.12884563772268 -9.347108370208755 24.388274670600843; -45.294661914501184 -3.108171885539292 21.96118226682664; -45.384116120466444 2.9581854120489304 19.946499612164786; -47.235659966988436 8.32049001279092 18.36141526866777; -50.54756858335879 12.515588973234234 17.2194526170693; -54.9023449735629 15.184469605700178 16.530354480068134; -59.79999999999999 16.1 16.299999999999997]
npts :	35
nout :	7
model :	(x,t) -> (x[1]-t[1])^2 + (x[2]-t[2])^2 +(x[3]-t[3])^2 - t[4]^2
dim :	4
cluster :	false
noise :	true
solution :	[-59.8, 16.1, 70.3, 54.0]
description :	[[-59.8, 16.1, 70.3, 54.0], [-59.8, 16.1, 70.3, 54.0]]
