name :	sphere3D
data :	[29.5 51.8 152.3; 48.57655885315782 56.50194946013009 151.1115464779828; 64.04027000718884 69.92813214427849 147.5635162404465; 72.76436779676996 90.12888525729417 141.70764755772262; 72.53083471742427 114.14092664992776 133.62933218147322; 62.33448126163404 138.37741170976895 123.44637014066599; 42.52868842370818 159.10090283453394 111.30725195188947; 14.79365088264448 172.91768171695782 97.38899329324963; -18.068958430897013 177.22903497881242 81.89455371717841; -47.671212455401 199.9629816854596 90.52232662329195; -84.57876230042847 152.86496438470326 47.100596587933296; -110.63538409616797 125.34872328606077 28.308453278871927; -127.6095970178527 90.52403773477548 8.947478881617652; -133.5 51.80000000000002 -10.699999999999989; -104.34056640808585 40.01048969057763 -27.646370028504226; -110.63538409616797 -21.748723286060752 -49.7084532788719; -84.57876230042848 -49.264964384703234 -68.50059658793327; -52.15450561716512 -63.10895827988677 -63.33004043778284; -18.068958430897077 -73.62903497881244 -103.29455371717839; 14.793650882644389 -69.31768171695784 -118.78899329324959; 42.5286884237082 -55.500902834533946 -132.7072519518895; 62.33448126163404 -34.777411709768955 -144.84637014066598; 72.53083471742426 -10.540926649927812 -155.0293321814732; 72.76436779676996 13.47111474270578 -163.1076475577226; 64.04027000718884 33.67186785572151 -168.96351624044647; 52.89643425901954 77.46145908426408 -145.1055317288849; 30.575418061827893 65.23561466301553 -159.52179454505648]
npts :	27
nout :	5
model :	(x,t) -> (x[1]-t[1])^2 + (x[2]-t[2])^2 +(x[3]-t[3])^2 - t[4]^2
dim :	4
cluster :	false
noise :	true
solution :	[29.5, 51.8, -10.7, 163.0]
description :	[[29.5, 51.8, -10.7, 163.0], [29.5, 51.8, -10.7, 163.0]]
