name :	sphere3D
data :	[-7.9 83.6 6.099999999999994; -0.3468146963860468 84.93183035931779 5.765133432073597; 6.459480182655064 88.82642336602184 4.763082265074303; 11.824660387697177 94.98803798451091 3.1014727134379996; 15.156231460185873 102.94647531457996 0.7929506291599324; 16.005532840128232 112.08950464510167 -2.1449147407748086; 14.1 121.70511776651529 -5.689764466969393; 9.36337315727298 131.03072793322656 -9.814620102568725; 3.0128307052291716 147.4635368669548 2.0080605388981922; -5.042847215094883 158.7497236453554 -13.036871424885016; -19.60595549723503 149.98777259272302 -25.33469034758454; -32.55465196420472 151.33809955616505 -31.425273601107953; -46.005117766515276 149.6 -37.9; -58.99048383043705 151.6074862845942 -42.13952895744881; -71.24647531457995 136.75400407284474 -51.80222738734115; -81.51343472892711 126.10073635671898 -59.12392403097818; -89.33665889905245 113.24051981734495 -66.61896036531013; -94.23330307275582 98.82289066540787 -74.23029463820609; -95.63677404205653 99.68635623454009 -73.41734288443622; -94.23330307275582 68.37710933459215 -89.56970536179391; -89.33665889905245 53.959480182655064 -97.18103963468987; -81.51343472892711 41.099263643281006 -104.67607596902182; -61.988340979504585 33.31422613385393 -100.30290373578383; -59.16558061412353 22.504060126690227 -119.09040703318155; -46.00511776651534 17.60000000000001 -125.89999999999998; -32.55465196420471 15.861900443834969 -132.37472639889205; -19.60595549723503 17.21222740727697 -138.46530965241547; -7.900000000000012 21.374603255583807 -144.12539674441618; 1.9224629403075504 27.89404450276495 -149.31191099447005; 24.10437477127487 49.185671186349126 -152.2039644714538; 14.1 45.4948822334847 -158.11023553303062; 20.76316175601437 71.29304014116383 -155.41003843179416; 15.15623146018588 64.25352468542 -164.59295062915993; 11.824660387697191 72.21196201548906 -166.901472713438; 6.459480182655058 78.37357663397815 -168.5630822650743; -0.346814696386045 82.26816964068219 -169.5651334320736; -7.89999999999999 83.6 -169.9]
npts :	37
nout :	7
model :	(x,t) -> (x[1]-t[1])^2 + (x[2]-t[2])^2 +(x[3]-t[3])^2 - t[4]^2
dim :	4
cluster :	false
noise :	true
solution :	[-7.9, 83.6, -81.9, 88.0]
description :	[[-7.9, 83.6, -81.9, 88.0], [-7.9, 83.6, -81.9, 88.0]]
