name :	sphere3D
data :	[76.1 80.4 240.8; 120.20748216191505 124.50748216191505 228.39236379933976; 76.1 195.65840533340725 193.05840533340725; -30.384881637424684 186.8848816374247 140.17739947550965; -86.9 80.40000000000002 77.80000000000001; -30.384881637424712 -26.084881637424672 15.42260052449037; 76.09999999999998 -34.85840533340725 -37.45840533340724; 129.74816065464776 59.70320437108288 -42.99725180961922; 76.10000000000001 80.4 -85.2]
npts :	9
nout :	1
model :	(x,t) -> (x[1]-t[1])^2 + (x[2]-t[2])^2 +(x[3]-t[3])^2 - t[4]^2
dim :	4
cluster :	false
noise :	true
solution :	[76.1, 80.4, 77.8, 163.0]
description :	[[76.1, 80.4, 77.8, 163.0], [76.1, 80.4, 77.8, 163.0]]
