name :	sphere3D
data :	[-11.7 -34.1 157.5; 4.166683012317346 -25.423043352764942 160.10428866502883; 3.585446429640651 -27.98063034722864 155.9277966618555; 8.919740261808041 -20.848497574389267 153.97588870446128; 24.449307248179473 -5.313559467882347 168.44247176768417; 11.42437902667822 -1.6263534483987314 147.82868403297834; 7.839357162502079 8.68522414304428 143.68905735631276; 9.95492018329223 33.10784819677406 142.21711257256152; -8.843330515061629 25.86887258419044 133.4648613151411; -21.05723092509173 30.98097060477628 127.47288385323981; -29.2607707776293 44.50358034761868 137.35884046338995; -49.37210506462306 31.15 114.0; -63.524358020523735 25.708497417812687 106.64110613116412; -76.32541117340655 16.721985082464244 98.95491280861569; -86.84890970648429 4.64195562127999 91.01102738932018; -94.32622451974211 -9.838751469530042 82.8813909297758; -98.20796197628142 -25.839491196779292 74.63962667666559; -98.20796197628142 -42.36050880322069 66.36037332333441; -94.32622451974214 -58.361248530469936 58.1186090702242; -86.8489097064843 -72.84195562127998 49.98897261067984; -76.32541117340656 -84.92198508246423 42.04508719138431; -63.52435802052376 -93.9084974178127 34.35889386883589; -49.37210506462311 -99.35 27.00000000000002; -34.87868769158743 -101.07041991857776 20.03504886730577; -21.057230925091744 -99.18097060477626 13.527116146760207; -8.84333051506163 -94.06887258419044 7.535138684858893; 0.9790758973251972 -86.36386268689336 2.113380757377513; 22.76022045665909 -75.13692024074258 12.832397302894426; 11.424379026678217 -66.57364655160129 -6.82868403297833; 14.407376163068442 -40.009184624726544 -0.8511602742209696; 8.919740261808041 -47.35150242561073 -12.97588870446127; 3.5854464296406707 -40.21936965277138 -14.927796661855467; -3.5795716611297355 -35.665084279698554 -16.10605726385836; -11.699999999999989 -34.1 -16.5]
npts :	34
nout :	6
model :	(x,t) -> (x[1]-t[1])^2 + (x[2]-t[2])^2 +(x[3]-t[3])^2 - t[4]^2
dim :	4
cluster :	false
noise :	true
solution :	[-11.7, -34.1, 70.5, 87.0]
description :	[[-11.7, -34.1, 70.5, 87.0], [-11.7, -34.1, 70.5, 87.0]]
