name :	sphere3D
data :	[64.5 -93.3 115.7; 74.65809931409173 -91.40112214515594 115.22222774504387; 83.69022812340398 -85.86566601855989 113.79298716459701; 112.94088173108715 -71.43122344484233 130.67743241287172; 94.39961100940292 -66.04290307684221 108.13688969328786; 94.58514565881237 -53.46082868184445 103.95828863176699; 90.78091275139 -40.520812269196696 98.9243192017168; 82.97090520940557 -28.381501965826033 93.07792945538682; 71.4620086834862 -18.167960998404737 86.46899872871383; 56.863040272881456 -10.884079228099381 79.15391208841442; 40.04056857878715 -7.3340155161177165 71.19507927447673; 22.054868529086534 -8.058685006346138 62.66040224226386; 4.080882686388577 -13.292158494215343 53.62269584697229; -12.679792770130064 -22.941322377635927 44.15906661296114; -27.089192061885058 -36.59037319160642 34.350254888073295; -23.26754271762931 -47.35297689206296 26.092197685691396; -40.40793712986184 -70.82185379952118 25.42520432363513; -47.5 -93.29999999999998 3.700000000000007; -45.12334989019982 -113.79215557398152 -6.634056259889811; -38.158653183156915 -133.07017411885982 -16.879945995455863; -27.089192061885072 -150.00962680839353 -26.950254888073285; -12.679792770130078 -163.65867762236405 -36.75906661296112; 4.080882686388563 -173.3078415057846 -46.22269584697227; 22.085688267483086 -163.66042313896457 -43.41550802545783; 42.93539980090024 -164.69880957633285 -52.1224669152775; 74.41561830507655 -158.04788598287556 -59.48526592590219; 71.46200868348618 -168.43203900159529 -79.06899872871381; 82.97090520940556 -158.218498034174 -85.67792945538682; 110.04499316410866 -131.21595760419734 -86.67784747782407; 94.58514565881235 -133.13917131815558 -96.55828863176697; 94.39961100940292 -120.55709692315777 -100.73688969328785; 90.55937192032027 -109.43527997347068 -104.02447203535573; 83.69022812340398 -100.7343339814401 -106.392987164597; 74.65809931409176 -95.19887785484407 -107.82222774504386; 64.50000000000001 -93.3 -108.3]
npts :	35
nout :	7
model :	(x,t) -> (x[1]-t[1])^2 + (x[2]-t[2])^2 +(x[3]-t[3])^2 - t[4]^2
dim :	4
cluster :	false
noise :	true
solution :	[64.5, -93.3, 3.7, 112.0]
description :	[[64.5, -93.3, 3.7, 112.0], [64.5, -93.3, 3.7, 112.0]]
