name :	sphere3D
data :	[-52.2 -68.1 55.599999999999994; -22.52830377522099 -53.81086420117926 51.8893310029099; -12.162731193244355 -17.894852887988243 40.94339244955802; -31.666549112767267 21.86292639733351 23.31105940526841; -77.9481330079349 44.70994156232531 -0.12350932490743105; -125.1936959786736 61.02266885288305 -13.64840802905884; -167.0063884538566 9.660501263165767 -54.91635903432518; -200.2 -68.09999999999998 -92.39999999999999; -182.20019520408914 -130.70479445031353 -125.33309822553453; -135.3382453375463 -172.35206219615424 -156.61479338939859; -77.94813300793493 -180.90994156232532 -184.67649067509257; -31.66654911276728 -158.0629263973335 -208.1110594052684; -12.162731193244362 -118.30514711201177 -225.74339244955803; -22.528303775220976 -82.38913579882075 -236.6893310029099; -32.173389504573706 -60.662055411695505 -234.0616015972327]
npts :	15
nout :	3
model :	(x,t) -> (x[1]-t[1])^2 + (x[2]-t[2])^2 +(x[3]-t[3])^2 - t[4]^2
dim :	4
cluster :	false
noise :	true
solution :	[-52.2, -68.1, -92.4, 148.0]
description :	[[-52.2, -68.1, -92.4, 148.0], [-52.2, -68.1, -92.4, 148.0]]
