name :	sphere3D
data :	[-117.3 6.6 -6.5; -92.84652314950343 12.690135935727335 -2.9842323155129904; -99.81677829272296 16.693942758998304 -9.157785549452669; -94.50659065652307 27.994486804907584 -9.614470780772656; -97.8 40.3749907475931 -16.950018504813784; -105.01039396339992 52.46543413359668 -22.618439457283657; -117.3 61.754328932550706 -29.345671067449288; -133.31612640911965 66.37299749928029 -37.01660853731979; -151.0749907475931 65.1 -45.49999999999999; -168.25595563017868 57.55595563017869 -54.65069227552299; -182.54827169154902 44.27110722527366 -64.31211448200338; -191.99765136151876 26.615175358820537 -74.31895700683597; -195.3 6.600000000000009 -84.5; -191.9976513615188 -13.415175358820518 -94.68104299316403; -181.3560697935547 -30.928707573048346 -92.55757215663812; -168.25595563017868 -44.35595563017868 -114.349307724477; -147.10913727957046 -43.85644032086364 -109.37076374819111; -133.31612640911965 -53.17299749928029 -131.9833914626802; -117.30000000000001 -48.55432893255071 -139.6543289325507; -105.01039396339993 -39.26543413359669 -146.38156054271633; -97.8 -27.1749907475931 -152.04998149518622; -96.19335209429832 -14.506647905701692 -156.56260353588038; -99.81677829272294 -3.4939427589983296 -159.84221445054732; -93.8208447069648 9.072452521500534 -149.80018411755685; -117.29999999999998 6.6 -162.5]
npts :	25
nout :	5
model :	(x,t) -> (x[1]-t[1])^2 + (x[2]-t[2])^2 +(x[3]-t[3])^2 - t[4]^2
dim :	4
cluster :	false
noise :	true
solution :	[-117.3, 6.6, -84.5, 78.0]
description :	[[-117.3, 6.6, -84.5, 78.0], [-117.3, 6.6, -84.5, 78.0]]
