name :	sphere3D
data :	[-96.05808767726874 -17.748370744910165 53.01725990516338; -86.10456556588713 -15.081952844926487 50.702358414098626; -81.38067148388909 -13.121332756427813 47.2519105833944; -83.84044680899846 -16.42306833213319 40.83179835840273; -82.38490424305466 -9.99372835428851 38.861637450732914; -83.22439275008078 -2.9364714754356562 36.3634105040966; -86.48935069440046 3.9996472570479114 33.36275270760747; -92.07639030636919 10.056219724553095 29.89045487079629; -89.33848797569365 25.38709568236542 27.202316287462757; -106.098234057969 18.68915526208313 31.70480432611586; -118.52932619420493 16.667333344128004 17.02198457830989; -123.72461767497674 23.692567848870766 20.662049252478603; -137.4455146509885 8.206252331703269 6.849094159309937; -145.00035737066906 0.3093446373633988 1.43654180648835; -150.41564018916787 -9.428985986258091 -4.1200444597437045; -153.24117528197658 -20.34184550238789 -9.763646545032085; -153.24117528197658 -31.658154497612095 -15.436353454967907; -150.41564018916787 -42.5710140137419 -21.079955540256286; -145.00035737066906 -52.30934463736339 -26.636541806488346; -137.4455146509885 -60.20625233170326 -32.04909415930993; -128.37488567046324 -65.7578745986836 -37.26207248722753; -118.52932619420491 -68.66733334412801 -42.2219845783099; -108.69975669108263 -68.86978623670102 -46.87793502266913; -99.65576852619313 -66.53630116951737 -51.182147468238455; -92.07639030636919 -62.056219724553095 -55.09045487079629; -86.48935069440046 -55.99964725704791 -58.56275270760747; -83.22439275008078 -49.06352852456435 -61.5634105040966; -82.38490424305466 -42.00627164571149 -64.06163745073292; -83.84044680899845 -35.576931667866816 -66.03179835840272; -87.24084853982829 -30.44546200126611 -67.45367671013969; -92.05054557239407 -27.1404418757717 -68.31268210994612; -97.6 -26.0 -68.6]
npts :	32
nout :	6
model :	(x,t) -> (x[1]-t[1])^2 + (x[2]-t[2])^2 +(x[3]-t[3])^2 - t[4]^2
dim :	4
cluster :	false
noise :	true
solution :	[-97.6, -26.0, -12.6, 56.0]
description :	[[-97.6, -26.0, -12.6, 56.0], [-97.6, -26.0, -12.6, 56.0]]
