name :	sphere3D
data :	[-114.0 54.9 227.6; -79.63376623031994 76.98583737601788 221.7264811741021; -81.4344047291632 126.2087069050738 204.58176226052126; -119.48158430679949 188.30090440044614 195.69497245321702; -197.29057270046232 180.37274534576935 150.329399476172; -251.7103741995702 95.33541421744994 103.23565154962634; -251.71037419957023 14.464585782550103 61.96434845037367; -200.37393003420624 -44.780829029687816 22.364823114726477; -129.59538487515292 -53.56828434129378 -12.354806422066332; -81.43440472916322 -16.40870690507385 -39.38176226052127; -79.63376623031994 32.814162623982114 -56.526481174102116; -113.99999999999999 54.9 -62.400000000000006]
npts :	12
nout :	2
model :	(x,t) -> (x[1]-t[1])^2 + (x[2]-t[2])^2 +(x[3]-t[3])^2 - t[4]^2
dim :	4
cluster :	false
noise :	true
solution :	[-114.0, 54.9, 82.6, 145.0]
description :	[[-114.0, 54.9, 82.6, 145.0], [-114.0, 54.9, 82.6, 145.0]]
