name :	sphere3D
data :	[-66.87517013836082 -116.93068220570525 104.40034202521468; -42.633755388667204 -97.55429313345526 94.79141373308948; -56.619442574447675 -59.128933394967525 78.64213321006496; -107.27018127597637 -48.25 53.900000000000006; -153.06374179104407 -86.67535973848773 23.549280523024528; -139.5694996080059 -131.90679730955767 -3.117007793051364; -107.27018127597643 -187.75 -39.09999999999998; -56.6194425744477 -176.8710666050325 -63.84213321006495; -42.6337553886672 -138.44570686654475 -79.99141373308947; -66.99999999999999 -118.0 -85.6]
npts :	10
nout :	2
model :	(x,t) -> (x[1]-t[1])^2 + (x[2]-t[2])^2 +(x[3]-t[3])^2 - t[4]^2
dim :	4
cluster :	false
noise :	true
solution :	[-67.0, -118.0, 7.4, 93.0]
description :	[[-67.0, -118.0, 7.4, 93.0], [-67.0, -118.0, 7.4, 93.0]]
