name :	sphere3D
data :	[-118.1 -19.6 13.5; -108.39048938529245 -17.668658257530605 13.01365739389189; -99.89576449432457 -12.0595587609154 11.559313320726275; -93.72234830653213 -3.311373895787554 9.150973908953091; -86.83808145382552 27.112678287952846 7.948445921940447; -91.64870651276694 19.987158262949116 1.5740476991838648; -96.62664010712678 32.241276683093005 -3.5215691574429258; -105.59983700067215 43.242563104531094 -9.425944210363568; -118.1 51.81778489984129 -16.08221510015869; -133.33149268510533 56.97388469985602 -23.426278299471804; -150.23715415946404 57.98595342785304 -31.38740646502017; -156.96172804132914 64.84437464912082 -23.444129496725136; -184.081429726257 46.38142972625702 -48.848973331125926; -198.46234780474066 34.09640409616857 -58.181247597299304; -209.61887208164165 18.3083580293044 -67.79587747637103; -216.68231565142247 0.009241787993190087 -77.60026882671437; -219.1 -19.59999999999999 -87.5; -216.68231565142247 -39.20924178799317 -97.39973117328563; -209.61887208164165 -57.50835802930438 -107.20412252362894; -198.46234780474066 -73.29640409616854 -116.81875240270068; -170.5687309105053 -82.6677843495946 -124.93825012472551; -167.58688943623474 -93.66236390665884 -135.11107041942577; -150.2371541594641 -97.18595342785304 -143.6125935349798; -133.33149268510536 -96.17388469985602 -151.57372170052818; -118.10000000000001 -91.0177848998413 -158.9177848998413; -105.59983700067217 -82.4425631045311 -165.57405578963642; -80.90155095797213 -54.55794015290734 -163.06927195267318; -79.31356688912149 -50.67326104029672 -172.85031399526014; -90.33995649438015 -46.24364241516414 -170.9817918912672; -93.72234830653213 -35.88862610421245 -184.1509739089531; -99.89576449432454 -27.14044123908463 -186.5593133207263; -108.39048938529244 -21.531341742469404 -188.0136573938919; -118.09999999999998 -19.6 -188.5]
npts :	33
nout :	6
model :	(x,t) -> (x[1]-t[1])^2 + (x[2]-t[2])^2 +(x[3]-t[3])^2 - t[4]^2
dim :	4
cluster :	false
noise :	true
solution :	[-118.1, -19.6, -87.5, 101.0]
description :	[[-118.1, -19.6, -87.5, 101.0], [-118.1, -19.6, -87.5, 101.0]]
