name :	sphere3D
data :	[29.5 53.3 70.5; 48.93469771802597 65.7899218264377 67.17842383638879; 47.91640560143874 93.62630321528312 57.48278969215686; 20.68054096715492 114.64068493783512 42.19858018351338; -18.021021907798815 123.63718987383167 23.149343079682854; -48.3775909266535 76.16692390228204 0.16981673840937894; -48.3775909266535 30.433076097717986 -23.16981673840937; -19.345946640033887 -3.0712274512717315 -45.564031066154676; 34.27513726561822 2.7421103249016756 -57.886784404885674; 47.916405601438726 12.973696784716857 -80.48278969215686; 48.93469771802597 40.810078173562296 -90.17842383638879; 29.50000000000001 53.3 -93.5]
npts :	12
nout :	2
model :	(x,t) -> (x[1]-t[1])^2 + (x[2]-t[2])^2 +(x[3]-t[3])^2 - t[4]^2
dim :	4
cluster :	false
noise :	true
solution :	[29.5, 53.3, -11.5, 82.0]
description :	[[29.5, 53.3, -11.5, 82.0], [29.5, 53.3, -11.5, 82.0]]
