name :	sphere3D
data :	[58.0 -26.2 62.5; 65.39138790992133 -24.573032490995498 62.089657000805175; 71.65713212439594 -19.8815378498445 60.86343889970607; 75.79356138073187 -12.673686296285295 58.83572198279617; 77.02813118356354 -3.7983521600392294 56.03027937696699; 74.90428448359357 5.684862966355237 52.48000233173125; 69.33308766180592 14.618092736594537 48.22651459939506; 68.04285414275448 33.357719373884855 53.29608829174002; 49.368713071728486 26.448521133229587 37.81703993472794; 36.55485047189468 27.62326673753643 31.783094575366768; 23.29291279955124 24.989123924895242 25.288590848985308; 10.789696251803036 18.5199751253805 18.409670873794003; 0.20626920195737597 8.573334065832302 11.226983697045451; -7.461849844564199 -4.1433346961605615 3.824739758693539; -11.487597773742749 -18.64276832016361 -3.7102763990207674; -11.487597773742749 -33.75723167983637 -11.289723600979224; -7.461849844564213 -48.25666530383942 -18.824739758693532; 0.20626920195736886 -60.97333406583229 -26.226983697045444; 10.789696251803022 -70.91997512538049 -33.409670873794; 28.987579027272293 -70.92919259386028 -29.663933115788662; 36.55485047189467 -80.02326673753642 -46.78309457536676; 49.36871307172848 -78.84852113322958 -52.81703993472794; 60.60619086959746 -74.26836218467355 -58.31968443461916; 69.33308766180593 -67.01809273659453 -63.22651459939506; 81.46548458331401 -55.30904614745413 -55.64927667637411; 88.65982393260751 -35.359155200447354 -57.93833901408342; 77.36921467262135 -35.83764081556886 -60.61284566882402; 71.65713212439594 -32.518462150155514 -75.86343889970607; 78.87606100583022 -27.824399245889314 -75.09708178038504; 58.00000000000001 -26.2 -77.5]
npts :	30
nout :	6
model :	(x,t) -> (x[1]-t[1])^2 + (x[2]-t[2])^2 +(x[3]-t[3])^2 - t[4]^2
dim :	4
cluster :	false
noise :	true
solution :	[58.0, -26.2, -7.5, 70.0]
description :	[[58.0, -26.2, -7.5, 70.0], [58.0, -26.2, -7.5, 70.0]]
