name :	sphere3D
data :	[116.8 28.6 8.700000000000003; 147.29999999999998 50.75954710416351 2.728894988008733; 138.9595471041635 96.80007331374358 -14.59992668625641; 86.30000000000001 122.46934788384524 -41.59019922031827; 22.93065211615479 96.80007331374361 -75.59992668625641; -5.200000000000003 28.600000000000016 -113.29999999999998; 22.93065211615476 -39.600073313743586 -151.00007331374357; 86.29999999999998 -65.26934788384523 -185.0098007796817; 144.50093695050245 -33.6801789493739 -205.70800782016045; 171.03989709034028 23.547659308715023 -227.20926011798193; 116.80000000000001 28.6 -235.3]
npts :	11
nout :	2
model :	(x,t) -> (x[1]-t[1])^2 + (x[2]-t[2])^2 +(x[3]-t[3])^2 - t[4]^2
dim :	4
cluster :	false
noise :	true
solution :	[116.8, 28.6, -113.3, 122.0]
description :	[[116.8, 28.6, -113.3, 122.0], [116.8, 28.6, -113.3, 122.0]]
