name :	sphere3D
data :	[12.8 -34.7 164.2; 22.91690649232516 -31.017747173939153 163.2580806867569; 29.044163074221867 -21.069528755636846 160.46094248872632; 28.300000000000004 -7.853212482682409 155.8935750346352; 19.720371617034882 4.547377736688311 149.69475547337663; 4.552622263311683 12.073203417600311 142.05283180056546; -14.046787517317583 11.799999999999997 133.20000000000002; -31.83047124436315 2.749411960413333 123.40524888619147; -44.57582786069604 -13.816906492325156 112.96618701534969; -49.2 -34.699999999999996 102.2; -44.57582786069605 -55.58309350767483 91.43381298465033; -31.830471244363164 -72.14941196041333 80.99475111380855; -3.8241861734252787 -75.87635242236311 78.59130900428451; 4.552622263311683 -81.47320341760032 62.34716819943456; 20.350019284532074 -68.58571001306848 61.75843437888412; 28.300000000000004 -61.5467875173176 48.5064249653648; 31.20460218017062 -44.55245080446742 45.66538882236731; 22.916906492325154 -38.38225282606085 41.14191931324311; 12.800000000000008 -34.7 40.2]
npts :	19
nout :	3
model :	(x,t) -> (x[1]-t[1])^2 + (x[2]-t[2])^2 +(x[3]-t[3])^2 - t[4]^2
dim :	4
cluster :	false
noise :	true
solution :	[12.8, -34.7, 102.2, 62.0]
description :	[[12.8, -34.7, 102.2, 62.0], [12.8, -34.7, 102.2, 62.0]]
