name :	sphere3D
data :	[-52.5 117.6 33.6; -44.85319510759916 119.8453045027396 33.03000074533223; -39.227523509640804 126.12970271073794 31.331606522411853; -37.265817102846896 135.1811842783665 28.539391739853038; -39.922942516090615 145.13991439092504 24.71019783854615; -47.28100163119491 153.89893097067596 19.921976163838465; -58.523045193162496 159.49119946974105 14.272201100935966; -72.07028344762108 160.45294326142283 7.875885777513471; -85.85820746148653 156.09742362525873 0.8632407281056409; -97.7019038116739 146.64949967347928 -6.62297681687993; -105.68469624259262 133.2164358357048 -14.430369056696032; -108.5 117.6 -22.399999999999995; -94.56778676261615 105.7416117435719 -22.117335277759196; -97.7019038116739 88.55050032652073 -38.177023183120056; -79.26320449016102 82.94804398837555 -42.60284869816606; -72.07028344762108 74.74705673857714 -52.67588577751347; -47.87305466154859 76.32776679110188 -56.195869256384896; -38.366198864298944 90.20868055093038 -57.01999691363746; -39.92294251609062 90.06008560907492 -69.51019783854613; -37.265817102846896 100.01881572163349 -73.33939173985303; -39.227523509640804 109.07029728926204 -76.13160652241186; -44.85319510759916 115.3546954972604 -77.83000074533223; -52.49999999999999 117.6 -78.4]
npts :	23
nout :	4
model :	(x,t) -> (x[1]-t[1])^2 + (x[2]-t[2])^2 +(x[3]-t[3])^2 - t[4]^2
dim :	4
cluster :	false
noise :	true
solution :	[-52.5, 117.6, -22.4, 56.0]
description :	[[-52.5, 117.6, -22.4, 56.0], [-52.5, 117.6, -22.4, 56.0]]
