name :	sphere3D
data :	[-13.7 -108.5 42.599999999999994; 0.11406200175627923 -105.83755777706455 41.929844540816504; 12.302828409043862 -98.09003783206711 39.925447194880576; 21.37725929594931 -85.9572142644783 36.604960094945596; 54.81029744028652 -61.979612901025234 58.426342877622425; 25.638024091360652 -53.25747483175876 26.147646400928664; 19.539366207474796 -35.71594053826949 19.105522859014812; 7.869002675909577 -19.591360026894137 10.935858021932546; 11.472118938079001 11.294409715222578 21.45899140865022; -29.618048010500875 2.2124557414585126 -8.480611376097812; -53.130411245459044 5.426691355741468 -19.551577383462686; -77.78587988004844 2.5 -31.39999999999999; -90.70237629373388 6.579762412124358 -20.240153447729647; -123.63748107659967 -22.04420928500336 -56.99394142902158; -141.53952455815718 -42.59414446035127 -70.50767754460477; -154.25955435542335 -67.2279910056373 -84.33740393555381; -160.8629697987316 -94.44764019681993 -98.35787645808612; -160.8629697987316 -122.55235980318002 -112.44212354191386; -154.2595543554234 -149.77200899436264 -126.46259606444619; -141.53952455815718 -174.4058555396487 -140.29232245539524; -123.63748107659968 -194.95579071499662 -153.80605857097842; -100.65957161447264 -182.35392352832983 -148.42291668645242; -77.78587988004853 -219.5 -179.39999999999998; -53.13041124545907 -222.42669135574147 -191.2484226165373; -21.223334913357625 -207.40007239812894 -188.18451014428604; -8.840378347461165 -210.51601313172628 -212.5126376395504; 7.8690026759095275 -197.40863997310592 -221.73585802193253; 19.53936620747478 -181.28405946173055 -229.9055228590148; 25.638024091360645 -163.74252516824126 -236.94764640092868; 26.109745937370125 -146.4585160810498 -242.79845408637874; 35.7645139655759 -113.04981536049343 -247.0481381672988; 12.302828409043897 -118.90996216793292 -250.7254471948806; 0.1140620017563112 -111.16244222293547 -252.72984454081652; -13.699999999999982 -108.5 -253.4]
npts :	34
nout :	6
model :	(x,t) -> (x[1]-t[1])^2 + (x[2]-t[2])^2 +(x[3]-t[3])^2 - t[4]^2
dim :	4
cluster :	false
noise :	true
solution :	[-13.7, -108.5, -105.4, 148.0]
description :	[[-13.7, -108.5, -105.4, 148.0], [-13.7, -108.5, -105.4, 148.0]]
