name :	sphere3D
data :	[-77.9 -59.2 -52.099999999999994; -75.96588577445445 -58.571568193356 -52.2600515722632; -74.65 -56.83873678398258 -52.736265288163; -74.43096403443866 -54.425281615537116 -53.51691518555121; -75.53873678398259 -51.93277907312569 -54.58277907312568; -77.9 -50.00761184457488 -55.90761184457487; -81.15 -49.197528504180426 -57.458791720197844; -83.85074596993256 -48.42818987755585 -58.41890089102119; -87.90247149581958 -51.93277907312569 -61.08277907312568; -90.11151662109279 -55.232237728931445 -63.06635195447699; -90.9 -59.2 -65.1; -90.11151662109279 -63.167762271068554 -67.13364804552299; -87.90247149581958 -66.46722092687432 -69.11722092687431; -84.00138127796265 -67.95259635922179 -70.66624529121759; -80.34040216527615 -67.90221463810883 -71.23142376151432; -77.9 -68.39238815542512 -74.29238815542512; -75.53873678398259 -66.46722092687432 -75.61722092687431; -71.90437648922554 -63.61970128970518 -76.53520659928505; -74.65 -61.56126321601743 -77.46373471183699; -75.96588577445445 -59.828431806644005 -77.93994842773678; -77.9 -59.2 -78.1]
npts :	21
nout :	4
model :	(x,t) -> (x[1]-t[1])^2 + (x[2]-t[2])^2 +(x[3]-t[3])^2 - t[4]^2
dim :	4
cluster :	false
noise :	true
solution :	[-77.9, -59.2, -65.1, 13.0]
description :	[[-77.9, -59.2, -65.1, 13.0], [-77.9, -59.2, -65.1, 13.0]]
