name :	sphere3D
data :	[-27.2 66.2 -1.6000000000000014; -24.98892332536363 66.63981049580987 -1.7107512865394732; -23.05448102346005 67.91713018315788 -2.0419385507257033; -17.422242737627933 71.19893537435108 -2.4415634920881084; -20.976244848318736 72.42375515168126 -3.3507707522404075; -21.176438116768708 75.21489742621614 -4.315810919987836; -22.310026955088276 78.00543924466474 -5.4761989170414616; -24.35342822787584 80.51068268717044 -6.82075957265705; -22.71764424317669 83.13339744310241 -6.769654866109817; -30.6685577401725 83.63761730788801 -10.008954464236155; -34.51836183829379 83.86808840436258 -11.821884640549149; -36.01304093158607 84.91240612010074 -10.54633937993157; -42.22547409607833 81.22547409607833 -15.798281055602935; -45.50033662880233 78.4278940020978 -17.923452423147367; -48.04093126611642 74.8325963829109 -20.11292259362905; -47.18123120120156 70.99446299356126 -20.14929718261732; -50.2 66.2 -24.6; -49.64943821765067 61.734529097783735 -26.854394227579895; -48.04093126611642 57.567403617089106 -29.087077406370952; -44.733095799807664 54.38074272759841 -28.214319087539373; -42.22547409607833 51.174525903921676 -33.40171894439706; -38.46929165379603 49.334313169770766 -35.44212494699795; -34.518361838293806 48.531911595637425 -37.378115359450845; -30.66855774017251 48.762382692112 -39.19104553576385; -27.200000000000003 49.936544032709406 -40.86345596729059; -24.35342822787584 51.889317312829554 -42.37924042734295; -22.310026955088272 54.39456075533526 -43.723801082958545; -21.176438116768708 57.18510257378386 -44.88418908001216; -20.976244848318736 59.976244848318736 -45.849229247759595; -21.648653574754842 62.49070890696152 -46.60962772184081; -23.054481023460042 64.48286981684211 -47.1580614492743; -24.988923325363626 65.76018950419014 -47.489248713460526; -24.084035671684546 70.53377633814017 -45.89643424500969]
npts :	33
nout :	6
model :	(x,t) -> (x[1]-t[1])^2 + (x[2]-t[2])^2 +(x[3]-t[3])^2 - t[4]^2
dim :	4
cluster :	false
noise :	true
solution :	[-27.2, 66.2, -24.6, 23.0]
description :	[[-27.2, 66.2, -24.6, 23.0], [-27.2, 66.2, -24.6, 23.0]]
