name :	sphere3D
data :	[-0.1 22.3 93.3; 17.923251922615364 26.742332618773215 92.1771666111003; 32.53313853439928 39.42719233263122 88.825039883612; 40.775537673021915 58.51256643940677 83.29250137355389; 40.554899058179984 81.19878959563728 75.66022795059432; 58.66781588345259 131.80822416654763 89.54145333823789; 20.50803391115396 146.89689859798273 76.50444405052302; 1.994772529388186 164.93607752475822 55.51327478455593; -45.04245152366957 140.803505440105 26.781970996598005; -77.56143835495702 134.52226755292034 10.867368494740361; -79.73956740379012 126.90720414519747 5.042450108515084; -132.4978475509808 91.7877508346832 -23.8453876997161; -148.5348339923271 58.8859006819351 -42.13735124068026; -154.1 22.30000000000002 -60.699999999999996; -148.53483399232712 -14.285900681935065 -79.26264875931973; -132.4978475509808 -47.18775083468316 -97.55461230028389; -107.87993493414714 -73.18469027757237 -115.30915260455046; -77.56143835495705 -89.92226755292035 -132.26736849474037; -45.042451523669634 -96.203505440105 -148.18197099659798; -13.994342110875852 -92.1302023583528 -162.8208893690824; 12.209312989270328 -79.07631310747378 -175.97065521834958; 30.921534443507 -59.497063823953496 -187.4395153476231; 65.67178671945601 -32.731706773353764 -175.61071480487178; 40.77553767302192 -13.912566439406799 -204.69250137355385; 32.53313853439928 5.17280766736879 -210.225039883612; 17.92325192261537 17.857667381226783 -213.57716661110032; -0.09999999999998115 22.3 -214.7]
npts :	27
nout :	5
model :	(x,t) -> (x[1]-t[1])^2 + (x[2]-t[2])^2 +(x[3]-t[3])^2 - t[4]^2
dim :	4
cluster :	false
noise :	true
solution :	[-0.1, 22.3, -60.7, 154.0]
description :	[[-0.1, 22.3, -60.7, 154.0], [-0.1, 22.3, -60.7, 154.0]]
