name :	sphere3D
data :	[-68.9 94.8 34.5; -58.31614780020551 96.72068599796314 34.01691527942869; -48.83945704356384 102.3288476998058 32.571550631835564; -41.49451890435702 111.17401270253932 30.175543283502392; -37.14675753347629 122.5419724900043 26.848184476768466; -36.437349616144076 135.50687603676627 22.6162641482903; -39.734372651875496 148.99881743714286 17.513855232223932; -47.103724159839174 161.88203932499368 11.582039324993701; -48.944969570642385 189.72023787827175 18.95835475177448; -52.986550736074236 185.98287185295607 7.022387406175211; -89.77686460102831 186.26752018566916 -10.681223776951967; -108.26098153535996 186.88959420304394 -19.39236222574769; -112.26589477571507 194.91257977384333 -23.81069258858831; -138.3460887118504 177.0597400105942 -29.987200256947624; -151.73934651078943 172.4132233926759 -34.846894060826436; -174.3055636789912 145.5606441489029 -58.797487925242265; -183.5286520591631 126.43549784829476 -69.39200810188133; -188.29656969855495 105.54588577009024 -80.1162203579382; -188.29656969855498 84.05411422990979 -90.88377964206178; -183.52865205916316 63.164502151705264 -101.60799189811866; -174.30556367899123 44.039355851097135 -112.20251207475772; -161.23050611525764 27.71796067500631 -122.58203932499367; -145.15415579796763 15.044405862380358 -132.6630037984708; -127.1140904456103 6.609422611905742 -142.36423949675984; -108.26098153535997 2.7104057969560813 -151.60763777425228; -89.77686460102832 3.3324798143308243 -160.31877622304802; -72.79136827326076 8.151953100571461 -168.42751787842374; -58.30192833310462 16.561893152657177 -175.8685759204333; -47.10372415983919 27.71796067500628 -182.58203932499367; -39.7343726518755 40.60118256285712 -188.51385523222393; -19.428923842362998 60.464277331291065 -171.5304571546705; -33.48295116286652 88.83120467399007 -196.48368620286357; -41.49451890435701 78.42598729746067 -201.1755432835024; -48.839457043563826 87.27115230019417 -203.57155063183558; -58.31614780020549 92.87931400203685 -205.0169152794287; -68.89999999999999 94.8 -205.5]
npts :	36
nout :	7
model :	(x,t) -> (x[1]-t[1])^2 + (x[2]-t[2])^2 +(x[3]-t[3])^2 - t[4]^2
dim :	4
cluster :	false
noise :	true
solution :	[-68.9, 94.8, -85.5, 120.0]
description :	[[-68.9, 94.8, -85.5, 120.0], [-68.9, 94.8, -85.5, 120.0]]
