name :	sphere3D
data :	[88.3 -92.7 32.1; 93.30168828112302 -90.39364849845782 34.851529260996884; 92.49204208367016 -89.18245903371273 31.135081932574536; 92.3 -85.77179676972449 29.956406460551023; 92.86808716278523 -81.77808532729865 29.869796375154834; 86.17164445504817 -80.62949589223219 26.38460175498463; 81.3717967697245 -80.7 24.1; 76.78245903371274 -83.03563562311915 21.572322293210703; 73.49333474562683 -87.31081457866456 18.87837084267089; 72.3 -92.7 16.1; 73.49333474562683 -98.08918542133544 13.321629157329117; 76.78245903371273 -102.36436437688086 10.627677706789303; 83.35753107955286 -102.30924029002632 11.289681706973713; 86.17164445504817 -104.77050410776782 5.815398245015372; 90.0859023527832 -102.82835554495183 3.843288910096355; 92.3 -99.62820323027552 2.243593539448982; 92.49204208367016 -96.21754096628727 1.0649180674254684; 90.91081457866456 -93.65025879382216 0.3430759518046731; 88.3 -92.7 0.10000000000000142]
npts :	19
nout :	3
model :	(x,t) -> (x[1]-t[1])^2 + (x[2]-t[2])^2 +(x[3]-t[3])^2 - t[4]^2
dim :	4
cluster :	false
noise :	true
solution :	[88.3, -92.7, 16.1, 16.0]
description :	[[88.3, -92.7, 16.1, 16.0], [88.3, -92.7, 16.1, 16.0]]
