name :	sphere3D
data :	[91.2 -6.2 111.6; 107.56664465768296 -2.5974290872043198 110.69138335892572; 121.44079256116244 7.79088047534433 107.97618613506341; 130.60002877162057 23.751123201082557 103.48624153333438; 133.33371904931928 43.40364878848456 97.27419004899832; 128.6309156422429 64.40219656835802 89.41286230597632; 141.1581827744442 86.41308578227712 95.67204758905659; 96.97085121125153 100.23708769463428 69.12930124808528; 72.08786465882736 110.3788682235798 56.9448741411833; 43.71431175919536 112.98009063311636 43.58399513116927; 14.348592627577759 107.1473458336966 29.203308308467477; -0.22349017557124995 101.7074548699519 21.61103692235969; -36.77183248138009 70.79809686005723 -1.9331075279707832; -53.75123894153502 42.639758887073036 -18.323790534321446; -39.00082330250639 38.82358000330487 -18.60143338829165; -62.665395070430364 -22.933870148209113 -51.79153083073971; -53.75123894153505 -55.039758887073 -68.47620946567854; -36.7718324813801 -83.1980968600572 -84.8668924720292; -13.337101156721886 -105.22280206334253 -100.7714140776867; 44.56830681616952 -92.88819054534028 -114.10364528175636; 43.71431175919533 -125.38009063311635 -130.38399513116926; 72.08786465882736 -122.7788682235798 -143.7448741411833; 96.97085121125153 -112.63708769463429 -155.92930124808527; 116.29469410828455 -96.58291963103073 -166.79442518437477; 128.63091564224294 -76.802196568358 -176.21286230597633; 148.5246648291478 -47.554203898678 -173.76851433538928; 130.6000287716206 -36.1511232010826 -190.28624153333436; 121.44079256116247 -20.19088047534435 -194.77618613506343; 116.00686165390752 13.739224168200103 -172.2848496963993; 91.20000000000002 -6.2 -198.4]
npts :	30
nout :	6
model :	(x,t) -> (x[1]-t[1])^2 + (x[2]-t[2])^2 +(x[3]-t[3])^2 - t[4]^2
dim :	4
cluster :	false
noise :	true
solution :	[91.2, -6.2, -43.4, 155.0]
description :	[[91.2, -6.2, -43.4, 155.0], [91.2, -6.2, -43.4, 155.0]]
