name :	sphere3D
data :	[-50.2 99.8 -46.5; -43.65334213692682 101.24102836511827 -46.8634466564297; -38.10368297553503 105.39635219013773 -47.94952554597463; -34.43998849135177 111.78044928043302 -49.74550338666625; -23.556580506070098 123.84396624915246 -45.74160134984427; -26.07236533607824 132.67469801745497 -44.02016626835807; -40.16212235668619 135.9531678524123 -59.14222992625009; -47.89165951549939 142.3748350778537 -63.488279500765884; -57.84485413646906 146.43154728943193 -68.36205034352668; -69.10333787052134 157.8772951446834 -70.04289556278478; -80.9405629489689 145.13893833347865 -79.45867667661301; -92.01484046268874 139.40912082533703 -85.55143436892531; -101.38873299255204 130.5992387440229 -91.91324301118831; -108.18049557661402 119.33590355482922 -98.46951621372858; -111.74615802817215 106.49354805928365 -105.1433876677041; -105.16012240528238 97.23918430442892 -106.42482491907981; -108.18049557661402 80.2640964451708 -118.53048378627142; -92.68218480514521 79.49331606462434 -115.09691535493286; -92.01484046268875 60.19087917466299 -131.44856563107467; -80.94056294896892 54.46106166652136 -137.541323323387; -69.19427529632188 52.12796374675346 -143.2935980524677; -50.795441579125495 53.579145838739585 -137.14439984877063; -47.89165951549939 57.225164922146284 -153.51172049923412; -40.16212235668618 63.6468321475877 -157.85777007374992; -35.227633743102835 71.55912137265679 -161.62514492239052; -33.346512380272294 79.95854048460615 -164.76967601959933; -34.43998849135177 87.81955071956696 -167.25449661333374; -38.10368297553502 94.20364780986226 -169.05047445402536; -43.65334213692681 98.35897163488173 -170.1365533435703; -50.199999999999996 99.8 -170.5]
npts :	30
nout :	6
model :	(x,t) -> (x[1]-t[1])^2 + (x[2]-t[2])^2 +(x[3]-t[3])^2 - t[4]^2
dim :	4
cluster :	false
noise :	true
solution :	[-50.2, 99.8, -108.5, 62.0]
description :	[[-50.2, 99.8, -108.5, 62.0], [-50.2, 99.8, -108.5, 62.0]]
