name :	sphere3D
data :	[1.5 -70.3 155.5; 15.281560981226749 -67.03371004568189 154.67507964451704; 26.642476075590046 -57.6729739248884 152.21147421073852; 33.46432088798496 -43.47875013205959 148.14249973588085; 52.31597090724809 -4.173803867980542 161.57988629194804; 28.05322527142553 -8.742704666128134 135.42951299237825; 15.117505439971861 6.928711030257645 126.95742206051531; 10.457811172295541 38.4031169201356 131.06657358302718; -26.56628601519187 23.447923961810375 106.35334818773991; -51.32754963085073 21.200000000000003 94.50000000000001; -75.3744112625625 11.182115596328998 81.82173145677714; -72.38506946275226 0.7081102941722488 77.82196338436097; -88.26031930559529 -4.855356047578564 74.6351503047397; -119.47007058829206 -56.16062659877821 40.59366912707806; -119.47007058829206 -84.43937340122176 26.406330872921956; -91.62382511301801 -94.63598709221868 26.48472711855932; -96.14740444212373 -134.52370822563415 -1.4899943907530044; -75.37441126256252 -151.78211559632896 -14.82173145677713; -51.32754963085081 -161.79999999999998 -27.49999999999997; -26.566286015191924 -164.0479239618104 -39.35334818773988; -3.6597479450771093 -158.8894509402504 -50.22147981998549; 15.117505439971831 -147.52871103025768 -59.9574220605153; 28.05322527142551 -131.8572953338719 -68.42951299237822; 34.19652294151649 -114.2190522220454 -75.52318211945628; 33.46432088798497 -97.12124986794043 -81.14249973588082; 26.64247607559006 -82.92702607511161 -85.2114742107385; 15.281560981226763 -73.56628995431811 -87.67507964451706; 1.5000000000000149 -70.3 -88.5]
npts :	28
nout :	5
model :	(x,t) -> (x[1]-t[1])^2 + (x[2]-t[2])^2 +(x[3]-t[3])^2 - t[4]^2
dim :	4
cluster :	false
noise :	true
solution :	[1.5, -70.3, 33.5, 122.0]
description :	[[1.5, -70.3, 33.5, 122.0], [1.5, -70.3, 33.5, 122.0]]
