name :	sphere3D
data :	[6.891313728009518 91.20611122891792 175.99823109257787; 15.728977687249559 90.4756625590025 173.80299548711432; 11.70492529842071 105.79742509205943 160.32142310872786; -4.5701645440171825 118.35479953602342 151.18817596331897; -28.488431528800728 115.3852456721014 139.45533563709242; -45.83660921226855 95.36438135624171 126.07342707539097; -45.836609212268556 68.03561864375831 112.12657292460904; -28.488431528800735 48.01475432789861 98.74466436290757; -4.5701645440171905 45.045200463976585 87.01182403668102; 11.704925298420704 57.602574907940564 77.87857689127212; 12.313416929064298 74.2365101281043 72.08484429288961; 0.700000000000006 81.7 70.1]
npts :	12
nout :	2
model :	(x,t) -> (x[1]-t[1])^2 + (x[2]-t[2])^2 +(x[3]-t[3])^2 - t[4]^2
dim :	4
cluster :	false
noise :	true
solution :	[0.7, 81.7, 119.1, 49.0]
description :	[[0.7, 81.7, 119.1, 49.0], [0.7, 81.7, 119.1, 49.0]]
