name :	sphere3D
data :	[-0.5 12.0 41.3; 9.129811848749384 19.604460197508807 43.11071726161874; 11.062637975091484 16.266562375319406 42.42693533033782; 9.456099948716627 20.354159794932258 39.00831958986452; 9.684162883423172 25.679704790473153 37.25804033228967; 7.770676723886639 31.17358379251747 35.048536833691585; 3.741518087860088 36.054844419260576 32.40968883852116; -2.107134605843677 39.59343553876653 29.377182239011876; -9.241957939158125 41.2001730372852 25.992026484705875; -16.954482671904326 40.5 22.300000000000004; -24.444488753912907 37.37967534967625 18.351031109487963; -30.91476531803853 32.0041058407713 14.198522843021433; -35.665829979136284 24.799315375671682 9.898630751343354; -36.22386848251687 17.463856668510683 11.590389830379905; -38.17920231438605 7.595932875029287 1.0904965014019203; -35.66582997913629 -0.7993153756716733 -3.298630751343352; -28.49828912823997 -2.5693487226748895 -1.2721479840668897; -24.44448875391291 -13.379675349676234 -11.751031109487958; -16.95448267190435 -16.499999999999993 -15.699999999999992; -9.241957939158139 -17.2001730372852 -19.392026484705866; -2.1071346058436897 -15.593435538766528 -22.77718223901187; 3.7415180878600784 -12.05484441926059 -25.809688838521158; 14.599095867675159 -6.865657691539749 -26.817069997085532; 9.68416288342317 -1.6797047904731635 -30.658040332289662; 9.456099948716629 3.645840205067733 -32.40831958986452; 7.331263039937888 8.066991878243925 -33.67570508203331; 3.7926173548083364 10.98263099783534 -34.44305759419384; -0.49999999999999534 12.0 -34.7]
npts :	28
nout :	5
model :	(x,t) -> (x[1]-t[1])^2 + (x[2]-t[2])^2 +(x[3]-t[3])^2 - t[4]^2
dim :	4
cluster :	false
noise :	true
solution :	[-0.5, 12.0, 3.3, 38.0]
description :	[[-0.5, 12.0, 3.3, 38.0], [-0.5, 12.0, 3.3, 38.0]]
