name :	sphere3D
data :	[74.4 -96.6 -35.8; 82.70942134094605 -94.55191158485131 -36.31766993903817; 89.44514828533994 -88.70369704144923 -37.863130962750304; 93.24521542067895 -79.90459599222154 -40.41384676933555; 93.14349242292714 -69.44536323837502 -43.9326221786221; 88.70213600966882 -58.888366678566896 -48.368145521550396; 80.07507287167658 -49.86156993096988 -53.65573687985182; 67.99416694888195 -43.84321839322697 -59.71829126490353; 53.67977884298352 -41.96526697241912 -66.46740298208792; 49.57750879655419 -36.77454872605467 -70.92081507920408; 24.709250777113994 -52.577837599301034 -81.62305301997998; 13.359433921301083 -64.56343955024346 -89.8085878355834; 20.061992217714632 -66.12499903930966 -94.57003502842208; 3.4000000000000057 -96.59999999999998 -106.8; 5.965758354186846 -113.46752563907395 -115.35810429812793; 13.359433921301076 -128.63656044975653 -123.7914121644166; 37.19907596255261 -130.14867300863054 -129.56445736323366; 38.68725894024708 -148.3388376380347 -139.79534521510755; 53.67977884298349 -151.2347330275809 -147.13259701791205; 67.99416694888191 -149.35678160677304 -153.88170873509642; 80.07507287167658 -143.3384300690301 -159.94426312014818; 88.70213600966882 -134.31163332143308 -165.2318544784496; 101.8321716163724 -110.3684977014819 -156.20630019323323; 93.24521542067895 -113.29540400777846 -173.18615323066444; 89.44514828533994 -104.49630295855074 -175.73686903724968; 82.70942134094605 -98.64808841514869 -177.28233006096184; 86.84197846340821 -85.31936661813191 -173.25379098307903]
npts :	27
nout :	5
model :	(x,t) -> (x[1]-t[1])^2 + (x[2]-t[2])^2 +(x[3]-t[3])^2 - t[4]^2
dim :	4
cluster :	false
noise :	true
solution :	[74.4, -96.6, -106.8, 71.0]
description :	[[74.4, -96.6, -106.8, 71.0], [74.4, -96.6, -106.8, 71.0]]
