name :	sphere3D
data :	[117.1 -38.3 -26.400000000000006; 124.31003263468381 -36.86583533975045 -26.76114549958524; 133.874549184167 -27.16520128380518 -15.876890016821786; 135.20221660406028 -26.204485566178874 -29.62947482008434; 137.3948537554824 -18.00514624451761 -32.1090350616535; 136.74204961923246 -8.903595349295205 -35.25590517387337; 135.59885701806286 14.763046937818261 -27.322925683350768; 126.3822992569266 8.365269632077549 -43.42421599779473; 117.1 14.733008588991062 -48.36699141100894; 105.78948562987227 18.561795569200015 -53.82050368772659; 93.23577661425936 19.313331753356223 -59.73223252352983; 80.35230982457819 16.696804881182295 -66.04524473805017; 68.10388881713588 10.696111182864122 -72.69874257261827; 71.0239125367822 8.210666642797555 -64.66243181691006; 49.14044152353341 -10.150229186160097 -86.76822584879038; 43.89531015983479 -23.738681840599114 -94.04871447528295; 42.099999999999994 -38.29999999999999 -101.4; 43.89531015983478 -52.86131815940087 -108.75128552471705; 49.1404415235334 -66.44977081383988 -116.03177415120962; 57.42498925390544 -78.17356739814495 -123.17135079408467; 68.10388881713587 -87.29611118286411 -130.10125742738174; 80.35230982457816 -93.2968048811823 -136.75475526194984; 98.06855882778467 -95.32976449457573 -130.80596341846274; 105.78948562987225 -95.16179556920002 -148.9794963122734; 117.09999999999998 -91.33300858899106 -154.43300858899107; 126.3822992569266 -84.96526963207754 -159.37578400220528; 133.04556427688607 -76.79599753695024 -163.7602209226909; 136.74204961923246 -67.6964046507048 -167.54409482612664; 139.95445308998012 -50.03802845831281 -160.43091744809325; 135.20221660406028 -50.39551443382112 -173.17052517991567; 130.61799666263028 -43.89933755377571 -174.95889603024227; 124.31003263468382 -39.734164660249554 -176.03885450041477; 122.32193560586327 -25.102022678618873 -161.41147087564704]
npts :	33
nout :	6
model :	(x,t) -> (x[1]-t[1])^2 + (x[2]-t[2])^2 +(x[3]-t[3])^2 - t[4]^2
dim :	4
cluster :	false
noise :	true
solution :	[117.1, -38.3, -101.4, 75.0]
description :	[[117.1, -38.3, -101.4, 75.0], [117.1, -38.3, -101.4, 75.0]]
