name :	sphere3D
data :	[-83.9 -36.5 59.8; -78.67837084267089 -34.59948241235569 59.31384809639066; -75.51591583265969 -29.464918067425465 57.87016386514907; -75.9 -22.643593539448986 55.51281292110204; -80.32819529443361 -16.243288910096354 52.3134221798073; -88.15671108990365 -12.358991784464354 48.36920350996926; -97.75640646055102 -12.5 43.800000000000004; -106.93508193257453 -17.17127124623828 38.7446445864214; -113.51333050874635 -25.72162915732911 33.356741685341774; -115.9 -36.49999999999999 27.800000000000004; -109.17258284578583 -45.16339875842582 26.980307153086276; -106.93508193257455 -55.828728753761716 16.8553554135786; -94.35130827562672 -57.18453379723939 16.73137735299225; -88.15671108990365 -60.64100821553565 7.230796490030741; -80.32819529443363 -56.75671108990365 3.286577820192708; -75.9 -50.356406460551014 0.08718707889796207; -70.48456996198843 -38.35039800126739 -0.643145489326671; -78.67837084267089 -38.40051758764431 -3.713848096390656; -83.9 -36.5 -4.199999999999999]
npts :	19
nout :	3
model :	(x,t) -> (x[1]-t[1])^2 + (x[2]-t[2])^2 +(x[3]-t[3])^2 - t[4]^2
dim :	4
cluster :	false
noise :	true
solution :	[-83.9, -36.5, 27.8, 32.0]
description :	[[-83.9, -36.5, 27.8, 32.0], [-83.9, -36.5, 27.8, 32.0]]
