name :	sphere3D
data :	[-72.9 63.2 135.1; -53.41007972719481 69.53265897464343 133.48717261796304; -40.150000000000006 86.99426779217558 128.68840363466512; -37.9427914239588 111.31446987420297 120.8218546686762; -34.54663594387299 136.76966717156893 113.89446375443819; -58.5341075526299 177.31824663455495 111.39028496683733; -105.65 163.99413584248958 81.09986805031397; -141.50738479447318 157.62996404192182 63.57275546588064; -173.69413584248954 136.4312262631181 44.58122626311812; -195.95451364331961 103.18283519307545 24.592914920270253; -203.9 63.20000000000002 4.100000000000008; -195.95451364331964 23.21716480692458 -16.392914920270236; -173.69413584248957 -10.0312262631181 -36.3812262631181; -141.50738479447324 -31.229964041921832 -55.37275546588062; -105.65000000000002 -37.59413584248955 -72.89986805031397; -72.90000000000002 -29.430988335437732 -88.53098833543773; -24.00609280871276 -7.860012566415761 -97.33914861345937; -37.94279142395881 15.085530125797014 -112.62185466867619; -36.31742733639783 53.3910227180776 -108.74070864064173; -53.4100797271948 56.867341025356566 -125.28717261796305; -72.89999999999999 63.2 -126.9]
npts :	21
nout :	4
model :	(x,t) -> (x[1]-t[1])^2 + (x[2]-t[2])^2 +(x[3]-t[3])^2 - t[4]^2
dim :	4
cluster :	false
noise :	true
solution :	[-72.9, 63.2, 4.1, 131.0]
description :	[[-72.9, 63.2, 4.1, 131.0], [-72.9, 63.2, 4.1, 131.0]]
