name :	line3d
data :	[247.0 152.0 151.0; 247.0 152.0 151.0; -115.0689655172414 -65.24137931034483 -66.24137931034483; -235.75862068965517 -137.65517241379308 -138.65517241379308; -115.0689655172414 -65.24137931034483 -66.24137931034483; -97.82758620689654 -54.89655172413793 -55.89655172413793; -28.862068965517242 -13.517241379310345 -14.517241379310345; 212.51724137931035 131.31034482758622 130.31034482758622; -80.58620689655173 -44.55172413793103 -45.55172413793103; -184.03448275862067 -106.62068965517241 -107.62068965517241; -253.0 -148.0 -149.0; 126.31034482758622 79.58620689655173 78.58620689655173; 91.82758620689654 58.89655172413793 57.89655172413793; 126.31034482758622 79.58620689655173 78.58620689655173; 40.10344827586207 27.862068965517246 26.862068965517246; 160.79310344827587 100.27586206896552 99.27586206896552; 229.75862068965517 141.65517241379308 140.65517241379308; 22.862068965517242 17.517241379310345 16.517241379310345; 109.0689655172414 69.24137931034483 68.24137931034483; -115.0689655172414 -65.24137931034483 -66.24137931034483; 57.3448275862069 38.206896551724135 37.206896551724135; 212.51724137931035 131.31034482758622 130.31034482758622; 212.51724137931035 131.31034482758622 130.31034482758622; -201.27586206896552 -116.9655172413793 -117.9655172413793; -11.620689655172413 -3.1724137931034484 -4.172413793103448; -132.31034482758622 -75.58620689655173 -76.58620689655173; -253.0 -148.0 -149.0; 229.75862068965517 141.65517241379308 140.65517241379308; -184.03448275862067 -106.62068965517241 -107.62068965517241; -166.79310344827587 -96.27586206896552 -97.27586206896552]
npts :	30
nout :	0
model :	(x,t) -> (x[1]-t[1])^2 + (x[2]-t[2])^2 +(x[3]-t[3])^2 - t[4]^2
dim :	3
cluster :	false
noise :	false
solution :	[5.0, 3.0, 3.0, 50.0]
description :	[[-3.0, 2.0, 1.0]]
