name :	sphere3D
data :	[27.00914003963216 30.249485778893934 18.052344495894435; 34.0706417945612 31.206864814910208 17.30429057497051; 40.143313713921756 35.70461795464876 16.616238678866168; 44.6643524186712 38.112289403357096 15.476587161138275; 46.47045005394695 48.033985786045456 13.6618165919215; 47.45351460097357 55.374199231803324 11.189899701155339; 45.79323323416842 64.59365644542129 5.317327754814965; 42.99898822561179 72.92272250543054 5.222630790407115; 35.05586971100059 80.31518623892319 0.38250371298252905; 25.318269861514608 86.65365066738009 -6.028830879499722; 12.300579525102739 99.24283295527742 -0.4859684808317617; -8.244539000291795 101.21822536862231 -19.657690406394757; -9.45635359404643 87.81207948544146 -21.2938361593766; -18.516273972165425 83.99329977625199 -30.260247596185472; -27.771239030888754 77.80849073568876 -32.68918095565197; -38.79800564419316 67.76267721657027 -42.57859474696584; -45.027157140527656 55.703618084678624 -45.70186971576705; -49.18751264238306 42.352055814799016 -51.93313192958807; -51.77489923236131 29.871528056370465 -60.10629061595306; -49.61939036593046 16.954669414032708 -67.06708558601346; -46.15522723162932 5.695105824133256 -72.57379916937015; -37.25938551242607 -6.713457024127308 -80.90694934104809; -29.84078077344932 -17.747648341593028 -86.03336605264893; -28.392545430092856 -2.4884697962738613 -99.40429864985367; -7.4198222171486305 -29.042224488789152 -101.46344156218868; 6.82332230478872 -28.44068249960484 -104.84167086214723; 15.817317297973766 -27.216559680320373 -109.82436389240367; 27.00231617819089 -25.08768437872175 -116.33550749964944; 35.56023091875682 -18.683358453309676 -118.70495575484198; 40.761362097919154 -13.542839846250073 -123.71764668784297; 48.35233141536399 -3.551389596335479 -127.4887364773274; 39.706723771044665 -4.263028109116079 -130.24178058872047; 55.75785414193153 28.918274945454918 -134.9052568081075; 45.40125944865175 20.668389770413334 -134.88709441320435; 31.79724657688004 30.851095504016016 -137.67226627553552; 33.511587345817745 28.627056325061545 -137.47609334344727; 27.014033857460817 31.271143759473013 -137.04608038184372]
npts :	37
nout :	7
model :	(x,t) -> (x[1]-t[1])^2 + (x[2]-t[2])^2 +(x[3]-t[3])^2 - t[4]^2
dim :	4
cluster :	false
noise :	true
solution :	[26.7, 30.2, -60.1, 78.0]
description :	[[26.7, 30.2, -60.1, 78.0], [26.7, 30.2, -60.1, 78.0]]
