name :	sphere3D
data :	[-71.29676285042119 -60.02346472985065 115.15453827627293; -49.85957379704186 -47.43940232653194 114.62581651569326; -40.445297086244466 -24.961222641328856 106.86437416047434; -45.585055642093835 -10.032209627598046 83.0346741086826; -80.1056398639454 25.9228992927045 80.32073235500305; -119.58142240347863 27.07521332137551 59.84748761497474; -160.28843915895567 5.633316269348242 38.61708091871562; -179.0133346709422 -34.18269367129611 14.162696245249752; -181.26231884708105 -80.96032096748135 -8.475149512760279; -135.35310938886687 -120.02303500980227 -45.831870685184974; -119.70982254416217 -143.22859222695277 -51.38813631026909; -75.52005330529882 -160.02473659788453 -63.577358014438744; -49.857561302909 -122.77743759141022 -86.84045666545035; -41.54417816458994 -93.69183284546783 -97.48366960550268; -54.245207191932835 -93.17555467010251 -86.40570670141642; -71.48428164901085 -57.33943853820675 -107.35271272894005]
npts :	16
nout :	4
model :	(x,t) -> (x[1]-t[1])^2 + (x[2]-t[2])^2 +(x[3]-t[3])^2 - t[4]^2
dim :	4
cluster :	false
noise :	true
solution :	[-71.6, -57.9, 4.0, 113.0]
description :	[[-71.6, -57.9, 4.0, 113.0], [-71.6, -57.9, 4.0, 113.0]]
