name :	cubic
data :	[-5.0 0.0; -4.545454545454546 1335.6566491359883; -4.090909090909091 1034.951540195342; -3.6363636363636362 1562.8805409466565; -3.1818181818181817 1142.356874530428; -2.727272727272727 400.22163786626595; -2.272727272727273 264.6254695717506; -1.8181818181818181 160.4455296769346; -1.3636363636363635 0.0; -0.9090909090909091 61.113448534936126; -0.45454545454545453 -3.0409466566491403; 0.0 -21.0; 0.45454545454545453 -27.264838467317805; 0.9090909090909091 -25.779864763335837; 1.3636363636363635 -20.48948159278737; 1.8181818181818181 -15.33809166040571; 2.272727272727273 -14.270097670924109; 2.727272727272727 -21.229902329075856; 3.1818181818181817 -40.16190833959429; 3.6363636363636362 -150.0210368144252; 4.090909090909091 -129.72013523666413; 4.545454545454546 -208.2351615326823; 5.0 -314.5]
npts :	23
nout :	6
model :	(x,t) -> x[1]t^3 + x[2]t^2 + x[3]t + x[4]
dim :	4
cluster :	false
noise :	false
solution :	[-7.0, 28.3, -25.2, -21.0]
description :	type2: cubic model
