name :	cubic
data :	[-5.0 1916.8; -4.6 1492.4671999999996; -4.2 1134.2336; -3.8 836.6463999999997; -3.4 0.0; -3.0 401.59999999999997; -2.6 253.23520000000008; -2.2 287.4112000000001; -1.8 0.0; -1.4 19.34079999999999; -1.0 -6.400000000000002; -0.6 -15.116799999999998; -0.2 0.0; 0.2 -3.2895999999999983; 0.6 6.348800000000001; 1.0 0.0; 1.4 11.622400000000006; 1.8 -15.270400000000006; 2.2 -57.497600000000034; 2.6 -126.32320000000003; 3.0 -227.2; 3.4 -365.5807999999999; 3.8 -546.9183999999999; 4.2 0.0; 4.6 -1060.2751999999996; 5.0 -1403.2]
npts :	26
nout :	7
model :	(x,t) -> x[1]t^3 + x[2]t^2 + x[3]t + x[4]
dim :	4
cluster :	false
noise :	false
solution :	[-14.2, 10.6, 23.0, -8.2]
description :	type2: cubic model
