name :	cubic
data :	[-5.0 -4101.4; -4.615384615384615 -3372.71406463359; -4.230769230769231 0.0; -3.8461538461538463 0.0; -3.4615384615384617 -858.5488848429677; -3.076923076923077 -660.5509330905782; -2.6923076923076925 -496.28761948111065; -2.3076923076923075 -362.6182976786526; -1.9230769230769231 0.0; -1.5384615384615385 -174.49904415111516; -1.1538461538461537 -227.53563950842053; -0.7692307692307693 -71.06800182066455; -0.38461538461538464 -43.258944014565316; 0.0 -54.4; 0.38461538461538464 -19.750523441055982; 0.7692307692307693 -17.769868001820665; 1.1538461538461537 -18.117387346381438; 1.5384615384615385 -17.652435138825677; 1.9230769230769231 -13.234365043240789; 2.3076923076923075 -1.722530723714197; 2.6923076923076925 20.023714155666784; 3.076923076923077 0.0; 3.4615384615384617 106.78202093764217; 3.8461538461538463 178.0753755120619; 4.230769230769231 272.16572598998624; 4.615384615384615 392.19371870732783; 5.0 541.3]
npts :	27
nout :	8
model :	(x,t) -> x[1]t^3 + x[2]t^2 + x[3]t + x[4]
dim :	4
cluster :	false
noise :	false
solution :	[9.2, -29.1, 29.2, -27.2]
description :	type2: cubic model
