name :	cubic
data :	[-5.0 -832.7; -4.473684210526316 -591.5878845312727; -3.9473684210526314 -805.3457646887301; -3.4210526315789473 -259.48174661029304; -2.8947368421052633 -155.54123050007288; -2.3684210526315788 -84.3780871847208; -1.8421052631578947 -79.0381396705059; -1.3157894736842106 -14.490931622685526; -0.7894736842105263 -2.8204257180346994; -0.2631578947368421 3.9313894153666715; 0.2631578947368421 6.340676483452398; 0.7894736842105263 16.777766438256307; 1.3157894736842106 79.50042280215776; 1.8421052631578947 81.73125820090391; 2.3684210526315788 298.38830733343053; 2.8947368421052633 497.2242892549935; 3.4210526315789473 386.45847791223207; 3.9473684210526314 569.2064003499052; 4.473684210526316 803.3291587694998; 5.0 1095.3]
npts :	20
nout :	6
model :	(x,t) -> x[1]t^3 + x[2]t^2 + x[3]t + x[4]
dim :	4
cluster :	false
noise :	false
solution :	[7.4, 5.1, 7.8, 3.8]
description :	type2: cubic model
