name :	cubic
data :	[-5.0 -2358.0; -4.761904761904762 -2070.21757909513; -4.523809523809524 -1807.130655436778; -4.285714285714286 -1567.6297376093291; -4.0476190476190474 -1350.6053341971708; -3.8095238095238093 -2309.895907569377; -3.5714285714285716 -979.5481049562683; -3.3333333333333335 0.0; -3.0952380952380953 -1370.1660727783178; -2.857142857142857 -563.798833819242; -2.619047619047619 -458.3341971709318; -2.380952380952381 -367.5796350286146; -2.142857142857143 -290.42565597667635; -1.9047619047619047 -225.7627685995033; -1.6666666666666667 -172.4814814814815; -1.4285714285714286 0.0; -1.1904761904761905 -95.62574236043623; -0.9523809523809523 -69.83230752618508; -0.7142857142857143 -50.98250728862974; -0.47619047619047616 -75.93370046431271; -0.23809523809523808 -29.675844941151063; 0.0 -50.0; 0.23809523809523808 0.0; 0.47619047619047616 -22.0558255048051; 0.7142857142857143 0.0; 0.9523809523809523 0.0; 1.1904761904761905 -17.015980995572836; 1.4285714285714286 -10.731778425655985; 1.6666666666666667 -0.29629629629629406; 1.9047619047619047 30.799913616240104; 2.142857142857143 37.46647230320697; 2.380952380952381 67.01274160457832; 2.619047619047619 105.14825612784793; 2.857142857142857 152.9825072886297; 3.0952380952380953 0.0; 3.3333333333333335 282.1851851851852; 3.5714285714285716 365.7725947521866; 3.8095238095238093 463.4967066191555; 4.0476190476190474 576.4670122017059; 4.285714285714286 705.7930029154517; 4.523809523809524 852.584170176007; 4.761904761904762 2035.90001079797; 5.0 1203.0]
npts :	43
nout :	12
model :	(x,t) -> x[1]t^3 + x[2]t^2 + x[3]t + x[4]
dim :	4
cluster :	false
noise :	false
solution :	[13.7, -22.1, 13.6, -25.0]
description :	type2: cubic model
