name :	cubic
data :	[-5.0 0.0; -4.857142857142857 -2667.827988338192; -4.714285714285714 0.0; -4.571428571428571 -1103.2655976676383; -4.428571428571429 -1997.4688046647236; -4.285714285714286 -901.0860058309036; -4.142857142857143 -810.0860058309039; -4.0 -725.5; -3.857142857142857 -647.093586005831; -3.7142857142857144 0.0; -3.5714285714285716 0.0; -3.4285714285714284 -893.2157434402332; -3.2857142857142856 -390.5758017492711; -3.142857142857143 -339.55131195335275; -3.0 -293.3; -2.857142857142857 -251.58746355685133; -2.7142857142857144 -214.1793002915452; -2.5714285714285716 0.0; -2.4285714285714284 0.0; -2.2857142857142856 -125.43702623906704; -2.142857142857143 0.0; -2.0 -83.5; -1.8571428571428572 0.0; -1.7142857142857142 -53.15481049562682; -1.5714285714285714 0.0; -1.4285714285714286 -32.5262390670554; -1.2857142857142858 -25.26967930029155; -1.1428571428571428 -19.739067055393583; -1.0 -31.4; -0.8571428571428571 -12.918075801749271; -0.7142857142857143 -22.31778425655977; -0.5714285714285714 -10.18804664723032; -0.42857142857142855 -9.771137026239067; -0.2857142857142857 -9.673760932944607; -0.14285714285714285 -9.661516034985423; 0.0 -9.5; 0.14285714285714285 -8.954810495626822; 0.2857142857142857 0.0; 0.42857142857142855 -5.775801749271137; 0.5714285714285714 -2.6731778425655977; 0.7142857142857143 1.7507288629737605; 0.8571428571428571 0.0; 1.0 15.5; 1.1428571428571428 25.294169096209906; 1.2857142857142858 37.34723032069972; 1.4285714285714286 51.89358600583091; 1.5714285714285714 69.167638483965; 1.7142857142857142 89.40379008746355; 1.8571428571428572 112.83644314868806; 2.0 139.70000000000002; 2.142857142857143 170.2288629737609; 2.2857142857142856 204.65743440233234; 2.4285714285714284 243.22011661807576; 2.5714285714285716 286.15131195335283; 2.7142857142857144 333.68542274052487; 2.857142857142857 386.0568513119534; 3.0 443.50000000000006; 3.142857142857143 506.2492711370262; 3.2857142857142856 574.5390670553934; 3.4285714285714284 0.0; 3.5714285714285716 728.6778425655979; 3.7142857142857144 814.9956268221575; 3.857142857142857 0.0; 4.0 1007.3; 4.142857142857143 2227.510787172012; 4.285714285714286 1227.392128279883; 4.428571428571429 1348.4446064139945; 4.571428571428571 1477.1472303206997; 4.714285714285714 0.0; 4.857142857142857 3516.8810495626813; 5.0 1911.5]
npts :	71
nout :	21
model :	(x,t) -> x[1]t^3 + x[2]t^2 + x[3]t + x[4]
dim :	4
cluster :	false
noise :	false
solution :	[13.4, 9.4, 2.2, -9.5]
description :	type2: cubic model
