name :	cubic
data :	[-5.0 0.0; -4.846153846153846 2559.376695493854; -4.6923076923076925 2336.0395994538007; -4.538461538461538 2126.164861174328; -4.384615384615385 3858.6572598998637; -4.230769230769231 1745.1070550751022; -4.076923076923077 1573.0762858443327; -3.923076923076923 1412.8124715521162; -3.769230769230769 2527.7835229858892; -3.6153846153846154 1125.8903049613107; -3.4615384615384617 998.3842512517068; -3.3076923076923075 880.9497496586253; -3.1538461538461537 773.162949476559; -3.0 674.6; -2.8461538461538463 584.837050523441; -2.6923076923076925 0.0; -2.5384615384615383 0.0; -2.3846153846153846 364.1096950386891; -2.230769230769231 305.3082385070551; -2.076923076923077 253.18752844788352; -1.9230769230769231 207.32371415566678; -1.7692307692307692 167.29294492489757; -1.6153846153846154 132.67137005006828; -1.4615384615384615 206.07027765134268; -1.3076923076923077 77.96040054619937; -1.1538461538461537 57.02330450614472; -1.0 39.800000000000004; -0.8461538461538461 25.866636322257627; -0.6923076923076923 14.799362767410104; -0.5384615384615384 12.348657259899863; -0.38461538461538464 -0.43231679563040437; -0.23076923076923078 0.0; -0.07692307692307693 0.0; 0.07692307692307693 0.0; 0.23076923076923078 -15.152025489303597; 0.38461538461538464 -18.024487938097405; 0.5384615384615384 -42.84333181611288; 0.6923076923076923 -25.76741010468821; 0.8461538461538461 0.0; 1.0 -39.0; 1.1538461538461537 -48.73454710969502; 1.3076923076923077 0.0; 1.4615384615384615 -76.55939918070094; 1.6153846153846154 -95.49740555302685; 1.7692307692307692 -118.35093309057805; 1.9230769230769231 0.0; 2.076923076923077 -354.999908966773; 2.230769230769231 -214.64314974965862; 2.3846153846153846 -257.3972690031861; 2.5384615384615383 -306.18616294947645; 2.6923076923076925 -361.4336822940373; 2.8461538461538463 0.0; 3.0 -985.9999999999999; 3.1538461538461537 -570.1664997724168; 3.3076923076923075 -655.4870277651341; 3.4615384615384617 -749.3854346836594; 3.6153846153846154 -852.2855712335; 3.769230769230769 -964.6112881201636; 3.923076923076923 -1086.7864360491578; 4.076923076923077 -1219.2348657259895; 4.230769230769231 -1362.3804278561672; 4.384615384615385 -3033.293946290397; 4.538461538461538 0.0; 4.6923076923076925 -1860.238416021848; 4.846153846153846 -2050.4110150204815; 5.0 -2253.4]
npts :	66
nout :	19
model :	(x,t) -> x[1]t^3 + x[2]t^2 + x[3]t + x[4]
dim :	4
cluster :	false
noise :	false
solution :	[-19.4, 11.3, -20.0, -10.9]
description :	type2: cubic model
