name :	cubic
data :	[-5.0 1691.7; -4.090909090909091 964.2822689706989; -3.1818181818181817 0.0; -2.272727272727273 186.39646882043579; -1.3636363636363635 41.26273478587528; -0.45454545454545453 -4.441998497370399; 0.45454545454545453 1.9494365138993235; 1.3636363636363635 13.104207362885049; 2.272727272727273 -18.31051840721264; 3.1818181818181817 0.0; 4.090909090909091 -398.17978963185584; 5.0 0.0]
npts :	12
nout :	3
model :	(x,t) -> x[1]t^3 + x[2]t^2 + x[3]t + x[4]
dim :	4
cluster :	false
noise :	false
solution :	[-10.5, 17.2, 9.2, -4.8]
description :	type2: cubic model
