name :	cubic
data :	[-5.0 -192.2; -4.7560975609756095 -152.26179538892353; -4.512195121951219 -117.6354695956239; -4.2682926829268295 -175.96300692096756; -4.024390243902439 -62.96037782388528; -3.7804878048780486 -42.232573526211155; -3.5365853658536586 -25.458571407843774; -3.292682926829268 -24.597704618331143; -3.048780487804878 -2.4138970705590417; -2.8048780487804876 4.535813467593336; -2.5609756097560976 8.889798464909095; -2.317073170731707 21.975154162011577; -2.073170731707317 11.16866847550094; -1.829268292682927 9.772591808012077; -1.5853658536585367 7.138866238156734; -1.3414634146341464 3.607010925552448; -1.0975609756097562 -0.48345497018324934; -0.8536585365853658 -9.586024578865654; -0.6097560975609756 -8.98214187257875; -0.36585365853658536 -12.711324560003481; -0.12195121951219512 -15.641041192089492; 0.12195121951219512 -17.43177260921925; 0.36585365853658536 -17.74399965177522; 0.6097560975609756 0.0; 0.8536585365853658 -12.574863974695667; 1.0975609756097562 0.0; 1.3414634146341464 5.16503823217888; 1.5853658536585367 14.755601340665404; 1.829268292682927 60.88860579504071; 2.073170731707317 49.98814294627181; 2.317073170731707 147.45328129307464; 2.5609756097560976 203.99863031586892; 2.8048780487804876 135.14568564008067; 3.048780487804878 173.50527125259356; 3.292682926829268 434.83518231018115; 3.5365853658536586 267.2221645071894; 3.7804878048780486 646.5170209370146; 4.024390243902439 385.8661481986623; 4.2682926829268295 455.38459685727145; 4.512195121951219 532.1533756039522; 4.7560975609756095 616.5120035983225; 5.0 708.8]
npts :	42
nout :	12
model :	(x,t) -> x[1]t^3 + x[2]t^2 + x[3]t + x[4]
dim :	4
cluster :	false
noise :	false
solution :	[3.9, 11.0, -7.4, -16.7]
description :	type2: cubic model
