name :	cubic
data :	[-5.0 782.1; -4.791666666666667 673.7893084490743; -4.583333333333333 1151.5344907407407; -4.375 487.523828125; -4.166666666666667 408.54907407407416; -3.9583333333333335 338.3330005787037; -3.75 552.73125; -3.5416666666666665 0.0; -3.3333333333333335 175.13703703703712; -3.125 134.855859375; -2.9166666666666665 100.78344907407403; -2.7083333333333335 72.4098234953704; -2.5 98.44999999999997; -2.2916666666666665 0.0; -2.0833333333333335 0.0; -1.875 5.7035156249999925; -1.6666666666666667 -1.8259259259259206; -1.4583333333333333 -6.716478587962968; -1.25 -9.478125000000004; -1.0416666666666667 -10.620847800925928; -0.8333333333333334 -10.65462962962963; -0.625 -20.178906250000004; -0.4166666666666667 -9.435300925925926; -0.20833333333333334 -9.202155671296296; 0.0 -9.9; 0.20833333333333334 -12.038816550925926; 0.4166666666666667 -16.128587962962964; 0.625 -22.679296875; 0.8333333333333334 -32.20092592592593; 1.0416666666666667 -90.40691550925926; 1.25 -62.196875; 1.4583333333333333 -83.69116030092592; 1.6666666666666667 -110.19629629629632; 1.875 0.0; 2.0833333333333335 -180.27905092592596; 2.2916666666666665 0.0; 2.5 -276.525; 2.7083333333333335 0.0; 2.9166666666666665 0.0; 3.125 -478.874609375; 3.3333333333333335 -563.8259259259261; 3.5416666666666665 -658.3779369212962; 3.75 -763.040625; 3.9583333333333335 -878.323972800926; 4.166666666666667 -2009.4759259259263; 4.375 -1142.792578125; 4.583333333333333 -1292.997800925926; 4.791666666666667 -1455.86361400463; 5.0 0.0]
npts :	49
nout :	14
model :	(x,t) -> x[1]t^3 + x[2]t^2 + x[3]t + x[4]
dim :	4
cluster :	false
noise :	false
solution :	[-9.4, -16.6, -6.4, -9.9]
description :	type2: cubic model
