name :	cubic
data :	[-5.0 1697.6; -4.615384615384615 1335.1719162494305; -4.230769230769231 0.0; -3.8461538461538463 767.0476558944015; -3.4615384615384617 553.0902139280838; -3.076923076923077 380.3617205279928; -2.6923076923076925 244.73154301319985; -2.3076923076923075 142.06904870277646; -1.9230769230769231 68.24360491579426; -1.5384615384615385 38.24915794264908; -1.1538461538461537 0.0; -0.7692307692307693 -21.51675011379153; -0.38461538461538464 -21.30031861629495; 0.0 -12.9; 0.38461538461538464 -0.44642694583523124; 0.7692307692307693 0.0; 1.1538461538461537 20.09795175238962; 1.5384615384615385 19.927492034592618; 1.9230769230769231 7.287756030951291; 2.3076923076923075 -43.903777878925766; 2.6923076923076925 0.0; 3.076923076923077 -146.75343650432413; 3.4615384615384617 0.0; 3.8461538461538463 -387.5222121074192; 4.230769230769231 0.0; 4.615384615384615 -777.3032771961763; 5.0 -1038.4]
npts :	27
nout :	8
model :	(x,t) -> x[1]t^3 + x[2]t^2 + x[3]t + x[4]
dim :	4
cluster :	false
noise :	false
solution :	[-12.1, 13.7, 28.9, -12.9]
description :	type2: cubic model
