name :	cubic
data :	[-5.0 53.4; -4.838709677419355 31.444218052431932; -4.67741935483871 0.0; -4.516129032258065 75.36300896243836; -4.354838709677419 0.0; -4.193548387096774 40.070648853680666; -4.032258064516129 40.00468933570541; -3.870967741935484 39.19572018394818; -3.7096774193548385 75.4335000503508; -3.5483870967741935 35.64078748615353; -3.3870967741935485 33.0408411936491; -3.225806451612903 29.98991977442851; -3.064516129032258 26.561031855258303; -2.903225806451613 22.827186062904925; -2.7419354838709675 18.861391024134786; -2.5806451612903225 14.73665536571448; -2.4193548387096775 0.0; -2.2580645161290325 6.302396696989039; -2.096774193548387 4.277781880433686; -1.935483870967742 -1.89152092913967; -1.7741935483870968 0.0; -1.6129032258064515 -9.261028498539833; -1.4516129032258065 -12.454106945050516; -1.2903225806451613 -15.222056997079655; -1.1290322580645162 -17.491870027860763; -0.967741935483871 -19.19053741062737; -0.8064516129032258 -20.245050518613006; -0.6451612903225806 -20.58240072505119; -0.4838709677419355 -40.25915880635091; -0.3225806451612903 -18.813577926219327; -0.16129032258064516 -16.561387667416334; 0.0 -13.3; 0.16129032258064516 -8.956406297203856; 0.3225806451612903 -3.4575979322614216; 0.4838709677419355 3.2694337215937708; 0.6451612903225806 0.0; 0.8064516129032258 20.700201403108313; 0.967741935483871 63.09990936860125; 1.1290322580645162 0.0; 1.2903225806451613 57.883243261387676; 1.4516129032258065 73.51279581081536; 1.6129032258064515 181.76326407304217; 1.7741935483870968 0.0; 1.935483870967742 131.12919002383268; 2.096774193548387 154.15392903897148; 2.2580645161290325 179.20998623745427; 2.4193548387096775 206.37037024604746; 2.5806451612903225 0.0; 2.7419354838709675 0.0; 2.903225806451613 301.20756940015445; 3.064516129032258 337.51534691685407; 3.225806451612903 376.2924943774965; 3.3870967741935485 417.6120204088483; 3.5483870967741935 923.0938672753515; 3.7096774193548385 508.1702426907455; 3.870967741935484 1115.1099123896481; 4.032258064516129 609.7740827766775; 4.193548387096774 664.9006310630728; 4.354838709677419 723.007609680776; 4.516129032258065 784.1680272565542; 4.67741935483871 848.4548924171731; 4.838709677419355 915.9412137893996; 5.0 986.7]
npts :	63
nout :	18
model :	(x,t) -> x[1]t^3 + x[2]t^2 + x[3]t + x[4]
dim :	4
cluster :	false
noise :	false
solution :	[2.9, 20.8, 23.5, -13.3]
description :	type2: cubic model
