name :	cubic
data :	[-5.0 -725.1; -4.0 -397.70000000000005; -3.0 -195.9; -2.0 -86.69999999999999; -1.0 -37.1; 0.0 0.0; 1.0 15.299999999999999; 2.0 84.1; 3.0 450.6; 4.0 943.8; 5.0 856.9]
npts :	11
nout :	3
model :	(x,t) -> x[1]t^3 + x[2]t^2 + x[3]t + x[4]
dim :	4
cluster :	false
noise :	false
solution :	[5.5, 3.2, 20.7, -14.1]
description :	type2: cubic model
