name :	cubic
data :	[-5.0 325.5; -4.803921568627451 309.9979231215747; -4.607843137254902 293.992419959141; -4.411764705882353 0.0; -4.215686274509804 260.8872643251842; -4.019607843137255 243.9956766251291; -3.823529411764706 0.0; -3.627450980392157 210.05464338753575; -3.4313725490196076 193.21326262146533; -3.235294117647059 176.59668227152457; -3.0392156862745097 160.3089347234473; -2.843137254901961 144.4540523629675; -2.6470588235294117 129.13606757581925; -2.450980392156863 114.45901274773658; -2.2549019607843137 100.52692026445334; -2.0588235294117645 87.44382251170363; -1.8627450980392157 75.31375187522147; -1.6666666666666667 64.24074074074075; -1.4705882352941178 54.32882149399554; -1.2745098039215685 45.68202652071978; -1.0784313725490196 76.80877641329504; -0.8823529411764706 0.0; -0.6862745098039216 0.0; -0.49019607843137253 25.826737076991506; -0.29411764705882354 25.06604925707307; -0.09803921568627451 0.0; 0.09803921568627451 29.316661766590528; 0.29411764705882354 69.0720537349888; 0.49019607843137253 0.0; 0.6862745098039216 51.68303669026242; 0.8823529411764706 63.81874618359454; 1.0784313725490196 156.93593715840814; 1.2745098039215685 0.0; 1.4705882352941178 0.0; 1.6666666666666667 138.53703703703707; 1.8627450980392157 164.28063489909613; 2.0588235294117645 0.0; 2.2549019607843137 224.9728875017904; 2.450980392156863 0.0; 2.6470588235294117 298.63209851414615; 2.843137254901961 340.5843943882821; 3.0392156862745097 386.09052702203525; 3.235294117647059 435.2545288011399; 3.4313725490196076 488.18043211132965; 3.627450980392157 544.972269338339; 3.823529411764706 605.7340728679015; 4.019607843137255 670.5698750857514; 4.215686274509804 739.5837083776224; 4.411764705882353 812.8796051292491; 4.607843137254902 1781.1231954527293; 4.803921568627451 0.0; 5.0 1059.5]
npts :	52
nout :	15
model :	(x,t) -> x[1]t^3 + x[2]t^2 + x[3]t + x[4]
dim :	4
cluster :	false
noise :	false
solution :	[2.3, 26.6, 15.9, 27.5]
description :	type2: cubic model
