name :	cubic
data :	[-5.0 -2103.8; -4.642857142857143 -1658.5908163265312; -4.285714285714286 -1281.851020408163; -3.9285714285714284 0.0; -3.5714285714285716 -710.8204081632655; -3.2142857142857144 -505.0500000000001; -2.857142857142857 -344.7897959183674; -2.5 0.0; -2.142857142857143 -137.8408163265306; -1.7857142857142858 -159.34489795918373; -1.4285714285714286 -88.11020408163267; -1.0714285714285714 -25.248979591836736; -0.7142857142857143 -17.514285714285716; -0.35714285714285715 -15.11122448979592; 0.0 -12.3; 0.35714285714285715 -3.3408163265306126; 0.7142857142857143 17.506122448979593; 1.0714285714285714 111.96122448979591; 1.4285714285714286 117.82244897959184; 1.7857142857142858 208.77142857142857; 2.142857142857143 669.1346938775508; 2.5 500.95; 2.857142857142857 0.0; 3.2142857142857144 1956.8693877551025; 3.5714285714285716 1301.0163265306126; 3.9285714285714284 1687.1438775510203; 4.285714285714286 2142.5571428571425; 4.642857142857143 2672.9959183673473; 5.0 3284.2]
npts :	29
nout :	8
model :	(x,t) -> x[1]t^3 + x[2]t^2 + x[3]t + x[4]
dim :	4
cluster :	false
noise :	false
solution :	[21.0, 24.1, 13.8, -12.3]
description :	type2: cubic model
