name :	cubic
data :	[-5.0 2843.1; -4.814814814814815 2518.9643499466542; -4.62962962962963 2220.3453894223444; -4.444444444444445 1946.202880658437; -4.2592592592592595 1695.4965858862981; -4.074074074074074 1467.1862673372964; -3.888888888888889 1260.2316872427982; -3.7037037037037037 1073.5926078341718; -3.5185185185185186 906.2287913427831; -3.3333333333333335 757.1000000000001; -3.1481481481481484 625.1659960371896; -2.962962962962963 509.38654168571856; -2.7777777777777777 408.7213991769547; -2.5925925925925926 322.1303307422649; -2.4074074074074074 248.5730986130163; -2.2222222222222223 187.00946502057622; -2.037037037037037 136.3991921963116; -1.8518518518518519 95.70204237158971; -1.6666666666666667 0.0; -1.4814814814814814 79.77232129248587; -1.2962962962962963 22.686953208352385; -1.1111111111111112 11.23991769547326; -0.9259259259259259 4.504816338972719; -0.7407407407407407 1.4414113702179536; -0.5555555555555556 1.0094650205761315; -0.37037037037037035 0.0; -0.18518518518518517 7.757994208199969; 0.0 0.0; 0.18518518518518517 9.583020880963268; 0.37037037037037035 1.9132906569120567; 0.5555555555555556 -4.574897119341566; 0.7407407407407407 -31.426581313824105; 0.9259259259259259 -65.08425544886451; 1.1111111111111112 0.0; 1.2962962962962963 -87.43208352385308; 1.4814814814814814 -127.57367779301933; 1.6666666666666667 0.0; 1.8518518518518519 0.0; 2.037037037037037 -311.2677793019358; 2.2222222222222223 -397.0563786008231; 2.4074074074074074 -993.7146471574455; 2.5925925925925926 -611.7108520042676; 2.7777777777777777 -742.6572016460905; 2.962962962962963 -1781.473220545648; 3.1481481481481484 0.0; 3.3333333333333335 -1242.455555555556; 3.5185185185185186 -1448.1755677488188; 3.7037037037037037 -1675.1895900015243; 3.888888888888889 0.0; 4.074074074074074 -2197.260615759794; 4.2592592592592595 -2494.3980948026224; 4.444444444444445 -2816.9905349794244; 4.62962962962963 0.0; 4.814814814814815 -3542.7012498094805; 5.0 -3947.9]
npts :	55
nout :	16
model :	(x,t) -> x[1]t^3 + x[2]t^2 + x[3]t + x[4]
dim :	4
cluster :	false
noise :	false
solution :	[-27.3, -22.3, 3.4, 5.1]
description :	type2: cubic model
