name :	cubic
data :	[-5.0 1329.8; -4.523809523809524 987.9516034985423; -4.0476190476190474 709.4980887593131; -3.5714285714285716 0.0; -3.0952380952380953 0.0; -2.619047619047619 192.3105280207321; -2.142857142857143 0.0; -1.6666666666666667 50.46666666666668; -1.1904761904761905 43.54039520570132; -0.7142857142857143 12.931195335276968; -0.23809523809523808 17.730029154518952; 0.23809523809523808 59.89413670229997; 0.7142857142857143 43.36268221574344; 1.1904761904761905 51.757240038872695; 1.6666666666666667 48.91111111111111; 2.142857142857143 28.604664723032084; 2.619047619047619 -15.381729834791027; 3.0952380952380953 -89.26770327178495; 3.5714285714285716 0.0; 4.0476190476190474 -351.6169096209912; 4.523809523809524 -552.5194039520571; 5.0 -808.2]
npts :	22
nout :	6
model :	(x,t) -> x[1]t^3 + x[2]t^2 + x[3]t + x[4]
dim :	4
cluster :	false
noise :	false
solution :	[-9.6, 9.5, 26.2, 23.3]
description :	type2: cubic model
