name :	cubic
data :	[-5.0 0.0; -4.830508474576271 -2907.644650621533; -4.661016949152542 -5198.093151685422; -4.491525423728813 -4625.369708684918; -4.322033898305085 -2047.7385647997119; -4.1525423728813555 0.0; -3.983050847457627 -1578.8085963024457; -3.8135593220338984 -1373.183074705788; -3.6440677966101696 -1185.6892997823538; -3.4745762711864407 -2031.0127004221463; -3.305084745762712 -861.8133046708767; -3.135593220338983 -723.7892418406946; -2.9661016949152543 -600.6132403994567; -2.7966101694915255 -491.4643790260933; -2.6271186440677967 -395.5217363995346; -2.457627118644068 -311.96439119871076; -2.288135593220339 -239.971422102552; -2.1186440677966103 -178.72190778998834; -1.9491525423728813 -127.39492693995003; -1.7796610169491525 0.0; -1.6101694915254237 -102.44976068634085; -1.4406779661016949 -24.739971954289377; -1.271186440677966 0.0; -1.1016949152542372 9.134221609804317; -0.9322033898305084 0.0; -0.7627118644067796 23.02039302947234; -0.5932203389830508 24.5202737378213; -0.423728813559322 23.485912873273314; -0.2542372881355932 20.738231756898223; -0.0847457627118644 17.098151709765848; 0.0847457627118644 13.386594052946016; 0.2542372881355932 0.0; 0.423728813559322 9.032731194523294; 0.5932203389830508 0.0; 0.7627118644067796 0.0; 0.9322033898305084 22.488887860978966; 1.1016949152542372 35.58781228850076; 1.271186440677966 54.361708353823886; 1.4406779661016949 79.63149737801818; 1.6101694915254237 112.21810068215349; 1.7796610169491525 305.88487917459906; 1.9491525423728813 202.6254354145263; 2.1186440677966103 262.0880094849036; 2.288135593220339 332.15108311950115; 2.457627118644068 827.2711552787774; 2.6271186440677967 507.3624143656363; 2.7966101694915255 614.1525146193137; 2.9661016949152543 734.8267997214906; 3.135593220338983 870.206190993237; 3.305084745762712 2042.2232195112451; 3.4745762711864407 0.0; 3.6440677966101696 1372.7842150365914; 3.8135593220338984 1575.1932441973136; 3.983050847457627 0.0; 4.1525423728813555 2037.261362164583; 4.322033898305085 0.0; 4.491525423728813 2581.135701800086; 4.661016949152542 2885.8025080461002; 4.830508474576271 3213.3836336723803; 5.0 3564.7]
npts :	60
nout :	18
model :	(x,t) -> x[1]t^3 + x[2]t^2 + x[3]t + x[4]
dim :	4
cluster :	false
noise :	false
solution :	[28.1, 5.9, -22.1, 15.2]
description :	type2: cubic model
