name :	cubic
data :	[-5.0 -3192.0; -4.285714285714286 -1974.2886297376092; -3.5714285714285716 -1112.3498542274056; -2.857142857142857 -545.8338192419826; -2.142857142857143 -428.78134110787164; -1.4285714285714286 -57.67055393586008; -0.7142857142857143 -15.323615160349854; 0.0 -27.0; 0.7142857142857143 -64.69970845481049; 1.4285714285714286 28.976676384839656; 2.142857142857143 217.32944606413992; 2.857142857142857 1186.1166180758019; 3.5714285714285716 1216.513119533528; 4.285714285714286 0.0; 5.0 3448.0]
npts :	15
nout :	4
model :	(x,t) -> x[1]t^3 + x[2]t^2 + x[3]t + x[4]
dim :	4
cluster :	false
noise :	false
solution :	[27.6, 6.2, -26.0, -27.0]
description :	type2: cubic model
