name :	cubic
data :	[-5.0 0.0; -4.767441860465116 577.0895669563685; -4.534883720930233 512.7945237526257; -4.3023255813953485 907.0222294892272; -4.069767441860465 0.0; -3.8372093023255816 349.16417673915515; -3.604651162790698 303.6931364533941; -3.372093023255814 262.4187077867358; -3.13953488372093 225.13713509502304; -2.9069767441860463 191.64466273409886; -2.6744186046511627 161.73753505980602; -2.441860465116279 0.0; -2.2093023255813953 111.86429119448601; -1.9767441860465116 91.49066371514456; -1.744186046511628 73.88735834580602; -1.5116279069767442 58.85061944231325; -1.2790697674418605 92.35338272101828; -1.0465116279069768 35.66181845623657; -0.813953488372093 27.102245085338396; -0.5813953488372093 20.29421560365754; -0.3488372093023256 15.033974367036866; -0.11627906976744186 11.117765731319254; 0.11627906976744186 8.341834052347592; 0.3488372093023256 13.004847371929515; 0.5813953488372093 0.0; 0.813953488372093 9.636288628674203; 1.0465116279069768 4.565764020778044; 1.2790697674418605 0.0; 1.5116279069767442 4.221743997383879; 1.744186046511628 7.445185958469057; 1.9767441860465116 2.7336737645741866; 2.2093023255813953 1.0512307092457238; 2.441860465116279 -1.528491830907976; 2.6744186046511627 0.0; 2.9069767441860463 -10.194797942319555; 3.13953488372093 -33.37778560378331; 3.372093023255814 -24.89528972291751; 3.604651162790698 -35.017744349554135; 3.8372093023255816 -47.26001232595875; 4.069767441860465 -61.825849296288375; 4.3023255813953485 -78.91901090470019; 4.534883720930233 -197.4865055907028; 4.767441860465116 -121.50233061239891; 5.0 -147.4]
npts :	44
nout :	13
model :	(x,t) -> x[1]t^3 + x[2]t^2 + x[3]t + x[4]
dim :	4
cluster :	false
noise :	false
solution :	[-2.7, 9.6, -11.9, 9.6]
description :	type2: cubic model
