name :	cubic
data :	[-5.0 -2358.9; -4.67741935483871 0.0; -4.354838709677419 -1603.8232318485445; -4.032258064516129 -1295.383233191232; -3.7096774193548385 -1028.9539088986608; -3.3870967741935485 -801.4940720351785; -3.064516129032258 -609.9625356651337; -2.7419354838709675 -451.3181128528749; -2.4193548387096775 -322.5196166627505; -2.096774193548387 -220.52586015910845; -1.7741935483870968 -142.2956564062972; -1.4516129032258065 -84.78781846866505; -1.1290322580645162 -44.96115941056024; -0.8064516129032258 -19.7744922963311; -0.4838709677419355 -6.186630190325938; -0.16129032258064516 -2.3127723137860428; 0.16129032258064516 0.0; 0.4838709677419355 0.0; 0.8064516129032258 -6.999493135510725; 1.1290322580645162 -5.787852035849752; 1.4516129032258065 2.072105669497502; 1.7741935483870968 19.621566916182747; 2.096774193548387 99.80343727971534; 2.4193548387096775 95.95374777617404; 2.7419354838709675 321.6376825215668; 3.064516129032258 0.0; 3.3870967741935485 359.1529690174886; 3.7096774193548385 498.7043771608875; 4.032258064516129 669.2335973951864; 4.354838709677419 0.0; 4.67741935483871 0.0; 5.0 1397.1]
npts :	32
nout :	9
model :	(x,t) -> x[1]t^3 + x[2]t^2 + x[3]t + x[4]
dim :	4
cluster :	false
noise :	false
solution :	[15.1, -19.2, -1.9, -0.9]
description :	type2: cubic model
