name :	cubic
data :	[-5.0 2050.3; -4.75 1765.6312500000001; -4.5 1508.45; -4.25 1277.36875; -4.0 1071.0; -3.75 887.95625; -3.5 1453.7; -3.25 586.29375; -3.0 464.90000000000003; -2.75 361.28125; -2.5 274.05; -2.25 201.81875000000002; -2.0 143.20000000000002; -1.75 96.80625; -1.5 122.5; -1.25 70.2875; -1.0 34.2; -0.75 5.73125; -0.5 -0.7000000000000011; -0.25 0.0; 0.0 -2.2; 0.25 -0.7437500000000001; 0.5 0.8999999999999995; 0.75 -0.006250000000000533; 1.0 -3.500000000000001; 1.25 0.0; 1.5 -25.150000000000002; 1.75 -46.08125000000001; 2.0 -75.60000000000001; 2.25 0.0; 2.5 -331.9; 2.75 -229.55624999999998; 3.0 -307.3; 3.25 -400.56875; 3.5 0.0; 3.75 -639.23125; 4.0 -787.4000000000001; 4.25 -956.6437500000002; 4.5 -1148.3500000000001; 4.75 -1363.9062500000002; 5.0 -3209.4]
npts :	41
nout :	12
model :	(x,t) -> x[1]t^3 + x[2]t^2 + x[3]t + x[4]
dim :	4
cluster :	false
noise :	false
solution :	[-14.8, 9.0, 4.5, -2.2]
description :	type2: cubic model
