name :	cubic
data :	[-5.0 2203.8; -4.375 718.8843750000001; -3.75 861.7375; -3.125 224.9625; -2.5 88.275; -1.875 7.915624999999999; -1.25 0.0; -0.625 -35.38125; 0.0 -24.1; 0.625 -8.053125000000001; 1.25 -0.13125000000000142; 1.875 -13.225000000000009; 2.5 -60.225; 3.125 -308.04375; 3.75 0.0; 4.375 -533.5687500000001; 5.0 -845.1]
npts :	17
nout :	5
model :	(x,t) -> x[1]t^3 + x[2]t^2 + x[3]t + x[4]
dim :	4
cluster :	false
noise :	false
solution :	[-8.8, 6.1, 25.3, -24.1]
description :	type2: cubic model
