name :	cubic
data :	[-5.0 3792.0; -4.8 6742.2832; -4.6 2982.7727999999993; -4.4 5251.166400000001; -4.2 2298.2624000000005; -4.0 1999.5; -3.8 3455.9711999999995; -3.6 1482.4088000000002; -3.4 1261.4592; -3.2 2127.6528000000008; -3.0 888.2; -2.8 733.2695999999997; -2.6 597.7248000000001; -2.4 0.0; -2.2 379.5504000000001; -2.0 588.5999999999999; -1.8 446.3872; -1.6 164.92080000000004; -1.4 0.0; -1.2 81.63439999999999; -1.0 54.0; -0.8 67.91520000000001; -0.6 20.196799999999996; -0.4 11.407200000000001; -0.2 6.2784; 0.0 7.0; 0.2 1.7616; 0.4 -0.2472000000000003; 0.6 -3.8367999999999993; 0.8 -10.317600000000002; 1.0 -21.0; 1.2 -37.1944; 1.4 -60.21119999999998; 1.6 -91.36080000000001; 1.8 0.0; 2.0 -183.3; 2.2 -246.71040000000005; 2.4 0.0; 2.6 0.0; 2.8 0.0; 3.0 -647.2; 3.2 -790.5864000000003; 3.4 -953.8992; 3.6 -1138.4488000000001; 3.8 -1345.5455999999997; 4.0 -1576.5; 4.2 -3665.2448000000004; 4.4 -2115.223200000001; 4.6 -2425.6127999999994; 4.8 -2765.1016; 5.0 -3135.0]
npts :	51
nout :	15
model :	(x,t) -> x[1]t^3 + x[2]t^2 + x[3]t + x[4]
dim :	4
cluster :	false
noise :	false
solution :	[-27.3, 13.0, -10.2, 3.5]
description :	type2: cubic model
