name :	cubic
data :	[-5.0 0.0; -4.821428571428571 2116.764841472303; -4.642857142857143 1907.0891399416917; -4.464285714285714 1711.8604136297379; -4.285714285714286 1530.5661807580173; -4.107142857142857 0.0; -3.9285714285714284 0.0; -3.75 1065.165625; -3.5714285714285716 934.4845481049564; -3.392857142857143 815.1755557580174; -3.2142857142857144 706.7261661807581; -3.0357142857142856 608.6238975947521; -2.857142857142857 520.3562682215744; -2.6785714285714284 441.4107962827988; -2.5 371.275; -2.3214285714285716 0.0; -2.142857142857143 255.3825072886297; -1.9642857142857142 208.600847303207; -1.7857142857142858 168.57893586005832; -1.6071428571428572 0.0; -1.4285714285714286 106.76443148688045; -1.25 83.946875; -1.0714285714285714 0.0; -0.8928571428571429 51.928744533527706; -0.7142857142857143 41.70320699708455; -0.5357142857142857 0.0; -0.35714285714285715 30.256778425655977; -0.17857142857142858 28.01092383381924; 0.0 54.8; 0.17857142857142858 27.911525145772593; 0.35714285714285715 29.03301749271137; 0.5357142857142857 0.0; 0.7142857142857143 31.055976676384837; 0.8928571428571429 30.93247995626822; 1.0714285714285714 29.369023323615163; 1.25 25.853125000000002; 1.4285714285714286 19.87230320699708; 1.6071428571428572 0.0; 1.7857142857142858 0.0; 1.9642857142857142 -17.984520772594735; 2.142857142857143 0.0; 2.3214285714285716 -129.8850400874636; 2.5 -192.95; 2.6785714285714284 -134.05977587463556; 2.857142857142857 -178.20932944606415; 3.0357142857142856 -229.4361424927114; 3.2142857142857144 -288.25269679300294; 3.392857142857143 0.0; 3.5714285714285716 -430.7049562682217; 3.75 -515.365625; 3.9285714285714284 -609.6659620991252; 4.107142857142857 -714.1184493440232; 4.285714285714286 -829.2355685131193; 4.464285714285714 0.0; 4.642857142857143 0.0; 4.821428571428571 -1243.6995353498537; 5.0 -1406.6]
npts :	57
nout :	17
model :	(x,t) -> x[1]t^3 + x[2]t^2 + x[3]t + x[4]
dim :	4
cluster :	false
noise :	false
solution :	[-15.0, 17.6, 0.2, 27.4]
description :	type2: cubic model
