name :	cubic
data :	[-5.0 -3579.1; -4.846153846153846 0.0; -4.6923076923076925 -2978.2302685480204; -4.538461538461538 0.0; -4.384615384615385 -2448.93741465635; -4.230769230769231 -4419.402548930359; -4.076923076923077 -1986.6421028675463; -3.923076923076923 -1779.1874829312694; -3.769230769230769 -1586.764997724169; -3.6153846153846154 -1408.8022303140647; -3.4615384615384617 -1244.7267637687753; -3.3076923076923075 0.0; -3.1538461538461537 -955.9480655439235; -3.0 -830.0999999999999; -2.8461538461538463 -715.8495675921712; -2.6923076923076925 0.0; -2.5384615384615383 0.0; -2.3846153846153846 -436.9598998634502; -2.230769230769231 -363.37583067819764; -2.076923076923077 -298.52730996813847; -1.9230769230769231 -483.68384160218477; -1.7692307692307692 -192.74724624487936; -1.6153846153846154 -150.67086936731906; -1.4615384615384615 -115.04037323623119; -1.3076923076923077 -85.28334091943559; -1.1538461538461537 -60.827355484751926; -1.0 -41.1; -0.8461538461538461 -25.528857532999545; -0.6923076923076923 -13.541511151570324; -0.5384615384615384 -4.565543923532088; -0.38461538461538464 0.0; -0.23076923076923078 13.283841602184797; -0.07692307692307693 0.0; 0.07692307692307693 12.672872098315885; 0.23076923076923078 0.0; 0.38461538461538464 18.10664542558034; 0.5384615384615384 44.06126536185708; 0.6923076923076923 27.522576240327723; 0.8461538461538461 35.154893035958125; 1.0 0.0; 1.1538461538461537 118.26062812926718; 1.3076923076923077 76.61825216203916; 1.4615384615384615 98.5362312243969; 1.6153846153846154 125.45666818388713; 1.7692307692307692 157.95197997269003; 1.9230769230769231 196.5945835229859; 2.076923076923077 241.95689576695503; 2.230769230769231 294.61133363677743; 2.3846153846153846 355.1303140646335; 2.5384615384615383 424.0862539827035; 2.6923076923076925 502.051570323168; 2.8461538461538463 589.5986800182067; 3.0 0.0; 3.1538461538461537 795.7279472007282; 3.3076923076923075 915.4549385525715; 3.4615384615384617 1047.0533909877106; 3.6153846153846154 0.0; 3.769230769230769 2696.3086936731906; 3.923076923076923 1518.8016841147016; 4.076923076923077 1703.6101502048245; 4.230769230769231 3806.3043240782886; 4.384615384615385 4236.000273099683; 4.538461538461538 2348.7264906690934; 4.6923076923076925 2595.9036413290855; 4.846153846153846 2860.104005461993; 5.0 3141.9]
npts :	66
nout :	19
model :	(x,t) -> x[1]t^3 + x[2]t^2 + x[3]t + x[4]
dim :	4
cluster :	false
noise :	false
solution :	[26.2, -9.2, 17.1, 11.4]
description :	type2: cubic model
