name :	cubic
data :	[-5.0 2852.6; -4.375 1947.328515625; -3.75 1254.459375; -3.125 746.160546875; -2.5 0.0; -1.875 343.89140625; -1.25 50.365625; -0.625 2.027734375; 0.0 -0.9; 0.625 27.50078125; 1.25 18.146875; 1.875 0.0; 2.5 -230.3; 3.125 -308.507421875; 3.75 -623.446875; 4.375 -1087.800390625; 5.0 -1729.4]
npts :	17
nout :	5
model :	(x,t) -> x[1]t^3 + x[2]t^2 + x[3]t + x[4]
dim :	4
cluster :	false
noise :	false
solution :	[-19.0, 22.5, 16.8, -0.9]
description :	type2: cubic model
