name :	cubic
data :	[-5.0 -492.7; -4.705882352941177 -427.99320170974966; -4.411764705882353 0.0; -4.117647058823529 -311.14931813555864; -3.823529411764706 -518.085528190515; -3.5294117647058822 -211.1668227152453; -3.235294117647059 0.0; -2.9411764705882355 -128.16784042336664; -2.6470588235294117 -93.07533075513942; -2.3529411764705883 -62.27449623447997; -2.0588235294117645 -71.56120496641563; -1.7647058823529411 -13.608915123142683; -1.4705882352941178 4.225300223895772; -1.1764705882352942 17.706777936087924; -0.8823529411764706 26.820252391614083; -0.5882352941176471 31.55045796865459; -0.29411764705882354 31.88212904538978; 0.0 55.6; 0.29411764705882354 19.288805210665583; 0.5882352941176471 6.333279055566866; 0.8823529411764706 -22.163688174231616; 1.1764705882352942 -32.971829839202115; 1.4705882352941178 -59.35194382251173; 1.7647058823529411 -90.23745165886423; 2.0588235294117645 -125.64361897007934; 2.3529411764705883 0.0; 2.6470588235294117 -210.0789945043761; 2.9411764705882355 -259.13873397109717; 3.235294117647059 -625.5603907999187; 3.5294117647058822 -371.01864441278235; 3.823529411764706 -433.8693466313861; 4.117647058823529 -501.34756767759; 4.411764705882353 0.0; 4.705882352941177 0.0; 5.0 -731.7]
npts :	35
nout :	10
model :	(x,t) -> x[1]t^3 + x[2]t^2 + x[3]t + x[4]
dim :	4
cluster :	false
noise :	false
solution :	[-0.1, -25.6, -21.4, 27.8]
description :	type2: cubic model
