name :	cubic
data :	[-5.0 -1598.0; -4.166666666666667 -871.1643518518521; -3.3333333333333335 -402.59259259259267; -2.5 -271.375; -1.6666666666666667 -13.851851851851862; -0.8333333333333334 19.511574074074073; 0.0 21.0; 0.8333333333333334 94.4212962962963; 1.6666666666666667 154.74074074074076; 2.5 400.1875; 3.3333333333333335 840.1481481481483; 4.166666666666667 3062.4398148148152; 5.0 2530.0]
npts :	13
nout :	3
model :	(x,t) -> x[1]t^3 + x[2]t^2 + x[3]t + x[4]
dim :	4
cluster :	false
noise :	false
solution :	[16.3, 17.8, 5.3, 21.0]
description :	type2: cubic model
