name :	cubic
data :	[-5.0 0.0; -4.791666666666667 0.0; -4.583333333333333 1706.8975115740739; -4.375 1487.9103515625; -4.166666666666667 1288.3578703703706; -3.9583333333333335 1107.334035011574; -3.75 943.9328125; -3.5416666666666665 797.2481698495369; -3.3333333333333335 0.0; -3.125 550.4044921875; -2.9166666666666665 448.43339120370365; -2.7083333333333335 719.1094762731484; -2.5 282.8625; -2.2916666666666665 217.45064380787036; -2.0833333333333335 162.41313657407414; -1.875 116.8439453125; -1.6666666666666667 79.83703703703705; -1.4583333333333333 50.48637876157406; -1.25 27.8859375; -1.0416666666666667 22.25936053240742; -0.8333333333333334 -0.6884259259259231; -0.625 -8.4744140625; -0.4166666666666667 -26.268634259259258; -0.20833333333333334 -31.14833622685185; 0.0 -16.7; 0.20833333333333334 -17.41784577546296; 0.4166666666666667 -18.633738425925927; 0.625 -21.2537109375; 0.8333333333333334 -26.183796296296297; 1.0416666666666667 -34.33002748842593; 1.25 -46.5984375; 1.4583333333333333 0.0; 1.6666666666666667 -174.25185185185188; 1.875 -117.1970703125; 2.0833333333333335 -310.02905092592596; 2.2916666666666665 -201.48432436342588; 2.5 -257.5125; 2.7083333333333335 -324.00508535879635; 2.9166666666666665 -401.8681134259258; 3.125 -984.015234375; 3.3333333333333335 -595.3296296296297; 3.5416666666666665 -712.7401837384259; 3.75 -845.1453125; 3.9583333333333335 0.0; 4.166666666666667 -1158.5634259259264; 4.375 -1341.3884765625; 4.583333333333333 0.0; 4.791666666666667 -1763.8007306134264; 5.0 0.0]
npts :	49
nout :	14
model :	(x,t) -> x[1]t^3 + x[2]t^2 + x[3]t + x[4]
dim :	4
cluster :	false
noise :	false
solution :	[-16.7, 4.7, -3.7, -16.7]
description :	type2: cubic model
