name :	cubic
data :	[-5.0 7144.6; -4.811320754716981 3173.8069621230943; -4.622641509433962 5611.086616468629; -4.433962264150943 0.0; -4.245283018867925 2154.996910872734; -4.056603773584905 1870.360546625738; -3.8679245283018866 0.0; -3.6792452830188678 1376.4774350638443; -3.490566037735849 1164.8770669747505; -3.30188679245283 0.0; -3.1132075471698113 806.4746542447791; -2.9245283018867925 657.3189888297048; -2.7358490566037736 526.6246035317745; -2.547169811320755 413.2146879638896; -2.358490566037736 315.91243173895236; -2.169811320754717 233.5410244698645; -1.9811320754716981 164.92365576952787; -1.7924528301886793 217.76703050168933; -1.6037735849056605 64.24379252671669; -1.4150943396226414 59.65535442009169; -1.2264150943396226 4.458358913734148; -1.0377358490566038 0.0; -0.8490566037735849 -23.847128166204314; -0.660377358490566 -58.273835448054434; -0.4716981132075472 -30.087151809883327; -0.2830188679245283 -27.874640810870716; -0.09433962264150944 -23.676195114087466; 0.09433962264150944 -18.668625106631648; 0.2830188679245283 -14.028741175601334; 0.4716981132075472 -10.9333537080946; 0.660377358490566 -10.55927309120952; 0.8490566037735849 -14.08330971204417; 1.0377358490566038 -22.68227395769662; 1.2264150943396226 -37.53297621526495; 1.4150943396226414 -119.6244537436944; 1.6037735849056605 -181.3936726290831; 1.7924528301886793 -262.7272298608919; 1.9811320754716981 -182.98937310665852; 2.169811320754717 0.0; 2.358490566037736 -323.8250696884005; 2.547169811320755 0.0; 2.7358490566037736 0.0; 2.9245283018867925 -646.6912209407766; 3.1132075471698113 -788.7838746078977; 3.30188679245283 -1900.1463610900273; 3.490566037735849 -1131.7359491392222; 3.6792452830188678 -1334.9489907776217; 3.8679245283018866 -1560.88911584731; 4.056603773584905 -1810.7331347353854; 4.245283018867925 -2085.657857828946; 4.433962264150943 -2386.840095515089; 4.622641509433962 -2715.456658180914; 4.811320754716981 -3072.6843562135173; 5.0 -3459.7]
npts :	54
nout :	16
model :	(x,t) -> x[1]t^3 + x[2]t^2 + x[3]t + x[4]
dim :	4
cluster :	false
noise :	false
solution :	[-29.2, 3.1, 26.8, -21.2]
description :	type2: cubic model
