name :	cubic
data :	[-5.0 2035.0; -4.767441860465116 1799.7505754210317; -4.534883720930233 3166.8550693649618; -4.3023255813953485 1385.2384947237347; -4.069767441860465 1204.3910724841837; -3.8372093023255816 1040.0928849032161; -3.604651162790698 0.0; -3.372093023255814 0.0; -3.13953488372093 638.5698995057038; -2.9069767441860463 1065.0896399059202; -2.6744186046511627 439.1070597557447; -2.441860465116279 357.46423585344684; -2.2093023255813953 573.6479303709107; -1.9767441860465116 0.0; -1.744186046511628 175.38155130994755; -1.5116279069767442 132.9946419812092; -1.2790697674418605 98.44075364433321; -1.0465116279069768 70.92750323870855; -0.813953488372093 0.0; -0.5813953488372093 33.853383978769166; -0.3488372093023256 22.70774900323242; -0.11627906976744186 15.433219716502949; 0.11627906976744186 11.23741305796974; 0.3488372093023256 9.327945967021773; 0.5813953488372093 8.912435383048035; 0.813953488372093 0.0; 1.0465116279069768 9.393751493579183; 1.2790697674418605 17.411624133724082; 1.5116279069767442 6.342296904675063; 1.744186046511628 1.5108229464072487; 1.9767441860465116 0.0; 2.2093023255813953 -18.725533600815005; 2.441860465116279 -35.71518231099144; 2.6744186046511627 -58.342322059692805; 2.9069767441860463 0.0; 3.13953488372093 -123.67860691511436; 3.372093023255814 -335.9450362861133; 3.604651162790698 -221.07345265196773; 3.8372093023255816 0.0; 4.069767441860465 -356.86592375514095; 4.3023255813953485 -441.142226470625; 4.534883720930233 -537.3950847095224; 4.767441860465116 -646.4168815324435; 5.0 -769.0]
npts :	44
nout :	13
model :	(x,t) -> x[1]t^3 + x[2]t^2 + x[3]t + x[4]
dim :	4
cluster :	false
noise :	false
solution :	[-10.5, 24.8, -17.9, 13.0]
description :	type2: cubic model
