name :	cubic
data :	[-5.0 -791.2; -4.814814814814815 -352.02056597063455; -4.62962962962963 -311.98784738098874; -4.444444444444445 -550.6759945130316; -4.2592592592592595 -241.90716862266933; -4.074074074074074 -211.53151450490273; -3.888888888888889 -368.0943758573388; -3.7037037037037037 -159.29034191942281; -3.5185185185185186 0.0; -3.3333333333333335 -117.30370370370372; -3.1481481481481484 -99.74621754813798; -2.962962962962963 0.0; -2.7777777777777777 -70.68367626886143; -2.5925925925925926 -58.850927196057505; -2.4074074074074074 -48.59872986841436; -2.2222222222222223 -79.52647462277092; -2.037037037037037 0.0; -1.8518518518518519 -51.37395722196818; -1.6666666666666667 -20.11851851851852; -1.4814814814814814 -15.311375298480916; -1.2962962962962963 -11.101701976324746; -1.1111111111111112 -7.325651577503427; -0.9259259259259259 -3.8193771274704016; -0.7407407407407407 -0.41903165167911105; -0.5555555555555556 3.0392318244170102; -0.37037037037037035 0.0; -0.18518518518518517 10.784900675710006; 0.0 0.0; 0.18518518518518517 20.728405222781078; 0.37037037037037035 26.933963318599808; 0.5555555555555556 34.18052126200274; 0.7407407407407407 42.63192602753645; 0.9259259259259259 52.452024589747495; 1.1111111111111112 63.80466392318244; 1.2962962962962963 76.85369100238785; 1.4814814814814814 91.76295280191027; 1.6666666666666667 108.69629629629631; 1.8518518518518519 127.81756846009247; 2.037037037037037 149.2906162678454; 2.2222222222222223 173.27928669410153; 2.4074074074074074 0.0; 2.5925925925925926 229.4588833003099; 2.7777777777777777 261.97750342935524; 2.962962962962963 297.6671340750901; 3.1481481481481484 336.6916222120612; 3.3333333333333335 379.2148148148149; 3.5185185185185186 425.4005588578977; 3.7037037037037037 475.41270131585634; 3.888888888888889 1058.8301783264747; 4.074074074074074 587.5715693745874; 4.2592592592592595 0.0; 4.444444444444445 0.0; 4.62962962962963 1577.208067875832; 4.814814814814815 865.015353350607; 5.0 1892.8]
npts :	55
nout :	16
model :	(x,t) -> x[1]t^3 + x[2]t^2 + x[3]t + x[4]
dim :	4
cluster :	false
noise :	false
solution :	[4.3, 10.4, 26.7, 15.4]
description :	type2: cubic model
