name :	cubic
data :	[-5.0 2342.9; -4.285714285714286 1566.325655976676; -3.5714285714285716 984.7950437317786; -2.857142857142857 1139.7650145772595; -2.142857142857143 293.16239067055386; -1.4285714285714286 252.4180758017493; -0.7142857142857143 40.596793002915454; 0.0 7.9; 0.7142857142857143 -0.3069970845481045; 1.4285714285714286 -12.449854227405245; 2.142857142857143 -56.9542274052478; 2.857142857142857 0.0; 3.5714285714285716 -356.75014577259486; 4.285714285714286 -668.8930029154518; 5.0 -2254.2]
npts :	15
nout :	4
model :	(x,t) -> x[1]t^3 + x[2]t^2 + x[3]t + x[4]
dim :	4
cluster :	false
noise :	false
solution :	[-13.0, 24.0, -22.0, 7.9]
description :	type2: cubic model
