name :	cubic
data :	[-5.0 -2479.6; -4.62962962962963 -3998.4433064065447; -4.2592592592592595 -1586.046476654982; -3.888888888888889 -2470.028532235939; -3.5185185185185186 -941.064817355078; -3.1481481481481484 -699.1379261291472; -2.7777777777777777 0.0; -2.4074074074074074 -351.11099933953165; -2.037037037037037 -234.8905553015293; -1.6666666666666667 -150.45185185185187; -1.2962962962962963 -92.73468475334045; -0.9259259259259259 -113.35769953767212; -0.5555555555555556 -37.2241426611797; -0.18518518518518517 -29.310359193212417; 0.18518518518518517 -27.877295127775238; 0.5555555555555556 -27.864746227709194; 0.9259259259259259 -48.425016511710616; 1.2962962962962963 -11.86037697505461; 1.6666666666666667 0.0; 2.037037037037037 59.184382462023116; 2.4074074074074074 127.99741909261803; 2.7777777777777777 225.7511659807956; 3.1481481481481484 0.0; 3.5185185185185186 528.3216074785348; 3.888888888888889 0.0; 4.2592592592592595 1007.3773408525127; 4.62962962962963 1325.7377025859885; 5.0 1703.4]
npts :	28
nout :	8
model :	(x,t) -> x[1]t^3 + x[2]t^2 + x[3]t + x[4]
dim :	4
cluster :	false
noise :	false
solution :	[16.6, -14.4, 3.3, -28.1]
description :	type2: cubic model
