name :	cubic
data :	[-5.0 4259.8; -4.818181818181818 3841.448985725019; -4.636363636363637 1725.4380916604061; -4.454545454545454 1543.582794891059; -4.2727272727272725 1374.7006010518407; -4.090909090909091 2436.667017280241; -3.909090909090909 1074.0235161532682; -3.727272727272727 941.312622088655; -3.5454545454545454 819.7428249436515; -3.3636363636363638 0.0; -3.1818181818181817 608.1945154019534; -3.0 517.3; -2.8181818181818183 435.7145755071375; -2.6363636363636362 0.0; -2.4545454545454546 298.6389932381668; -2.272727272727273 484.4656649135989; -2.090909090909091 193.30375657400444; -1.9090909090909092 0.0; -1.7272727272727273 0.0; -1.5454545454545454 86.79902329075881; -1.3636363636363635 63.19827197595791; -1.1818181818181819 44.78459804658153; -1.0 31.1; -0.8181818181818182 21.686476333583773; -0.6363636363636364 0.0; -0.45454545454545453 13.840646130728773; -0.2727272727272727 14.492336589030803; -0.09090909090909091 17.583095416979713; 0.09090909090909091 22.654921111945903; 0.2727272727272727 29.249812171299773; 0.45454545454545453 36.90976709241172; 0.6363636363636364 45.176784372652136; 0.8181818181818182 53.59286250939143; 1.0 123.39999999999999; 1.1818181818181819 69.04019534184823; 1.3636363636363635 75.15544703230654; 1.5454545454545454 79.58775356874531; 1.7272727272727273 0.0; 1.9090909090909092 81.57152516904583; 2.090909090909091 78.2069872276484; 2.272727272727273 71.327498121713; 2.4545454545454546 0.0; 2.6363636363636362 90.38332081142003; 2.8181818181818183 25.01930879038317; 3.0 -0.4999999999999787; 3.1818181818181817 0.0; 3.3636363636363638 -69.41149511645378; 3.5454545454545454 -113.71968444778364; 3.727272727272727 0.0; 3.909090909090909 -224.33095416979714; 4.090909090909091 -583.1000751314803; 4.2727272727272725 -367.32208865514644; 4.454545454545454 -452.1051089406459; 4.636363636363637 -546.3570999248685; 4.818181818181818 -650.5360631104434; 5.0 -765.1]
npts :	56
nout :	16
model :	(x,t) -> x[1]t^3 + x[2]t^2 + x[3]t + x[4]
dim :	4
cluster :	false
noise :	false
solution :	[-12.7, 26.5, 28.0, 19.9]
description :	type2: cubic model
