name :	cubic
data :	[-5.0 -5.399999999999999; -4.523809523809524 4.540675952920864; -4.0476190476190474 7.141842133678871; -3.5714285714285716 9.862390670553943; -3.0952380952380953 11.079861785984235; -2.619047619047619 11.442133678868373; -2.142857142857143 11.59708454810496; -1.6666666666666667 0.0; -1.1904761904761905 13.876536011229891; -0.7142857142857143 17.296793002915454; -0.23809523809523808 23.10124176654789; 0.23809523809523808 31.937760501025807; 0.7142857142857143 44.45422740524782; 1.1904761904761905 0.0; 1.6666666666666667 83.11851851851853; 2.142857142857143 110.56209912536443; 2.619047619047619 144.27714069754887; 3.0952380952380953 369.82304286794084; 3.5714285714285716 233.11311953352768; 4.0476190476190474 0.0; 4.523809523809524 354.80948061764394; 5.0 859.2]
npts :	22
nout :	6
model :	(x,t) -> x[1]t^3 + x[2]t^2 + x[3]t + x[4]
dim :	4
cluster :	false
noise :	false
solution :	[1.0, 7.4, 18.5, 27.1]
description :	type2: cubic model
