name :	cubic
data :	[-5.0 3476.4; -4.827586206896552 3119.7673377342244; -4.655172413793103 2788.0010086514403; -4.482758620689655 2480.2122924269133; -4.310344827586207 2195.512468735906; -4.137931034482759 3866.0256345073612; -3.9655172413793105 1691.8246176555006; -3.793103448275862 1471.0591496166305; -3.6206896551724137 1269.8276928123332; -3.4482758620689653 1087.2415269178728; -3.2758620689655173 922.4119316085122; -3.103448275862069 774.4501865595145; -2.9310344827586206 1284.935142892287; -2.7586206896551726 525.5753659436631; -2.586206896551724 422.884849727336; -2.413793103448276 667.014604944852; -2.2413793103448274 256.5540038541964; -2.0689655172413794 191.13623354791102; -1.896551724137931 0.0; -1.7241379310344827 91.35239657222513; -1.5517241379310345 110.41777850670381; -1.3793103448275863 27.046028947476323; -1.206896551724138 5.975095329861812; -1.0344827586206897 0.0; -0.8620689655172413 -18.44587313953012; -0.6896551724137931 -23.57334864078068; -0.5172413793103449 -25.16377875271639; -0.3448275862068966 -24.105883800073805; -0.1724137931034483 -21.28838410758949; 0.0 0.0; 0.1724137931034483 0.0; 0.3448275862068966 -11.165459838451762; 0.5172413793103449 -10.196744433966135; 0.6896551724137931 -23.82405182664316; 0.8620689655172413 -17.20002460125466; 1.0344827586206897 -26.949460822501955; 1.206896551724138 -42.04905490179999; 1.3793103448275863 -63.38752716388537; 1.5517241379310345 -183.7071958669892; 1.7241379310344827 -128.33598753536427; 1.896551724137931 0.0; 2.0689655172413794 -228.90460453483135; 2.2413793103448274 -294.7682725819016; 2.413793103448276 -372.2031407601787; 2.586206896551724 0.0; 2.7586206896551726 -565.3413588092993; 2.9310344827586206 -682.8221493296156; 3.103448275862069 -815.4290212800853; 3.2758620689655173 -964.0506949854445; 3.4482758620689653 -2259.151781540858; 3.6206896551724137 -2625.7866579195534; 3.793103448275862 -1514.8917298782237; 3.9655172413793105 0.0; 4.137931034482759 -1978.4863012013616; 4.310344827586207 0.0; 4.482758620689655 -2527.4693673377333; 4.655172413793103 -2836.203386772724; 4.827586206896552 -6337.901381770469; 5.0 -3526.6]
npts :	59
nout :	17
model :	(x,t) -> x[1]t^3 + x[2]t^2 + x[3]t + x[4]
dim :	4
cluster :	false
noise :	false
solution :	[-28.9, -0.3, 22.2, -17.6]
description :	type2: cubic model
