name :	cubic
data :	[-5.0 -2348.1; -4.814814814814815 -4200.198577452624; -4.62962962962963 0.0; -4.444444444444445 -1657.31536351166; -4.2592592592592595 -1461.1985114057818; -4.074074074074074 -1281.0426408575931; -3.888888888888889 -1116.1809327846363; -3.7037037037037037 -965.9465681044557; -3.5185185185185186 0.0; -3.3333333333333335 -706.6925925925927; -3.1481481481481484 -596.3393435959968; -2.962962962962963 0.0; -2.7777777777777777 -410.8462277091907; -2.5925925925925926 0.0; -2.4074074074074074 -267.85882741452014; -2.2222222222222223 -210.6377229080933; -2.037037037037037 -162.0425900523295; -1.8518518518518519 -242.81321952954323; -1.6666666666666667 0.0; -1.4814814814814814 -61.344830564446454; -1.2962962962962963 0.0; -1.1111111111111112 -25.117832647462286; -0.9259259259259259 -28.550657928161353; -0.7407407407407407 -7.3910633541634905; -0.5555555555555556 -3.7982167352537726; -0.37037037037037035 -2.829970024894579; -0.18518518518518517 -3.819504140628969; 0.0 0.0; 0.18518518518518517 -9.004638520550728; 0.37037037037037035 -23.733201239648423; 0.5555555555555556 -14.01906721536351; 0.7407407407407407 -29.590438449423356; 0.9259259259259259 -27.056475130823557; 1.1111111111111112 -9.551303155006853; 1.2962962962962963 -2.1975969110399785; 1.4814814814814814 0.0; 1.6666666666666667 25.307407407407425; 1.8518518518518519 46.792343646801804; 2.037037037037037 74.32132804958599; 2.2222222222222223 108.56117969821678; 2.4074074074074074 150.17871767515115; 2.5925925925925926 199.84076106284613; 2.7777777777777777 258.21412894375857; 2.962962962962963 0.0; 3.1481481481481484 403.7621145150638; 3.3333333333333335 492.2703703703705; 3.5185185185185186 592.1572270487223; 3.7037037037037037 704.0895036325763; 3.888888888888889 828.7340192043894; 4.074074074074074 966.7575928466193; 4.2592592592592595 1118.8270436417217; 4.444444444444445 1285.609190672154; 4.62962962962963 1467.7708530203734; 4.814814814814815 3331.957699537672; 5.0 1880.9]
npts :	55
nout :	16
model :	(x,t) -> x[1]t^3 + x[2]t^2 + x[3]t + x[4]
dim :	4
cluster :	false
noise :	false
solution :	[17.5, -9.1, -14.6, -6.1]
description :	type2: cubic model
