name :	cubic
data :	[-5.0 0.0; -4.830508474576271 -2390.5622561216087; -4.661016949152542 -2165.517066496575; -4.491525423728813 -1954.7970026146781; -4.322033898305085 -1757.9346359657027; -4.1525423728813555 -3148.9250760788586; -3.983050847457627 -1403.913280325642; -3.8135593220338984 0.0; -3.6440677966101696 -1099.7135714946517; -3.4745762711864407 -1930.2565267140262; -3.305084745762712 -841.5960813909893; -3.135593220338983 -728.6495970863623; -2.9661016949152543 -1251.6427638658286; -2.7966101694915255 -532.6440074204277; -2.6271186440677967 -448.65004503868454; -2.457627118644068 0.0; -2.288135593220339 -306.34264262655876; -2.1186440677966103 -247.09434557574056; -1.9491525423728813 -195.15974661479504; -1.7796610169491525 -150.07141723350486; -1.6101694915254237 -111.36192892165215; -1.4406779661016949 -78.56385316901921; -1.271186440677966 -51.209761465388375; -1.1016949152542372 0.0; -0.9322033898305084 -10.963816164262163; -0.7627118644067796 2.862894453668588; -0.5932203389830508 13.11533506346803; -0.423728813559322 20.26093417535386; -0.2542372881355932 24.767120299543773; -0.0847457627118644 27.10132194625546; 0.0847457627118644 27.730967625706622; 0.2542372881355932 54.2469716962299; 0.423728813559322 51.49261024739628; 0.5932203389830508 24.066853962673886; 0.7627118644067796 22.552560875259886; 0.9322033898305084 43.34170874334767; 1.1016949152542372 0.0; 1.271186440677966 0.0; 1.4406779661016949 0.0; 1.6101694915254237 33.81846439996299; 1.7796610169491525 43.111118468782095; 1.9491525423728813 55.84093018273532; 2.1186440677966103 72.47532805204038; 2.288135593220339 93.48174058691492; 2.457627118644068 119.32759629757666; 2.6271186440677967 300.9606473884866; 2.7966101694915255 187.4073512871326; 2.9661016949152543 0.0; 3.135593220338983 280.45402110244964; 3.305084745762712 337.5085203453128; 3.4745762711864407 402.20703382526943; 3.6440677966101696 950.0339801050741; 3.8135593220338984 0.0; 3.983050847457627 646.8409447898763; 4.1525423728813555 1493.5796006407659; 4.322033898305085 856.7198126390721; 4.491525423728813 977.0984102561603; 4.661016949152542 1108.393021681866; 4.830508474576271 1251.071075426406; 5.0 1405.6]
npts :	60
nout :	18
model :	(x,t) -> x[1]t^3 + x[2]t^2 + x[3]t + x[4]
dim :	4
cluster :	false
noise :	false
solution :	[16.0, -25.6, 3.6, 27.6]
description :	type2: cubic model
