name :	cubic
data :	[-5.0 2248.8; -4.523809523809524 0.0; -4.0476190476190474 1263.600993413238; -3.5714285714285716 902.2227405247814; -3.0952380952380953 616.7498974192853; -2.619047619047619 398.5008962315085; -2.142857142857143 238.79416909620988; -1.6666666666666667 128.94814814814816; -1.1904761904761905 120.5625310441637; -0.7142857142857143 24.11195335276968; -0.23809523809523808 0.0; 0.23809523809523808 0.0; 0.7142857142857143 23.773760932944608; 1.1904761904761905 61.55810387647122; 1.6666666666666667 0.0; 2.142857142857143 3.377259475218686; 2.619047619047619 -48.39295972357195; 3.0952380952380953 -137.11815138753923; 3.5714285714285716 -271.4798833819243; 4.0476190476190474 -460.1597235719684; 4.523809523809524 -711.8392398229134; 5.0 -1035.2]
npts :	22
nout :	6
model :	(x,t) -> x[1]t^3 + x[2]t^2 + x[3]t + x[4]
dim :	4
cluster :	false
noise :	false
solution :	[-13.4, 23.8, 6.6, 11.8]
description :	type2: cubic model
