name :	cubic
data :	[-5.0 0.0; -3.888888888888889 0.0; -2.7777777777777777 -641.1721536351166; -1.6666666666666667 -164.462962962963; -0.5555555555555556 -43.65569272976681; 0.5555555555555556 19.655006858710564; 1.6666666666666667 192.90740740740745; 2.7777777777777777 730.8511659807956; 3.888888888888889 1866.4080932784634; 5.0 3832.5]
npts :	10
nout :	3
model :	(x,t) -> x[1]t^3 + x[2]t^2 + x[3]t + x[4]
dim :	4
cluster :	false
noise :	false
solution :	[28.3, 6.2, 28.6, -3.0]
description :	type2: cubic model
