name :	cubic
data :	[-5.0 -1891.6; -4.833333333333333 -1707.1749999999993; -4.666666666666667 -1535.366666666667; -4.5 -1375.7249999999997; -4.333333333333333 -1227.7999999999995; -4.166666666666667 -1091.1416666666667; -4.0 0.0; -3.8333333333333335 0.0; -3.6666666666666665 0.0; -3.5 -648.175; -3.3333333333333335 -1122.2000000000003; -3.1666666666666665 -482.5916666666667; -3.0 -412.2; -2.8333333333333335 -349.475; -2.6666666666666665 -293.9666666666667; -2.5 0.0; -2.3333333333333335 -405.60000000000014; -2.1666666666666665 -166.24166666666665; -2.0 -270.2; -1.8333333333333333 -108.92499999999998; -1.6666666666666667 -87.26666666666668; -1.5 -69.67500000000001; -1.3333333333333333 -55.699999999999996; -1.1666666666666667 -89.78333333333336; -1.0 -36.8; -0.8333333333333334 -61.95000000000001; -0.6666666666666666 -26.96666666666667; -0.5 -48.650000000000006; -0.3333333333333333 -22.6; -0.16666666666666666 -21.34166666666667; 0.0 -20.1; 0.16666666666666666 -36.85; 0.3333333333333333 -15.866666666666667; 0.5 -11.975000000000001; 0.6666666666666666 -6.3000000000000025; 0.8333333333333334 1.6083333333333343; 1.0 12.199999999999996; 1.1666666666666667 51.85000000000002; 1.3333333333333333 43.23333333333333; 1.5 129.14999999999998; 1.6666666666666667 0.0; 1.8333333333333333 121.15833333333333; 2.0 157.29999999999998; 2.1666666666666665 0.0; 2.3333333333333335 247.5333333333334; 2.5 302.525; 2.6666666666666665 364.69999999999993; 2.8333333333333335 434.5083333333333; 3.0 512.4; 3.1666666666666665 598.8249999999999; 3.3333333333333335 694.2333333333333; 3.5 799.0749999999998; 3.6666666666666665 913.7999999999998; 3.8333333333333335 2077.716666666667; 4.0 1174.7; 4.166666666666667 1321.7750000000003; 4.333333333333333 0.0; 4.5 0.0; 4.666666666666667 1834.9000000000008; 4.833333333333333 2031.4083333333328; 5.0 2241.4]
npts :	61
nout :	18
model :	(x,t) -> x[1]t^3 + x[2]t^2 + x[3]t + x[4]
dim :	4
cluster :	false
noise :	false
solution :	[16.2, 7.8, 8.3, -20.1]
description :	type2: cubic model
