name :	cubic
data :	[-5.0 -2972.9; -4.833333333333333 -2672.512037037037; -4.666666666666667 -4786.459259259261; -4.5 -4268.55; -4.333333333333333 0.0; -4.166666666666667 -1674.2379629629631; -4.0 -1471.6000000000001; -3.8333333333333335 -1286.178703703704; -3.6666666666666665 -2234.3925925925923; -3.5 -963.875; -3.3333333333333335 0.0; -3.1666666666666665 -701.1046296296296; -3.0 -590.1; -2.8333333333333335 -491.6453703703704; -2.6666666666666665 -809.9259259259258; -2.5 -329.275; -2.3333333333333335 -527.6074074074075; -2.1666666666666665 -415.54259259259254; -2.0 -160.4; -1.8333333333333333 -120.91203703703701; -1.6666666666666667 0.0; -1.5 -62.47499999999999; -1.3333333333333333 -41.97037037037036; -1.1666666666666667 -52.475925925925935; -1.0 -14.499999999999998; -0.8333333333333334 -5.978703703703703; -0.6666666666666666 0.0; -0.5 4.525; -0.3333333333333333 8.062962962962963; -0.16666666666666666 11.49537037037037; 0.0 15.6; 0.16666666666666666 21.15462962962963; 0.3333333333333333 28.937037037037037; 0.5 39.725; 0.6666666666666666 54.2962962962963; 0.8333333333333334 73.4287037037037; 1.0 97.89999999999999; 1.1666666666666667 128.48796296296297; 1.3333333333333333 331.9407407407407; 1.5 211.12499999999997; 1.6666666666666667 264.7296296296297; 1.8333333333333333 327.562037037037; 2.0 400.4; 2.1666666666666665 968.0425925925924; 2.3333333333333335 579.2037037037038; 2.5 686.725; 2.6666666666666665 807.362962962963; 2.8333333333333335 1883.790740740741; 3.0 0.0; 3.1666666666666665 1255.7546296296293; 3.3333333333333335 1436.637037037037; 3.5 0.0; 3.6666666666666665 1850.1962962962962; 3.8333333333333335 2084.4287037037043; 4.0 2338.0; 4.166666666666667 0.0; 4.333333333333333 0.0; 4.5 3222.525; 4.666666666666667 3561.2296296296304; 4.833333333333333 3923.1620370370365; 5.0 4309.1]
npts :	61
nout :	18
model :	(x,t) -> x[1]t^3 + x[2]t^2 + x[3]t + x[4]
dim :	4
cluster :	false
noise :	false
solution :	[28.0, 26.1, 28.2, 15.6]
description :	type2: cubic model
