name :	cubic
data :	[-5.0 -3699.4; -4.666666666666667 -2948.8888888888896; -4.333333333333333 -1153.2777777777776; -4.0 0.0; -3.6666666666666665 -656.411111111111; -3.3333333333333335 -472.31111111111125; -3.0 -651.0; -2.6666666666666665 -423.55555555555554; -2.3333333333333335 -126.94444444444447; -2.0 0.0; -1.6666666666666667 -27.144444444444456; -1.3333333333333333 -3.7777777777777786; -1.0 15.000000000000004; -0.6666666666666666 10.88888888888889; -0.3333333333333333 10.588888888888889; 0.0 10.8; 0.3333333333333333 15.722222222222221; 0.6666666666666666 29.555555555555554; 1.0 56.5; 1.3333333333333333 100.75555555555555; 1.6666666666666667 166.52222222222227; 2.0 258.0; 2.3333333333333335 379.38888888888897; 2.6666666666666665 0.0; 3.0 728.6999999999998; 3.3333333333333335 1930.0444444444445; 3.6666666666666665 1248.0555555555552; 4.0 1582.0; 4.333333333333333 1971.055555555555; 4.666666666666667 2419.422222222223; 5.0 2931.3]
npts :	31
nout :	9
model :	(x,t) -> x[1]t^3 + x[2]t^2 + x[3]t + x[4]
dim :	4
cluster :	false
noise :	false
solution :	[18.9, 21.2, 5.6, 10.8]
description :	type2: cubic model
