name :	cubic
data :	[-5.0 3549.6; -4.655172413793103 2889.398720734757; -4.310344827586207 4631.451588831032; -3.9655172413793105 1822.5293123949325; -3.6206896551724137 1403.7573660256674; -3.2758620689655173 0.0; -2.9310344827586206 765.2794456517281; -2.586206896551724 533.469654352372; -2.2413793103448274 351.87676411496983; -1.896551724137931 214.44886629218092; -1.5517241379310345 115.13405223666408; -1.206896551724138 47.880413301078356; -0.8620689655172413 6.636040838082742; -0.5172413793103449 -14.65097379966378; -0.1724137931034483 -22.032539259502233; 0.1724137931034483 0.0; 0.5172413793103449 -19.286957234818974; 0.8620689655172413 0.0; 1.206896551724138 -33.5424822665956; 1.5517241379310345 0.0; 1.896551724137931 -226.42876706712048; 2.2413793103448274 -192.7112468735905; 2.586206896551724 -306.7179302144409; 2.9310344827586206 0.0; 3.2758620689655173 0.0; 3.6206896551724137 -1832.6319734306448; 3.9655172413793105 -1228.8810365328634; 4.310344827586207 -1606.21544958793; 4.655172413793103 -2054.3711345278602; 5.0 -2579.4]
npts :	30
nout :	9
model :	(x,t) -> x[1]t^3 + x[2]t^2 + x[3]t + x[4]
dim :	4
cluster :	false
noise :	false
solution :	[-24.6, 20.3, 2.1, -22.4]
description :	type2: cubic model
