name :	cubic
data :	[-5.0 0.0; -4.565217391304348 -5272.31720226843; -4.130434782608695 0.0; -3.6956521739130435 -2815.7652173913043; -3.260869565217391 -972.3268431001891; -2.8260869565217392 -637.6784499054821; -2.391304347826087 -390.326843100189; -1.9565217391304348 -216.66143667296788; -1.5217391304347827 -103.07164461247638; -1.0869565217391304 -35.946880907372396; -0.6521739130434783 0.0; -0.21739130434782608 13.349905482041587; 0.21739130434782608 22.743100189035914; 0.6521739130434783 40.11361058601134; 1.0869565217391304 79.07202268431001; 1.5217391304347827 306.45784499054827; 1.9565217391304348 276.19489603024573; 2.391304347826087 461.5805293005671; 2.8260869565217392 722.9964083175804; 3.260869565217391 1074.0531190926279; 3.6956521739130435 1528.361247637051; 4.130434782608695 4199.062759924384; 4.565217391304348 2801.174102079395; 5.0 3646.9]
npts :	24
nout :	7
model :	(x,t) -> x[1]t^3 + x[2]t^2 + x[3]t + x[4]
dim :	4
cluster :	false
noise :	false
solution :	[27.6, 3.1, 20.3, 17.9]
description :	type2: cubic model
