name :	cubic
data :	[-5.0 -2719.5; -4.583333333333333 -2132.6168981481483; -4.166666666666667 -1635.9074074074076; -3.75 -1221.90625; -3.3333333333333335 -883.1481481481484; -2.9166666666666665 -612.1678240740739; -2.5 0.0; -2.0833333333333335 -243.67939814814815; -1.6666666666666667 -131.24074074074076; -1.25 -56.71875; -0.8333333333333334 -12.648148148148152; -0.4166666666666667 8.436342592592592; 0.0 14.0; 0.4166666666666667 11.508101851851851; 0.8333333333333334 0.0; 1.25 12.21875; 1.6666666666666667 30.35185185185186; 2.0833333333333335 140.58101851851853; 2.5 139.5; 2.9166666666666665 490.8912037037036; 3.3333333333333335 791.1851851851853; 3.75 0.0; 4.166666666666667 858.3518518518518; 4.583333333333333 1185.8946759259256; 5.0 0.0]
npts :	25
nout :	7
model :	(x,t) -> x[1]t^3 + x[2]t^2 + x[3]t + x[4]
dim :	4
cluster :	false
noise :	false
solution :	[17.2, -23.2, 0.7, 14.0]
description :	type2: cubic model
