name :	cubic
data :	[-5.0 -820.2; -4.743589743589744 -728.1242906994386; -4.487179487179487 -642.4937338795328; -4.230769230769231 0.0; -3.9743589743589745 -489.839811864664; -3.717948717948718 -422.4523137611895; -3.4615384615384617 0.0; -3.2051282051282053 -304.6459110908815; -2.948717948717949 -253.86287361553633; -2.6923076923076925 -208.25052344105598; -2.4358974358974357 -167.62679411318462; -2.1794871794871793 -263.619238355333; -1.9230769230769231 -100.61693218024578; -1.6666666666666667 0.0; -1.4102564102564104 -51.37675618267335; -1.1538461538461537 -32.96513427401001; -0.8974358974358975 0.0; -0.6410256410256411 -7.64849036565013; -0.38461538461538464 -0.37933545744196717; -0.1282051282051282 3.539796692459414; 0.1282051282051282 0.0; 0.38461538461538464 0.0; 0.6410256410256411 -2.9822788651191035; 0.8974358974358975 -10.642573205886816; 1.1538461538461537 0.0; 1.4102564102564104 -33.10016689424974; 1.6666666666666667 -47.53333333333333; 1.9230769230769231 -63.85999089667729; 2.1794871794871793 -81.89807313002578; 2.4358974358974357 -101.46551357912301; 2.6923076923076925 0.0; 2.948717948717949 -144.4602033075406; 3.2051282051282053 -167.52331967834925; 3.4615384615384617 -191.38752844788348; 3.717948717948718 -431.7415263237748; 3.9743589743589745 0.0; 4.230769230769231 -265.96604460628123; 4.487179487179487 -291.2139584281596; 4.743589743589744 0.0; 5.0 -341.2]
npts :	40
nout :	12
model :	(x,t) -> x[1]t^3 + x[2]t^2 + x[3]t + x[4]
dim :	4
cluster :	false
noise :	false
solution :	[1.8, -23.4, 2.9, 4.3]
description :	type2: cubic model
