name :	cubic
data :	[-5.0 -558.1; -4.836065573770492 -1020.4074622986067; -4.672131147540983 -930.4767368193812; -4.508196721311475 -423.1087496310264; -4.344262295081967 0.0; -4.180327868852459 -346.97609535599906; -4.016393442622951 -312.782735559364; -3.8524590163934427 -281.0444711231337; -3.6885245901639343 -251.66613989717197; -3.5245901639344264 -224.55257973134317; -3.360655737704918 -199.60862847551115; -3.19672131147541 -176.73912397954018; -3.0327868852459017 -155.84890409329415; -2.8688524590163933 -136.8428066666373; -2.7049180327868854 -119.62566954943367; -2.540983606557377 -208.2046611830946; -2.377049180327869 0.0; -2.2131147540983607 -77.75639855318286; -2.0491803278688523 -66.74348117243292; -1.8852459016393444 -57.04371335045665; -1.721311475409836 -48.56193293711808; -1.5573770491803278 -41.20297778228134; -1.3934426229508197 -34.87168573581049; -1.2295081967213115 -29.472894647569625; -1.0655737704918034 -24.911442367422826; -0.9016393442622951 -21.09216674523418; -0.7377049180327869 -17.91990563086778; -0.5737704918032787 -15.299496874187707; -0.4098360655737705 -13.135778325058045; -0.2459016393442623 0.0; -0.08196721311475409 -19.595526497812592; 0.08196721311475409 -8.43314242161238; 0.2459016393442623 -14.289126402650442; 0.4098360655737705 -5.8368634379088995; 0.5737704918032787 -4.414880981227503; 0.7377049180327869 -5.566907362290232; 0.9016393442622951 -0.8474193875258269; 1.0655737704918034 1.4883840497662817; 1.2295081967213115 4.319118780867123; 1.3934426229508197 15.479893911825219; 1.5573770491803278 11.846030725038661; 1.721311475409836 33.46506447676238; 1.8852459016393444 44.98922729215221; 2.0491803278688523 29.227437098259323; 2.2131147540983607 0.0; 2.377049180327869 0.0; 2.540983606557377 0.0; 2.7049180327868854 0.0; 2.8688524590163933 161.56672056251406; 3.0327868852459017 95.33904115322429; 3.19672131147541 111.53159912063128; 3.360655737704918 129.4561963336138; 3.5245901639344264 149.20799494230798; 3.6885245901639343 170.8821570968495; 3.8524590163934427 194.57384494737445; 4.016393442622951 220.37822064401868; 4.180327868852459 248.39044633691813; 4.344262295081967 278.7056841762086; 4.508196721311475 311.4190963120261; 4.672131147540983 346.62584489450654; 4.836065573770492 0.0; 5.0 424.9]
npts :	62
nout :	18
model :	(x,t) -> x[1]t^3 + x[2]t^2 + x[3]t + x[4]
dim :	4
cluster :	false
noise :	false
solution :	[3.6, -2.3, 8.3, -9.1]
description :	type2: cubic model
