name :	cubic
data :	[-5.0 -6709.4; -4.821428571428571 -3001.000929300291; -4.642857142857143 0.0; -4.464285714285714 -2370.3493258017493; -4.285714285714286 -2091.42886297376; -4.107142857142857 -1835.4666727405247; -3.9285714285714284 -1601.4787900874633; -3.75 -1388.48125; -3.5714285714285716 0.0; -3.392857142857143 -2043.042674927114; -3.2142857142857144 -1731.1820699708458; -3.0357142857142856 -726.7152150145772; -2.857142857142857 -603.9099125364432; -2.6785714285714284 -496.1911625364431; -2.5 -805.15; -2.3214285714285716 -322.07745991253654; -2.142857142857143 -253.71457725947513; -1.9642857142857142 0.0; -1.7857142857142858 -149.45692419825076; -1.6071428571428572 0.0; -1.4285714285714286 0.0; -1.25 -59.48125; -1.0714285714285714 -43.26304664723031; -0.8928571428571429 -32.29174562682216; -0.7142857142857143 -51.1667638483965; -0.5357142857142857 -22.15399052478134; -0.35714285714285715 -21.01960641399417; -0.17857142857142858 0.0; 0.0 0.0; 0.17857142857142858 -43.09369533527697; 0.35714285714285715 -19.752842565597668; 0.5357142857142857 -15.334019679300292; 0.7142857142857143 -7.306413994169095; 0.8928571428571429 5.3139395043731845; 1.0714285714285714 23.51100583090378; 1.25 48.26875; 1.4285714285714286 80.57113702623909; 1.6071428571428572 242.80426384839657; 1.7857142857142858 171.74569970845488; 1.9642857142857142 232.585805393586; 2.142857142857143 304.90641399416904; 2.3214285714285716 389.6914905247815; 2.5 487.925; 2.6785714285714284 600.5909074344023; 2.857142857142857 728.6731778425656; 3.0357142857142856 873.155776239067; 3.2142857142857144 1035.022667638484; 3.392857142857143 1215.2578170553934; 3.5714285714285716 1414.8451895043736; 3.75 0.0; 3.9285714285714284 1876.0124635568511; 4.107142857142857 2139.5602951895044; 4.285714285714286 2426.396209912536; 4.464285714285714 2737.5041727405255; 4.642857142857143 3073.8681486880478; 4.821428571428571 6872.944205539358; 5.0 7652.6]
npts :	57
nout :	17
model :	(x,t) -> x[1]t^3 + x[2]t^2 + x[3]t + x[4]
dim :	4
cluster :	false
noise :	false
solution :	[28.8, 10.3, -1.9, -21.7]
description :	type2: cubic model
