name :	cubic
data :	[-5.0 1945.0; -4.777777777777778 1640.2620027434843; -4.555555555555555 683.5776406035666; -4.333333333333333 562.0037037037036; -4.111111111111111 0.0; -3.888888888888889 360.4492455418381; -3.6666666666666665 278.79629629629625; -3.4444444444444446 208.77791495198917; -3.2222222222222223 149.5578875171468; -3.0 200.59999999999997; -2.7777777777777777 120.33607681755822; -2.5555555555555554 56.651577503429294; -2.3333333333333335 3.9370370370370615; -2.111111111111111 -13.83443072702331; -1.8888888888888888 -25.824828532235948; -1.6666666666666667 -32.87037037037037; -1.4444444444444444 -35.807270233196164; -1.2222222222222223 -35.47174211248285; -1.0 0.0; -0.7777777777777778 0.0; -0.5555555555555556 -23.19272976680384; -0.3333333333333333 -18.12962962962963; -0.1111111111111111 -13.97517146776406; 0.1111111111111111 -11.565569272976681; 0.3333333333333333 -11.737037037037037; 0.5555555555555556 -15.32578875171468; 0.7777777777777778 0.0; 1.0 -36.099999999999994; 1.2222222222222223 -54.95788751714679; 1.4444444444444444 -80.57791495198902; 1.6666666666666667 -113.7962962962963; 1.8888888888888888 -155.44924554183814; 2.111111111111111 0.0; 2.3333333333333335 -267.40370370370374; 2.5555555555555554 -339.3776406035664; 2.7777777777777777 0.0; 3.0 -519.5; 3.2222222222222223 -629.3208504801097; 3.4444444444444446 -753.4297668038411; 3.6666666666666665 -1785.3259259259255; 3.888888888888889 -1047.8566529492452; 4.111111111111111 -1219.8470507544578; 4.333333333333333 -1409.4703703703701; 4.555555555555555 -1617.5628257887515; 4.777777777777778 -3689.921262002743; 5.0 -2092.5]
npts :	46
nout :	13
model :	(x,t) -> x[1]t^3 + x[2]t^2 + x[3]t + x[4]
dim :	4
cluster :	false
noise :	false
solution :	[-12.7, -21.9, 11.0, -12.5]
description :	type2: cubic model
