name :	cubic
data :	[-5.0 -2698.1; -4.714285714285714 -4589.899125364432; -4.428571428571429 -1934.063848396502; -4.142857142857143 -3226.2396501457733; -3.857142857142857 0.0; -3.5714285714285716 -1081.7647230320702; -3.2857142857142856 -866.7075801749271; -3.0 0.0; -2.7142857142857144 -526.218950437318; -2.4285714285714284 -396.14139941690956; -2.142857142857143 -289.7443148688047; -1.8571428571428572 0.0; -1.5714285714285714 -138.699416909621; -1.2857142857142858 -89.4055393586006; -1.0 0.0; -0.7142857142857143 -31.659766763848395; -0.42857142857142855 -18.56180758017493; -0.14285714285714285 -12.883090379008745; 0.14285714285714285 -24.601166180758018; 0.42857142857142855 -28.982507288629737; 0.7142857142857143 -34.26413994169096; 1.0 -17.9; 1.2857142857142858 -14.472011661807581; 1.5714285714285714 -4.5250728862973855; 1.8571428571428572 14.263848396501468; 2.142857142857143 44.21778425655975; 2.4285714285714284 87.65976676384838; 2.7142857142857144 146.91282798833825; 3.0 224.30000000000004; 3.2857142857142856 322.1443148688046; 3.5714285714285716 0.0; 3.857142857142857 588.496501457726; 4.142857142857143 761.6504373177843; 4.428571428571429 964.5536443148691; 4.714285714285714 1199.529154518951; 5.0 1468.9]
npts :	36
nout :	10
model :	(x,t) -> x[1]t^3 + x[2]t^2 + x[3]t + x[4]
dim :	4
cluster :	false
noise :	false
solution :	[16.6, -24.1, 1.7, -12.1]
description :	type2: cubic model
