name :	cubic
data :	[-5.0 -2642.2; -4.655172413793103 -4344.503981303044; -4.310344827586207 -3522.634941982042; -3.9655172413793105 -1405.4848415269182; -3.6206896551724137 -1100.8425027676412; -3.2758620689655173 -843.4788552216165; -2.9310344827586206 -1258.9645987945385; -2.586206896551724 0.0; -2.2413793103448274 -315.94406494731226; -1.896551724137931 -208.57918733855428; -1.5517241379310345 -128.93500348517773; -1.206896551724138 0.0; -0.8620689655172413 0.0; -0.5172413793103449 -17.21061954159662; -0.1724137931034483 -9.333215794005493; 0.1724137931034483 -9.618508343925539; 0.5172413793103449 -14.154897699782689; 0.8620689655172413 -38.06156874000574; 1.206896551724138 -20.334568863012016; 1.5517241379310345 -14.154651687236054; 1.896551724137931 6.8411332977982156; 2.2413793103448274 36.30268563696748; 2.586206896551724 88.40330476854315; 2.9310344827586206 163.63402353520027; 3.2758620689655173 531.8128828570259; 3.6206896551724137 399.132157940055; 3.9655172413793105 567.2227725614006; 4.310344827586207 774.0898847841243; 4.655172413793103 1023.6450940997988; 5.0 1319.8]
npts :	30
nout :	9
model :	(x,t) -> x[1]t^3 + x[2]t^2 + x[3]t + x[4]
dim :	4
cluster :	false
noise :	false
solution :	[15.9, -26.1, -1.3, -8.7]
description :	type2: cubic model
