name :	cubic
data :	[-5.0 -2322.4; -4.824561403508772 -1026.4037280026787; -4.649122807017544 -902.2167122947411; -4.473684210526316 0.0; -4.298245614035087 0.0; -4.12280701754386 -588.969786115026; -3.9473684210526314 -502.8783787724157; -3.7719298245614037 -850.4510386461692; -3.5964912280701755 -355.57706608781103; -3.4210526315789473 0.0; -3.245614035087719 -238.5568115425529; -3.0701754385964914 -380.63345374825184; -2.8947368421052633 -148.34448170287214; -2.719298245614035 -112.20593434957051; -2.543859649122807 -81.46694313499967; -2.3684210526315788 -55.693366379938766; -2.192982456140351 -34.45106240516651; -2.017543859649123 -17.305889531461755; -1.8421052631578947 -3.823706079603433; -1.6666666666666667 6.429629629629627; -1.4912280701754386 27.776518550917153; -1.3157894736842106 37.97264907420907; -1.1403508771929824 22.157967093788645; -0.9649122807017544 23.837328624732038; -0.7894736842105263 24.458550809155856; -0.6140350877192983 24.455775326281234; -0.43859649122807015 24.263143855329304; -0.2631578947368421 24.314798075521214; -0.08771929824561403 0.0; 0.08771929824561403 53.775060612442154; 0.2631578947368421 30.276891675171306; 0.43859649122807015 35.647105452149916; 0.6140350877192983 43.43231331637806; 0.7894736842105263 108.13331389415367; 0.9649122807017544 67.98427802346741; 1.1403508771929824 85.61931822477091; 1.3157894736842106 107.4059192302085; 1.4912280701754386 133.77822271900126; 1.6666666666666667 330.34074074074084; 1.8421052631578947 202.01650386353697; 2.017543859649123 244.75076487772216; 2.192982456140351 587.6145901842945; 2.3684210526315788 349.62023618603297; 2.543859649122807 412.6237298386008; 2.719298245614035 483.2519177290719; 2.8947368421052633 561.9389415366672; 3.0701754385964914 649.118942940608; 3.245614035087719 745.2260636201153; 3.4210526315789473 850.6944452544101; 3.5964912280701755 0.0; 3.7719298245614037 1091.4515581042483; 3.9473684210526314 2455.2171453564656; 4.12280701754386 0.0; 4.298245614035087 0.0; 4.473684210526316 1704.403149147106; 4.649122807017544 1887.5563244831067; 4.824561403508772 2083.5438942076653; 5.0 2292.8]
npts :	58
nout :	17
model :	(x,t) -> x[1]t^3 + x[2]t^2 + x[3]t + x[4]
dim :	4
cluster :	false
noise :	false
solution :	[13.4, 21.6, 10.4, 25.8]
description :	type2: cubic model
