name :	cubic
data :	[-5.0 168.1; -4.705882352941177 146.53374720130267; -4.411764705882353 0.0; -4.117647058823529 217.36629350702208; -3.823529411764706 0.0; -3.5294117647058822 154.32538164054546; -3.235294117647059 63.50911866476694; -2.9411764705882355 51.11750457968656; -2.6470588235294117 0.0; -2.3529411764705883 29.69271320985142; -2.0588235294117645 20.445817219621404; -1.7647058823529411 24.066883777732556; -1.4705882352941178 4.348727864848367; -1.1764705882352942 -5.430368410339909; -0.8823529411764706 0.0; -0.5882352941176471 -15.408039894158353; -0.29411764705882354 -21.250702218603703; 0.0 -26.9; 0.29411764705882354 -32.46279259108488; 0.5882352941176471 -38.04593934459597; 0.8823529411764706 -43.75629961327091; 1.1764705882352942 -49.70073274984735; 1.4705882352941178 -55.9860981070629; 1.7647058823529411 -62.7192550376552; 2.0588235294117645 -70.0070628943619; 2.3529411764705883 0.0; 2.6470588235294117 -86.674068797069; 2.9411764705882355 -96.26698554854468; 3.235294117647059 -106.84199063708527; 3.5294117647058822 -118.50594341542845; 3.823529411764706 -131.36570323631184; 4.117647058823529 -145.528129452473; 4.411764705882353 -322.20016283329943; 4.705882352941177 -178.1884184815795; 5.0 -196.9]
npts :	35
nout :	10
model :	(x,t) -> x[1]t^3 + x[2]t^2 + x[3]t + x[4]
dim :	4
cluster :	false
noise :	false
solution :	[-0.7, 0.5, -19.0, -26.9]
description :	type2: cubic model
