name :	cubic
data :	[-5.0 1028.5; -4.583333333333333 1531.072337962963; -4.166666666666667 549.2476851851853; -3.75 375.1640625; -3.3333333333333335 238.8148148148149; -2.9166666666666665 271.45891203703695; -2.5 61.4375; -2.0833333333333335 11.468460648148167; -1.6666666666666667 0.0; -1.25 -33.3828125; -0.8333333333333334 0.0; -0.4166666666666667 -69.17650462962963; 0.0 -30.0; 0.4166666666666667 -27.911747685185183; 0.8333333333333334 -32.79398148148148; 1.25 -49.1171875; 1.6666666666666667 -81.35185185185188; 2.0833333333333335 0.0; 2.5 -422.875; 2.9166666666666665 -318.2294560185185; 3.3333333333333335 -458.8148148148149; 3.75 -637.6640625; 4.166666666666667 -859.2476851851853; 4.583333333333333 -1128.0361689814815; 5.0 -1448.5]
npts :	25
nout :	7
model :	(x,t) -> x[1]t^3 + x[2]t^2 + x[3]t + x[4]
dim :	4
cluster :	false
noise :	false
solution :	[-10.3, -7.2, 9.8, -30.0]
description :	type2: cubic model
