name :	cubic
data :	[-5.0 0.0; -4.836065573770492 2220.2310589873164; -4.672131147540983 2001.786660557491; -4.508196721311475 1798.1407694917195; -4.344262295081967 1608.7673505711932; -4.180327868852459 2866.280737154212; -4.016393442622951 1270.7337882906497; -3.8524590163934427 1121.0215744930192; -3.6885245901639343 983.4776919654066; -3.5245901639344264 857.5761054890056; -3.360655737704918 742.790779845009; -3.19672131147541 638.5956798146102; -3.0327868852459017 1088.9295403580036; -2.8688524590163933 0.0; -2.7049180327868854 384.29138121693006; -2.540983606557377 0.0; -2.377049180327869 516.1246624166782; -2.2131147540983607 206.36184526458163; -2.0491803278688523 0.0; -1.8852459016393444 246.3175508082174; -1.721311475409836 90.60412104977948; -1.5573770491803278 63.37934012097928; -1.3934426229508197 81.91679479780245; -1.2295081967213115 45.63051532947691; -1.0655737704918034 8.42388569968412; -0.9016393442622951 -2.7417537150686613; -0.7377049180327869 -11.207695798326728; -0.5737704918032787 -34.99995153779391; -0.4098360655737705 -44.28925769117239; -0.2459016393442623 -25.667690247201307; -0.08196721311475409 -28.595195192549156; 0.08196721311475409 -31.4531789004366; 0.2459016393442623 -34.7676765896705; 0.4098360655737705 -39.06472347905772; 0.5737704918032787 -44.87035478740511; 0.7377049180327869 -52.71060573351955; 0.9016393442622951 -63.11151153620788; 1.0655737704918034 -76.59910741427697; 1.2295081967213115 -93.69942858653367; 1.3934426229508197 -114.93851027178486; 1.5573770491803278 -140.8423876888374; 1.721311475409836 -171.9370960564981; 1.8852459016393444 0.0; 2.0491803278688523 -503.60629303774317; 2.2131147540983607 -301.6265590511981; 2.377049180327869 0.0; 2.540983606557377 -423.6843348121648; 2.7049180327868854 -496.9707684784189; 2.8688524590163933 -579.1302796269291; 3.0327868852459017 -670.6889034765024; 3.19672131147541 -772.1726752459459; 3.360655737704918 -884.1076301540656; 3.5245901639344264 -1007.0198034196694; 3.6885245901639343 -1141.4352302615634; 3.8524590163934427 -2575.759891797111; 4.016393442622951 -1446.879985549451; 4.180327868852459 -1618.9613844330588; 4.344262295081967 -1804.6501777681833; 4.508196721311475 -2004.472400773633; 4.672131147540983 -4437.908177336428; 4.836065573770492 -2448.6212766707345; 5.0 -5388.0]
npts :	62
nout :	18
model :	(x,t) -> x[1]t^3 + x[2]t^2 + x[3]t + x[4]
dim :	4
cluster :	false
noise :	false
solution :	[-19.9, -3.6, -17.3, -30.0]
description :	type2: cubic model
