name :	cubic
data :	[-5.0 -2814.2; -4.565217391304348 0.0; -4.130434782608695 -821.1251499958904; -3.6956521739130435 -601.9726884194954; -3.260869565217391 -425.59987671570644; -2.8260869565217392 -287.1739705761487; -2.391304347826087 -181.86222569244677; -1.9565217391304348 -209.6637955124517; -1.5217391304347827 -51.250242459110716; -1.0869565217391304 -16.28451549272622; -0.6521739130434783 0.0; -0.21739130434782608 17.130130681351194; 0.21739130434782608 25.24453850579436; 0.6521739130434783 68.14799046601463; 1.0869565217391304 96.90249034273033; 1.5217391304347827 73.20903262924304; 1.9565217391304348 226.36020383003205; 2.391304347826087 173.19719733705927; 2.8260869565217392 258.0930632037479; 3.260869565217391 372.70044382345685; 3.6956521739130435 521.8520835045615; 4.130434782608695 710.3807265554366; 4.565217391304348 943.1191172844578; 5.0 1224.9]
npts :	24
nout :	7
model :	(x,t) -> x[1]t^3 + x[2]t^2 + x[3]t + x[4]
dim :	4
cluster :	false
noise :	false
solution :	[9.8, -4.5, 18.2, 21.4]
description :	type2: cubic model
