name :	line3d
data :	[-43.51161884965352 -29.88802933372146 -44.21124798887684; 48.088439626953516 -2.759106220299543 27.52928501852572; -104.70133166045787 -87.34879978471474 -118.9899552092642; -27.466955017619718 -16.629539959829053 -27.35578816620425; -103.4080655815159 -84.80251038035026 -118.0741059826431; 12.293412021164762 -19.108983558867862 11.509556616640998; 5.136709833332848 10.145668852930337 9.306407303401675; 102.42212926957438 91.92944548635991 117.65390239399883; -135.7921431485049 -113.97273638173753 -152.4283496550513; -25.102015561476478 -18.722932198863145 -28.640721266879854; -115.72324956900624 -97.59837058039874 -76.27762139991532; -120.32963516921131 -99.8453208002013 -134.13273003450684; 36.82421572694282 38.62604065117376 45.164700140691615; -89.0330200460068 -73.58699434271924 -99.37012839696297; 133.44161107971192 118.59483639783814 153.60776801316644; -104.06812787445767 -88.37449826446392 -116.97788655885932; -66.03725313259534 -103.12490850796787 -109.28756236510658; -151.70819581897737 -126.90056295613172 -170.3534476748612; -40.97470719179964 -30.290107523959858 -45.90668689181798; -10.278978535256668 -2.7437340844440783 -7.315997743176382; 6.262068954462101 12.162322453285807 8.364592206741223; 4.938351549225985 10.304379266510278 11.10249425917174]
npts :	22
nout :	4
model :	(x,t) -> (x[1]-t[1])^2 + (x[2]-t[2])^2 +(x[3]-t[3])^2 - t[4]^2
dim :	3
cluster :	false
noise :	true
solution :	[-3.3, -2.9, -3.8, 50.0]
description :	[[-2.2, 3.7, 0.2]]
