name :	line3d
data :	[0.5296838326814102 -189.8173914444737 -159.51286339615783; -12.670190305100396 142.73607438724096 144.64081597511148; 1.1316307106084986 -189.93471263296388 -159.4479188878871; -3.011514010404969 -362.42597279688175 -309.51601848760293; 2.7784944593862964 -53.26780400023736 -39.06949197980009; 14.993912203653105 288.62119061223274 261.32025170241525; 8.373871534818226 85.55134986278915 81.66188406866112; -0.830827394467033 -190.339041483327 -158.83190518092695; 6.04378696086922 326.0087944899845 310.41566906780884; 7.41258491890469 -213.2680563604174 -167.03015070431422; 32.80588660151983 162.05297287057388 168.11310650016586; 6.9160067554409235 51.556399408662855 51.765862509805864; -2.1393059841424416 -223.3824904352664 -189.59086072460354; 3.921296444138098 -86.93819307332102 -69.92940344763691; 1.1697610033624901 -154.30394759841676 -127.31374445574453; 14.065436724820739 326.90390532576936 291.82301333497554; 1.1788893034382277 -189.34189566496283 -158.48047717129947; 1.9488043626529241 -154.93157394717113 -129.26482633548372; 13.311471035645571 290.19442127633465 261.66594546304015; 14.983381475279685 255.21621489242705 228.8001366589088; 12.545891776264666 223.8703210193597 200.0166608604632; -2.731244432892722 -257.6772836901549 -218.3204507354267]
npts :	22
nout :	4
model :	(x,t) -> (x[1]-t[1])^2 + (x[2]-t[2])^2 +(x[3]-t[3])^2 - t[4]^2
dim :	3
cluster :	false
noise :	true
solution :	[0.2, 7.2, 6.3, 50.0]
description :	[[5.7, -0.5, 5.9]]
