name :	line3d
data :	[165.6405078460896 146.72292216408593 -24.47709029411037; 209.04081435177193 159.5784836763032 -51.76477828818504; -172.57922451547108 -143.15388571028808 -8.129195165207259; 163.38513637622037 146.75658820493024 -25.504962087390062; -127.96310834281213 -108.65737182033612 9.107311913432127; 106.39306215401562 94.24516700173875 -19.15561869986375; 135.12880579603694 119.62339354846213 -22.07116776809926; 106.35473263550294 93.16319290634904 -20.20500031843457; 339.6764354637839 298.8554359143916 -44.76887403715309; -32.16459795338293 -35.77535688043184 -17.183223746058182; 192.29774010189647 172.46230582890834 -29.643766688445155; 4.731370806575585 26.32715370742941 38.50809754320823; -128.01627013344742 -111.20809559914814 9.134189829370088; 75.21244754611612 68.50832545306778 -15.687858937377921; -211.6160793687677 -187.51149991476998 21.208677286213508; -10.806546669664193 -6.657239788370124 -5.542428211857469; 252.64467109297038 224.30759663844495 -36.550218177904; 197.06418706428036 221.9180574348662 -64.16381561039691; -330.9934663867333 -290.00248938504166 33.51859305539216; -127.80436838362517 -108.65532660746952 10.187413083078972; 19.231799974847217 17.691448554069037 -8.047214557188886; -242.35932208874542 -211.83992292865747 24.709560756064064; -303.4501284523762 -264.82003633227697 30.95201304974348; 77.88285531267626 69.39143417877129 -15.630466276993362]
npts :	24
nout :	5
model :	(x,t) -> (x[1]-t[1])^2 + (x[2]-t[2])^2 +(x[3]-t[3])^2 - t[4]^2
dim :	3
cluster :	false
noise :	true
solution :	[-6.7, -5.9, 0.8, 50.0]
description :	[[4.4, 5.0, -6.1]]
