name :	plane
data :	[137.84996637148254 -11.805495741683458 -308.65976611094067; 68.2539018221206 83.46817180048475 -142.13029226447412; -214.959855182455 -266.40941877442106 -387.9202035604874; 23.35194891216266 43.750818805769704 207.7211706573273; 232.8818726814484 -122.93840310271057 371.980364725302; 270.1028355597394 -60.74045664094534 251.6952770276565; 2.032682414520547 61.34420832531765 -173.47745193774404; 172.42175677531486 -102.67753069766688 140.56829272761792; -205.51335047760048 20.445088801555258 -169.83438433318062; 110.57231269800012 15.784787177448692 33.06049458515436; 46.472835572019065 176.00271635615962 100.07899741403554; -66.96993462934766 -35.7446722560359 -18.46363774133949; -47.18919079319567 206.39694479098085 251.49149502713055; -91.40162919075412 213.8592507304316 428.170602507386; -156.93416436542853 36.00499547347181 107.19959315030762]
npts :	15
nout :	0
model :	(x,t) -> x[1]*t[1] + x[2]*t[2] + x[3]*t[3] + t[4]
dim :	4
cluster :	false
noise :	true
solution :	[-0.13181243254912403, 0.9666245053602429, -0.2196873875818734, 3.119560903662602]
description :	[[-5.0, 3.0, 2.0], [-5.0, 3.0, 2.0]]
