name :	sphere2D
data :	[162.2 28.0; 161.017115146614 45.29316443522332; 158.19049549317052 41.66418993694208; 151.68583529119255 78.59693841047266; 142.31126437740406 104.48716165450006; 133.71533391946133 108.1481689294087; 121.88424918876908 120.81616746332175; 108.43840090858812 131.75517641232614; 93.62825979185632 140.76142273710167; 77.72971074571527 147.6671371090902; 40.838913657684486 147.843679135655; 53.56678649731322 131.10393368719846; 26.5332135026868 154.70393368719846; 32.66108634231553 148.14367913565502; -7.329710745715239 147.66713710909022; -5.128259791856312 151.96142273710166; -38.038400908588116 131.75517641232614; -51.48424918876904 120.81616746332178; -63.315333919461295 108.14816892940873; -73.31126437740402 93.9871616545001; -81.28583529119254 78.59693841047266; -87.09049549317051 62.26418993694208; -76.71711514661399 64.29316443522333; -91.8 28.000000000000014; -86.417115146614 3.6068355647767056; -87.09049549317052 -6.264189936942053; -81.28583529119256 -22.59693841047263; -73.31126437740404 -37.98716165450007; -63.31533391946131 -52.1481689294087; -51.48424918876907 -64.81616746332175; -38.03840090858813 -75.75517641232614; -15.628259791856284 -80.06142273710167; -7.329710745715268 -91.66713710909019; 9.361086342315527 -96.34367913565501; 22.033213502686742 -117.90393368719847; 43.86678649731322 -98.70393368719847; 45.238913657684435 -100.14367913565502; 101.12971074571524 -68.7671371090902; 93.62825979185627 -84.7614227371017; 108.43840090858811 -75.75517641232616; 121.88424918876909 -64.81616746332175; 133.71533391946127 -52.14816892940874; 143.71126437740406 -37.987161654500056; 151.68583529119252 -22.596938410472724; 157.4904954931705 -6.2641899369420955; 139.617115146614 3.806835564776602; 143.39999999999998 23.999999999999968]
npts :	47
nout :	14
model :	(x,t) -> (x[1]-t[1])^2 + (x[2]-t[2])^2 - t[3]^2
dim :	3
cluster :	false
noise :	true
solution :	[35.2, 28.0, 127.0]
description :	type3: test sphere2d with noise and outliers
