name :	sphere2D
data :	[0.399999999999999 30.3; 2.5416610826176225 29.31483303463619; 2.0695938849125888 31.586545109669412; 0.8925921255927012 35.97281852738611; 0.2251298772903052 35.83292715060237; -1.112908058024864 37.7284950535429; -2.6965965652828814 39.42421139272811; -1.5964345240472593 37.68848818117751; -6.478894358570413 42.094048712840376; -8.607046593093234 43.01843567601995; -13.541247778105227 46.844429490599495; -13.139878972800593 43.96036907623916; -15.960121027199406 46.26036907623916; -17.758752221894774 43.64442949059949; -19.992953406906764 43.01843567601995; -22.121105641429587 42.094048712840376; -22.903565475952743 37.58848818117752; -25.903403434717116 39.42421139272811; -26.687091941975137 35.8284950535429; -28.8251298772903 35.83292715060237; -29.892592125592703 33.77281852738611; -30.669593884912587 31.586545109669412; -31.141661082617624 29.314833034636194; -31.3 27.000000000000004; -31.141661082617624 24.685166965363813; -30.66959388491259 22.41345489033059; -31.392592125592707 19.8271814726139; -26.42512987729031 17.367072849397626; -25.387091941975136 13.571504946457104; -25.90340343471712 14.57578860727189; -24.103565475952742 13.111511818822486; -22.121105641429583 11.905951287159619; -23.19295340690677 13.481564323980052; -17.758752221894774 10.355570509400511; -15.460121027199413 10.039630923760836; -13.139878972800593 10.039630923760836; -10.841247778105235 10.355570509400508; -7.0070465930932375 12.281564323980053; -3.578894358570423 12.105951287159614; -4.496434524047261 13.111511818822482; -2.696596565282878 14.57578860727189; -1.1129080580248676 16.2715049464571; 0.2251298772903052 18.167072849397627; 1.292592125592698 20.227181472613886; 2.0695938849125852 22.413454890330584; 1.6416610826176186 27.885166965363798; 2.6999999999999993 26.999999999999996]
npts :	47
nout :	14
model :	(x,t) -> (x[1]-t[1])^2 + (x[2]-t[2])^2 - t[3]^2
dim :	3
cluster :	false
noise :	true
solution :	[-14.3, 27.0, 17.0]
description :	type3: test sphere2d with noise and outliers
