name :	sphere2D
data :	[61.3 -29.8; 97.32680687415704 -40.78268990399346; 57.62616959383188 -27.736264418300085; 70.95454576426008 2.0736643075800103; 64.40480961564259 14.391926423320491; 74.20444431189782 15.778760968653925; 46.51306063588583 35.714482547739415; 35.51929034707468 44.30375725550417; 23.437114678907747 51.279404629916705; 10.501699437494747 56.50565162951535; -3.0351822333069585 59.8807753012208; -16.91005032974989 61.33908270190957; -30.85284632676533 60.85218953682733; -44.89218955996675 76.22957262759965; -57.86065934159121 54.118385456678745; -70.39999999999998 48.002540378443875; -81.96614753256583 40.2010753606722; -92.33398003386509 30.865837045899745; -88.60169943749473 13.57852522924732; -100.8947592858927 -11.352843721410931; -114.36926207859082 -4.397985667433112; -118.21476007338057 -17.80883091822407; -120.15640502598242 -31.62435262558745; -120.15640502598242 -45.575647374412526; -118.21476007338057 -59.39116908177591; -130.76926207859086 -89.00201433256687; -108.6947592858927 -85.54715627858906; -101.30169943749473 -97.3785252292473; -92.33398003386512 -108.06583704589974; -81.9661475325658 -117.40107536067222; -70.40000000000003 -125.20254037844384; -57.86065934159123 -131.31838545667873; -44.592189559966776 -135.62957262759966; -30.852846326765334 -138.05218953682734; -29.91005032974996 -141.43908270190957; -3.035182233307001 -137.08077530122083; 16.901699437494727 -125.20565162951536; 39.137114678907736 -141.4794046299167; 42.6192903470747 -114.50375725550415; 46.513060635885786 -112.91448254773945; 56.20444431189778 -102.87876096865395; 64.40480961564259 -91.5919264233205; 65.35454576426011 -88.27366430758002; 75.72616959383186 -66.16373558169998; 78.62680687415704 -52.51731009600659; 79.6 -38.60000000000002]
npts :	46
nout :	13
model :	(x,t) -> (x[1]-t[1])^2 + (x[2]-t[2])^2 - t[3]^2
dim :	3
cluster :	false
noise :	true
solution :	[-20.4, -38.6, 100.0]
description :	type3: test sphere2d with noise and outliers
