name :	sphere2D
data :	[124.1 -21.1; 122.192987164597 -0.5200540045441215; 116.53688969328785 19.359066612961122; 109.32431920171679 38.76040224226384; 94.86899872871382 54.35391208841441; 79.59507927447672 68.27792945538681; 62.02269584697229 79.158288631767; 42.75025488807329 86.62447203535572; 22.434056259889825 90.42222774504387; 5.065943740110189 106.82222774504388; -18.550254888073283 86.62447203535572; -30.322695846972273 73.858288631767; -55.39507927447671 68.27792945538684; -77.06899872871382 58.65391208841443; -83.12431920171677 37.86040224226388; -92.33688969328786 19.359066612961122; -97.99298716459701 -0.5200540045441215; -105.30000000000001 -24.19999999999999; -97.99298716459701 -41.67994599545585; -92.33688969328787 -61.559066612961104; -83.12431920171679 -80.06040224226385; -70.66899872871383 -96.55391208841442; -55.39507927447672 -110.4779294553868; -28.42269584697226 -113.15828863176698; -18.55025488807331 -128.82447203535574; 1.7659437401101847 -132.6222277450439; 22.434056259889772 -132.6222277450439; 48.25025488807327 -128.82447203535574; 62.022695846972226 -121.35828863176701; 79.59507927447669 -110.47792945538686; 94.86899872871382 -96.55391208841439; 121.32431920171675 -58.160402242263885; 120.13688969328784 -76.85906661296114; 142.19298716459699 -50.37994599545595; 124.1 -21.10000000000003]
npts :	35
nout :	10
model :	(x,t) -> (x[1]-t[1])^2 + (x[2]-t[2])^2 - t[3]^2
dim :	3
cluster :	false
noise :	true
solution :	[12.1, -21.1, 112.0]
description :	type3: test sphere2d with noise and outliers
