name :	sphere2D
data :	[88.8 16.9; 79.29301131863224 58.55283895528558; 52.65502097843842 91.95582231693086; -0.23799034019381438 94.99307956945506; -28.562009659806176 110.49307956945506; -57.65502097843842 105.05582231693086; -93.69301131863223 58.55283895528559; -113.10000000000001 1.2000000000000064; -93.69301131863224 -24.75283895528557; -67.05502097843844 -58.15582231693086; -28.5620096598062 -76.69307956945508; 14.162009659806166 -76.69307956945508; 52.6550209784384 -58.15582231693087; 79.29301131863222 -24.752838955285604; 92.89999999999999 16.899999999999974]
npts :	15
nout :	4
model :	(x,t) -> (x[1]-t[1])^2 + (x[2]-t[2])^2 - t[3]^2
dim :	3
cluster :	false
noise :	true
solution :	[-7.2, 16.9, 96.0]
description :	type3: test sphere2d with noise and outliers
