name :	sphere2D
data :	[103.2 -15.700000000000001; 110.75644536375755 30.438933271955573; 85.99314140424437 70.43304238675933; 48.4545095393969 98.78090129344798; 3.2103500113026584 111.65397456576441; -21.82886272922661 131.21368232612085; -85.7372334565448 86.34620509187067; -117.42779337339059 51.58331684830158; -134.42055675953944 7.719938280521006; -134.42055675953944 -39.31993828052097; -139.7277933733906 -73.08331684830155; -85.73723345654483 -117.94620509187064; -45.52886272922664 -158.21368232612085; 3.210350011302598 -143.25397456576442; 48.454509539396824 -130.380901293448; 85.99314140424438 -102.0330423867593; 110.75644536375755 -62.038933271955585; 104.2 -29.70000000000003]
npts :	18
nout :	5
model :	(x,t) -> (x[1]-t[1])^2 + (x[2]-t[2])^2 - t[3]^2
dim :	3
cluster :	false
noise :	true
solution :	[-8.6, -15.8, 128.0]
description :	type3: test sphere2d with noise and outliers
