name :	sphere2D
data :	[62.7 -11.1; 62.10390054632517 -2.3853344578402176; 60.32670639025916 6.166993354049554; 57.401523296349 14.397669750159453; 65.28284189097528 14.553372802267747; 48.34552260508287 29.289628436867375; 42.38340116599387 35.673501713799936; 35.007540615351495 36.38607315266829; 28.14416241479374 45.72465397775201; 20.13229517894312 49.204699015604504; 11.72118483536856 51.561381611668665; -3.6324855446610558 55.750801228194504; -5.667514455338936 52.750801228194504; -8.821184835368554 53.061381611668665; -22.732295178943115 49.20469901560451; -30.744162414793735 45.72465397775201; -38.20754061535149 41.18607315266829; -44.283401165993844 31.57350171379995; -50.94552260508286 29.28962843686739; -55.98284189097525 22.153372802267768; -54.30152329634899 14.097669750159449; -62.92670639025915 6.166993354049554; -64.70390054632517 -2.385334457840214; -65.3 -11.099999999999993; -64.70390054632517 -19.81466554215977; -62.926706390259156 -28.36699335404954; -53.301523296348996 -30.49766975015943; -55.982841890975266 -44.35337280226776; -41.74552260508287 -43.08962843686738; -44.98340116599386 -57.87350171379994; -29.707540615351498 -62.48607315266829; -28.04416241479372 -67.62465397775202; -18.93229517894313 -65.10469901560451; -14.321184835368555 -73.76138161166867; -5.667514455338966 -74.9508012281945; 3.0675144553389435 -74.9508012281945; 11.72118483536853 -73.76138161166867; 20.132295178943107 -71.4046990156045; 28.1441624147937 -67.92465397775203; 31.10754061535149 -74.5860731526683; 42.383401165993874 -57.87350171379994; 48.345522605082856 -51.4896284368674; 53.38284189097527 -44.35337280226775; 57.401523296348984 -36.59766975015948; 60.326706390259154 -28.366993354049562; 70.90390054632516 -10.914665542159822; 69.3 -16.500000000000014]
npts :	47
nout :	14
model :	(x,t) -> (x[1]-t[1])^2 + (x[2]-t[2])^2 - t[3]^2
dim :	3
cluster :	false
noise :	true
solution :	[-1.3, -11.1, 64.0]
description :	type3: test sphere2d with noise and outliers
