name :	sphere2D
data :	[24.5 -37.6; 23.706267664155906 -34.89679591272201; 21.57707506500943 -33.05184002322741; 18.888425808633578 -32.050892790595334; 16.225696330273575 -33.82125212822871; 14.702535131927513 -36.191337215792856; 14.702535131927512 -39.00866278420715; 16.225696330273575 -41.378747871771296; 18.788425808633573 -42.54910720940467; 22.57707506500943 -41.8481599767726; 23.206267664155906 -40.30320408727799; 24.5 -37.6]
npts :	12
nout :	3
model :	(x,t) -> (x[1]-t[1])^2 + (x[2]-t[2])^2 - t[3]^2
dim :	3
cluster :	false
noise :	true
solution :	[19.5, -37.6, 5.0]
description :	type3: test sphere2d with noise and outliers
