name :	sphere2D
data :	[169.7 -12.5; 160.94127261390778 32.19734964313366; 137.3184038479815 42.708475806565275; 131.97661222566515 86.96839873611928; 104.90971200967338 110.94757988404845; 72.89073305638034 127.75243640281224; 37.78050203829845 136.4063311147081; 19.119497961701565 123.30633111470812; -33.49073305638032 127.75243640281224; -65.50971200967335 110.94757988404847; -92.57661222566517 86.96839873611928; -113.11840384798147 57.2084758065653; -125.9412726139078 23.39734964313365; -153.20000000000002 -15.799999999999983; -125.94127261390783 -48.397349643133616; -109.71840384798149 -68.90847580656526; -92.57661222566519 -111.96839873611924; -65.50971200967338 -135.94757988404845; -33.49073305638039 -152.7524364028122; 1.6194979617014624 -161.4063311147081; 58.98050203829848 -174.0063311147081; 72.89073305638034 -152.75243640281224; 104.90971200967334 -135.94757988404848; 131.97661222566512 -111.96839873611933; 150.11840384798148 -88.90847580656526; 173.04127261390778 -58.49734964313367; 169.7 -12.500000000000037]
npts :	27
nout :	8
model :	(x,t) -> (x[1]-t[1])^2 + (x[2]-t[2])^2 - t[3]^2
dim :	3
cluster :	false
noise :	true
solution :	[19.7, -12.5, 150.0]
description :	type3: test sphere2d with noise and outliers
