name :	sphere2D
data :	[33.3 35.2; 31.226488634489648 51.613532552880415; 25.136240882894995 66.99574249071321; 15.411929409813162 80.38010899129345; 10.364568468613767 97.825643083133; -2.504878371253474 86.06973007548012; -36.65582571106531 102.36976407626592; -45.06716676265783 100.03095854809345; -60.8014332432948 94.91858546275728; -74.76998332341353 86.0538740232021; -86.09512162874653 73.99382665130324; -94.06524806862458 59.49622047718876; -98.17957028675553 43.4719934152441; -98.17957028675555 26.92800658475592; -104.8652480686246 24.10377952281126; -86.09512162874654 -3.5938266513032175; -74.26998332341351 -17.55387402320209; -60.80143324329482 -24.518585462757272; -45.06716676265783 -29.630958548093446; -39.35582571106536 -30.869764076265923; -12.304878371253487 -27.569730075480138; 2.664568468613787 -20.525643083132984; 15.41192940981314 -9.98010899129347; 17.436240882894992 -3.4957424907132104; 31.22648863448964 18.78646744711955; 33.3 35.19999999999999]
npts :	26
nout :	7
model :	(x,t) -> (x[1]-t[1])^2 + (x[2]-t[2])^2 - t[3]^2
dim :	3
cluster :	false
noise :	true
solution :	[-32.7, 35.2, 66.0]
description :	type3: test sphere2d with noise and outliers
