name :	sphere2D
data :	[20.8 12.8; 17.828055515396173 18.568636898012965; 19.719265280890056 19.450027869830922; 21.794576538717408 21.75918661291914; 16.588298031473524 25.415587548997557; 16.247211423701586 27.945251394220108; 11.729359681354275 30.082661183766785; 8.80254378946414 31.772459126818028; 5.642566742245507 32.970880344258816; 2.331270285361783 33.646886356059134; -1.0455847422977176 33.78296896160296; -4.400539569296932 33.37560369288762; -3.5467026278932448 32.935341096393714; -12.899999999999995 27.286533479473214; -12.281352887502921 27.36670419838075; -14.118725711593124 27.1255758230567; -19.148991796419686 19.823782348683828; -23.719568316835307 22.031298807061578; -20.58977816594709 17.825628950038713; -21.131903470818408 14.489797943051249; -19.731903470818413 13.610202056948758; -22.789778165947094 9.974371049961295; -19.519568316835308 4.568701192938427; -17.94899179641969 1.5762176513161794; -19.918725711593126 -2.925575823056694; -13.481352887502917 -3.4667041983807465; -10.700000000000008 -5.386533479473208; -7.646702627893254 -6.835341096393709; -4.400539569296936 -7.775603692887621; -1.045584742297718 -8.18296896160296; 2.331270285361787 -8.046886356059133; 5.642566742245493 -7.370880344258822; 8.80254378946413 -6.17245912681803; 11.729359681354268 -4.482661183766787; 14.347211423701586 -2.3452513942201048; 16.588298031473524 0.18441245100244252; 18.394576538717413 3.040813387080865; 19.719265280890053 6.149972130169067; 20.528055515396172 9.431363101987028; 20.8 12.799999999999995]
npts :	40
nout :	12
model :	(x,t) -> (x[1]-t[1])^2 + (x[2]-t[2])^2 - t[3]^2
dim :	3
cluster :	false
noise :	true
solution :	[-0.2, 12.8, 21.0]
description :	type3: test sphere2d with noise and outliers
