name :	sphere2D
data :	[102.6 34.7; 74.32277935468757 56.10852675024632; 73.50139029670231 119.46135435117417; 40.07884582089492 150.22897400022896; -7.123002774569704 157.37723669962762; -46.79594967518185 172.22866003492044; -90.83396860210978 161.07671907839793; -128.86485688435224 136.22989967289217; -151.66737766649547 106.18074023911616; -171.5178598695757 57.4140534587413; -198.61785986957568 -5.214053458741258; -156.7673776664955 -30.980740239116145; -128.86485688435226 -66.82989967289215; -94.53396860210985 -86.7767190783979; -46.795949675181916 -102.82866003492045; -1.5230027745697683 -99.07723669962759; 40.07884582089488 -80.82897400022897; 87.00139029670228 -62.46135435117419; 95.12277935468757 -10.108526750246355; 102.6 34.69999999999997]
npts :	20
nout :	6
model :	(x,t) -> (x[1]-t[1])^2 + (x[2]-t[2])^2 - t[3]^2
dim :	3
cluster :	false
noise :	true
solution :	[-35.4, 34.7, 138.0]
description :	type3: test sphere2d with noise and outliers
