name :	sphere2D
data :	[64.9 -17.1; 53.71462538527334 15.395051290363499; 41.57549632348242 27.34112875825744; 17.408980733787445 36.506279201294916; -8.248663900296913 33.3908771050124; -29.519580401239466 18.708623545002936; -51.03085814100681 -7.2769541284718855; -41.53085814100682 -30.023045871528105; -26.319580401239474 -60.20862354500293; -8.248663900296938 -67.5908771050124; 17.408980733787452 -70.70627920129492; 41.575496323482405 -61.54112875825746; 58.71462538527334 -42.195051290363494; 65.9 -27.200000000000017]
npts :	14
nout :	4
model :	(x,t) -> (x[1]-t[1])^2 + (x[2]-t[2])^2 - t[3]^2
dim :	3
cluster :	false
noise :	true
solution :	[10.9, -17.1, 54.0]
description :	type3: test sphere2d with noise and outliers
