name :	sphere2D
data :	[118.1 -1.1; 97.60188677901911 75.39999999999999; 44.80000000000002 115.20188677901912; -34.89999999999999 151.9; -111.39999999999998 131.40188677901912; -167.40188677901912 75.39999999999999; -187.9 -1.0999999999999814; -167.40188677901915 -77.59999999999995; -96.30000000000007 -108.50188677901909; -58.00000000000003 -183.0; 41.600000000000016 -133.6018867790191; 97.60188677901905 -77.60000000000007; 118.1 -1.1000000000000376]
npts :	13
nout :	3
model :	(x,t) -> (x[1]-t[1])^2 + (x[2]-t[2])^2 - t[3]^2
dim :	3
cluster :	false
noise :	true
solution :	[-34.9, -1.1, 153.0]
description :	type3: test sphere2d with noise and outliers
