name :	sphere2D
data :	[129.7 -0.2; 101.58225099390857 67.68225099390855; 33.70000000000001 111.69999999999999; -34.18225099390855 67.68225099390857; -60.4 2.4000000000000097; -34.18225099390857 -68.08225099390856; 33.69999999999999 -96.2; 101.58225099390854 -68.08225099390857; 129.7 -0.20000000000002352]
npts :	9
nout :	2
model :	(x,t) -> (x[1]-t[1])^2 + (x[2]-t[2])^2 - t[3]^2
dim :	3
cluster :	false
noise :	true
solution :	[33.7, -0.2, 96.0]
description :	type3: test sphere2d with noise and outliers
