name :	sphere2D
data :	[136.5 -36.0; 110.56702190760798 0.14704831246182692; 131.98669109938606 -0.9956674204879832; 126.414512513751 15.786846673353622; 118.74198116902774 31.71902217654342; 109.09507981777801 46.53925320778781; 97.63221031348641 60.00419198328112; 84.54159265650523 71.89274458058811; 70.03817442685248 82.00970129473777; 54.36010135089034 90.18894197618212; 37.76480695508248 96.29616371905917; 20.524785514606346 100.23108611119412; 2.923117704888436 101.92909783569493; -14.751177575260083 101.36231758698935; -21.00788888597138 103.14005188109167; -49.160377510140435 93.50864224286696; -79.73028405323525 69.65070427947401; -82.85209909685939 93.58377113437993; -94.27752285606174 66.15836359639354; -112.37954225494055 33.5555185524748; -117.15615847507401 39.28381636705572; -125.83370377053383 23.875955998223034; -132.46969308747228 7.484934087259681; -115.25516366476701 -35.12010923921059; -139.2164641995464 -27.158309642661575; -162.3164641995464 -22.841690357338393; -136.955163664767 -62.37989076078938; -132.46969308747228 -79.48493408725965; -110.13370377053384 -70.875955998223; -117.15615847507402 -111.28381636705569; -81.27954225494058 -143.45551855247476; -94.27752285606175 -138.1583635963935; -80.45209909685946 -149.18377113437987; -65.33028405323527 -158.350704279474; -39.96037751014053 -157.8086422428669; -32.207888885971414 -170.54005188109167; -23.951177575260054 -196.06231758698934; -21.77688229511163 -197.32909783569494; 20.524785514606343 -172.23108611119412; 37.76480695508241 -168.2961637190592; 54.36010135089033 -162.18894197618212; 96.63817442685237 -138.3097012947378; 80.5415926565052 -159.99274458058812; 97.63221031348642 -132.0041919832811; 95.99507981777799 -134.33925320778783; 118.74198116902774 -103.71902217654342; 126.41451251375099 -87.7868466733537; 131.98669109938604 -71.00433257951204; 135.36702190760795 -53.64704831246192; 136.5 -36.000000000000036]
npts :	50
nout :	15
model :	(x,t) -> (x[1]-t[1])^2 + (x[2]-t[2])^2 - t[3]^2
dim :	3
cluster :	false
noise :	true
solution :	[-1.5, -36.0, 138.0]
description :	type3: test sphere2d with noise and outliers
