name :	sphere2D
data :	[118.4 7.1; 117.35606611410928 22.69457377873212; 115.94289348136206 32.61086201894045; 109.11603674114217 52.775545194128895; 102.06698477343632 66.72514718325434; 72.72152807760334 81.81073700834864; 82.73751403793315 91.20237101371772; 70.80203013333458 101.29319621592485; 57.62806535684201 109.70314160018056; 43.450709421988996 116.28213149186749; 28.522957581300822 120.91276366050934; 13.111195920019519 123.51240436535497; 9.890447690102084 125.93466295643978; -18.060534486226214 122.47021971683334; -33.26424296361916 118.84699217320875; -47.84936720411518 113.22963690691788; -61.5556353201146 105.71839575576526; -74.13845863237988 96.44730699603785; -85.37329636081103 85.58181342628914; -88.05966255998597 75.71581003667961; -103.02470379560609 59.86818394828395; -109.12628371812647 45.478908367229614; -113.25551948928064 30.404760257148844; -100.33872479890891 22.21473814817924; -95.03872479890892 22.08526185182079; -113.25551948928066 -16.20476025714882; -109.12628371812649 -31.278908367229583; -103.0247037956061 -45.66818394828392; -95.05966255998598 -59.1158100366796; -85.37329636081104 -71.38181342628913; -74.1384586323799 -82.24730699603784; -40.55563532011462 -78.71839575576526; -55.94936720411521 -115.72963690691788; -33.26424296361918 -104.64699217320876; -18.060534486226217 -108.27021971683335; -19.509552309897924 -116.6346629564398; 27.711195920019513 -127.41240436535497; 28.52295758130082 -106.71276366050935; 38.85070942198902 -90.1821314918675; 57.62806535684203 -95.50314160018056; 70.80203013333451 -87.0931962159249; 82.7375140379331 -77.00237101371778; 73.0215280776033 -51.2107370083487; 118.36698477343629 -69.72514718325439; 102.61603674114215 -31.475545194128937; 114.24289348136205 -23.810862018940497; 117.35606611410927 -8.494573778732159; 118.4 7.099999999999971]
npts :	48
nout :	14
model :	(x,t) -> (x[1]-t[1])^2 + (x[2]-t[2])^2 - t[3]^2
dim :	3
cluster :	false
noise :	true
solution :	[1.4, 7.1, 117.0]
description :	type3: test sphere2d with noise and outliers
