name :	sphere2D
data :	[59.8 -19.1; 56.02086046999037 -20.252176502726797; 55.188025343327 -15.975744147076751; 53.815169749764735 -11.840921834101282; 51.92483594019524 -7.915603231866115; 49.548063143510525 -4.264241963298659; 46.723877903322744 -0.9467932794814651; 43.49865326319694 1.982270403913013; 39.925347322557855 4.474853942181767; 36.06263366616139 6.490029182537622; 31.973937945455106 7.994707003246461; 27.726396431134898 8.9641806360913; 23.389753637436282 9.382531350823385; 19.83521711913882 7.642889840272738; 14.734288245485313 8.547549014182003; 10.557588149675546 7.307926349691854; 10.473698131811608 2.944376416682002; -0.05196644415376106 9.785856656296502; -0.558230268884774 0.5694519005607255; -5.289162584550568 -3.2602345595351965; -9.694995566322579 -7.951813358841347; -1.9329415086822461 -5.347952870003022; -9.967895398362732 -13.886320587196892; -11.073011337696219 -18.100606624153336; -11.630143353511432 -22.421612520655753; -11.630143353511432 -26.778387479344243; -11.073011337696219 -31.09939337584666; -9.967895398362732 -35.313679412803104; -6.532941508682251 -44.45204712999698; -6.194995566322582 -43.148186641158645; -7.089162584550579 -43.7397654404648; -0.5582302688847776 -49.769451900560725; 2.8480335558462215 -52.48585665629649; 6.5736981318116 -54.744376416682; 10.557588149675523 -56.50792634969185; 14.734288245485304 -57.747549014182006; 19.035217119138828 -58.44288984027274; 16.989753637436266 -53.58253135082339; 27.726396431134898 -58.16418063609131; 29.47393794545509 -59.69470700324647; 36.06263366616139 -55.69002918253763; 37.92534732255783 -56.174853942181784; 43.498653263196935 -51.18227040391302; 46.723877903322744 -48.253206720518534; 49.54806314351052 -44.93575803670135; 53.92483594019524 -47.98439676813389; 53.815169749764735 -37.35907816589874; 61.688025343327 -32.52425585292326; 56.02086046999037 -28.947823497273227; 51.0 -18.20000000000001]
npts :	50
nout :	15
model :	(x,t) -> (x[1]-t[1])^2 + (x[2]-t[2])^2 - t[3]^2
dim :	3
cluster :	false
noise :	true
solution :	[22.3, -24.6, 34.0]
description :	type3: test sphere2d with noise and outliers
