name :	sphere2D
data :	[189.0 -4.1; 193.5633938612736 49.625870366966616; 193.8559877322895 88.15528199792686; 153.8748686773528 96.2818580992561; 128.3818580992561 121.7748686773528; 97.85528199792687 140.9559877322895; 63.825870366966626 152.8633938612736; 28.00000000000001 156.9; -7.825870366966612 152.8633938612736; -41.85528199792685 140.9559877322895; -72.38185809925609 121.77486867735283; -97.87486867735278 96.28185809925611; -117.05598773228945 65.75528199792689; -128.9633938612736 31.72587036696663; -158.3 -26.69999999999998; -128.9633938612736 -39.9258703669666; -117.05598773228948 -73.95528199792683; -103.77486867735283 -110.68185809925608; -72.38185809925612 -129.9748686773528; -41.85528199792688 -149.15598773228945; -27.225870366966646 -143.0633938612736; 27.99999999999997 -165.1; 49.625870366966595 -140.3633938612736; 97.85528199792682 -149.1559877322895; 128.38185809925608 -129.97486867735282; 161.37486867735277 -83.58185809925612; 173.05598773228945 -73.95528199792689; 184.96339386127357 -39.925870366966656; 211.2 -17.00000000000004]
npts :	29
nout :	8
model :	(x,t) -> (x[1]-t[1])^2 + (x[2]-t[2])^2 - t[3]^2
dim :	3
cluster :	false
noise :	true
solution :	[28.0, -4.1, 161.0]
description :	type3: test sphere2d with noise and outliers
