name :	sphere2D
data :	[103.7 32.6; 95.41902898736913 55.28624600739541; 88.00747551448976 96.26707456999628; 69.24597249944085 123.44780417898895; 44.52487030216837 145.34878962743093; 15.280869524827374 160.69722524790183; -43.38647480502075 147.9011157514334; -49.813525194979235 168.60111575143338; -65.78086952482735 147.09722524790183; -121.62487030216833 172.44878962743093; -135.84597249944085 123.44780417898895; -154.60747551448975 96.26707456999631; -166.3190289873691 65.38624600739541; -170.3 32.600000000000016; -166.31902898736917 -0.18624600739536845; -154.60747551448975 -31.06707456999628; -122.14597249944087 -43.647804178988906; -111.12487030216836 -80.14878962743092; -81.88086952482742 -95.49722524790181; -49.81352519497933 -103.4011157514334; -16.78647480502072 -103.4011157514334; 15.280869524827374 -95.49722524790184; 22.524870302168324 -86.84878962743095; 69.24597249944081 -58.24780417898898; 70.40747551448976 -47.267074569996275; 99.71902898736913 -0.1862460073954182; 115.5 53.49999999999997]
npts :	27
nout :	8
model :	(x,t) -> (x[1]-t[1])^2 + (x[2]-t[2])^2 - t[3]^2
dim :	3
cluster :	false
noise :	true
solution :	[-33.3, 32.6, 137.0]
description :	type3: test sphere2d with noise and outliers
