name :	sphere2D
data :	[71.2 -18.4; 69.58596355387137 -2.012412950645224; 69.40588073094808 9.345408318667543; 57.0434474334138 28.26789957364658; 46.59696961966999 40.99696961966999; 36.5678995736466 48.0434474334138; 21.245408318667547 74.40588073094808; 3.587587049354781 63.985963553871365; -12.799999999999995 65.6; -29.187587049354768 63.985963553871365; -44.94540831866753 59.20588073094809; -47.46789957364656 46.74344743341381; -72.19696961966999 40.99696961967; -82.64344743341381 28.26789957364658; -90.40588073094808 13.74540831866755; -81.58596355387137 -0.9124129506451957; -96.8 -18.399999999999988; -95.18596355387136 -34.787587049354784; -96.50588073094809 -56.84540831866753; -82.64344743341381 -65.06789957364657; -72.19696961967 -77.79696961967; -59.46789957364658 -88.24344743341379; -44.94540831866759 -96.00588073094806; -12.387587049354806 -113.88596355387133; -12.800000000000017 -102.4; 5.787587049354777 -100.28596355387137; 19.345408318667562 -96.00588073094806; 33.867899573646554 -88.24344743341382; 46.59696961966998 -77.79696961967; 57.0434474334138 -65.06789957364657; 64.80588073094808 -50.54540831866759; 68.88596355387135 -50.88758704935481; 71.2 -18.40000000000002]
npts :	33
nout :	9
model :	(x,t) -> (x[1]-t[1])^2 + (x[2]-t[2])^2 - t[3]^2
dim :	3
cluster :	false
noise :	true
solution :	[-12.8, -18.4, 84.0]
description :	type3: test sphere2d with noise and outliers
