name :	sphere2D
data :	[117.7 -13.3; 110.18366544874486 31.30295472466237; 49.983665448744844 79.90353859692505; -10.583665448744838 79.90353859692506; -59.58366544874484 44.30295472466237; -78.3 -13.299999999999988; -59.58366544874485 -70.90295472466235; 0.9163345512551366 -110.00353859692504; 58.58366544874483 -98.60353859692505; 98.98366544874484 -70.9029547246624; 117.7 -13.300000000000026]
npts :	11
nout :	3
model :	(x,t) -> (x[1]-t[1])^2 + (x[2]-t[2])^2 - t[3]^2
dim :	3
cluster :	false
noise :	true
solution :	[19.7, -13.3, 98.0]
description :	type3: test sphere2d with noise and outliers
