name :	sphere2D
data :	[70.0 -36.1; 66.95921756251954 -13.97666476512401; 58.062391172812056 6.505883902905552; 48.76935774392963 19.228549070806167; 29.42533309395448 38.20658790899477; 4.683393070315969 44.184895189950474; -17.595877895903012 45.70883907362421; -39.46012819802087 41.16539561374328; -59.2877864134191 30.89153122685625; -75.60832583776241 15.649211434736344; -98.21132672344714 -16.731110632608214; -77.93624757497912 -30.334334774107777; -94.23624757497912 -61.16566522589221; -100.51132672344716 -78.56888936739178; -75.60832583776242 -87.84921143473633; -59.28778641341911 -103.09153122685623; -39.46012819802088 -113.36539561374326; -17.59587789590305 -117.90883907362422; 4.68339307031593 -116.3848951899505; 25.725333093954433 -108.9065879089948; 43.96935774392965 -96.02854907080618; 58.062391172812056 -78.70588390290555; 66.95921756251954 -58.223335234876004; 76.6 -20.20000000000002]
npts :	24
nout :	7
model :	(x,t) -> (x[1]-t[1])^2 + (x[2]-t[2])^2 - t[3]^2
dim :	3
cluster :	false
noise :	true
solution :	[-12.0, -36.1, 82.0]
description :	type3: test sphere2d with noise and outliers
