name :	sphere2D
data :	[49.5 -15.9; 41.32754963085076 14.599999999999996; 24.800000000000004 39.12754963085075; -1.599999999999996 51.300000000000004; -41.999999999999986 36.92754963085076; -64.32754963085077 14.599999999999996; -72.5 -15.899999999999993; -64.32754963085077 -46.399999999999984; -39.00000000000003 -68.02754963085074; -11.50000000000001 -76.9; 19.000000000000007 -68.72754963085076; 41.32754963085074 -46.40000000000003; 49.5 -15.900000000000015]
npts :	13
nout :	3
model :	(x,t) -> (x[1]-t[1])^2 + (x[2]-t[2])^2 - t[3]^2
dim :	3
cluster :	false
noise :	true
solution :	[-11.5, -15.9, 61.0]
description :	type3: test sphere2d with noise and outliers
