name :	sphere2D
data :	[99.0 -30.4; 78.17852804032304 -0.9909677983871727; 91.38795325112868 7.868343236508977; 62.84696123025452 25.257023301960217; 69.71067811865476 40.31067811865474; 54.55702330196023 52.74696123025452; 37.26834323650898 61.98795325112868; 21.709032201612832 75.47852804032304; -15.499999999999995 55.3; -20.50903220161282 67.67852804032304; -39.268343236508976 61.98795325112868; -56.55702330196019 52.746961230254534; -71.71067811865474 40.31067811865476; -84.14696123025453 25.157023301960216; -97.28795325112868 23.06834323650899; -99.07852804032305 -10.890967798387138; -96.3 -20.399999999999988; -99.07852804032305 -49.90903220161283; -93.38795325112868 -68.66834323650897; -84.14696123025455 -85.95702330196019; -71.71067811865477 -101.11067811865473; -56.557023301960214 -113.54696123025451; -39.26834323650903 -122.78795325112864; -20.509032201612868 -128.47852804032303; -5.600000000000018 -140.70000000000002; 18.50903220161283 -128.47852804032306; 37.268343236509 -122.78795325112867; 54.557023301960186 -113.54696123025454; 79.61067811865475 -82.11067811865476; 82.14696123025452 -85.95702330196022; 74.08795325112865 -54.46834323650903; 97.07852804032304 -49.909032201612874; 99.0 -30.400000000000023]
npts :	33
nout :	9
model :	(x,t) -> (x[1]-t[1])^2 + (x[2]-t[2])^2 - t[3]^2
dim :	3
cluster :	false
noise :	true
solution :	[-1.0, -30.4, 100.0]
description :	type3: test sphere2d with noise and outliers
