name :	sphere2D
data :	[128.1 20.6; 122.61175852747431 60.529922131239594; 106.55407187288031 97.49842460524417; 81.11786519636081 128.76372271316237; 71.98962558421053 169.40701232355153; 10.211489931789796 165.5044449769838; -39.39987717797129 174.45497784019977; -69.46218260130595 160.05461647358544; -110.14868767300032 154.11154416554544; -134.7052710242541 114.00101576025585; -155.64727262280707 79.56336129724373; -166.52152001337697 40.752664066244506; -191.82152001337698 -18.752664066244463; -155.64727262280707 -38.36336129724369; -134.70527102425413 -72.80101576025581; -105.24868767300035 -100.3115441655454; -69.46218260130598 -118.85461647358542; -35.69987717797136 -136.3549778401998; 10.211489931789732 -124.3044449769838; 48.18962558421044 -110.80701232355159; 81.11786519636084 -87.56372271316235; 78.65407187288031 -35.598424605244176; 122.61175852747428 -19.329922131239606; 106.19999999999999 -4.700000000000035]
npts :	24
nout :	7
model :	(x,t) -> (x[1]-t[1])^2 + (x[2]-t[2])^2 - t[3]^2
dim :	3
cluster :	false
noise :	true
solution :	[-19.9, 20.6, 148.0]
description :	type3: test sphere2d with noise and outliers
