name :	sphere2D
data :	[32.1 -37.9; 25.92228396175564 -23.92067400029616; 19.540265442750872 -15.917875903235313; 7.417981480995232 -7.8766580198180565; 0.08201851900477042 -11.476658019818057; -9.14026544275087 -15.91787590323531; -15.522283961755637 -23.92067400029616; -17.8 -33.9; -15.52228396175564 -43.87932599970383; -7.540265442750874 -52.382124096764684; 0.08201851900476509 -56.32334198018194; 12.517981480995228 -55.82334198018194; 19.54026544275087 -51.882124096764684; 25.922283961755635 -43.87932599970384; 28.2 -33.900000000000006]
npts :	15
nout :	4
model :	(x,t) -> (x[1]-t[1])^2 + (x[2]-t[2])^2 - t[3]^2
dim :	3
cluster :	false
noise :	true
solution :	[5.2, -33.9, 23.0]
description :	type3: test sphere2d with noise and outliers
