name :	sphere2D
data :	[83.5 20.5; 75.42340857304565 14.888424696748173; 77.78641396206159 34.24242268278062; 70.86152548880634 43.77371397864837; 61.78385936401284 51.28341249859471; 51.12379873562253 56.299656265872215; 39.55115441787774 58.50725623612877; 27.793078214470945 57.76750078424837; 16.588373296441585 54.126871465902916; 6.641072481811584 47.8141224104621; -1.4237987356225261 39.225906857746246; -7.099494836747809 28.901853976179872; -10.02939096178045 17.490661977522315; -10.029390961780457 5.709338022477699; -7.099494836747816 -5.701853976179864; -1.4237987356225261 -16.025906857746236; 6.6410724818115945 -24.6141224104621; 16.588373296441574 -30.926871465902906; 21.993078214470945 -32.56750078424837; 39.551154417877704 -35.307256236128765; 51.52379873562252 -26.69965626587222; 61.78385936401285 -28.083412498594704; 78.76152548880634 -23.773713978648377; 73.48641396206159 -18.64242268278062; 82.12340857304565 -0.08842469674820208; 78.69999999999999 20.79999999999999]
npts :	26
nout :	7
model :	(x,t) -> (x[1]-t[1])^2 + (x[2]-t[2])^2 - t[3]^2
dim :	3
cluster :	false
noise :	true
solution :	[36.6, 11.6, 47.0]
description :	type3: test sphere2d with noise and outliers
