name :	sphere2D
data :	[44.8 13.600000000000001; 56.36138967734379 37.50426337512316; 41.55069514835116 65.98067717558709; 24.83942291044746 81.36448700011448; 4.038498612715147 90.4886183498138; -18.597974837590925 92.36433001746022; -40.61698430105489 86.78835953919896; -59.63242844217612 74.36494983644609; -75.48368883324774 46.34037011955808; -80.95892993478785 34.957026729370654; -80.95892993478785 12.24297327062937; -73.58368883324775 -9.240370119558072; -59.632428442176135 -27.164949836446077; -47.81698430105492 -40.28835953919896; -18.59797483759096 -45.16433001746022; 10.238498612715116 -43.188618349813794; 24.83942291044744 -34.164487000114484; 41.550695148351146 -18.780677175587094; 56.06138967734379 11.895736624876822; 56.1 23.599999999999984]
npts :	20
nout :	6
model :	(x,t) -> (x[1]-t[1])^2 + (x[2]-t[2])^2 - t[3]^2
dim :	3
cluster :	false
noise :	true
solution :	[-12.9, 23.6, 69.0]
description :	type3: test sphere2d with noise and outliers
