name :	sphere2D
data :	[37.7 -8.5; 28.29932663159847 7.691135201956508; 16.917144122742656 8.073774507091002; 5.383529245658876 -1.1239764350015102; 5.383529245658874 -15.876023564998487; 15.817144122742652 -21.973774507091; 31.29932663159847 -21.791135201956507; 37.7 -8.500000000000004]
npts :	8
nout :	2
model :	(x,t) -> (x[1]-t[1])^2 + (x[2]-t[2])^2 - t[3]^2
dim :	3
cluster :	false
noise :	true
solution :	[20.7, -8.5, 17.0]
description :	type3: test sphere2d with noise and outliers
