name :	sphere2D
data :	[163.8 19.3; 162.32778554553875 41.29234763667351; 157.93741388397214 62.892241308762195; 150.90723130161075 67.41423040197664; 140.76626057792302 103.38674602766638; 128.29189857097907 121.5587316784404; 113.50675056631597 137.90590783985834; 96.67465788034362 152.13655876604787; 78.09598960580283 163.9967381541008; 58.10228251818961 173.27480082186443; 37.050324794142185 179.80517952123114; 45.51578911797624 154.87133948960317; -6.713471206266296 184.20785801549204; -28.644343506216455 182.00159190835473; -56.08547084612958 171.59191203914054; -75.45423580067525 145.57000076616623; -89.98358827195648 158.37722478377154; -107.7285955072024 145.3026124303098; -123.57259743191301 129.9794804729719; -137.23285745639046 112.68127056454819; -148.46560791688037 93.71666967065684; -147.47040011530657 51.32410154352895; -162.89368133103682 52.165687542132986; -165.83153497282026 30.320784567945083; -141.63153497282028 18.17921543205496; -142.89368133103682 -11.565687542132952; -150.0704001153066 -59.124101543528894; -148.4656079168804 -55.11666967065682; -137.23285745639046 -74.08127056454816; -123.57259743191302 -91.37948047297184; -117.72859550720243 -116.20261243030976; -89.98358827195652 -119.7772247837715; -70.6542358006753 -130.3700007661662; -61.78547084612963 -110.39191203914052; -28.644343506216458 -143.4015919083547; -6.7134712062663 -145.607858015492; 15.31578911797624 -144.87133948960314; 37.050324794142185 -141.20517952123112; 58.10228251818965 -134.6748008218644; 78.09598960580286 -125.39673815410079; 96.67465788034353 -113.53655876604795; 88.7067505663159 -98.9059078398584; 128.29189857097901 -82.95873167844047; 140.76626057792296 -64.78674602766645; 177.20723130161073 -56.61423040197671; 188.23741388397215 -8.492241308762239; 162.32778554553872 -2.6923476366735564; 151.5 33.29999999999996]
npts :	48
nout :	14
model :	(x,t) -> (x[1]-t[1])^2 + (x[2]-t[2])^2 - t[3]^2
dim :	3
cluster :	false
noise :	true
solution :	[-1.2, 19.3, 165.0]
description :	type3: test sphere2d with noise and outliers
