name :	sphere2D
data :	[64.6 25.200000000000003; 56.425424859373685 39.09463130731183; 45.32542485937369 51.876412907378835; 30.17457514062632 49.67641290737884; 17.37457514062632 42.79463130731183; 12.600000000000001 28.100000000000005; 17.374575140626316 13.405368692688176; 29.874575140626312 4.323587092621164; 45.32542485937368 4.32358709262116; 57.82542485937368 13.405368692688167; 62.6 28.099999999999994]
npts :	11
nout :	3
model :	(x,t) -> (x[1]-t[1])^2 + (x[2]-t[2])^2 - t[3]^2
dim :	3
cluster :	false
noise :	true
solution :	[37.6, 28.1, 25.0]
description :	type3: test sphere2d with noise and outliers
