name :	sphere2D
data :	[19.9 5.7; 19.73592593292488 7.837089979064244; 21.747549488769028 10.924088380332693; 19.74631779745478 10.612077730137436; 19.95101105073405 12.55446124306069; 16.18730231041102 14.208055011091385; 14.387155753532934 16.83410019782797; 13.588077459171682 16.399171512753192; 10.832236297719037 18.175960671713863; 8.565475528305358 19.44391647995597; 6.436238271660497 19.68972653471134; 4.294432044422395 19.60762925663545; 2.1902589692467385 19.199548936343973; 0.1730390796012422 18.4750506306717; -3.6099457000170947 14.6511159658473; -3.4145598023179122 16.151745102567478; -2.7008485175072017 12.807394192571838; -5.933974497820817 11.454261512259544; -7.085034315429324 10.933439005770765; -7.7317359342889045 8.889949124643929; -8.058921216572365 6.771689539710943; -8.058921216572365 4.628310460289061; -7.731735934288906 2.510050875356075; -7.085034315429326 0.4665609942292397; -6.133974497820818 -1.4542615122595413; -4.900848517507205 -3.207394192571834; -2.2145598023179143 -3.451745102567475; -2.9099457000171016 -4.051115965847293; 0.17303907960123865 -7.075050630671698; 2.1902589692467385 -7.799548936343974; 4.294432044422388 -8.20762925663545; 6.436238271660494 -8.289726534711338; 8.565475528305361 -8.043916479955968; 10.632236297719036 -7.475960671713863; 12.588077459171682 -6.599171512753192; 14.387155753532927 -5.434100197827974; 15.987302310411017 -4.008055011091385; 17.35101105073405 -2.354461243060686; 18.446317797454775 -0.51207773013744; 19.247549488769028 1.4759116196673077; 19.73592593292488 3.562910020935749; 19.799999999999997 3.2999999999999963]
npts :	42
nout :	12
model :	(x,t) -> (x[1]-t[1])^2 + (x[2]-t[2])^2 - t[3]^2
dim :	3
cluster :	false
noise :	true
solution :	[5.9, 5.7, 14.0]
description :	type3: test sphere2d with noise and outliers
