name :	sphere2D
data :	[57.7 -16.700000000000003; 46.82024809165437 -20.432562950010073; 51.58947539672879 -9.778324070029258; 49.73294150868225 -5.047952870003025; 47.192118326743824 -0.6471180258368499; 44.02376364221409 3.3258730842112563; 38.49865326319694 4.0822704039130135; 36.10000000000001 9.644863728670913; 31.52159482845743 11.849707453902944; 26.665711754514692 13.347549014182004; 21.64082318193843 14.104929104160124; 12.859176818061576 14.504929104160123; 11.534288245485314 13.347549014182004; 3.778405171542575 18.049707453902947; 2.1000000000000085 9.644863728670916; -6.798653263196938 10.582270403913018; -5.823763642214093 3.3258730842112563; -12.392118326743818 -1.8471180258368465; -11.532941508682246 -5.047952870003021; -13.389475396728784 -9.77832407002926; -17.720248091654366 -17.83256295001006; -14.899999999999999 -19.799999999999997; -14.520248091654366 -24.86743704998993; -13.389475396728784 -29.821675929970734; -11.53294150868225 -34.55204712999697; -8.992118326743824 -38.95288197416315; 0.17623635778589986 -44.42587308421125; -2.098653263196944 -46.38227040391301; 2.099999999999987 -49.24486372867091; 6.678405171542575 -51.449707453902946; 11.534288245485305 -52.947549014182; 16.55917681806156 -53.70492910416013; 21.64082318193843 -53.70492910416013; 26.665711754514685 -52.947549014182; 31.521594828457417 -51.44970745390295; 36.10000000000001 -49.244863728670914; 40.29865326319694 -46.38227040391302; 47.12376364221409 -36.825873084211274; 47.192118326743824 -38.95288197416315; 49.732941508682245 -36.952047129996984; 51.58947539672878 -29.82167592997076; 52.72024809165437 -24.86743704998993; 48.5 -18.60000000000001]
npts :	43
nout :	12
model :	(x,t) -> (x[1]-t[1])^2 + (x[2]-t[2])^2 - t[3]^2
dim :	3
cluster :	false
noise :	true
solution :	[19.1, -19.8, 34.0]
description :	type3: test sphere2d with noise and outliers
