name :	sphere2D
data :	[70.4 30.5; 67.92739745222224 44.522825876352414; 53.0078221678781 58.95429199714811; 49.900000000000006 66.00704155516198; 33.719575284344145 76.47711787350053; 14.980424715655854 70.37711787350054; 8.90000000000001 66.00704155516199; -0.10782216787809595 54.95429199714812; -9.12739745222224 44.52282587635243; -7.500000000000002 33.7; -9.127397452222247 16.477174123647586; -2.0078221678781034 4.14570800285189; 8.89999999999998 -5.007041555161976; 22.280424715655855 -9.87711787350053; 36.51957528434413 -9.87711787350053; 49.900000000000006 -5.007041555161983; 60.807822167878086 4.145708002851876; 67.92739745222224 16.477174123647586; 70.4 30.49999999999999]
npts :	19
nout :	5
model :	(x,t) -> (x[1]-t[1])^2 + (x[2]-t[2])^2 - t[3]^2
dim :	3
cluster :	false
noise :	true
solution :	[29.4, 30.5, 41.0]
description :	type3: test sphere2d with noise and outliers
