name :	sphere2D
data :	[59.0 16.9; 53.270509831248425 34.53355756877419; 36.670509831248424 45.9316954888546; 24.12949016875158 43.13169548885461; 4.729490168751578 34.5335575687742; -1.0 16.900000000000002; 4.729490168751575 -0.7335575687741915; 19.929490168751574 -16.631695488854607; 38.27050983124842 -11.63169548885461; 53.27050983124842 -0.7335575687742022; 59.0 16.89999999999999]
npts :	11
nout :	3
model :	(x,t) -> (x[1]-t[1])^2 + (x[2]-t[2])^2 - t[3]^2
dim :	3
cluster :	false
noise :	true
solution :	[29.0, 16.9, 30.0]
description :	type3: test sphere2d with noise and outliers
