name :	sphere2D
data :	[89.3 -9.4; 102.03004468904156 31.02536752330575; 89.31819712734718 37.510044402551216; 80.3438263117431 38.920189428024926; 60.92468271664296 64.02773572497101; 42.44883293978963 70.59405431312724; 22.886546237743698 71.93215138171881; 3.688667923688996 67.94278639255506; -1.6209831922704279 44.72183229675183; -28.05121293071822 45.538331991475815; -38.239213708392626 28.78487846892938; -43.52938811461581 9.90399873492976; -43.52938811461581 -9.70399873492974; -46.639213708392624 -29.284878468929364; -28.051212930718226 -45.3383319914758; -13.720983192270435 -58.72183229675182; 3.688667923688982 -67.74278639255508; 26.886546237743666 -59.63215138171882; 42.4488329397896 -70.39405431312727; 58.12468271664292 -54.127735724971046; 76.94382631174311 -52.52018942802493; 89.31819712734718 -37.31004440255121; 97.13004468904154 -19.325367523305754; 99.8 0.09999999999998237]
npts :	24
nout :	7
model :	(x,t) -> (x[1]-t[1])^2 + (x[2]-t[2])^2 - t[3]^2
dim :	3
cluster :	false
noise :	true
solution :	[27.8, 0.1, 72.0]
description :	type3: test sphere2d with noise and outliers
