name :	sphere2D
data :	[90.3 -31.6; 88.94610725781848 -19.583869566359024; 84.95231886673062 -8.170278087651862; 78.5189000532736 2.0684493003716042; 69.06844930037161 17.518900053273605; 59.72972191234814 17.05231886673063; 40.21613043364098 19.246107257818476; 36.3 22.4; 24.283869566359023 21.046107257818477; 12.870278087651862 17.05231886673063; 2.6315506996283915 10.618900053273613; -5.918900053273603 2.0684493003716113; -1.5523188667306265 2.4297219123481444; -16.34610725781848 -19.58386956635902; -17.700000000000003 -31.599999999999994; -16.34610725781848 -43.616130433640976; -14.252318866730635 -64.62972191234813; 0.5810999467263827 -75.6684493003716; 2.6315506996283773 -73.81890005327361; 12.870278087651851 -80.25231886673063; 25.28386956635901 -83.24610725781848; 36.29999999999999 -85.6; 48.316130433640964 -84.24610725781848; 60.629721912348124 -75.45231886673064; 69.9684493003716 -73.81890005327361; 78.5189000532736 -65.26844930037163; 84.95231886673062 -55.02972191234815; 92.14610725781847 -34.91613043364099; 90.3 -31.600000000000016]
npts :	29
nout :	8
model :	(x,t) -> (x[1]-t[1])^2 + (x[2]-t[2])^2 - t[3]^2
dim :	3
cluster :	false
noise :	true
solution :	[36.3, -31.6, 54.0]
description :	type3: test sphere2d with noise and outliers
