name :	sphere2D
data :	[181.2 13.1; 179.93300331797877 32.02674766307659; 176.15462285772145 50.61574706572261; 169.9322839080529 68.53527707321626; 161.37702425493978 85.46556324805226; 150.64151270956987 101.10448423235476; 137.9173247297992 115.17296311066595; 123.43152375156846 127.41994754411392; 107.44260923650911 137.62688980534736; 90.23590374292682 145.61164676790756; 85.81846133798904 144.63173025463527; 53.41358821062198 154.38684974256756; 35.55507326491022 129.92070204969616; 15.581231649195537 153.12197606658404; -4.07113248576 138.32455460338156; -43.27273626482356 164.7069097502764; -18.5076941491989 121.0907025411852; -65.47915492134995 124.83861190972115; -66.11459900200997 108.35143167976973; -77.87070156852998 93.4644873949445; -89.73767469210311 64.5434369286865; -94.94301100832446 59.67952981321885; -118.95456211519532 46.38440988474474; -102.48289676448773 22.584553991807283; -102.48289676448773 3.6154460081927535; -76.55456211519534 -41.684409884744724; -98.74301100832446 -53.47952981321881; -87.53767469210314 -50.943436928686474; -77.87070156853 -67.26448739494448; -66.11459900201 -82.1514316797697; -52.47915492134996 -95.33861190972112; -37.20769414919894 -106.59070254118518; -20.572736264823583 -115.7069097502764; -2.871132485760029 -122.52455460338157; 8.281231649195533 -144.22197606658406; 34.45507326491022 -128.82070204969617; 53.41358821062198 -128.18684974256757; 72.11846133798903 -125.03173025463528; 90.23590374292685 -119.41164676790757; 107.44260923650913 -111.42688980534734; 110.03152375156837 -105.01994754411399; 153.91732472979913 -113.57296311066602; 150.64151270956984 -74.90448423235483; 161.37702425493978 -59.26556324805234; 169.93228390805285 -42.33527707321632; 176.15462285772145 -24.415747065722655; 179.93300331797877 -5.826747663076636; 189.6 -6.70000000000004]
npts :	48
nout :	14
model :	(x,t) -> (x[1]-t[1])^2 + (x[2]-t[2])^2 - t[3]^2
dim :	3
cluster :	false
noise :	true
solution :	[39.2, 13.1, 142.0]
description :	type3: test sphere2d with noise and outliers
