name :	sphere2D
data :	[-1.3999999999999995 0.9999999999999991; 2.885859715714723 -0.0011130710293083546; 2.247260201305039 3.1406896449108634; 1.195597280234292 6.169342603923876; -0.2503620977566534 9.03079942220602; -1.0648147533121346 14.473997335045876; -6.7153817358085846 17.851768413070303; -2.76368612649547 13.321681275061508; -9.366037875519586 17.84679827696012; -12.27421345189969 19.196334664998464; -15.336316393579317 20.14620793036089; -18.497703401021635 20.6794675621241; -21.701959448184187 20.786597529526112; -24.89190450999512 20.465686095760685; -28.010613941255208 19.7224599329659; -35.002434298280036 15.470181929624179; -33.81397647592094 17.029414514003133; -36.09506843741126 17.42765271713597; -38.69965053555098 12.898833523341363; -37.68659744820225 7.782730263934281; -45.820452060637145 9.624242861186453; -43.57205819859004 4.6725965881496645; -44.41908092087808 1.580463642492071; -44.84640508695567 -1.5969767901170793; -44.84640508695567 -4.803023209882915; -44.41908092087809 -7.980463642492066; -43.57205819859005 -11.072596588149658; -42.32045206063715 -14.024242861186444; -44.08659744820225 -20.382730263934278; -38.69965053555099 -19.298833523341358; -36.39506843741126 -21.527652717135965; -33.813976475920946 -23.429414514003128; -31.002434298280043 -24.970181929624175; -28.010613941255215 -26.1224599329659; -21.191904509995123 -31.465686095760685; -21.701959448184187 -27.18659752952611; -18.497703401021635 -27.079467562124098; -15.336316393579317 -26.54620793036089; -12.274213451899687 -25.596334664998462; -4.666037875519583 -23.146798276960112; -6.6636861264954845 -22.521681275061518; -4.215381735808595 -20.45176841307031; -1.2648147533121419 -16.973997335045887; -1.4503620977566576 -13.130799422206028; 1.1955972802342885 -12.569342603923886; 2.2472602013050356 -9.540689644910872; -1.2141402842852775 -10.798886928970699; 3.1000000000000014 -3.200000000000006]
npts :	48
nout :	14
model :	(x,t) -> (x[1]-t[1])^2 + (x[2]-t[2])^2 - t[3]^2
dim :	3
cluster :	false
noise :	true
solution :	[-20.9, -3.2, 24.0]
description :	type3: test sphere2d with noise and outliers
