name :	sphere2D
data :	[68.3 -27.5; 67.50166770884728 -19.64935771654226; 65.13935465318899 -12.120121650580577; 61.30977420708378 -5.220539611303099; 61.969709843951776 -0.33308129806432074; 49.929596402751535 5.597126042295287; 42.84490486094799 9.072333153736139; 35.205683322678496 11.050264648796343; 27.32468241529021 11.44994377967106; 19.524551241909904 10.255007635781965; 12.424628089252257 5.214377043258924; 5.427866680641149 3.340253740570244; -0.2915667850188477 -2.0964731738333313; -4.799518029638701 -8.573223461287839; -7.911430999601901 -15.824838204039036; -9.499903612283912 -23.554435442490142; -17.099903612283914 -32.54556455750985; -7.911430999601908 -39.17516179596095; -9.699518029638709 -47.42677653871215; 0.40843321498114804 -55.30352682616665; 5.427866680641156 -58.34025374057025; 12.124628089252266 -62.514377043258925; 25.724551241909904 -72.75500763578196; 27.324682415290205 -66.44994377967106; 27.70568332267849 -71.65026464879634; 41.44490486094799 -69.27233315373614; 49.929596402751535 -60.59712604229529; 56.16970984395178 -55.76691870193568; 61.30977420708378 -49.779460388696904; 67.63935465318899 -49.77987834941943; 67.50166770884728 -35.35064228345775; 68.3 -27.50000000000001]
npts :	32
nout :	9
model :	(x,t) -> (x[1]-t[1])^2 + (x[2]-t[2])^2 - t[3]^2
dim :	3
cluster :	false
noise :	true
solution :	[29.3, -27.5, 39.0]
description :	type3: test sphere2d with noise and outliers
