name :	sphere2D
data :	[94.8 22.3; 109.84839066933847 32.02370322820732; 97.3498062522225 41.440441620153834; 80.27106216577258 73.3639197991035; 69.48386497040393 87.64847743371605; 45.85555972878787 100.50767104618322; 41.03662051032421 109.13083926144104; 24.345310036992053 115.59708738776344; 6.750030867940295 118.88621510061834; -22.450030867940285 121.18621510061836; -28.74531003699204 115.59708738776344; -36.83662051032421 92.43083926144104; -60.655559728787864 99.70767104618324; -73.88386497040392 87.64847743371607; -84.67106216577255 73.36391979910354; -92.64980625222252 57.34044162015384; -97.54839066933847 40.123703228207326; -96.2 24.50000000000001; -97.54839066933847 4.4762967717927005; -92.64980625222253 -12.740441620153813; -75.47106216577257 -16.463919799103515; -73.88386497040393 -43.04847743371606; -60.655559728787885 -55.10767104618323; -28.036620510324187 -68.43083926144106; -28.745310036992063 -70.99708738776344; -7.05003086794029 -90.68621510061837; 6.750030867940249 -74.28621510061836; 24.34531003699203 -70.99708738776344; 41.036620510324155 -64.53083926144107; 56.255559728787844 -55.107671046183256; 69.48386497040394 -43.048477433716045; 98.97106216577255 -28.96391979910355; 88.24980625222251 -12.740441620153842; 93.14839066933845 4.476296771792622; 94.8 22.299999999999976]
npts :	35
nout :	10
model :	(x,t) -> (x[1]-t[1])^2 + (x[2]-t[2])^2 - t[3]^2
dim :	3
cluster :	false
noise :	true
solution :	[-2.2, 22.3, 97.0]
description :	type3: test sphere2d with noise and outliers
