name :	sphere2D
data :	[125.9 5.1; 109.15636441168272 36.434515167492215; 104.53451516749222 79.49221733928603; 71.79221733928603 112.23451516749222; 30.53451516749222 133.2563644116827; -15.19999999999999 140.5; -80.43451516749221 149.85636441168273; -102.19221733928602 112.23451516749222; -134.9345151674922 79.49221733928604; -155.9563644116827 38.23451516749223; -163.2 -7.499999999999982; -155.95636441168273 -53.2345151674922; -128.23451516749222 -83.29221733928601; -102.19221733928605 -127.2345151674922; -60.934515167492236 -148.2563644116827; -10.500000000000025 -137.8; 37.73451516749219 -166.85636441168273; 71.79221733928598 -127.23451516749223; 104.5345151674922 -94.49221733928606; 125.55636441168271 -53.23451516749225; 132.8 -7.500000000000036]
npts :	21
nout :	6
model :	(x,t) -> (x[1]-t[1])^2 + (x[2]-t[2])^2 - t[3]^2
dim :	3
cluster :	false
noise :	true
solution :	[-15.2, -7.5, 148.0]
description :	type3: test sphere2d with noise and outliers
