name :	sphere2D
data :	[23.7 -21.9; 26.77985446484452 -21.07300822541808; 27.725119513101475 -16.41664410537497; 24.35275243610457 -18.399706075255935; 23.59052697785952 -13.58738150795436; 21.77631400966319 -11.539558395155153; 19.65710069442965 -9.809274279807843; 17.287773543851923 -8.441342611623503; 14.729696886579696 -7.471192102266674; 12.04912356434049 -6.923949140333082; 9.315479018139943 -6.813787031083319; 9.699563205807246 -7.8435589152814496; 3.971716920276897 -7.904723874347949; 1.5000000000000036 -9.077568135664542; -0.7515713851214123 -10.631715648929873; -2.7246827189087206 -12.526914809906483; -4.368231454244508 -14.714080955827379; -5.6396505422000125 -17.13656763237872; -6.506010896242884 -19.73163370711152; -6.944874238281567 -22.432068331815657; -4.844874238281571 -27.767931668184342; -8.60601089624289 -30.16836629288848; -8.239650542200014 -33.663432367621276; -4.368231454244512 -32.88591904417262; -5.624682718908723 -37.37308519009351; 0.44842861487858965 -34.36828435107013; 1.499999999999993 -38.52243186433546; 3.97171692027689 -39.69527612565205; 9.599563205807243 -39.55644108471855; 9.315479018139943 -40.786212968916686; 12.049123564340494 -40.676050859666915; 15.429696886579684 -38.328807897733334; 17.287773543851912 -39.158657388376504; 19.657100694429644 -37.790725720192164; 21.77631400966319 -36.06044160484485; 23.59052697785952 -34.01261849204565; 25.05275243610457 -31.700293924744063; 26.12511951310147 -29.18335589462504; 26.77985446484452 -26.52699177458193; 25.2 -25.700000000000003]
npts :	40
nout :	12
model :	(x,t) -> (x[1]-t[1])^2 + (x[2]-t[2])^2 - t[3]^2
dim :	3
cluster :	false
noise :	true
solution :	[10.0, -23.8, 17.0]
description :	type3: test sphere2d with noise and outliers
