name :	sphere2D
data :	[7.799999999999997 -3.4999999999999996; 5.221900223818416 4.968400160121519; 2.041661319804021 14.057000782055; -3.081246253874724 22.210061479925542; -9.889938520074459 29.018753746125277; -20.042999217945002 37.741661319804024; -27.131599839878483 37.32190022381842; -36.7 38.4; -41.46840016012152 30.821900223818417; -55.357000782054996 34.14166131980402; -63.51006147992554 29.018753746125284; -70.31875374612528 22.210061479925542; -72.84166131980402 17.557000782055006; -78.72190022381841 -3.531599839878476; -79.7 -4.599999999999994; -81.92190022381841 -21.668400160121514; -75.44166131980403 -23.257000782054995; -70.31875374612528 -31.410061479925538; -63.510061479925554 -38.21875374612528; -55.35700078205501 -43.34166131980402; -46.26840016012153 -46.52190022381842; -36.70000000000001 -47.6; -27.13159983987849 -46.52190022381842; -18.04299921794501 -43.34166131980403; -1.6899385200744668 -36.91875374612529; -3.081246253874724 -31.410061479925552; 2.041661319804014 -23.25700078205501; 5.221900223818409 -14.168400160121529; 1.9999999999999973 -1.9000000000000101]
npts :	29
nout :	8
model :	(x,t) -> (x[1]-t[1])^2 + (x[2]-t[2])^2 - t[3]^2
dim :	3
cluster :	false
noise :	true
solution :	[-36.7, -4.6, 43.0]
description :	type3: test sphere2d with noise and outliers
