name :	sphere2D
data :	[83.0 -0.3; 82.01437810225667 13.264007051780343; 77.49339928834456 33.58347533675756; 70.74379474489346 49.425379408683234; 65.14037568417461 43.17942227346374; 50.12150582552714 76.86866186578816; 36.78292790023368 87.75927365062124; 21.8701040701268 96.3691965033109; -5.73073136093956 87.97543794455683; -11.102575212680438 105.91984952849178; -25.508455591707417 87.51322280435795; -45.40274923403675 104.53759976852264; -73.3427229135513 116.34673796733938; -77.49999999999997 92.36471820493495; -91.67165518870536 82.58273091555904; -104.09065005430783 70.65412443176508; -114.43533915318602 56.887843395674736; -135.0378004714942 60.24042725502804; -127.89077446458757 25.30677607876867; -130.65303197036047 8.30992285268969; -130.65303197036047 -8.909922852689665; -140.3907744645876 -11.30677607876865; -122.43780047149419 -42.24042725502802; -114.43533915318605 -57.48784339567471; -104.09065005430784 -71.25412443176506; -91.67165518870534 -83.18273091555905; -77.50000000000006 -92.96471820493491; -47.34272291355134 -94.24673796733939; -45.40274923403677 -105.13759976852263; -49.108455591707425 -125.61322280435795; -11.102575212680417 -106.51984952849178; 5.769268639060371 -103.07543794455685; 21.870104070126757 -96.96919650331091; 36.782927900233645 -88.35927365062125; 50.12150582552712 -77.46866186578815; 67.44037568417463 -75.57942227346375; 70.54379474489348 -38.02537940868322; 77.49339928834455 -34.18347533675761; 93.81437810225668 -23.26400705178039; 83.0 -0.3000000000000262]
npts :	40
nout :	12
model :	(x,t) -> (x[1]-t[1])^2 + (x[2]-t[2])^2 - t[3]^2
dim :	3
cluster :	false
noise :	true
solution :	[-24.0, -0.3, 107.0]
description :	type3: test sphere2d with noise and outliers
