name :	sphere2D
data :	[111.4 15.7; 112.29979339394917 41.99002512910848; 56.21944959144957 86.62864269420707; 31.319656197500386 116.11757495472783; -14.519656197500376 116.11757495472783; -64.11944959144955 101.82864269420708; -84.39979339394915 60.390025129108494; -94.6 15.700000000000012; -73.89979339394917 -42.29002512910848; -55.819449591449576 -64.82864269420706; -14.519656197500401 -84.71757495472782; 31.319656197500365 -84.71757495472782; 72.61944959144954 -64.82864269420708; 101.19979339394916 -28.990025129108513; 111.4 15.699999999999974]
npts :	15
nout :	4
model :	(x,t) -> (x[1]-t[1])^2 + (x[2]-t[2])^2 - t[3]^2
dim :	3
cluster :	false
noise :	true
solution :	[8.4, 15.7, 103.0]
description :	type3: test sphere2d with noise and outliers
