name :	sphere2D
data :	[86.6 6.0; 85.68412775046053 18.221465826446305; 82.95697007446353 30.169924301694145; 78.47944716799836 41.57846660763977; 72.35157949391157 52.19224476121701; 64.71025349004576 61.77416449721539; 55.726163752416156 70.11018156237844; 36.30000000000001 85.31408311032396; 34.557963998044386 82.33164738882475; 22.846716584417784 85.94408879890953; 13.727867674086799 96.47071136885677; -1.5278676740867905 87.77071136885677; -13.646716584417776 85.94408879890953; -25.357963998044383 82.33164738882476; -20.899999999999977 82.81408311032398; -46.526163752416146 70.11018156237846; -55.510253490045756 61.77416449721539; -76.55157949391156 40.992244761217016; -69.27944716799837 41.578466607639776; -71.45697007446356 14.469924301694139; -76.68412775046055 15.321465826446325; -77.4 6.00000000000001; -89.08412775046054 -11.62146582644631; -60.856970074463554 -32.06992430169413; -69.27944716799837 -29.578466607639754; -63.151579493911576 -40.19224476121701; -55.51025349004578 -49.77416449721537; -37.92616375241616 -60.21018156237843; -36.400000000000034 -65.01408311032395; -25.357963998044383 -70.33164738882475; -13.646716584417797 -73.94408879890953; -1.5278676740868278 -75.77071136885677; -0.27213232591320313 -67.17071136885677; 22.846716584417763 -73.94408879890953; 37.45796399804435 -59.431647388824764; 46.7 -75.61408311032397; 55.726163752416134 -58.11018156237846; 64.71025349004573 -49.77416449721542; 72.35157949391157 -40.192244761217; 78.47944716799836 -29.578466607639783; 82.95697007446353 -18.169924301694188; 85.68412775046053 -6.2214658264463; 86.6 5.99999999999998]
npts :	43
nout :	12
model :	(x,t) -> (x[1]-t[1])^2 + (x[2]-t[2])^2 - t[3]^2
dim :	3
cluster :	false
noise :	true
solution :	[4.6, 6.0, 82.0]
description :	type3: test sphere2d with noise and outliers
