name :	sphere2D
data :	[-1.3000000000000007 32.5; -1.4424471109829593 34.26452408943536; -2.566099138581401 35.1833479318162; -1.959983717814692 36.11195489248146; -3.5061296025614883 39.108164906617766; -4.680032111394407 40.43322692078196; -7.551287785957285 42.05282252483022; -5.384381824566404 41.93795478071421; -9.23960789691902 43.065699227945096; -13.174096517191447 43.019797615078595; -12.742925341203566 43.49107897988726; -14.50028263153649 43.27769717246494; -15.60065375746789 40.985178669539565; -17.799999999999997 42.02627944162883; -19.256899131549147 41.0206545801042; -20.533618229882116 39.79434924064875; -23.797090940981743 38.079124087405816; -23.619773880247067 38.91163270846083; -22.980359991686573 35.132472307163134; -23.26433038947631 33.38513225588399; -23.264330389476314 31.614867744116015; -22.980359991686576 29.86752769283687; -22.419773880247067 28.188367291539176; -21.597090940981744 26.620875912594187; -19.233618229882115 25.305650759351256; -19.256899131549147 23.9793454198958; -17.800000000000004 22.973720558371177; -15.000653757467898 20.81482133046044; -14.500282631536491 21.722302827535056; -12.742925341203568 21.508921020112734; -10.974096517191445 21.580202384921407; -9.239607896919027 21.934300772054904; -7.584381824566409 22.562045219285793; -6.051287785957289 23.447177475169777; -5.380032111394409 26.36677307921804; -3.5061296025614883 25.891835093382234; -2.5599837178146903 27.388045107518547; -1.8660991385814008 29.016652068183795; -1.4424471109829593 30.735475910564634; -2.2000000000000006 33.7]
npts :	40
nout :	12
model :	(x,t) -> (x[1]-t[1])^2 + (x[2]-t[2])^2 - t[3]^2
dim :	3
cluster :	false
noise :	true
solution :	[-12.3, 32.5, 11.0]
description :	type3: test sphere2d with noise and outliers
