name :	sphere2D
data :	[91.2 -32.0; 100.79075111976486 -26.161655348182656; 86.0242235015736 -8.486210312625182; 79.78121167951605 1.889756050850849; 73.85363194778236 12.18107508714764; 61.430872679188255 17.47667448897728; 54.78158695763637 31.658799581076494; 38.23177888078339 23.91787117566293; 26.140208193045176 23.262285262325463; 14.472263300964805 20.022696309740326; 3.773524339706597 14.35058389678587; -5.455747547695324 6.511169695791708; -21.484001865384997 -1.9289839980867889; -22.668577586236932 -5.919114312385107; -20.471725600644135 -25.945334968259253; -20.471725600644135 -38.05466503174073; -17.86857758623694 -49.88088568761488; -12.784001865385001 -60.8710160019132; -5.4557475476953385 -70.5111696957917; 3.773524339706583 -78.35058389678586; 13.872263300964795 -90.32269630974032; 26.140208193045176 -87.26228526232546; 38.23177888078339 -87.91787117566292; 50.18158695763638 -85.95879958107648; 52.73087267918826 -81.37667448897729; 71.45363194778233 -74.68107508714766; 79.78121167951603 -65.88975605085088; 84.52422350157359 -44.91378968737484; 93.39075111976486 -45.838344651817366; 91.2 -32.000000000000014]
npts :	30
nout :	9
model :	(x,t) -> (x[1]-t[1])^2 + (x[2]-t[2])^2 - t[3]^2
dim :	3
cluster :	false
noise :	true
solution :	[35.2, -32.0, 56.0]
description :	type3: test sphere2d with noise and outliers
