name :	sphere2D
data :	[28.400000000000002 14.4; 7.045183707221423 40.313322507691076; -8.298419323901904 52.30086375843495; -37.300371590210815 56.470714977808505; -63.95275816515482 44.29897786642143; -79.79363462795386 19.650092955754342; -79.79363462795388 -9.650092955754328; -63.952758165154826 -34.298977866421424; -37.30037159021083 -46.4707149778085; -8.298419323901925 -42.300863758434964; 20.745183707221422 -29.413322507691067; 22.1 4.999999999999988]
npts :	12
nout :	3
model :	(x,t) -> (x[1]-t[1])^2 + (x[2]-t[2])^2 - t[3]^2
dim :	3
cluster :	false
noise :	true
solution :	[-29.9, 5.0, 52.0]
description :	type3: test sphere2d with noise and outliers
