name :	sphere2D
data :	[125.5 -19.900000000000002; 141.60625520313673 0.6636510251915446; 135.87287448010522 18.607926650293336; 109.31523779820023 50.90945488155137; 83.93399137819996 67.22099150757894; 64.78537285696822 84.92107283937887; 24.81462714303179 75.72107283937888; -4.133991378199951 67.22099150757896; -29.51523779820021 50.90945488155137; -49.272874480105195 28.10792665029337; -61.80625520313672 0.6636510251915446; -66.1 -29.199999999999985; -61.806255203136736 -59.06365102519152; -49.27287448010521 -86.50792665029334; -45.21523779820024 -94.90945488155137; -4.133991378199958 -125.62099150757896; 28.514627143031763 -146.42107283937887; 54.9853728569682 -134.12107283937888; 91.13399137819992 -117.12099150757896; 109.31523779820017 -109.30945488155143; 129.0728744801052 -86.50792665029333; 141.60625520313673 -59.06365102519156; 145.9 -29.200000000000024]
npts :	23
nout :	6
model :	(x,t) -> (x[1]-t[1])^2 + (x[2]-t[2])^2 - t[3]^2
dim :	3
cluster :	false
noise :	true
solution :	[39.9, -29.2, 106.0]
description :	type3: test sphere2d with noise and outliers
