name :	sphere2D
data :	[48.9 31.0; 48.15188757783196 37.20772090946288; 46.3600565252989 39.65025307928956; 43.37777174312456 43.09199318966813; 39.84664020803018 46.054111925672295; 35.17703741237256 46.837143070094925; 30.622962587627438 46.837143070094925; 26.253359791969817 45.554111925672295; 22.42222825687544 43.09199318966813; 18.3399434747011 40.95025307928956; 17.54811242216804 35.507720909462876; 16.9 31.000000000000004; 17.54811242216804 26.49227909053713; 19.4399434747011 22.349746920710437; 24.022228256875437 15.80800681033187; 23.553359791969818 17.745888074327706; 30.622962587627434 15.162856929905077; 35.77703741237256 17.862856929905075; 39.546640208030176 16.445888074327705; 43.377771743124555 18.908006810331862; 46.3600565252989 22.34974692071044; 48.25188757783196 26.492279090537124; 48.9 30.999999999999996]
npts :	23
nout :	6
model :	(x,t) -> (x[1]-t[1])^2 + (x[2]-t[2])^2 - t[3]^2
dim :	3
cluster :	false
noise :	true
solution :	[32.9, 31.0, 16.0]
description :	type3: test sphere2d with noise and outliers
