name :	sphere2D
data :	[156.5 46.3; 127.74546633371592 109.86458790413887; 71.53478171624901 158.57142338679643; 6.714441347926378 193.85643032828312; -87.54161688077761 163.6589438147621; -109.95307251711365 75.68869750306871; -109.95307251711367 1.3113024969313187; -69.74161688077764 -61.25894381476208; -2.085558652073651 -92.15643032828311; 71.53478171624896 -81.57142338679645; 127.74546633371592 -32.86458790413886; 148.7 38.499999999999964]
npts :	12
nout :	3
model :	(x,t) -> (x[1]-t[1])^2 + (x[2]-t[2])^2 - t[3]^2
dim :	3
cluster :	false
noise :	true
solution :	[16.7, 38.5, 132.0]
description :	type3: test sphere2d with noise and outliers
