name :	sphere2D
data :	[168.1 45.7; 70.80602126951636 170.36556495786434; -30.66553542366558 170.4645472663644; -129.04048584585075 92.01314217204595; -129.04048584585078 -33.81314217204591; -30.665535423665617 -112.26454726636442; 92.00602126951634 -84.26556495786434; 146.6 29.099999999999966]
npts :	8
nout :	2
model :	(x,t) -> (x[1]-t[1])^2 + (x[2]-t[2])^2 - t[3]^2
dim :	3
cluster :	false
noise :	true
solution :	[1.6, 29.1, 145.0]
description :	type3: test sphere2d with noise and outliers
