name :	sphere2D
data :	[91.8 25.0; 79.04065702320334 45.32663368123187; 91.87317408245636 46.67820574969606; 76.62224313559904 63.334637932006565; 65.8063005188238 72.28236382811284; 53.104951684997054 78.2591649125286; 39.31626909364155 80.8894967919832; 25.30664638319942 80.00808604080657; 11.956359672355926 75.67031493809709; -9.795743425926625 77.5487415954442; -9.504951684997053 57.9159741283785; -16.267483209742082 45.614974950341974; -19.75842327361076 32.01866107960105; -19.758423273610767 17.98133892039896; -21.66748320974208 -5.3149749503419645; -16.204951684997063 -13.915974128378487; -2.9957434259266194 -12.448741595444206; 11.956359672355912 -25.670314938097086; 30.506646383199417 -19.908086040806566; 39.316269093641516 -30.889496791983206; 53.10495168499704 -28.259164912528604; 65.80630051882382 -22.282363828112835; 76.62224313559904 -13.33463793200658; 84.87317408245636 -1.978205749696059; 90.04065702320332 11.0733663187681; 91.8 24.999999999999986]
npts :	26
nout :	7
model :	(x,t) -> (x[1]-t[1])^2 + (x[2]-t[2])^2 - t[3]^2
dim :	3
cluster :	false
noise :	true
solution :	[35.8, 25.0, 56.0]
description :	type3: test sphere2d with noise and outliers
