name :	sphere2D
data :	[-2.1000000000000005 8.7; -2.6165476362587854 9.943701527719842; -1.8631720224756911 12.550011944213251; -2.4308957691211113 13.882508548393915; -3.2050151293684896 15.106680378141808; -4.165480818413606 16.19082202609433; -5.287417279419597 17.106854793042906; -5.041766947372512 19.03105391149344; -7.896042824751926 18.34466300468235; -8.415169877702093 17.834379866882482; -10.762393460984736 18.692700983544125; -12.2002312439844 18.51811586838041; -13.59144398338282 18.115146184168733; -14.899999999999999 17.494228634059947; -16.292008380358393 15.87144465644889; -17.13659673353991 15.668103924167156; -18.006710769894152 14.510192435150211; -18.67981499292942 13.227699488740676; -19.138476356834467 11.853840978588018; -19.370815773207887 10.424199118450534; -19.37081577320789 8.975800881549468; -18.03847635683447 7.3461590214119825; -19.579814992929418 6.272300511259324; -18.006710769894156 4.88980756484979; -18.236596733539912 2.7318960758328448; -16.092008380358394 2.7285553435511067; -14.900000000000004 1.905771365940053; -13.591443983382824 1.2848538158312675; -13.4002312439844 1.0818841316195893; -10.162393460984736 0.4072990164558739; -9.315169877702091 0.7656201331175136; -8.296042824751932 -0.5446630046823526; -6.541766947372516 1.5689460885065571; -5.2874172794196 2.2931452069570906; -3.765480818413607 1.4091779739056685; -3.2050151293684896 4.293319621858188; -2.4308957691211104 5.517491451606084; -1.863172022475693 6.849988055786742; -1.5165476362587853 8.256298472280154; -1.4000000000000004 9.699999999999998]
npts :	40
nout :	12
model :	(x,t) -> (x[1]-t[1])^2 + (x[2]-t[2])^2 - t[3]^2
dim :	3
cluster :	false
noise :	true
solution :	[-10.4, 9.7, 9.0]
description :	type3: test sphere2d with noise and outliers
