name :	sphere2D
data :	[162.9 -22.200000000000003; 193.06660888640218 1.4432438138003505; 164.99357954349915 24.606964946227283; 178.56179139144191 48.819366703247105; 149.50421280088472 58.52394708668328; 128.60319424040784 53.38675614683235; 125.08675614683234 86.70319424040784; 110.12394708668329 97.90421280088472; 111.31936670324711 90.56179139144189; 76.2069649462273 113.39357954349916; 57.94324381380035 117.36660888640218; 53.400000000000006 113.1; 20.65675618619966 117.3666088864022; 2.3930350537727136 113.39357954349916; -15.11936670324711 106.86179139144191; -31.523947086683293 97.90421280088472; -61.88675614683234 98.70319424040784; -59.703194240407825 73.48675614683236; -70.90421280088472 58.52394708668331; -79.86179139144188 42.11936670324715; -86.39357954349916 24.606964946227283; -90.36660888640218 6.343243813800356; -91.7 -12.299999999999985; -90.3666088864022 -30.943243813800326; -86.39357954349917 -49.206964946227245; -79.8617913914419 -66.71936670324713; -55.70421280088473 -67.62394708668327; -59.70319424040785 -98.08675614683233; -56.186756146832366 -106.50319424040782; -15.523947086683265 -103.00421280088474; -15.119366703247117 -131.46179139144192; 2.3930350537727065 -137.99357954349915; 20.656756186199633 -141.96660888640218; 39.299999999999976 -143.3; 57.943243813800315 -141.9666088864022; 76.20696494622723 -137.99357954349918; 93.71936670324706 -131.46179139144192; 110.12394708668322 -122.50421280088476; 125.08675614683227 -111.30319424040789; 134.10319424040784 -97.18675614683232; 149.50421280088472 -83.12394708668326; 158.4617913914419 -66.71936670324712; 162.99357954349915 -55.906964946227305; 168.7666088864022 -32.44324381380038; 170.3 -12.300000000000033]
npts :	45
nout :	13
model :	(x,t) -> (x[1]-t[1])^2 + (x[2]-t[2])^2 - t[3]^2
dim :	3
cluster :	false
noise :	true
solution :	[39.3, -12.3, 131.0]
description :	type3: test sphere2d with noise and outliers
