name :	sphere2D
data :	[91.3 15.7; 88.91808847998482 38.362374299135766; 81.8764548830435 60.03429409526221; 70.48285238686927 79.76859249987957; 55.235236093115546 96.70278597703596; 28.50000000000001 113.69676901250381; -5.817147613130729 140.06516027617172; -27.70639750382577 143.80288659514179; -13.193602496174213 122.4028865951418; -51.38285238686926 119.36516027617175; -72.19999999999997 110.09676901250383; -90.63523609311555 96.70278597703597; -105.88285238686926 79.76859249987959; -117.27645488304348 60.03429409526224; -124.31808847998482 38.362374299135766; -133.4 1.9000000000000128; -124.31808847998482 -6.962374299135739; -126.1764548830435 -29.934294095262224; -113.78285238686928 -31.568592499879554; -90.63523609311558 -65.30278597703595; -72.20000000000005 -78.6967690125038; -51.38285238686929 -87.96516027617173; -29.093602496174213 -92.70288659514179; -21.906397503825822 -90.00288659514179; 15.98285238686925 -87.96516027617174; 36.80000000000001 -78.69676901250381; 55.2352360931155 -65.30278597703601; 59.482852386869254 -33.168592499879594; 81.87645488304351 -28.634294095262216; 88.9180884799848 -6.962374299135828; 91.3 15.699999999999973]
npts :	31
nout :	9
model :	(x,t) -> (x[1]-t[1])^2 + (x[2]-t[2])^2 - t[3]^2
dim :	3
cluster :	false
noise :	true
solution :	[-17.7, 15.7, 109.0]
description :	type3: test sphere2d with noise and outliers
