name :	sphere2D
data :	[-31.3 15.1; -33.269777784405115 17.813938048432696; -36.23175911166535 19.52403876506104; -39.6 18.930127018922192; -41.79846310392954 16.310100716628344; -41.59846310392954 13.189899283371657; -39.6 10.269872981077807; -36.231759111665355 9.67596123493896; -32.269777784405115 12.386061951567301; -32.1 14.599999999999998]
npts :	10
nout :	3
model :	(x,t) -> (x[1]-t[1])^2 + (x[2]-t[2])^2 - t[3]^2
dim :	3
cluster :	false
noise :	true
solution :	[-37.1, 14.6, 5.0]
description :	type3: test sphere2d with noise and outliers
