name :	sphere2D
data :	[24.4 -30.9; 17.412817564845803 -2.5518865053301205; 6.151949550600511 29.00201581951304; -29.247262504425297 29.655241319981293; -58.23089810959466 26.13599080381031; -82.25915563843716 9.55048215268851; -105.12745086298916 -10.50174447845898; -101.62745086298918 -35.19825552154101; -82.25915563843718 -71.3504821526885; -58.23089810959469 -87.9359908038103; -29.247262504425287 -91.4552413199813; -1.9480504493995099 -81.10201581951304; 17.41281756484581 -59.248113494669866; 19.4 -35.40000000000001]
npts :	14
nout :	4
model :	(x,t) -> (x[1]-t[1])^2 + (x[2]-t[2])^2 - t[3]^2
dim :	3
cluster :	false
noise :	true
solution :	[-36.6, -30.9, 61.0]
description :	type3: test sphere2d with noise and outliers
