name :	sphere2D
data :	[35.099999999999994 -46.1; 39.414036849898785 -23.96200502439237; 34.12109111969686 1.3580917291544097; 27.91315561749642 1.8693971558881728; 18.400881232402362 12.4338481324628; 6.900000000000006 20.789727457341826; -6.086844382503575 26.571843108070432; -19.992064497799568 29.52748888504258; -34.20793550220043 29.527488885042594; -48.11315561749642 26.571843108070446; -61.09999999999999 20.789727457341833; -72.60088123240237 12.433848132462806; -82.11315561749642 1.86939715588818; -89.22109111969685 -10.441908270845573; -93.61403684989878 -23.96200502439237; -86.5 -45.3; -93.61403684989878 -52.23799497560762; -89.22109111969687 -65.75809172915442; -80.41315561749643 -72.26939715588817; -83.30088123240238 -97.63384813246279; -61.10000000000003 -96.98972745734181; -48.11315561749643 -102.77184310807044; -26.30793550220043 -102.42748888504259; -21.092064497799598 -99.72748888504259; -6.086844382503589 -102.77184310807044; 7.200000000000005 -96.28972745734183; 18.400881232402327 -88.63384813246283; 27.913155617496415 -78.0693971558882; 35.02109111969686 -65.75809172915442; 39.41403684989877 -52.23799497560768; 29.099999999999998 -46.100000000000016]
npts :	31
nout :	9
model :	(x,t) -> (x[1]-t[1])^2 + (x[2]-t[2])^2 - t[3]^2
dim :	3
cluster :	false
noise :	true
solution :	[-27.1, -38.1, 68.0]
description :	type3: test sphere2d with noise and outliers
