name :	sphere2D
data :	[-19.0 -10.6; -19.734152255572695 -5.964745084375789; -21.864745084375787 -1.7832212156129028; -25.183221215612903 1.535254915624213; -27.064745084375787 3.3658477444273034; -34.0 4.4; -39.935254915624206 3.065847744427305; -42.8167787843871 1.535254915624213; -43.13525491562421 -0.483221215612901; -48.265847744427305 -5.964745084375787; -51.0 -9.899999999999999; -48.265847744427305 -15.235254915624209; -46.135254915624216 -19.416778784387095; -40.716778784387095 -22.03525491562421; -38.635254915624216 -24.865847744427303; -37.0 -28.400000000000002; -29.36474508437579 -24.865847744427306; -25.183221215612907 -22.73525491562421; -21.86474508437579 -19.4167787843871; -19.734152255572695 -15.235254915624214; -19.0 -10.600000000000003]
npts :	21
nout :	6
model :	(x,t) -> (x[1]-t[1])^2 + (x[2]-t[2])^2 - t[3]^2
dim :	3
cluster :	false
noise :	true
solution :	[-34.0, -10.6, 15.0]
description :	type3: test sphere2d with noise and outliers
