name :	sphere2D
data :	[162.8 -3.0; 159.26483561763715 28.37545168784033; 148.8366103742411 58.1776072155757; 132.0382390279922 84.91206206208142; 119.81206206208142 132.4382390279922; 82.9776072155757 124.03661037424109; 61.67545168784034 115.56483561763713; 13.100000000000005 136.0; 6.324548312159678 111.76483561763713; -53.477607215575695 150.73661037424108; -66.11206206208142 107.23823902799222; -88.4382390279922 84.91206206208143; -96.93661037424108 79.6776072155757; -141.06483561763713 4.075451687840342; -119.2 -2.9999999999999827; -115.66483561763714 -34.37545168784031; -105.2366103742411 -64.17760721557568; -88.43823902799222 -90.9120620620814; -66.11206206208145 -113.2382390279922; -39.37760721557572 -130.0366103742411; -9.575451687840356 -140.46483561763714; 15.099999999999973 -141.5; 53.17545168784031 -140.46483561763714; 82.97760721557567 -130.03661037424112; 109.7120620620814 -113.23823902799222; 132.0382390279922 -90.91206206208145; 148.83661037424108 -64.17760721557573; 159.26483561763712 -34.37545168784037; 162.8 -3.0000000000000346]
npts :	29
nout :	8
model :	(x,t) -> (x[1]-t[1])^2 + (x[2]-t[2])^2 - t[3]^2
dim :	3
cluster :	false
noise :	true
solution :	[21.8, -3.0, 141.0]
description :	type3: test sphere2d with noise and outliers
