name :	sphere2D
data :	[161.6 24.599999999999998; 116.31727983645297 108.01727983645296; 35.00000000000001 141.7; -46.317279836452954 108.01727983645297; -81.9 26.600000000000012; -46.31727983645298 -54.61727983645295; 34.99999999999998 -88.3; 116.31727983645294 -54.61727983645298; 150.0 26.69999999999997]
npts :	9
nout :	2
model :	(x,t) -> (x[1]-t[1])^2 + (x[2]-t[2])^2 - t[3]^2
dim :	3
cluster :	false
noise :	true
solution :	[35.0, 26.7, 115.0]
description :	type3: test sphere2d with noise and outliers
