name :	sphere2D
data :	[65.4 19.9; 50.52664720319679 35.317041114455314; 42.66195436009531 56.0545318280267; 30.062988831741308 74.30728455815316; 13.461956699266345 89.01451566221638; 5.923649607913273 110.22149432705817; -27.710625416510283 104.62921641702096; -49.889374583489705 104.62921641702096; -68.62364960791326 95.72149432705817; -91.06195669926632 89.0145156622164; -107.6629888317413 74.30728455815316; -120.2619543600953 56.054531828026725; -134.32664720319679 25.117041114455304; -131.3 -3.699999999999992; -128.1266472031968 -8.717041114455284; -120.2619543600953 -29.4545318280267; -107.66298883174132 -47.707284558153134; -91.06195669926635 -62.41451566221639; -75.3236496079133 -84.12149432705816; -49.88937458348977 -78.02921641702096; -9.41062541651026 -59.629216417020956; -6.176350392086725 -72.72149432705817; 30.961956699266313 -69.31451566221641; 30.062988831741265 -47.70728455815319; 42.66195436009532 -29.454531828026692; 50.52664720319679 -8.717041114455316; 53.2 13.299999999999978]
npts :	27
nout :	8
model :	(x,t) -> (x[1]-t[1])^2 + (x[2]-t[2])^2 - t[3]^2
dim :	3
cluster :	false
noise :	true
solution :	[-38.8, 13.3, 92.0]
description :	type3: test sphere2d with noise and outliers
