name :	sphere2D
data :	[-31.6 12.3; -32.90153689607046 14.510100716628344; -32.769777784405115 15.513938048432697; -34.1 16.630127018922195; -36.73175911166535 17.22403876506104; -37.468240888334655 17.22403876506104; -39.1 16.630127018922195; -40.230222215594885 14.713938048432698; -41.29846310392954 14.010100716628346; -41.6 12.3; -41.29846310392954 10.589899283371658; -40.430222215594895 9.086061951567304; -40.0 7.369872981077808; -37.468240888334655 7.375961234938961; -35.731759111665355 7.37596123493896; -34.1 7.969872981077808; -32.06977778440511 8.286061951567302; -31.90153689607046 10.589899283371658; -31.6 12.299999999999999]
npts :	19
nout :	5
model :	(x,t) -> (x[1]-t[1])^2 + (x[2]-t[2])^2 - t[3]^2
dim :	3
cluster :	false
noise :	true
solution :	[-36.6, 12.3, 5.0]
description :	type3: test sphere2d with noise and outliers
