name :	sphere2D
data :	[-4.1 39.099999999999994; -5.869777784405109 42.51393804843269; -9.831759111665347 43.32403876506104; -12.2 43.63012701892219; -13.39846310392954 41.110100716628345; -14.398463103929542 37.58989928337165; -12.200000000000001 34.969872981077806; -8.831759111665349 34.375961234938956; -5.869777784405111 36.0860619515673; -4.699999999999999 39.3]
npts :	10
nout :	3
model :	(x,t) -> (x[1]-t[1])^2 + (x[2]-t[2])^2 - t[3]^2
dim :	3
cluster :	false
noise :	true
solution :	[-9.7, 39.3, 5.0]
description :	type3: test sphere2d with noise and outliers
