name :	sphere2D
data :	[123.3 30.7; 113.89204245072982 71.91895521616802; 87.53153117657969 104.97399083446284; 68.23948872584987 119.41815165727324; 7.160511274150139 123.31815165727325; -21.93153117657968 90.87399083446284; -57.29204245072981 71.91895521616803; -66.7 30.70000000000001; -57.292042450729824 -10.518955216168013; -25.531531176579698 -56.17399083446282; 7.160511274150114 -61.91815165727324; 49.439488725849856 -61.91815165727324; 87.53153117657968 -43.57399083446283; 104.79204245072981 0.28104478383195897; 123.3 30.699999999999974]
npts :	15
nout :	4
model :	(x,t) -> (x[1]-t[1])^2 + (x[2]-t[2])^2 - t[3]^2
dim :	3
cluster :	false
noise :	true
solution :	[28.3, 30.7, 95.0]
description :	type3: test sphere2d with noise and outliers
