name :	sphere2D
data :	[76.30000000000001 -40.5; 45.97235542565985 26.293185749280845; -12.082478588640821 59.81115979519639; -89.99999999999999 29.770489570874993; -121.18987683701903 -3.1820259540844518; -121.18987683701903 -70.21797404591553; -78.10000000000005 -121.57048957087497; -12.082478588640864 -133.2111597951964; 45.97235542565982 -99.69318574928087; 54.10000000000001 -50.800000000000026]
npts :	10
nout :	3
model :	(x,t) -> (x[1]-t[1])^2 + (x[2]-t[2])^2 - t[3]^2
dim :	3
cluster :	false
noise :	true
solution :	[-29.1, -36.7, 98.0]
description :	type3: test sphere2d with noise and outliers
