name :	sphere2D
data :	[38.7 23.1; 38.5661623223217 25.099304330606685; 41.06703762581565 29.16293102806929; 37.50974830014643 28.955839127452425; 36.60602368890209 30.744249638878763; 36.67199077917992 34.39624833440367; 34.12788641511963 33.88235525816894; 32.59769617094033 35.176050796913444; 33.80872632780026 38.954248923100074; 29.091116592562692 37.09770916562404; 27.177302254012925 37.69137995647556; 25.201435374361477 38.024667226327566; 23.198775344884883 38.09162345595382; 21.205059681253047 37.89105380985043; 19.25586628671549 37.42653745810369; 17.385978563574977 36.70636370601511; 15.628764702549411 35.74338407125196; 13.815582226617964 34.35478294820998; 14.175218415280636 31.061770952088352; 11.933376594873593 32.98920641495893; 13.312217462101783 27.465151788241535; 9.52996362588122 28.020372867593544; 11.000574424451198 25.287789776557545; 11.5334968206527 26.301889506176828; 8.733496820652702 22.098110493823178; 9.000574424451196 20.11221022344246; 9.529963625881217 18.179627132406466; 10.312217462101781 16.334848211758473; 11.333376594873592 14.610793585041078; 12.575218415280634 13.038229047911653; 14.015582226617962 11.645217051790024; 15.628764702549407 10.456615928748047; 17.385978563574973 9.49363629398489; 19.255866286715488 8.773462541896315; 21.205059681253047 8.308946190149573; 23.998775344884884 8.208376544046182; 25.201435374361477 8.17533277367244; 27.177302254012925 8.508620043524443; 29.091116592562695 9.102290834375964; 30.90872632780026 9.945751076899931; 34.99769617094032 12.823949203086553; 31.627886415119626 11.517644741831054; 35.47199077917991 13.803751665596321; 36.606023688902084 15.455750361121233; 37.50974830014643 17.244160872547575; 38.167037625815645 19.137068971930706; 38.8661623223217 22.900695669393315; 39.2 20.7]
npts :	48
nout :	14
model :	(x,t) -> (x[1]-t[1])^2 + (x[2]-t[2])^2 - t[3]^2
dim :	3
cluster :	false
noise :	true
solution :	[23.7, 23.1, 15.0]
description :	type3: test sphere2d with noise and outliers
