name :	sphere2D
data :	[16.9 -16.0; 15.776090949353812 -10.712423640014599; 12.598697882665158 -6.339117268793876; 9.717220926874317 -6.236265288163004; 2.5411299775205065 -3.0712153602124452; -2.5999999999999974 -4.741669750802297; -6.717220926874315 -8.758791720197848; -8.815918809539474 -13.297148019369128; -8.815918809539474 -18.702851980630868; -6.617220926874316 -23.64120827980215; -4.900000000000006 -25.258330249197698; 2.541129977520506 -28.928784639787555; 7.917220926874315 -28.363734711836997; 12.998697882665152 -23.060882731206128; 15.776090949353813 -21.2875763599854; 16.9 -16.000000000000004]
npts :	16
nout :	4
model :	(x,t) -> (x[1]-t[1])^2 + (x[2]-t[2])^2 - t[3]^2
dim :	3
cluster :	false
noise :	true
solution :	[3.9, -16.0, 13.0]
description :	type3: test sphere2d with noise and outliers
