name :	sphere2D
data :	[11.0 6.4; 8.619022191736494 24.6841150227904; -2.6060919136606016 36.850578319280785; -20.499999999999993 29.818584287042093; -30.61293027807589 17.766463296490386; -30.612930278075893 2.033536703509621; -18.400000000000013 -6.9185842870420835; -5.006091913660611 -12.750578319280786; 8.61902219173649 -4.884115022790411; 14.0 9.899999999999995]
npts :	10
nout :	3
model :	(x,t) -> (x[1]-t[1])^2 + (x[2]-t[2])^2 - t[3]^2
dim :	3
cluster :	false
noise :	true
solution :	[-9.0, 9.9, 23.0]
description :	type3: test sphere2d with noise and outliers
