name :	sphere2D
data :	[9.4 -14.6; 9.125180805870446 -11.836706473457925; 9.008363661140807 -10.446106855393598; 7.772135954999579 -8.797717981660215; 6.653044850870866 -7.554841396180847; 5.300000000000001 -6.571796769724491; 3.7721359549995794 -5.891547869638772; 0.8362277061412275 -4.743824837053814; 0.4637722938587734 -5.543824837053813; -1.1721359549995787 -5.891547869638771; -2.6999999999999984 -6.57179676972449; -4.053044850870866 -7.554841396180846; -5.172135954999579 -8.797717981660213; -7.208363661140806 -11.446106855393596; -6.525180805870446 -11.836706473457925; -7.0 -13.599999999999998; -6.525180805870446 -15.163293526542073; -6.008363661140807 -16.7538931446064; -3.67213595499958 -18.902282018339783; -4.053044850870868 -19.445158603819152; -2.7000000000000037 -20.428203230275507; -1.1721359549995805 -21.10845213036123; -1.136227706141227 -23.05617516294619; 2.136227706141224 -21.456175162946188; 2.6721359549995776 -20.008452130361228; 5.000000000000001 -20.628203230275506; 6.653044850870862 -19.445158603819156; 7.7721359549995785 -18.202282018339787; 8.608363661140809 -16.7538931446064; 9.125180805870444 -15.163293526542079; 9.3 -13.500000000000002]
npts :	31
nout :	9
model :	(x,t) -> (x[1]-t[1])^2 + (x[2]-t[2])^2 - t[3]^2
dim :	3
cluster :	false
noise :	true
solution :	[1.3, -13.5, 8.0]
description :	type3: test sphere2d with noise and outliers
