name :	sphere2D
data :	[102.2 9.2; 101.36159641463342 21.991566837565053; 93.1607309763287 23.364266420047034; 94.74019418610611 46.7029763717788; 89.070489570875 58.19999999999999; 81.94862734854105 68.85862004285462; 73.49646455628167 78.49646455628165; 63.858620042854625 86.94862734854105; 55.100000000000016 98.87048957087498; 47.80297637177881 99.8401941861061; 29.56426642004703 103.8607309763287; 16.991566837565067 106.36159641463342; -2.699999999999994 124.9; -8.591566837565058 106.36159641463342; -21.16426642004702 103.8607309763287; -33.30297637177879 99.74019418610611; -52.99999999999997 113.370489570875; -55.45862004285462 86.94862734854105; -65.09646455628165 78.49646455628167; -73.54862734854103 68.85862004285464; -87.47048957087499 49.79999999999999; -83.1401941861061 45.302976371778804; -90.46073097632868 34.56426642004706; -85.96159641463342 23.791566837565053; -93.8 9.200000000000012; -92.96159641463342 -3.591566837565031; -72.26073097632869 -22.764266420047036; -86.3401941861061 -28.302976371778787; -80.670489570875 -39.79999999999997; -73.54862734854105 -50.45862004285462; -65.09646455628167 -60.096464556281646; -55.45862004285464 -68.54862734854102; -28.10000000000004 -90.77048957087496; -33.30297637177885 -81.34019418610607; -21.16426642004702 -85.46073097632869; -8.591566837565061 -87.96159641463342; 4.199999999999982 -88.8; 29.791566837565025 -104.56159641463341; 29.564266420046987 -85.4607309763287; 33.60297637177882 -71.34019418610609; 53.20000000000002 -75.67048957087498; 62.55862004285462 -64.94862734854105; 73.49646455628164 -60.096464556281674; 81.94862734854102 -50.45862004285465; 89.07048957087497 -39.80000000000004; 94.74019418610608 -28.302976371778858; 98.8607309763287 -16.164266420047028; 101.36159641463342 -3.5915668375650665; 111.5 10.899999999999974]
npts :	49
nout :	14
model :	(x,t) -> (x[1]-t[1])^2 + (x[2]-t[2])^2 - t[3]^2
dim :	3
cluster :	false
noise :	true
solution :	[4.2, 9.2, 98.0]
description :	type3: test sphere2d with noise and outliers
