name :	sphere2D
data :	[133.1 7.800000000000001; 144.7394327051047 11.170128500753016; 139.50108183020694 32.98943019561747; 145.21393295893662 72.92064146275519; 119.18943019561749 72.85329107782366; 104.6162697096763 89.91626970967629; 62.65329107782366 95.08943019561748; 68.4206414627552 116.2139329589366; 47.68943019561748 124.80108183020694; 25.870128500753022 130.0394327051047; 3.500000000000009 131.8; -18.870128500753005 130.0394327051047; -40.68943019561747 124.80108183020697; -61.420641462755185 116.21393295893661; -80.55329107782364 104.48943019561749; -82.11626970967629 116.4162697096763; -112.18943019561748 72.85329107782367; -131.7139329589366 52.620641462755195; -132.50108183020694 32.98943019561749; -137.7394327051047 11.17012850075303; -118.7 -22.69999999999998; -137.7394327051047 -33.57012850075299; -132.50108183020697 -55.389430195617464; -123.91393295893661 -76.12064146275517; -131.1894301956175 -120.05329107782364; -97.61626970967632 -112.31626970967629; -80.55329107782367 -126.88943019561748; -38.620641462755216 -122.0139329589366; -40.689430195617504 -147.20108183020693; -39.27012850075303 -165.7394327051047; -21.800000000000026 -148.1; 25.870128500752987 -152.43943270510468; 47.689430195617454 -147.20108183020696; 68.42064146275517 -138.61393295893663; 81.35329107782363 -154.7894301956175; 104.61626970967627 -112.31626970967632; 119.18943019561748 -95.25329107782369; 130.91393295893658 -76.12064146275522; 139.50108183020694 -55.38943019561751; 151.7394327051047 -33.47012850075305; 146.5 -11.200000000000035]
npts :	41
nout :	12
model :	(x,t) -> (x[1]-t[1])^2 + (x[2]-t[2])^2 - t[3]^2
dim :	3
cluster :	false
noise :	true
solution :	[3.5, -11.2, 143.0]
description :	type3: test sphere2d with noise and outliers
