name :	sphere2D
data :	[71.4 -3.9; 70.7659142533066 2.537980626532232; 68.88802457287247 8.728553268047962; 65.838497205984 14.43381768964687; 61.73452377915606 19.434523779156066; 56.73381768964687 23.538497205983994; 51.028553268047965 26.588024572872463; 44.837980626532236 28.465914253306607; 38.4 29.1; 31.96201937346777 28.465914253306607; 25.77144673195204 26.588024572872463; 14.866182310353135 26.338497205983998; 20.565476220843934 20.43452377915607; 10.961502794016003 14.43381768964687; 7.911975427127537 8.728553268047966; 9.434085746693391 -2.362019373467756; 4.999999999999998 2.0000000000000036; 6.034085746693393 -10.337980626532236; 7.911975427127533 -16.528553268047958; 13.561502794016 -24.333817689646864; 15.065476220843927 -27.234523779156063; 20.066182310353128 -31.33849720598399; 25.771446731952018 -34.38802457287245; 30.862019373467753 -29.665914253306596; 38.39999999999999 -36.9; 45.03798062653223 -40.46591425330661; 51.02855326804797 -34.38802457287246; 56.733817689646855 -31.338497205983998; 63.13452377915606 -32.63452377915607; 65.838497205984 -22.23381768964687; 69.58802457287246 -15.328553268047983; 70.76591425330659 -10.337980626532248; 71.4 -3.900000000000008]
npts :	33
nout :	9
model :	(x,t) -> (x[1]-t[1])^2 + (x[2]-t[2])^2 - t[3]^2
dim :	3
cluster :	false
noise :	true
solution :	[38.4, -3.9, 33.0]
description :	type3: test sphere2d with noise and outliers
