name :	sphere2D
data :	[-13.8 -25.6; -13.863939791549338 -24.726392993589972; -14.054396400549564 -23.871405403808577; -14.36731057504112 -23.05325980674511; -14.796013092660733 -22.289393555377327; -16.33136690353731 -21.696087132666566; -15.961961870646654 -20.98811716132881; -16.67435795707242 -20.478441465775923; -17.553371677059065 -19.177922898585045; -18.282399705649915 -19.79509781765545; -19.143772749732754 -19.635994148560325; -20.019132138345952 -19.604002909778565; -20.889821105876617 -19.699805939023204; -21.737282428628678 -19.921361361054345; -22.54345393982783 -20.263947106704887; -23.89115349334772 -20.52026155558661; -22.764445171323803 -20.58057915745203; -24.548978930575526 -21.932957715412904; -25.63229644886285 -22.363492913133488; -25.40409665239529 -23.456614661193203; -24.656455265335563 -24.295418946510658; -25.78399370198131 -25.162028112034555; -25.98399370198131 -25.237971887965443; -25.656455265335563 -26.904581053489345; -25.40409665239529 -27.743385338806796; -25.032296448862848 -28.536507086866514; -25.348978930575527 -29.2670422845871; -23.964445171323806 -29.919420842547975; -22.09115349334772 -30.679738444413392; -22.543453939827835 -30.936052893295113; -21.73728242862868 -31.278638638945658; -20.889821105876624 -31.500194060976796; -19.519132138345952 -30.69599709022144; -18.743772749732756 -30.964005851439676; -18.28239970564992 -31.404902182344554; -17.453371677059067 -31.12207710141496; -16.674357957072417 -30.72155853422408; -15.961961870646654 -30.211882838671194; -15.33136690353731 -29.603912867333438; -14.796013092660735 -29.310606444622678; -15.367310575041122 -28.346740193254895; -14.054396400549564 -27.328594596191426; -13.86393979154934 -26.47360700641003; -13.8 -25.6]
npts :	44
nout :	13
model :	(x,t) -> (x[1]-t[1])^2 + (x[2]-t[2])^2 - t[3]^2
dim :	3
cluster :	false
noise :	true
solution :	[-19.8, -25.6, 6.0]
description :	type3: test sphere2d with noise and outliers
