name :	sphere2D
data :	[126.5 -2.9; 99.73656346318334 52.73762822590875; 68.18874080870604 108.2028218956436; 7.772451834468605 131.11569800323727; -56.37165975074229 123.327192762531; -109.54895100309867 86.62155886250734; -139.57714535251702 29.407614678820288; -139.57714535251705 -35.20761467882025; -109.54895100309868 -92.42155886250733; -56.67165975074234 -151.227192762531; 28.17245183446863 -159.41569800323728; 68.188740808706 -114.00282189564365; 111.03656346318336 -65.63762822590874; 138.1 -4.000000000000033]
npts :	14
nout :	4
model :	(x,t) -> (x[1]-t[1])^2 + (x[2]-t[2])^2 - t[3]^2
dim :	3
cluster :	false
noise :	true
solution :	[-8.5, -2.9, 135.0]
description :	type3: test sphere2d with noise and outliers
