name :	sphere2D
data :	[109.3 31.1; 107.850698058215 50.90175881196066; 129.3336815875432 56.48147751367231; 96.44096029906794 88.82611104711086; 88.9237032330234 81.04041274478064; 52.68901685315433 104.85535832622455; 72.79553093200921 127.83601100988035; 44.147886306358515 147.1886601090791; 26.490241986661214 156.26708096540568; 33.498940005268565 178.37778279980984; -11.825515660609064 166.28413263263263; -31.666995135841585 167.00926737835255; -51.402611733203344 164.8377320488074; -70.61173504891669 159.81580914943487; -88.88495596943083 152.0505322480226; -105.83281251588157 141.7074047400369; -121.09409055000621 129.00687243108743; -152.64352242637855 122.61962511730752; -145.29871950755785 97.66082730230761; -153.7261907876265 79.68340101295408; -159.44631934760608 60.67050387909178; -162.33719057824302 41.02736279388343; -143.93719057824302 25.372637206116607; -176.84631934760608 12.529496120908249; -153.72619078762654 -17.48340101295404; -160.59871950755786 -15.060827302307587; -139.94352242637856 -56.91962511730749; -121.09409055000624 -66.80687243108741; -80.0328125158816 -58.30740474003689; -88.88495596943086 -89.85053224802257; -70.61173504891674 -97.61580914943485; -51.40261173320344 -102.63773204880738; -31.66699513584159 -104.80926737835256; -11.825515660609096 -104.08413263263265; 7.698940005268543 -100.47778279980986; 26.490241986661157 -94.06708096540572; 52.34788630635854 -63.98866010907909; 60.295530932009214 -73.43601100988036; 74.58901685315432 -59.65535832622458; 86.72370323302336 -43.94041274478068; 96.44096029906791 -26.626111047110918; 103.5336815875432 -8.08147751367229; 107.85069805821497 11.29824118803933; 118.4 56.599999999999966]
npts :	44
nout :	13
model :	(x,t) -> (x[1]-t[1])^2 + (x[2]-t[2])^2 - t[3]^2
dim :	3
cluster :	false
noise :	true
solution :	[-26.7, 31.1, 136.0]
description :	type3: test sphere2d with noise and outliers
