name :	sphere2D
data :	[107.3 -22.600000000000005; 75.01289897577234 48.107887957077146; 38.19551062081409 89.66612844366414; -13.71774509038253 109.35422939537426; -68.83416689693411 102.66188415150812; -114.52724678784774 71.12222835593225; -121.82925082142202 37.16061705735669; -154.52925082142207 -30.06061705735666; -130.52724678784776 -101.12222835593222; -68.83416689693416 -114.2618841515081; -13.717745090382508 -120.95422939537426; 38.19551062081405 -101.26612844366416; 75.01289897577236 -59.70788795707713; 88.3 -5.800000000000028]
npts :	14
nout :	4
model :	(x,t) -> (x[1]-t[1])^2 + (x[2]-t[2])^2 - t[3]^2
dim :	3
cluster :	false
noise :	true
solution :	[-27.7, -5.8, 116.0]
description :	type3: test sphere2d with noise and outliers
