name :	sphere2D
data :	[63.3 2.4; 62.71920296370668 10.150197841161072; 60.98978590087931 17.72726906936702; 58.150381130925794 24.96195443411302; 54.26441626443173 31.692643019308345; 49.418697335150966 37.768982364087805; 43.721469696654154 43.05523708833755; 47.30000000000001 55.73332099679081; 30.29773326705254 50.80543492949862; 22.87108856572835 53.096251433454825; 11.38596486649407 49.554597453421366; 7.414035133505939 54.25459745342137; 8.328911434271655 42.99625143345482; -7.697733267052534 50.805434929498624; -14.699999999999989 47.43332099679081; -21.12146969665414 43.055237088337556; -27.31869733515097 28.968982364087804; -37.26441626443172 26.892643019308352; -38.25038113092579 34.06195443411303; -38.38978590087932 17.727269069367015; -40.119202963706684 10.150197841161086; -40.7 2.400000000000006; -40.119202963706684 -5.350197841161073; -38.38978590087932 -12.927269069367004; -26.9503811309258 -30.361954434113017; -35.76441626443173 -33.19264301930835; -26.818697335150983 -32.96898236408779; -21.12146969665415 -38.255237088337545; -16.00000000000002 -32.4333209967908; -7.697733267052534 -46.00543492949862; -0.27108856572835727 -48.29625143345483; 8.814035133505914 -48.45459745342137; 15.185964866494068 -49.45459745342137; 22.871088565728343 -48.29625143345483; 30.297733267052518 -46.005434929498634; 37.30000000000001 -42.63332099679081; 43.72146969665414 -38.25523708833756; 49.41869733515095 -32.96898236408783; 50.16441626443173 -28.292643019308343; 58.150381130925794 -20.161954434113035; 60.98978590087931 -12.927269069367044; 67.51920296370668 -2.6501978411610674; 63.3 2.399999999999987]
npts :	43
nout :	12
model :	(x,t) -> (x[1]-t[1])^2 + (x[2]-t[2])^2 - t[3]^2
dim :	3
cluster :	false
noise :	true
solution :	[11.3, 2.4, 52.0]
description :	type3: test sphere2d with noise and outliers
