name :	sphere2D
data :	[181.4 5.6; 179.74557168606697 29.25942716321112; 160.9144883095142 46.358350488889855; 166.70272779924215 74.74522932288602; 155.56817634659242 95.68627491964483; 167.52755533022628 109.47389364671166; 125.15220308100591 131.934620331157; 106.46279359002696 146.5363873343571; 85.92309495414317 158.3949878708584; 63.93288904374106 167.27960777017609; 40.92019020337817 173.01731801207535; 17.332914439425185 175.49644059324626; -6.369838755501066 174.66872221260647; -29.726722251943485 170.5502734669194; -69.78312088070506 171.02125527635386; -93.19999999999996 144.1243186433546; -93.26245080536191 139.56182811314272; -110.88776605757066 123.69192297802957; -126.13288904374105 105.52349288972044; -138.70109078601757 85.41016567360141; -162.74774553360442 72.5434243653637; -154.88509212474696 40.94498743901909; -158.1858885441701 17.458600536501336; -133.5858885441701 5.141399463498704; -126.68509212474696 -50.24498743901904; -148.34774553360444 -52.54342436536367; -138.7010907860176 -74.21016567360138; -126.13288904374107 -94.32349288972043; -110.88776605757067 -112.49192297802956; -93.26245080536187 -128.36182811314276; -73.60000000000007 -141.62431864335454; -35.583120880705096 -175.32125527635387; -29.726722251943528 -159.35027346691942; 1.030161244498931 -139.66872221260647; 17.332914439425068 -164.29644059324627; 65.52019020337809 -131.51731801207538; 78.23288904374103 -166.17960777017612; 85.92309495414317 -147.1949878708584; 106.462793590027 -135.33638733435708; 125.15220308100584 -120.73462033115709; 132.72755533022624 -69.87389364671174; 155.5681763465924 -84.48627491964486; 179.6027277992422 -86.74522932288602; 174.8144883095142 -41.25835048888996; 179.74557168606694 -18.059427163211197; 181.4 5.599999999999958]
npts :	46
nout :	13
model :	(x,t) -> (x[1]-t[1])^2 + (x[2]-t[2])^2 - t[3]^2
dim :	3
cluster :	false
noise :	true
solution :	[11.4, 5.6, 170.0]
description :	type3: test sphere2d with noise and outliers
