name :	sphere2D
data :	[80.39999999999999 -8.3; 79.77288269358704 45.19593306459569; 46.44679840677138 82.81330591883392; -20.543648573191085 93.73443178029567; -63.53351313946623 89.97670548196857; -91.79362855796563 66.0278791152835; -115.14889082973546 21.528144750193555; -115.14889082973548 -28.728144750193533; -91.79362855796563 -73.22787911528347; -50.43351313946627 -101.77670548196853; -0.5436485731910636 -107.83443178029566; 29.146798406771335 -95.71330591883394; 79.77288269358705 -52.39593306459568; 91.8 -3.600000000000026]
npts :	14
nout :	4
model :	(x,t) -> (x[1]-t[1])^2 + (x[2]-t[2])^2 - t[3]^2
dim :	3
cluster :	false
noise :	true
solution :	[-13.2, -3.6, 105.0]
description :	type3: test sphere2d with noise and outliers
