name :	sphere2D
data :	[106.9 -16.4; 105.54052915852043 1.3073169693894435; 101.49398147837195 18.59958943704231; 98.85520460748245 46.471501192567324; 85.77980584893925 50.33696458536; 74.4805048576913 64.03817009190004; 61.22214767213001 75.85397306771748; 46.315498947422505 85.50742110566932; 30.10995789538631 92.77224556562916; 12.985368663101537 97.47816511963518; -4.656882891955883 99.51487700189395; -45.30327734621444 114.0346424121223; -39.83785425481274 95.45340547256436; -51.351961911875435 88.1504195112798; -49.053835800141634 84.1663894313062; -86.27778121920556 70.2001737069877; -98.59274485934537 57.40412330988094; -131.11007441051532 20.4781668158648; -116.69028432784297 26.96278033352919; -122.04866916982236 10.031007032763984; -124.75963293731388 -7.52028667096647; -119.85963293731388 -31.8797133290335; -122.04866916982236 -42.83100703276395; -128.390284327843 -75.66278033352916; -93.51007441051534 -89.07816681586478; -98.5927448593454 -90.20412330988091; -86.27778121920558 -103.00017370698765; -49.15383580014171 -133.86638943130615; -50.65196191187546 -140.75041951127977; -39.83785425481274 -128.25340547256437; -22.4032773462145 -131.6346424121223; -4.65688289195591 -132.31487700189396; 12.985368663101559 -130.27816511963516; 30.109957895386287 -125.57224556562915; 48.5154989474225 -117.00742110566931; 61.22214767212996 -108.65397306771749; 74.48050485769129 -96.83817009190005; 85.77980584893926 -83.13696458535998; 94.85520460748245 -67.87150119256737; 112.29398147837195 -29.39958943704231; 105.54052915852043 -34.10731696938951; 106.9 -16.400000000000027]
npts :	42
nout :	12
model :	(x,t) -> (x[1]-t[1])^2 + (x[2]-t[2])^2 - t[3]^2
dim :	3
cluster :	false
noise :	true
solution :	[-9.1, -16.4, 116.0]
description :	type3: test sphere2d with noise and outliers
