name :	sphere2D
data :	[19.9 3.2; 19.600570148083364 7.768416727701806; 18.707403920117386 12.258666578588226; 17.235783637895032 16.59392013277814; 16.310889132455355 22.999999999999996; 9.867366910193233 21.90665001530522; 9.648737341529165 27.94873734152916; 6.2066500153052235 30.96736691019323; 2.400000000000004 33.510889132455354; -1.706079867221856 35.53578363789504; -0.9413334214117732 32.30740392011739; -10.531583272298189 37.90057014808337; -15.099999999999998 38.2; -24.168416727701807 40.80057014808337; -24.958666578588222 32.90740392011739; -22.99392013277814 30.135783637895038; -32.599999999999994 33.510889132455354; -36.406650015305225 30.96736691019323; -39.84873734152916 27.948737341529164; -42.867366910193226 24.50665001530523; -50.81088913245535 13.699999999999996; -47.435783637895035 16.593920132778145; -55.40740392011739 9.458666578588236; -49.80057014808337 7.768416727701806; -53.5 9.400000000000006; -49.80057014808337 -1.3684167277017965; -44.00740392011739 -11.058666578588229; -47.43578363789504 -10.193920132778139; -45.41088913245536 -14.29999999999999; -42.86736691019323 -18.106650015305224; -39.848737341529166 -21.54873734152916; -29.60665001530523 -23.967366910193224; -32.600000000000016 -27.11088913245535; -28.49392013277816 -29.135783637895027; -24.15866657858822 -30.607403920117388; -19.668416727701807 -31.500570148083366; -15.100000000000007 -31.8; -10.531583272298207 -31.500570148083366; -6.041333421411789 -30.607403920117395; -4.106079867221849 -33.03578363789504; 2.400000000000004 -27.110889132455352; 6.20665001530522 -24.567366910193233; 12.348737341529159 -26.04873734152917; 12.667366910193225 -18.10665001530523; 15.210889132455344 -14.300000000000015; 17.235783637895025 -10.193920132778164; 18.707403920117386 -5.858666578588223; 17.400570148083364 -1.8684167277018089; 19.9 3.1999999999999917]
npts :	49
nout :	14
model :	(x,t) -> (x[1]-t[1])^2 + (x[2]-t[2])^2 - t[3]^2
dim :	3
cluster :	false
noise :	true
solution :	[-15.1, 3.2, 35.0]
description :	type3: test sphere2d with noise and outliers
