name :	sphere2D
data :	[134.0 8.600000000000001; 109.5319984622144 64.63199846221438; 36.70000000000001 94.8; -36.13199846221438 64.6319984622144; -66.3 -8.199999999999987; -39.23199846221441 -89.4319984622144; 36.69999999999998 -111.2; 109.53199846221437 -81.03199846221442; 139.7 -8.200000000000024]
npts :	9
nout :	2
model :	(x,t) -> (x[1]-t[1])^2 + (x[2]-t[2])^2 - t[3]^2
dim :	3
cluster :	false
noise :	true
solution :	[36.7, -8.2, 103.0]
description :	type3: test sphere2d with noise and outliers
