name :	sphere2D
data :	[88.10000000000001 -17.0; 88.34640650658923 -11.427296657273569; 82.90209412258795 2.323466772001204; 74.20914901786328 14.28827924979263; 61.013780903760804 21.015347604618892; 49.432002668121896 30.012334461414056; 34.904640652229496 32.78357697726802; 20.14450243944225 31.854947792992633; 0.6790217976607078 30.484796095495145; -6.4080153951726935 19.360281323771567; -16.532002668121894 8.579329885255923; -23.65681266740683 -4.38065139160399; -27.33476737755419 -18.705339219706033; -27.334767377554197 -33.494660780293955; -28.156812667406836 -49.619348608395995; -16.5320026681219 -60.77932988525591; -6.408015395172679 -71.56028132377158; 9.579021797660698 -77.28479609549514; 20.144502439442245 -84.05494779299264; 34.90464065222945 -84.98357697726803; 49.43200266812188 -82.21233446141406; 70.5137809037608 -81.01534760461888; 85.60914901786327 -57.88827924979264; 82.90209412258795 -54.52346677200121; 88.34640650658923 -40.772703342726466; 90.2 -26.100000000000016]
npts :	26
nout :	7
model :	(x,t) -> (x[1]-t[1])^2 + (x[2]-t[2])^2 - t[3]^2
dim :	3
cluster :	false
noise :	true
solution :	[31.2, -26.1, 59.0]
description :	type3: test sphere2d with noise and outliers
