name :	sphere2D
data :	[138.3 -26.3; 136.32088388153272 -6.205696832338791; 130.4595918486625 13.11639353360425; 133.94137006716215 42.52373400101902; 108.1319984622144 46.53199846221439; 92.52373400101902 59.34137006716216; 74.71639353360425 68.85959184866253; 41.09430316766121 65.02088388153274; 35.300000000000004 76.7; 15.205696832338795 74.72088388153274; 6.983606466395754 86.55959184866254; -21.923734001019007 59.341370067162174; -37.53199846221439 46.5319984622144; -50.341370067162174 30.923734001019024; -59.85959184866253 13.116393533604256; -65.72088388153274 -6.205696832338752; -62.5 -14.699999999999987; -65.72088388153274 -46.39430316766122; -59.85959184866255 -65.71639353360423; -50.34137006716219 -83.52373400101901; -37.53199846221442 -99.13199846221438; -21.923734001019028 -111.94137006716215; -4.11639353360431 -121.45959184866251; 15.205696832338745 -127.32088388153272; 35.299999999999976 -129.3; 59.894303167661214 -127.02088388153274; 56.51639353360427 -106.05959184866252; 92.523734001019 -111.94137006716218; 108.13199846221437 -99.13199846221441; 115.04137006716215 -103.32373400101902; 115.0595918486625 -85.01639353360432; 126.32088388153272 -30.394303167661263; 138.3 -26.300000000000026]
npts :	33
nout :	9
model :	(x,t) -> (x[1]-t[1])^2 + (x[2]-t[2])^2 - t[3]^2
dim :	3
cluster :	false
noise :	true
solution :	[35.3, -26.3, 103.0]
description :	type3: test sphere2d with noise and outliers
