name :	sphere2D
data :	[102.5 -23.0; 93.36554390135441 22.922011883810775; 67.3528137423857 61.85281374238569; 28.422011883810782 87.86554390135441; -17.499999999999993 97.0; -63.42201188381077 87.86554390135441; -110.95281374238569 81.25281374238571; -150.5655439013544 32.722011883810794; -157.3 -20.299999999999986; -128.36554390135444 -68.92201188381077; -102.35281374238572 -107.85281374238569; -51.62201188381084 -138.6655439013544; -17.50000000000002 -143.0; 6.722011883810804 -152.56554390135437; 67.35281374238568 -107.85281374238572; 93.36554390135439 -68.92201188381085; 102.5 -23.00000000000003]
npts :	17
nout :	5
model :	(x,t) -> (x[1]-t[1])^2 + (x[2]-t[2])^2 - t[3]^2
dim :	3
cluster :	false
noise :	true
solution :	[-17.5, -23.0, 120.0]
description :	type3: test sphere2d with noise and outliers
