name :	sphere2D
data :	[79.4 -10.8; 70.82769077288378 18.39460414260227; 47.83241070210187 38.32012774914399; 17.71499873324261 42.65035786157037; -4.862479633045391 26.910477015129945; -26.412620575182856 4.413558069437201; -26.412620575182864 -26.013558069437188; -9.962479633045405 -51.610477015129945; 19.614998733242594 -67.25035786157036; 39.63241070210185 -56.520127749144; 70.82769077288378 -39.99460414260226; 79.4 -10.800000000000013]
npts :	12
nout :	3
model :	(x,t) -> (x[1]-t[1])^2 + (x[2]-t[2])^2 - t[3]^2
dim :	3
cluster :	false
noise :	true
solution :	[25.4, -10.8, 54.0]
description :	type3: test sphere2d with noise and outliers
