name :	sphere2D
data :	[98.7 36.0; 93.51510062265567 72.061767275703; 92.2804522023912 119.40202463431649; 64.12217394499649 150.83594551734504; 23.873121664241463 152.43289540537836; -11.083700701019506 162.6971445607594; -47.516299298980485 162.6971445607594; -82.47312166424145 152.43289540537836; -113.12217394499648 132.73594551734504; -136.98045220239118 105.20202463431652; -152.11510062265566 72.061767275703; -157.3 36.000000000000014; -152.1151006226557 -0.061767275702962365; -136.9804522023912 -33.20202463431649; -113.1221739449965 -60.735945517345044; -82.47312166424146 -80.43289540537836; -72.61629929898052 -66.39714456075939; -11.083700701019538 -90.6971445607594; 23.873121664241413 -80.43289540537837; 33.42217394499642 -53.53594551734511; 78.3804522023912 -33.20202463431647; 80.21510062265567 14.238232724296989; 74.9 19.19999999999997]
npts :	23
nout :	6
model :	(x,t) -> (x[1]-t[1])^2 + (x[2]-t[2])^2 - t[3]^2
dim :	3
cluster :	false
noise :	true
solution :	[-29.3, 36.0, 128.0]
description :	type3: test sphere2d with noise and outliers
