name :	sphere2D
data :	[136.4 -15.1; 136.78114571891862 -2.8129879610171438; 131.5545951132202 15.492682443119792; 125.60964589464842 29.845059474215127; 117.4926824431198 43.090739976954836; 116.30357133746821 36.103571337468196; 95.59073997695484 64.9926824431198; 82.34505947421513 73.10964589464842; 54.492682443119804 61.1545951132202; 52.88701203898286 82.68114571891864; 48.800000000000004 69.5; 21.912987961017148 82.68114571891864; 6.807317556880211 79.05459511322022; -25.14505947421513 75.40964589464842; -20.790739976954832 64.9926824431198; -32.6035713374682 54.903571337468215; -62.49268244311979 37.09073997695485; -50.80964589464842 29.84505947421514; -56.7545951132202 15.492682443119802; -61.18114571891862 -9.912987961017134; -61.6 -15.099999999999987; -49.48114571891864 -13.087012038982841; -56.75459511322021 -45.69268244311978; -50.80964589464842 -60.04505947421512; -50.0926824431198 -83.79073997695482; -32.60357133746822 -85.1035713374682; -20.790739976954853 -95.19268244311978; -3.545059474215144 -105.70964589464842; 6.807317556880189 -109.25459511322019; 13.412987961017127 -126.08114571891862; 37.39999999999998 -114.1; 52.88701203898283 -112.88114571891863; 67.99268244311978 -109.2545951132202; 82.3450594742151 -103.30964589464843; 95.59073997695481 -95.1926824431198; 107.40357133746818 -85.10357133746821; 109.19268244311978 -70.59073997695485; 125.60964589464842 -60.04505947421515; 131.5545951132202 -45.692682443119814; 135.18114571891863 -30.58701203898288; 136.4 -15.100000000000025]
npts :	41
nout :	12
model :	(x,t) -> (x[1]-t[1])^2 + (x[2]-t[2])^2 - t[3]^2
dim :	3
cluster :	false
noise :	true
solution :	[37.4, -15.1, 99.0]
description :	type3: test sphere2d with noise and outliers
