name :	sphere2D
data :	[102.7 28.400000000000002; 94.08168877887518 74.95137160398275; 43.51279874635522 104.33904350001328; -10.999999999999979 93.48010851410842; -47.4944875252304 49.98767189603052; -47.4944875252304 -6.787671896030496; -11.000000000000036 -50.2801085141084; 44.912798746355186 -60.13904350001328; 94.08168877887516 -31.751371603982783; 122.7 33.19999999999998]
npts :	10
nout :	3
model :	(x,t) -> (x[1]-t[1])^2 + (x[2]-t[2])^2 - t[3]^2
dim :	3
cluster :	false
noise :	true
solution :	[30.5, 21.6, 83.0]
description :	type3: test sphere2d with noise and outliers
