name :	sphere2D
data :	[152.9 16.5; 139.75890956167532 78.32396974752163; 102.60785216654645 129.4580134725639; 26.27058314499201 152.2605904768633; -14.988326416683305 167.66732809597755; -75.09999999999997 148.1358613752347; -122.07058314499199 105.84335834845594; -131.17843531153846 49.202577004299414; -147.77843531153846 -15.102577004299377; -149.070583144992 -49.14335834845589; -75.10000000000007 -115.13586137523464; -14.98832641668331 -134.66732809597755; 47.870583144991976 -128.06059047686335; 102.6078521665464 -96.45801347256398; 139.75890956167535 -45.32396974752162; 136.5 46.099999999999966]
npts :	16
nout :	4
model :	(x,t) -> (x[1]-t[1])^2 + (x[2]-t[2])^2 - t[3]^2
dim :	3
cluster :	false
noise :	true
solution :	[0.9, 16.5, 152.0]
description :	type3: test sphere2d with noise and outliers
