name :	sphere2D
data :	[25.9 8.5; 25.52357390044766 14.24315245768227; 24.400736356719 19.888037984510913; 22.550699430496614 25.33807102406395; 20.005117766515305 30.499999999999996; 16.807546972814343 35.28550287638371; 13.012698372208092 39.61269837220809; 5.785502876383708 35.60754697281435; 3.900000000000002 46.6051177665153; -5.5619289759360475 49.150699430496616; -6.711962015489089 51.000736356719; -12.356847542317727 52.12357390044766; -18.099999999999998 52.5; -23.843152457682272 52.12357390044766; -29.48803798451091 51.000736356719; -34.938071024063944 49.150699430496616; -40.099999999999994 46.605117766515306; -46.98550287638371 48.70754697281434; -49.21269837220809 39.612698372208094; -53.007546972814346 35.28550287638372; -58.20511776651531 31.999999999999996; -58.75069943049662 25.338071024063954; -60.600736356719004 19.888037984510923; -61.72357390044766 14.24315245768227; -62.1 8.500000000000005; -61.72357390044766 2.7568475423177414; -60.600736356719004 -2.8880379845109143; -58.750699430496624 -8.338071024063947; -52.40511776651531 -14.89999999999999; -53.007546972814346 -18.28550287638371; -41.51269837220809 -17.412698372208087; -37.58550287638372 -17.607546972814337; -40.10000000000002 -29.605117766515292; -28.33807102406397 -35.25069943049661; -26.98803798451091 -42.800736356719; -15.943152457682272 -35.02357390044766; -18.10000000000001 -35.5; -12.356847542317745 -35.12357390044766; -14.011962015489107 -30.30073635671901; -1.2619289759360406 -32.15069943049661; 3.900000000000002 -29.6051177665153; 8.685502876383701 -26.407546972814345; 13.012698372208082 -22.612698372208097; 16.807546972814336 -18.285502876383717; 21.20511776651529 -15.100000000000021; 22.550699430496607 -8.338071024063979; 31.200736356719002 -8.788037984510911; 25.52357390044766 2.7568475423177254; 29.0 15.099999999999989]
npts :	49
nout :	14
model :	(x,t) -> (x[1]-t[1])^2 + (x[2]-t[2])^2 - t[3]^2
dim :	3
cluster :	false
noise :	true
solution :	[-18.1, 8.5, 44.0]
description :	type3: test sphere2d with noise and outliers
