name :	sphere2D
data :	[38.7 32.2; 38.601480165878954 33.73452594021408; 38.307538356468356 35.24385500691409; 37.82300108815226 36.703204058552494; 37.155824449480676 38.088610624047256; 36.31696346241548 39.3773263658946; 36.52019220117273 38.14819060724184; 35.381877622304806 43.28197778961636; 33.9207108197263 43.06171315606416; 31.557400117468724 43.17295147618975; 30.114331039572388 43.70401423643993; 31.01519874040055 43.146181400973404; 27.084618930859865 44.19383459440826; 25.34772368910782 46.14454935539038; 24.029748792524227 43.89913494618189; 22.55561934694431 43.461621064597125; 21.149540517109976 42.839191676476005; 19.834600078533967 42.04206705516347; 18.6323893168642 41.08333596490379; 17.562648499570386 41.27874074369346; 16.64294274129791 38.746418814526585; 17.58837358517097 39.4066048694107; 15.311331035871977 35.98129861628345; 14.921290116107215 34.493903544416476; 14.724655286995963 32.96884263976856; 14.724655286995963 31.431157360231445; 14.921290116107215 29.906096455583537; 14.811331035871977 28.418701383716556; 15.888373585170969 26.993395130589306; 16.64294274129791 25.65358118547342; 17.562648499570383 24.421259256306545; 18.632389316864195 23.31666403509622; 19.83460007853396 22.357932944836534; 22.949540517109977 23.160808323524; 22.5556193469443 20.93837893540288; 24.029748792524224 20.500865053818117; 25.54772368910782 20.255450644609624; 25.984618930859856 18.906165405591747; 26.31519874040055 21.853818599026603; 28.714331039572386 20.395985763560073; 31.557400117468724 21.227048523810254; 32.920710819726295 21.938286843935845; 34.181877622304796 22.818022210383646; 35.52019220117273 26.25180939275817; 36.31696346241547 25.02267363410541; 37.155824449480676 26.31138937595275; 37.82300108815226 27.69679594144751; 38.90753835646835 28.156144993085913; 39.50148016587895 30.16547405978592; 38.7 32.2]
npts :	50
nout :	15
model :	(x,t) -> (x[1]-t[1])^2 + (x[2]-t[2])^2 - t[3]^2
dim :	3
cluster :	false
noise :	true
solution :	[26.7, 32.2, 12.0]
description :	type3: test sphere2d with noise and outliers
