name :	sphere2D
data :	[114.0 -20.9; 112.75682521323964 -5.500517037655015; 109.05949842692597 9.50012740494136; 103.00377846270815 23.713424516201776; 94.74650528673611 36.771257366845965; 101.80153793692153 31.5354349450062; 72.53421568619098 58.10645112579102; 59.15448589469321 65.8312417225967; 52.90887653597946 54.00973871661174; 29.57152130451101 74.4000519134132; 14.134469749496148 75.02214382447067; -6.602466602500261 62.55990259605769; -27.842069156083404 73.46155929779982; -21.19999999999998 49.03843876330611; -42.71475605715621 53.462076335454846; -62.55703182442572 31.559775191116337; -63.138248212204275 30.40871930826892; -70.31802659124713 16.728794546567215; -83.110414472901 -14.225696228394465; -65.08870158088416 -24.775209403194296; -77.68870158088416 -28.624790596805678; -75.21041447290101 -43.87430377160551; -56.518026591247136 -65.92879454656719; -63.1382482122043 -72.2087193082689; -53.85703182442572 -84.55977519111632; -42.714756057156194 -95.26207633545485; -30.000000000000043 -104.03843876330609; -16.042069156083443 -110.66155929779981; -1.2024666025002801 -114.9599025960577; 14.134469749496146 -116.82214382447069; 29.571521304511027 -116.20005191341318; 39.908876535979395 -120.70973871661175; 59.15448589469317 -107.63124172259671; 72.53421568619093 -99.90645112579102; 84.50153793692152 -90.13543494500621; 78.24650528673611 -82.37125736684597; 118.70377846270816 -79.91342451620177; 109.05949842692596 -51.300127404941406; 112.75682521323964 -36.29948296234502; 114.0 -20.900000000000023]
npts :	40
nout :	12
model :	(x,t) -> (x[1]-t[1])^2 + (x[2]-t[2])^2 - t[3]^2
dim :	3
cluster :	false
noise :	true
solution :	[18.0, -20.9, 96.0]
description :	type3: test sphere2d with noise and outliers
