name :	sphere2D
data :	[109.4 33.7; 136.62278830479727 52.04944732577478; 102.6786106017202 70.29509424585962; 86.21973316234816 95.31960164956357; 66.13345832965942 111.67389186540065; 27.09428981905124 122.54987778755536; -4.6993850809659765 151.04020013857482; -20.100682929451374 141.1817524169936; -49.597617019730635 135.98064708869808; -77.09999999999997 124.1172770881926; -101.12517128506661 106.23119976292331; -120.37792767226877 83.28665817113401; -133.82034808138218 56.520598489011284; -140.72774814871065 27.37598592215472; -140.72774814871065 -2.575985922154686; -133.82034808138218 -31.72059848901126; -120.3779276722688 -58.486658171133975; -101.12517128506663 -81.43119976292327; -77.10000000000005 -99.31727708819255; -49.5976170197307 -111.18064708869805; -16.500682929451433 -109.28175241699358; 9.800614919033967 -114.64020013857484; 38.49428981905119 -106.04987778755537; 77.73345832965937 -114.97389186540067; 86.21973316234813 -70.5196016495636; 102.67861060172018 -45.495094245859654; 89.32278830479729 -1.3494473257748183; 116.4 12.399999999999968]
npts :	28
nout :	8
model :	(x,t) -> (x[1]-t[1])^2 + (x[2]-t[2])^2 - t[3]^2
dim :	3
cluster :	false
noise :	true
solution :	[-12.6, 12.4, 129.0]
description :	type3: test sphere2d with noise and outliers
