name :	sphere2D
data :	[76.0 31.5; 72.04028278625458 73.02415435160277; 72.36608380808985 74.62229329131144; 37.03754159852871 103.49631713057745; 11.111751894108735 114.86842287078241; -6.601823710620575 102.3062663985736; -39.94580652015537 118.95650609233493; -68.24621515981372 94.77225631788933; -87.83474260375806 71.73147580118832; -94.82707209263413 45.65513476414313; -94.82707209263413 17.344865235856894; -85.63474260375806 -9.43147580118832; -68.24621515981374 -31.772256317889315; -44.54580652015541 -47.25650609233493; -17.101823710620614 -54.206266398573604; 11.111751894108696 -51.868422870782425; 52.93754159852868 -48.696317130577484; 57.866083808089826 -21.322293291311453; 71.34028278625458 3.5758456483971983; 76.0 31.49999999999998]
npts :	20
nout :	6
model :	(x,t) -> (x[1]-t[1])^2 + (x[2]-t[2])^2 - t[3]^2
dim :	3
cluster :	false
noise :	true
solution :	[-10.0, 31.5, 86.0]
description :	type3: test sphere2d with noise and outliers
