name :	sphere2D
data :	[107.20716551140876 -100.24111745846655; 108.42153802464722 -86.10393433887027; 126.76463904340815 -92.53854005463668; 100.11827938999247 -60.267634892679425; 95.52056917021035 -48.50202330715942; 88.91732495279777 -37.55619901362424; 82.91637696310517 -25.573929252472254; 74.59299303942936 -15.935695922847186; 64.326535353322 -7.755772643236858; 53.21925322130369 0.9903342080622838; 42.898387994665455 5.677590598422475; 28.30070029840626 11.748831845980831; 15.50324284185992 17.006359754581865; 1.2816858408339087 17.389057871030342; -9.832067908384909 19.92806142715346; -22.235348382279916 18.545733198453615; -36.157166339307715 15.3189493061816; -48.32338604375486 12.88204176598473; -60.14354030623261 4.677165000525441; -74.48745198048177 0.43497754218123; -81.79345010708161 -8.411681910747287; -92.89599231169889 -16.134964674390623; -104.27181488558833 -25.95837678130541; -109.56364909755146 -35.65848044921153; -116.14612464458357 -48.087105593241255; -121.5918082974965 -59.6169756805702; -123.62101456149065 -73.2255728797953; -126.34441058701226 -86.340002703272; -141.86603387318223 -110.15910258389995; -125.1471761291484 -113.68454212192425; -124.26694944509323 -125.38976249962808; -122.89668978632864 -155.74652202508813; -116.98564988132522 -150.66468598754014; -109.48966278166982 -162.33367743907831; -102.42864397070471 -172.21044203672633; -93.05154356830346 -182.2597653174129; -84.92508821262551 -191.44818710637998; -72.71678421012918 -200.21660015714627; -60.71132839184837 -204.9568183239325; -48.45651013073246 -209.9019123114167; -37.622105528665784 -215.00551467190212; -24.373309609144922 -215.04064520887147; -10.984729849203497 -219.04836321530138; 18.601885970147887 -216.4653602267525; 17.054192828364606 -213.30466391628528; 27.679816260638248 -208.98560981332318; 41.034637207110045 -206.99692615497253; 53.30656979204227 -200.62360736561857; 64.41293082454739 -189.38654105984352; 75.14343289067241 -182.87859349978285; 81.89212148735369 -174.2647267913334; 91.054895044152 -160.9728150630747; 97.04531054237164 -149.66029821157673; 101.58206966754095 -138.12980847990528; 105.26709786861801 -126.99907708691983; 106.37555991602565 -114.17480117060582; 94.62989033223273 -87.4901521213003]
npts :	57
nout :	5
model :	(x,t) -> (x[1]-t[1])^2 + (x[2]-t[2])^2 - t[3]^2
dim :	3
cluster :	false
noise :	true
solution :	[-9.7, -99.6, 118.0]
description :	type3: test sphere2d with noise and outliers
