name :	sphere2D
data :	[71.9 0.4; 71.81033238837722 3.481675932255219; 71.54163296032297 6.552924448637203; 65.5170126820108 14.344366513549353; 74.57218085314732 7.823801866935358; 69.67344415272092 15.600571333687782; 72.48231867630723 17.629268271621754; 73.00959256296098 26.20161877298402; 64.54152746178816 28.57749654677199; 58.59197689606343 19.688618996317988; 63.18085400488563 29.523975837752715; 61.412529216017326 32.04940536024767; 51.91488956675589 40.291220308913665; 57.45080300337158 36.77080680704288; 55.27080680704288 38.95080300337158; 52.967743313386585 41.00035548530583; 45.50792521680923 36.13329968994258; 48.023975837752715 44.680854004885624; 49.41616461379643 50.60251711233443; 42.686356550624495 47.76252993714084; 39.892227600075316 49.06545366465452; 37.02706759626045 50.20370890165314; 38.71552223638311 58.12967114828882; 31.12264114934933 51.97137814073066; 28.10335341634731 52.59481090964702; 25.052924448637206 53.04163296032298; 23.361904494451544 46.61580583719901; 11.314895709420627 49.61296434760886; -30.423666954032605 1.0130964791220332; -30.654033342333342 3.03842684645173; -36.34902192484311 -1.4908314826175921; -33.29481090964703 -8.80335341634729; -32.67137814073067 -11.822641149349325; -32.55779287796439 -21.820672417243294; -23.835551467368894 -22.83377777264236; -22.200775584684084 -22.766337827039035; -28.46252993714085 -23.386356550624495; -26.999346400575256 -26.099999999999987; -25.380854004885634 -28.723975837752718; -29.385325000066956 -32.46605341206624; -26.521587673950588 -38.320192843731235; -24.02008456150794 -43.30392991827581; -17.470806807042884 -38.15080300337158; -17.298959274565707 -34.144560083575115; -15.240292590669606 -45.94241089628812; -10.223975837752715 -43.880854004885634; -15.433208974003488 -52.54080735890341; -4.886356550624509 -46.96252993714084; 0.8835476394535928 -53.24348281555549; 0.7729324037395671 -49.40370890165315; 2.581366830231923 -44.68205950815444; 6.677358850650657 -51.17137814073066; 9.696646583652692 -51.794810909647026; 12.747075551362808 -52.24163296032298; 10.924680114249405 -58.51057418724158; 21.13774702308071 -54.13072266911828]
npts :	56
nout :	28
model :	(x,t) -> (x[1]-t[1])^2 + (x[2]-t[2])^2 - t[3]^2
dim :	3
cluster :	false
noise :	false
solution :	[18.9, 0.4, 53.0]
description :	[[18.9, 0.4, 53.0], [18.9, 0.4, 53.0]]
