name :	sphere2D
data :	[-0.5378723033406354 -20.53709879486628; -3.1355584991642473 -17.805276079490902; -2.0392369235495265 -10.223053795460782; 1.1169661576944119 -5.1675463721625645; -10.697296834621547 -2.8746418141825503; -8.660907637269133 -0.8000000000000043; -9.975014294489512 6.6684368269471; -11.950703642423314 10.128977442165443; -17.127383926569095 9.655227495527946; -24.788308526602616 6.509988103295617; -24.399999999999995 14.939092362730857; -28.41032434774059 16.982454678631836; -32.61226924187726 18.5954302006916; -36.95979729483634 19.760346831553637; -36.30555433554876 23.946592180627285; -93.70073318172108 -20.427943363253636; -88.66444150083575 -26.7947239205091; -87.96034683155364 -31.24020270516364; -86.79543020069161 -35.58773075812273; -88.24810739823565 -35.94152158992687; -79.25796581943781 -44.7018003338738; -80.68773075812274 -47.57476584857634; -74.57113474943681 -44.80100796046359; -81.11764032613782 -59.34459102261114; -71.17476584857636 -57.08773075812273; -67.40000000000002 -59.539092362730855; -67.18092619908836 -59.720200094006245; -60.51058341874709 -58.260564195857405; -54.84020270516367 -64.36034683155364; -50.394723920509094 -65.06444150083576; -45.900000000000006 -65.3]
npts :	31
nout :	15
model :	(x,t) -> (x[1]-t[1])^2 + (x[2]-t[2])^2 - t[3]^2
dim :	3
cluster :	false
noise :	false
solution :	[-45.9, -22.3, 43.0]
description :	[[-45.9, -22.3, 43.0], [-45.9, -22.3, 43.0]]
