name :	sphere2D
data :	[-24.3 66.5; -23.345560950297585 67.99057032134269; -24.026172027799422 66.83892685527789; -24.475504614727235 68.0576465376942; -24.610990359497016 68.56328622087634; -24.78388375949057 69.05738717056477; -25.634906506614577 68.62508312274885; -25.823327156161074 70.34709149417671; -25.516328579788038 70.44324040644536; -25.82717962272379 70.86442861301113; -26.168636897191217 71.26120916439643; -26.84035047196543 71.8378866852803; -27.810169219684017 72.17440204198314; -27.356759593554646 72.28367142021196; -28.023856073985307 73.59062899366306; -27.788848119758896 72.82708894434501; -28.742612829435235 73.01611624050943; -29.05684821873562 73.43669441677137; -29.7423534623058 73.32449538527277; -30.483918158391244 72.8449765532633; -30.77688934489503 73.48042658026826; -31.3 73.5; -38.84027796391266 67.18814876648935; -37.426779585252106 66.1494774540601; -38.2218157835759 65.45670413676677; -38.00432122370093 64.23478434199676; -38.61303418498414 63.95889646347832; -36.990673260379815 64.03711990916167; -37.606782075316936 63.4628138261771; -37.6287689275263 63.479593700989206; -37.083671420211964 62.556759593554645; -37.16062752158836 61.91737039022203; -36.72019132203056 62.346881598130885; -36.95609953325125 61.99736838744425; -35.66442861301114 61.02717962272379; -35.51040169660802 60.27906262898841; -35.758681941340186 61.16021280981892; -34.33718617382291 60.19321792468307; -33.85738717056476 59.98388375949057; -33.36328622087633 59.81099035949701; -33.34481409614535 60.31134255838724; -32.34329586323322 59.5781842164241; -31.823110655104973 59.51957341973174; -31.3 59.5]
npts :	44
nout :	22
model :	(x,t) -> (x[1]-t[1])^2 + (x[2]-t[2])^2 - t[3]^2
dim :	3
cluster :	false
noise :	false
solution :	[-31.3, 66.5, 7.0]
description :	[[-31.3, 66.5, 7.0], [-31.3, 66.5, 7.0]]
