name :	sphere2D
data :	[182.42166159989233 92.04134596925442; 179.20943027392897 97.41086133827973; 161.06166814361825 93.76911561763308; 175.3099489648742 118.27124385828952; 171.9343063815009 128.34279161152259; 153.35175026268024 151.68213608390488; 162.47497060890564 147.33969873089592; 156.47198113722754 156.10298318361447; 149.6860254803758 164.27499901935408; 127.64006805063228 186.00829934023253; 134.0029831836145 178.57198113722754; 125.23969873089592 184.57497060890563; 122.99522212370937 180.019721087544; 106.24279161152259 194.03430638150093; 101.69128190046831 192.16459879255274; 77.75426361059738 188.63338590531188; 76.80592570890504 196.9280671596376; 52.67932900708685 199.23917206109567; -34.7250378753926 86.19216676052864; -46.476746784874486 74.75276318777767; -48.3419064636487 65.66880545109443; -45.90994896487419 55.32875614171047; -42.534306381500926 45.25720838847744; -36.42823296552898 33.373687453543866; -33.074970608905616 26.260301269104076; -22.27653606016134 8.809726138701246; -20.2860254803758 9.325000980645925; -12.774999019354098 1.8139745196242245; -0.4483363993747558 -8.010379367784227; 1.8954269239174542 -9.161198394366409; 13.440089085698126 -16.143778505832188; 14.754818877995875 -33.88137498948713; 32.65416795024279 -40.60716223201932; 43.56880545109435 -26.24190646364869; 54.089138661720284 -27.709430273928973; 70.14063753292307 -45.32632960600492]
npts :	36
nout :	18
model :	(x,t) -> (x[1]-t[1])^2 + (x[2]-t[2])^2 - t[3]^2
dim :	3
cluster :	false
noise :	false
solution :	[64.7, 86.8, 115.0]
description :	[[64.7, 86.8, 115.0], [64.7, 86.8, 115.0]]
